time,shortwave_radiation,cloud_cover,wind_speed_10m,temperature_2m,output_mw,hour,day_of_year,month
2025-08-06 00:00:00,0.0,14,6.9,26.9,0.0,0,218,8
2025-08-06 01:00:00,0.0,12,6.2,26.8,0.0,1,218,8
2025-08-06 02:00:00,0.0,12,6.3,26.6,0.0,2,218,8
2025-08-06 03:00:00,0.0,8,6.5,26.3,0.0,3,218,8
2025-08-06 04:00:00,0.0,29,6.4,26.0,0.0,4,218,8
2025-08-06 05:00:00,0.0,9,6.4,25.6,0.0,5,218,8
2025-08-06 06:00:00,2.0,15,6.5,25.9,0.06837366099226334,6,218,8
2025-08-06 07:00:00,79.0,30,7.8,26.4,2.2730050706165628,7,218,8
2025-08-06 08:00:00,225.0,30,8.0,27.1,6.471631428426047,8,218,8
2025-08-06 09:00:00,388.0,24,8.1,28.1,12.382821604582249,9,218,8
2025-08-06 10:00:00,617.0,51,8.2,28.7,15.591825884385878,10,218,8
2025-08-06 11:00:00,715.0,30,8.0,29.9,19.350115270269704,11,218,8
2025-08-06 12:00:00,828.0,40,9.0,30.8,21.993584095135553,12,218,8
2025-08-06 13:00:00,819.0,44,9.3,31.2,22.601072761829727,13,218,8
2025-08-06 14:00:00,789.0,29,9.6,31.6,24.04795927793981,14,218,8
2025-08-06 15:00:00,672.0,18,10.0,32.1,21.019928510360696,15,218,8
2025-08-06 16:00:00,530.0,12,9.7,32.2,18.17007577675924,16,218,8
2025-08-06 17:00:00,366.0,8,8.3,32.1,12.059929259986536,17,218,8
2025-08-06 18:00:00,154.0,41,7.3,30.5,4.170173938152283,18,218,8
2025-08-06 19:00:00,26.0,57,5.0,29.6,0.6427131603513975,19,218,8
2025-08-06 20:00:00,0.0,97,7.7,28.8,0.0,20,218,8
2025-08-06 21:00:00,0.0,98,8.5,28.2,0.0,21,218,8
2025-08-06 22:00:00,0.0,97,9.2,27.5,0.0,22,218,8
2025-08-06 23:00:00,0.0,91,9.1,27.0,0.0,23,218,8
2025-08-07 00:00:00,0.0,64,7.9,26.6,0.0,0,219,8
2025-08-07 01:00:00,0.0,100,7.1,26.4,0.0,1,219,8
2025-08-07 02:00:00,0.0,100,6.6,26.3,0.0,2,219,8
2025-08-07 03:00:00,0.0,90,6.0,26.1,0.0,3,219,8
2025-08-07 04:00:00,0.0,41,6.5,26.0,0.0,4,219,8
2025-08-07 05:00:00,0.0,69,6.9,25.7,0.0,5,219,8
2025-08-07 06:00:00,2.0,40,6.7,26.4,0.05666716913374084,6,219,8
2025-08-07 07:00:00,83.0,10,6.9,26.9,2.905223374853495,7,219,8
2025-08-07 08:00:00,267.0,13,7.3,27.7,8.550156359618152,8,219,8
2025-08-07 09:00:00,469.0,9,5.6,28.9,16.728909002554484,9,219,8
2025-08-07 10:00:00,659.0,5,5.5,30.1,20.509935282346717,10,219,8
2025-08-07 11:00:00,808.0,8,6.6,31.3,27.99393639472348,11,219,8
2025-08-07 12:00:00,894.0,13,7.5,32.1,28.42378967029355,12,219,8
2025-08-07 13:00:00,889.0,17,8.9,32.7,25.869084716286935,13,219,8
2025-08-07 14:00:00,808.0,60,9.7,33.0,18.900732631820652,14,219,8
2025-08-07 15:00:00,643.0,55,9.3,33.3,14.331463974547283,15,219,8
2025-08-07 16:00:00,498.0,56,9.6,33.3,12.07272997458991,16,219,8
2025-08-07 17:00:00,256.0,88,7.4,32.9,4.794098205414451,17,219,8
2025-08-07 18:00:00,156.0,100,5.5,32.8,2.414192805931205,18,219,8
2025-08-07 19:00:00,24.0,100,7.6,31.7,0.3818326361891764,19,219,8
2025-08-07 20:00:00,0.0,84,11.2,30.0,0.0,20,219,8
2025-08-07 21:00:00,0.0,99,8.8,28.8,0.0,21,219,8
2025-08-07 22:00:00,0.0,69,8.5,28.2,0.0,22,219,8
2025-08-07 23:00:00,0.0,100,8.5,27.9,0.0,23,219,8
2025-08-08 00:00:00,0.0,75,7.6,27.6,0.0,0,220,8
2025-08-08 01:00:00,0.0,91,8.3,27.3,0.0,1,220,8
2025-08-08 02:00:00,0.0,100,8.7,27.1,0.0,2,220,8
2025-08-08 03:00:00,0.0,90,8.4,26.7,0.0,3,220,8
2025-08-08 04:00:00,0.0,6,8.3,26.4,0.0,4,220,8
2025-08-08 05:00:00,0.0,2,8.3,26.0,0.0,5,220,8
2025-08-08 06:00:00,1.0,94,7.8,27.0,0.017181098668001656,6,220,8
2025-08-08 07:00:00,77.0,98,7.8,27.3,1.1605566150840338,7,220,8
2025-08-08 08:00:00,256.0,96,7.2,28.4,4.681396791712594,8,220,8
2025-08-08 09:00:00,463.0,99,7.2,29.7,7.144592122745487,9,220,8
2025-08-08 10:00:00,643.0,75,6.6,31.0,13.706635564579948,10,220,8
2025-08-08 11:00:00,789.0,100,7.6,32.2,13.343211106483547,11,220,8
2025-08-08 12:00:00,824.0,100,9.1,33.1,12.837991223179113,12,220,8
2025-08-08 13:00:00,851.0,100,9.6,33.8,13.153570548416395,13,220,8
2025-08-08 14:00:00,771.0,100,10.0,34.1,12.88467412070407,14,220,8
2025-08-08 15:00:00,600.0,91,9.6,34.0,10.594047364027054,15,220,8
2025-08-08 16:00:00,501.0,95,9.4,34.2,7.741247225068888,16,220,8
2025-08-08 17:00:00,313.0,99,9.3,33.8,5.426981882451539,17,220,8
2025-08-08 18:00:00,142.0,100,7.4,32.9,1.8553466140527948,18,220,8
2025-08-08 19:00:00,18.0,100,5.9,32.3,0.26429362019916625,19,220,8
2025-08-08 20:00:00,0.0,100,12.6,30.4,0.0,20,220,8
2025-08-08 21:00:00,0.0,100,8.5,29.2,0.0,21,220,8
2025-08-08 22:00:00,0.0,98,9.2,28.9,0.0,22,220,8
2025-08-08 23:00:00,0.0,100,9.5,28.6,0.0,23,220,8
2025-08-09 00:00:00,0.0,100,8.4,28.4,0.0,0,221,8
2025-08-09 01:00:00,0.0,97,8.4,28.1,0.0,1,221,8
2025-08-09 02:00:00,0.0,83,7.8,27.9,0.0,2,221,8
2025-08-09 03:00:00,0.0,29,7.7,27.4,0.0,3,221,8
2025-08-09 04:00:00,0.0,25,7.3,27.0,0.0,4,221,8
2025-08-09 05:00:00,0.0,36,8.8,26.7,0.0,5,221,8
2025-08-09 06:00:00,1.0,96,8.1,27.5,0.01621083347557901,6,221,8
2025-08-09 07:00:00,47.0,100,8.7,27.5,0.7050681190039443,7,221,8
2025-08-09 08:00:00,133.0,100,9.0,28.1,2.108277964478596,8,221,8
2025-08-09 09:00:00,245.0,100,7.3,29.0,3.8811218737780138,9,221,8
2025-08-09 10:00:00,252.0,100,5.4,29.4,3.626026736147004,10,221,8
2025-08-09 11:00:00,565.0,95,5.0,31.0,9.350264789661278,11,221,8
2025-08-09 12:00:00,805.0,82,6.3,32.3,14.964103119307746,12,221,8
2025-08-09 13:00:00,795.0,87,7.8,32.9,13.568970914892565,13,221,8
2025-08-09 14:00:00,773.0,84,8.7,33.3,14.469033330942354,14,221,8
2025-08-09 15:00:00,699.0,89,8.9,33.7,11.659669726882559,15,221,8
2025-08-09 16:00:00,542.0,99,8.2,33.9,8.330539391087063,16,221,8
2025-08-09 17:00:00,305.0,77,6.4,33.7,5.836089038202927,17,221,8
2025-08-09 18:00:00,159.0,30,7.8,32.4,4.693662182331312,18,221,8
2025-08-09 19:00:00,22.0,40,8.5,31.6,0.620625406441842,19,221,8
2025-08-09 20:00:00,0.0,70,8.0,31.0,0.0,20,221,8
2025-08-09 21:00:00,0.0,44,10.1,29.8,0.0,21,221,8
2025-08-09 22:00:00,0.0,71,9.4,28.7,0.0,22,221,8
2025-08-09 23:00:00,0.0,71,7.7,28.3,0.0,23,221,8
2025-08-10 00:00:00,0.0,28,6.9,28.0,0.0,0,222,8
2025-08-10 01:00:00,0.0,37,8.0,27.8,0.0,1,222,8
2025-08-10 02:00:00,0.0,46,7.4,27.4,0.0,2,222,8
2025-08-10 03:00:00,0.0,34,6.5,27.1,0.0,3,222,8
2025-08-10 04:00:00,0.0,34,7.8,27.0,0.0,4,222,8
2025-08-10 05:00:00,0.0,79,7.8,26.6,0.0,5,222,8
2025-08-10 06:00:00,1.0,84,9.0,26.8,0.018898429175166515,6,222,8
2025-08-10 07:00:00,55.0,72,7.4,27.1,1.141450876043763,7,222,8
2025-08-10 08:00:00,179.0,56,8.3,27.8,4.1143699114664045,8,222,8
2025-08-10 09:00:00,374.0,49,8.2,29.2,9.810619702668548,9,222,8
2025-08-10 10:00:00,598.0,28,7.3,30.7,16.377787947781254,10,222,8
2025-08-10 11:00:00,741.0,32,7.9,31.8,20.678535609103523,11,222,8
2025-08-10 12:00:00,764.0,41,8.0,32.6,20.18380290783595,12,222,8
2025-08-10 13:00:00,829.0,49,9.0,33.3,19.244332861493707,13,222,8
2025-08-10 14:00:00,801.0,57,8.9,33.7,18.406149744158764,14,222,8
2025-08-10 15:00:00,613.0,55,8.6,33.8,14.406535713752447,15,222,8
2025-08-10 16:00:00,509.0,50,9.0,33.8,11.188317278750421,16,222,8
2025-08-10 17:00:00,322.0,75,8.9,33.8,6.457326315775049,17,222,8
2025-08-10 18:00:00,158.0,79,5.7,33.3,2.9889136800524785,18,222,8
2025-08-10 19:00:00,21.0,99,10.5,32.5,0.3465216195439033,19,222,8
2025-08-10 20:00:00,0.0,99,11.9,30.0,0.0,20,222,8
2025-08-10 21:00:00,0.0,64,10.7,29.3,0.0,21,222,8
2025-08-10 22:00:00,0.0,42,9.6,28.8,0.0,22,222,8
2025-08-10 23:00:00,0.0,76,9.1,28.6,0.0,23,222,8
2025-08-11 00:00:00,0.0,20,8.6,28.2,0.0,0,223,8
2025-08-11 01:00:00,0.0,91,8.4,27.9,0.0,1,223,8
2025-08-11 02:00:00,0.0,96,7.6,27.5,0.0,2,223,8
2025-08-11 03:00:00,0.0,100,8.1,27.2,0.0,3,223,8
2025-08-11 04:00:00,0.0,100,8.7,26.8,0.0,4,223,8
2025-08-11 05:00:00,0.0,100,8.5,26.6,0.0,5,223,8
2025-08-11 06:00:00,1.0,99,4.6,26.0,0.015195114448167256,6,223,8
2025-08-11 07:00:00,71.0,95,4.6,27.0,1.1608977420277522,7,223,8
2025-08-11 08:00:00,242.0,100,8.4,28.5,4.197843229232963,8,223,8
2025-08-11 09:00:00,402.0,100,7.7,29.7,6.224443028016737,9,223,8
2025-08-11 10:00:00,573.0,99,7.8,30.9,8.446204178481855,10,223,8
2025-08-11 11:00:00,724.0,98,8.1,32.1,11.533092824721582,11,223,8
2025-08-11 12:00:00,789.0,100,9.5,33.0,11.959533972079956,12,223,8
2025-08-11 13:00:00,891.0,100,10.5,33.8,13.353636519115621,13,223,8
2025-08-11 14:00:00,803.0,100,11.2,34.2,12.185377245215358,14,223,8
2025-08-11 15:00:00,654.0,100,11.0,34.4,8.69339944421967,15,223,8
2025-08-11 16:00:00,443.0,100,10.8,34.2,7.297321130446626,16,223,8
2025-08-11 17:00:00,342.0,100,10.4,34.1,5.394890376713673,17,223,8
2025-08-11 18:00:00,130.0,100,9.7,33.3,2.0780323460046706,18,223,8
2025-08-11 19:00:00,18.0,100,11.6,31.0,0.24346222909957052,19,223,8
2025-08-11 20:00:00,0.0,100,9.0,29.7,0.0,20,223,8
2025-08-11 21:00:00,0.0,100,9.0,29.5,0.0,21,223,8
2025-08-11 22:00:00,0.0,94,9.7,29.1,0.0,22,223,8
2025-08-11 23:00:00,0.0,97,9.4,28.8,0.0,23,223,8
2025-08-12 00:00:00,0.0,100,8.8,28.5,0.0,0,224,8
2025-08-12 01:00:00,0.0,100,7.3,28.4,0.0,1,224,8
2025-08-12 02:00:00,0.0,100,8.9,28.2,0.0,2,224,8
2025-08-12 03:00:00,0.0,100,10.1,27.8,0.0,3,224,8
2025-08-12 04:00:00,0.0,100,9.1,27.4,0.0,4,224,8
2025-08-12 05:00:00,0.0,100,8.3,27.1,0.0,5,224,8
2025-08-12 06:00:00,1.0,88,7.8,27.4,0.018052944164830494,6,224,8
2025-08-12 07:00:00,73.0,100,8.0,27.7,1.007904898900113,7,224,8
2025-08-12 08:00:00,258.0,97,8.8,28.7,3.8056349287980686,8,224,8
2025-08-12 09:00:00,474.0,100,10.0,30.1,6.983081307979059,9,224,8
2025-08-12 10:00:00,639.0,100,10.7,31.4,11.170466810630053,10,224,8
2025-08-12 11:00:00,706.0,94,10.8,32.4,11.62640278193876,11,224,8
2025-08-12 12:00:00,813.0,87,10.4,33.4,15.106322026981886,12,224,8
2025-08-12 13:00:00,613.0,99,10.4,33.5,9.869202684485597,13,224,8
2025-08-12 14:00:00,719.0,89,11.0,33.9,13.019925194365555,14,224,8
2025-08-12 15:00:00,665.0,50,10.9,34.1,14.06283242519045,15,224,8
2025-08-12 16:00:00,471.0,100,11.0,33.9,6.98729286134981,16,224,8
2025-08-12 17:00:00,297.0,98,11.4,33.4,4.399199652765928,17,224,8
2025-08-12 18:00:00,121.0,100,12.2,32.8,1.8905150693996429,18,224,8
2025-08-12 19:00:00,14.0,100,12.4,30.3,0.2065188179142751,19,224,8
2025-08-12 20:00:00,0.0,100,10.2,29.4,0.0,20,224,8
2025-08-12 21:00:00,0.0,100,10.4,29.2,0.0,21,224,8
2025-08-12 22:00:00,0.0,100,10.4,29.0,0.0,22,224,8
2025-08-12 23:00:00,0.0,100,8.7,28.7,0.0,23,224,8
2025-08-13 00:00:00,0.0,100,9.2,28.2,0.0,0,225,8
2025-08-13 01:00:00,0.0,100,8.8,27.4,0.0,1,225,8
2025-08-13 02:00:00,0.0,100,8.8,26.9,0.0,2,225,8
2025-08-13 03:00:00,0.0,100,7.2,26.8,0.0,3,225,8
2025-08-13 04:00:00,0.0,100,8.1,26.8,0.0,4,225,8
2025-08-13 05:00:00,0.0,100,8.9,26.8,0.0,5,225,8
2025-08-13 06:00:00,1.0,100,5.2,27.7,0.015236364962538634,6,225,8
2025-08-13 07:00:00,52.0,100,5.3,28.1,0.7793025321149806,7,225,8
2025-08-13 08:00:00,237.0,57,8.2,29.0,6.297224733882947,8,225,8
2025-08-13 09:00:00,454.0,89,6.8,30.1,7.596778051057173,9,225,8
2025-08-13 10:00:00,629.0,100,6.5,31.2,10.38130013034813,10,225,8
2025-08-13 11:00:00,670.0,100,7.2,32.1,9.954100375463646,11,225,8
2025-08-13 12:00:00,746.0,100,8.3,32.7,12.188899946544455,12,225,8
2025-08-13 13:00:00,714.0,100,8.9,32.8,11.05166325367669,13,225,8
2025-08-13 14:00:00,648.0,100,8.4,33.1,9.535731158840125,14,225,8
2025-08-13 15:00:00,467.0,100,8.5,33.1,7.259666778798034,15,225,8
2025-08-13 16:00:00,309.0,100,8.2,32.4,4.67959359735404,16,225,8
2025-08-13 17:00:00,214.0,100,8.4,32.1,3.338919145832447,17,225,8
2025-08-13 18:00:00,77.0,100,8.8,31.1,1.1504848649350818,18,225,8
2025-08-13 19:00:00,18.0,100,8.4,30.5,0.2959587192584797,19,225,8
2025-08-13 20:00:00,0.0,100,9.2,29.8,0.0,20,225,8
2025-08-13 21:00:00,0.0,100,8.5,28.9,0.0,21,225,8
2025-08-13 22:00:00,0.0,98,8.9,28.3,0.0,22,225,8
2025-08-13 23:00:00,0.0,100,8.9,27.9,0.0,23,225,8
2025-08-14 00:00:00,0.0,100,8.3,27.7,0.0,0,226,8
2025-08-14 01:00:00,0.0,100,6.7,27.5,0.0,1,226,8
2025-08-14 02:00:00,0.0,100,6.6,27.1,0.0,2,226,8
2025-08-14 03:00:00,0.0,100,5.8,26.9,0.0,3,226,8
2025-08-14 04:00:00,0.0,100,6.0,26.8,0.0,4,226,8
2025-08-14 05:00:00,0.0,100,6.2,26.7,0.0,5,226,8
2025-08-14 06:00:00,1.0,100,4.5,27.1,0.014977828523547237,6,226,8
2025-08-14 07:00:00,40.0,100,6.2,27.4,0.625322439283956,7,226,8
2025-08-14 08:00:00,166.0,100,5.9,28.1,2.500691553786617,8,226,8
2025-08-14 09:00:00,156.0,100,4.4,28.3,2.2687582217476625,9,226,8
2025-08-14 10:00:00,436.0,100,4.8,29.8,6.468345566047749,10,226,8
2025-08-14 11:00:00,746.0,100,3.9,31.6,11.749494852787988,11,226,8
2025-08-14 12:00:00,856.0,100,5.6,32.5,13.18664664637538,12,226,8
2025-08-14 13:00:00,588.0,100,6.0,31.7,9.699983833037184,13,226,8
2025-08-14 14:00:00,452.0,100,2.9,31.6,8.369920686791751,14,226,8
2025-08-14 15:00:00,546.0,99,3.1,32.1,8.719276384832344,15,226,8
2025-08-14 16:00:00,501.0,100,3.1,32.6,7.551618923559897,16,226,8
2025-08-14 17:00:00,324.0,99,5.0,32.0,5.301563127276746,17,226,8
2025-08-14 18:00:00,131.0,100,6.1,32.1,2.051628659731304,18,226,8
2025-08-14 19:00:00,17.0,100,7.8,31.0,0.2167996344807076,19,226,8
2025-08-14 20:00:00,0.0,100,8.0,29.5,0.0,20,226,8
2025-08-14 21:00:00,0.0,100,6.3,29.0,0.0,21,226,8
2025-08-14 22:00:00,0.0,98,7.2,28.6,0.0,22,226,8
2025-08-14 23:00:00,0.0,65,7.0,28.2,0.0,23,226,8
2025-08-15 00:00:00,0.0,85,7.3,27.9,0.0,0,227,8
2025-08-15 01:00:00,0.0,99,6.0,27.6,0.0,1,227,8
2025-08-15 02:00:00,0.0,97,3.6,27.4,0.0,2,227,8
2025-08-15 03:00:00,0.0,100,4.0,27.1,0.0,3,227,8
2025-08-15 04:00:00,0.0,100,4.9,26.9,0.0,4,227,8
2025-08-15 05:00:00,0.0,100,6.3,26.9,0.0,5,227,8
2025-08-15 06:00:00,1.0,81,2.6,28.1,0.020534934115527703,6,227,8
2025-08-15 07:00:00,55.0,96,1.5,28.1,0.93606730501931,7,227,8
2025-08-15 08:00:00,148.0,88,0.8,28.6,2.508499862483034,8,227,8
2025-08-15 09:00:00,388.0,85,0.7,30.1,6.949319725381368,9,227,8
2025-08-15 10:00:00,583.0,98,1.4,31.8,8.905194614276132,10,227,8
2025-08-15 11:00:00,700.0,97,5.5,33.0,13.148931917505891,11,227,8
2025-08-15 12:00:00,551.0,95,8.0,29.8,8.528672990513588,12,227,8
2025-08-15 13:00:00,548.0,60,4.6,30.4,13.477634703297538,13,227,8
2025-08-15 14:00:00,545.0,70,3.2,30.9,11.125564391346545,14,227,8
2025-08-15 15:00:00,553.0,74,1.5,31.3,11.298328740970732,15,227,8
2025-08-15 16:00:00,475.0,75,5.0,28.9,10.979930043177122,16,227,8
2025-08-15 17:00:00,184.0,65,1.5,28.9,3.959993747143746,17,227,8
2025-08-15 18:00:00,105.0,87,3.7,29.1,1.892193101810056,18,227,8
2025-08-15 19:00:00,12.0,91,3.6,28.6,0.20943597183312196,19,227,8
2025-08-15 20:00:00,0.0,96,8.5,28.0,0.0,20,227,8
2025-08-15 21:00:00,0.0,100,9.9,26.1,0.0,21,227,8
2025-08-15 22:00:00,0.0,99,4.5,26.3,0.0,22,227,8
2025-08-15 23:00:00,0.0,100,6.5,26.2,0.0,23,227,8
2025-08-16 00:00:00,0.0,100,5.1,26.2,0.0,0,228,8
2025-08-16 01:00:00,0.0,100,3.8,26.1,0.0,1,228,8
2025-08-16 02:00:00,0.0,100,3.8,26.0,0.0,2,228,8
2025-08-16 03:00:00,0.0,100,3.9,25.8,0.0,3,228,8
2025-08-16 04:00:00,0.0,70,3.5,25.7,0.0,4,228,8
2025-08-16 05:00:00,0.0,81,2.0,25.6,0.0,5,228,8
2025-08-16 06:00:00,0.0,77,3.2,26.4,0.0,6,228,8
2025-08-16 07:00:00,57.0,96,2.4,27.1,0.8902705734262739,7,228,8
2025-08-16 08:00:00,220.0,40,3.0,28.0,6.436907113880821,8,228,8
2025-08-16 09:00:00,425.0,71,3.9,29.2,8.474231167925094,9,228,8
2025-08-16 10:00:00,493.0,93,3.2,30.0,9.099448711862774,10,228,8
2025-08-16 11:00:00,502.0,96,2.7,30.5,8.50189882829355,11,228,8
2025-08-16 12:00:00,670.0,100,3.6,31.7,11.292089942984816,12,228,8
2025-08-16 13:00:00,373.0,100,7.9,29.8,6.0053433573389325,13,228,8
2025-08-16 14:00:00,456.0,95,3.1,28.2,7.5074861487511395,14,228,8
2025-08-16 15:00:00,401.0,96,6.7,28.1,6.714052022461116,15,228,8
2025-08-16 16:00:00,187.0,100,8.1,27.5,2.8393518366969865,16,228,8
2025-08-16 17:00:00,133.0,100,5.0,27.2,2.046148488133192,17,228,8
2025-08-16 18:00:00,130.0,97,6.3,28.8,1.9475563660554625,18,228,8
2025-08-16 19:00:00,17.0,100,3.6,28.3,0.2878728057718912,19,228,8
2025-08-16 20:00:00,0.0,100,5.6,27.9,0.0,20,228,8
2025-08-16 21:00:00,0.0,100,3.9,27.7,0.0,21,228,8
2025-08-16 22:00:00,0.0,100,4.4,27.4,0.0,22,228,8
2025-08-16 23:00:00,0.0,100,4.0,27.0,0.0,23,228,8
2025-08-17 00:00:00,0.0,100,3.4,26.7,0.0,0,229,8
2025-08-17 01:00:00,0.0,100,3.6,26.5,0.0,1,229,8
2025-08-17 02:00:00,0.0,100,4.4,26.2,0.0,2,229,8
2025-08-17 03:00:00,0.0,100,3.1,26.0,0.0,3,229,8
2025-08-17 04:00:00,0.0,100,2.3,26.0,0.0,4,229,8
2025-08-17 05:00:00,0.0,100,2.4,25.8,0.0,5,229,8
2025-08-17 06:00:00,1.0,100,0.9,26.3,0.01578682985580399,6,229,8
2025-08-17 07:00:00,45.0,100,2.1,26.7,0.7286844503958565,7,229,8
2025-08-17 08:00:00,190.0,97,4.2,27.8,3.056726513601187,8,229,8
2025-08-17 09:00:00,408.0,100,4.4,29.1,6.865521174288252,9,229,8
2025-08-17 10:00:00,529.0,100,5.2,30.2,7.99288152966628,10,229,8
2025-08-17 11:00:00,509.0,100,5.0,31.2,8.079967581414692,11,229,8
2025-08-17 12:00:00,397.0,100,4.6,31.5,5.953662863553145,12,229,8
2025-08-17 13:00:00,436.0,100,4.4,31.6,6.737669173930927,13,229,8
2025-08-17 14:00:00,444.0,100,2.6,31.7,7.047337100168224,14,229,8
2025-08-17 15:00:00,450.0,84,1.7,32.5,8.504362317439751,15,229,8
2025-08-17 16:00:00,179.0,99,11.4,27.2,2.8468044609144854,16,229,8
2025-08-17 17:00:00,188.0,100,5.1,27.6,2.9113910850821383,17,229,8
2025-08-17 18:00:00,104.0,100,4.1,28.4,1.6419833889455677,18,229,8
2025-08-17 19:00:00,11.0,100,0.5,28.1,0.1580012419570805,19,229,8
2025-08-17 20:00:00,0.0,100,2.4,28.0,0.0,20,229,8
2025-08-17 21:00:00,0.0,95,7.6,28.0,0.0,21,229,8
2025-08-17 22:00:00,0.0,100,5.3,27.5,0.0,22,229,8
2025-08-17 23:00:00,0.0,100,5.6,27.2,0.0,23,229,8
2025-08-18 00:00:00,0.0,96,5.4,26.8,0.0,0,230,8
2025-08-18 01:00:00,0.0,63,5.9,26.5,0.0,1,230,8
2025-08-18 02:00:00,0.0,70,7.3,26.2,0.0,2,230,8
2025-08-18 03:00:00,0.0,95,7.7,25.9,0.0,3,230,8
2025-08-18 04:00:00,0.0,100,6.8,25.7,0.0,4,230,8
2025-08-18 05:00:00,0.0,99,4.0,25.5,0.0,5,230,8
2025-08-18 06:00:00,1.0,100,4.9,26.3,0.016035015040362206,6,230,8
2025-08-18 07:00:00,64.0,100,8.1,26.9,0.9658735797689283,7,230,8
2025-08-18 08:00:00,205.0,99,8.5,27.8,3.270041129235478,8,230,8
2025-08-18 09:00:00,427.0,100,6.6,29.3,7.428283648884388,9,230,8
2025-08-18 10:00:00,537.0,100,7.0,30.3,8.927285542829901,10,230,8
2025-08-18 11:00:00,647.0,100,8.3,31.1,10.849255928837136,11,230,8
2025-08-18 12:00:00,775.0,38,8.2,31.9,21.299424008819596,12,230,8
2025-08-18 13:00:00,839.0,83,6.4,32.3,15.205085586447998,13,230,8
2025-08-18 14:00:00,786.0,99,5.8,32.3,12.22943405028854,14,230,8
2025-08-18 15:00:00,659.0,100,5.3,32.6,10.88643450005256,15,230,8
2025-08-18 16:00:00,376.0,100,7.2,30.7,5.79224023332866,16,230,8
2025-08-18 17:00:00,152.0,100,7.9,28.3,2.6021286083195014,17,230,8
2025-08-18 18:00:00,99.0,100,9.7,30.1,1.2989166020577523,18,230,8
2025-08-18 19:00:00,15.0,100,8.3,28.7,0.2251166428876736,19,230,8
2025-08-18 20:00:00,0.0,100,6.4,28.1,0.0,20,230,8
2025-08-18 21:00:00,0.0,100,5.9,27.9,0.0,21,230,8
2025-08-18 22:00:00,0.0,100,6.9,27.5,0.0,22,230,8
2025-08-18 23:00:00,0.0,97,6.9,27.1,0.0,23,230,8
2025-08-19 00:00:00,0.0,92,8.1,26.6,0.0,0,231,8
2025-08-19 01:00:00,0.0,66,7.7,26.1,0.0,1,231,8
2025-08-19 02:00:00,0.0,98,6.7,25.8,0.0,2,231,8
2025-08-19 03:00:00,0.0,98,6.6,25.5,0.0,3,231,8
2025-08-19 04:00:00,0.0,100,6.2,25.5,0.0,4,231,8
2025-08-19 05:00:00,0.0,100,5.2,25.6,0.0,5,231,8
2025-08-19 06:00:00,1.0,100,5.1,26.4,0.016675304836226614,6,231,8
2025-08-19 07:00:00,53.0,100,5.6,26.7,0.7343660964103242,7,231,8
2025-08-19 08:00:00,173.0,99,5.8,27.5,2.8082459559215196,8,231,8
2025-08-19 09:00:00,286.0,99,7.9,28.5,4.644836917451709,9,231,8
2025-08-19 10:00:00,566.0,99,8.2,30.3,9.114179915385291,10,231,8
2025-08-19 11:00:00,527.0,74,9.1,31.1,10.903000891375621,11,231,8
2025-08-19 12:00:00,802.0,79,8.5,32.2,15.960444706938823,12,231,8
2025-08-19 13:00:00,860.0,81,8.1,32.7,16.301430550232656,13,231,8
2025-08-19 14:00:00,768.0,43,6.3,33.1,19.924583930564967,14,231,8
2025-08-19 15:00:00,687.0,25,6.1,32.9,18.637868362555867,15,231,8
2025-08-19 16:00:00,519.0,85,5.7,32.8,9.005994856088874,16,231,8
2025-08-19 17:00:00,354.0,82,9.0,31.3,7.073848757669141,17,231,8
2025-08-19 18:00:00,121.0,76,5.1,30.2,2.377130324172495,18,231,8
2025-08-19 19:00:00,14.0,81,5.0,29.8,0.2646523236166247,19,231,8
2025-08-19 20:00:00,0.0,97,3.2,29.5,0.0,20,231,8
2025-08-19 21:00:00,0.0,99,5.1,29.1,0.0,21,231,8
2025-08-19 22:00:00,0.0,65,7.4,28.3,0.0,22,231,8
2025-08-19 23:00:00,0.0,74,5.8,27.8,0.0,23,231,8
2025-08-20 00:00:00,0.0,98,4.7,27.4,0.0,0,232,8
2025-08-20 01:00:00,0.0,100,6.0,27.1,0.0,1,232,8
2025-08-20 02:00:00,0.0,100,4.7,26.8,0.0,2,232,8
2025-08-20 03:00:00,0.0,100,6.0,26.6,0.0,3,232,8
2025-08-20 04:00:00,0.0,100,7.7,26.4,0.0,4,232,8
2025-08-20 05:00:00,0.0,98,5.3,26.2,0.0,5,232,8
2025-08-20 06:00:00,0.0,100,5.6,26.6,0.0,6,232,8
2025-08-20 07:00:00,65.0,99,5.1,27.2,1.023362203062853,7,232,8
2025-08-20 08:00:00,203.0,96,5.3,28.0,3.4054233487722825,8,232,8
2025-08-20 09:00:00,375.0,100,9.4,29.4,6.048165697530948,9,232,8
2025-08-20 10:00:00,489.0,100,9.9,30.1,6.918798963716679,10,232,8
2025-08-20 11:00:00,463.0,100,9.3,30.5,6.929898863567541,11,232,8
2025-08-20 12:00:00,510.0,99,9.6,28.6,7.876179334557818,12,232,8
2025-08-20 13:00:00,475.0,95,5.0,30.1,7.805536423119436,13,232,8
2025-08-20 14:00:00,442.0,100,6.7,29.8,6.3691794247982045,14,232,8
2025-08-20 15:00:00,385.0,100,8.1,30.2,6.590326690773131,15,232,8
2025-08-20 16:00:00,275.0,100,7.1,30.1,4.23773281111954,16,232,8
2025-08-20 17:00:00,176.0,100,12.4,28.5,2.7823387550143948,17,232,8
2025-08-20 18:00:00,17.0,100,5.5,26.2,0.2654989451908234,18,232,8
2025-08-20 19:00:00,4.0,100,4.5,26.2,0.06567998854099653,19,232,8
2025-08-20 20:00:00,0.0,100,5.5,26.3,0.0,20,232,8
2025-08-20 21:00:00,0.0,100,8.9,26.5,0.0,21,232,8
2025-08-20 22:00:00,0.0,100,10.3,26.6,0.0,22,232,8
2025-08-20 23:00:00,0.0,100,10.9,26.3,0.0,23,232,8
2025-08-21 00:00:00,0.0,100,11.1,26.1,0.0,0,233,8
2025-08-21 01:00:00,0.0,100,11.1,25.9,0.0,1,233,8
2025-08-21 02:00:00,0.0,100,11.5,25.8,0.0,2,233,8
2025-08-21 03:00:00,0.0,99,10.9,25.6,0.0,3,233,8
2025-08-21 04:00:00,0.0,100,10.8,25.5,0.0,4,233,8
2025-08-21 05:00:00,0.0,100,10.1,25.4,0.0,5,233,8
2025-08-21 06:00:00,0.0,100,6.9,25.9,0.0,6,233,8
2025-08-21 07:00:00,61.0,99,10.6,26.5,0.9243214568958981,7,233,8
2025-08-21 08:00:00,193.0,100,11.9,27.4,2.831060839204799,8,233,8
2025-08-21 09:00:00,249.0,100,12.2,27.9,4.013441265609262,9,233,8
2025-08-21 10:00:00,448.0,100,9.3,29.0,6.913582156871487,10,233,8
2025-08-21 11:00:00,580.0,100,10.3,29.9,8.883936197434165,11,233,8
2025-08-21 12:00:00,658.0,100,9.3,30.9,9.808819617829613,12,233,8
2025-08-21 13:00:00,624.0,100,9.1,31.2,9.065906050927541,13,233,8
2025-08-21 14:00:00,760.0,100,11.4,31.2,10.398659234075039,14,233,8
2025-08-21 15:00:00,217.0,100,8.3,27.7,3.3887220046345847,15,233,8
2025-08-21 16:00:00,87.0,100,5.9,27.2,1.3766615490139107,16,233,8
2025-08-21 17:00:00,127.0,100,9.8,26.9,1.8024756605535088,17,233,8
2025-08-21 18:00:00,67.0,100,6.3,27.7,0.9370415146026783,18,233,8
2025-08-21 19:00:00,6.0,100,11.5,27.5,0.09923204369665803,19,233,8
2025-08-21 20:00:00,0.0,100,12.1,27.3,0.0,20,233,8
2025-08-21 21:00:00,0.0,100,11.7,27.1,0.0,21,233,8
2025-08-21 22:00:00,0.0,100,11.6,27.0,0.0,22,233,8
2025-08-21 23:00:00,0.0,100,12.0,26.9,0.0,23,233,8
2025-08-22 00:00:00,0.0,100,11.9,26.6,0.0,0,234,8
2025-08-22 01:00:00,0.0,100,11.6,26.4,0.0,1,234,8
2025-08-22 02:00:00,0.0,100,11.8,26.2,0.0,2,234,8
2025-08-22 03:00:00,0.0,100,12.6,25.7,0.0,3,234,8
2025-08-22 04:00:00,0.0,100,10.9,25.8,0.0,4,234,8
2025-08-22 05:00:00,0.0,100,11.4,25.7,0.0,5,234,8
2025-08-22 06:00:00,0.0,100,8.5,25.1,0.0,6,234,8
2025-08-22 07:00:00,39.0,100,8.8,25.6,0.643683644466663,7,234,8
2025-08-22 08:00:00,139.0,100,9.8,26.5,1.9920295013180052,8,234,8
2025-08-22 09:00:00,272.0,100,12.4,27.3,4.6942440792962605,9,234,8
2025-08-22 10:00:00,466.0,100,12.6,28.5,7.352016773622455,10,234,8
2025-08-22 11:00:00,404.0,100,13.3,28.8,6.234700626211091,11,234,8
2025-08-22 12:00:00,412.0,100,12.5,29.2,6.206615822333601,12,234,8
2025-08-22 13:00:00,364.0,100,9.0,28.8,5.593642914589444,13,234,8
2025-08-22 14:00:00,284.0,100,14.7,27.5,4.264133764794567,14,234,8
2025-08-22 15:00:00,201.0,100,7.4,27.4,3.244611379703914,15,234,8
2025-08-22 16:00:00,86.0,100,11.1,27.0,1.2603872111231904,16,234,8
2025-08-22 17:00:00,154.0,100,10.8,27.9,2.2311805356506893,17,234,8
2025-08-22 18:00:00,19.0,100,9.4,26.0,0.28913301876067465,18,234,8
2025-08-22 19:00:00,3.0,100,10.6,26.0,0.046431107126209445,19,234,8
2025-08-22 20:00:00,0.0,100,13.4,25.9,0.0,20,234,8
2025-08-22 21:00:00,0.0,100,13.4,25.8,0.0,21,234,8
2025-08-22 22:00:00,0.0,100,13.2,25.7,0.0,22,234,8
2025-08-22 23:00:00,0.0,100,14.7,25.6,0.0,23,234,8
2025-08-23 00:00:00,0.0,100,13.2,25.4,0.0,0,235,8
2025-08-23 01:00:00,0.0,100,12.7,25.4,0.0,1,235,8
2025-08-23 02:00:00,0.0,100,11.7,25.3,0.0,2,235,8
2025-08-23 03:00:00,0.0,100,12.0,25.3,0.0,3,235,8
2025-08-23 04:00:00,0.0,100,12.0,25.2,0.0,4,235,8
2025-08-23 05:00:00,0.0,74,11.6,25.2,0.0,5,235,8
2025-08-23 06:00:00,1.0,100,10.5,25.9,0.015357562887529477,6,235,8
2025-08-23 07:00:00,60.0,100,9.9,26.3,0.9287989937679507,7,235,8
2025-08-23 08:00:00,172.0,100,10.9,26.9,2.722482772706187,8,235,8
2025-08-23 09:00:00,147.0,100,12.2,26.6,2.4260576109172898,9,235,8
2025-08-23 10:00:00,276.0,100,14.0,27.2,4.271763076989799,10,235,8
2025-08-23 11:00:00,392.0,100,11.2,27.9,6.2909351488219984,11,235,8
2025-08-23 12:00:00,504.0,100,9.7,28.7,7.798490007839933,12,235,8
2025-08-23 13:00:00,576.0,100,11.3,29.4,7.752515042900818,13,235,8
2025-08-23 14:00:00,518.0,100,11.6,30.0,8.253313738937752,14,235,8
2025-08-23 15:00:00,633.0,100,17.6,26.8,9.255819722963995,15,235,8
2025-08-23 16:00:00,79.0,100,9.7,26.8,1.3051326964072296,16,235,8
2025-08-23 17:00:00,158.0,100,10.6,27.5,2.5398461501354115,17,235,8
2025-08-23 18:00:00,94.0,100,12.9,26.4,1.4559572576116528,18,235,8
2025-08-23 19:00:00,5.0,100,13.5,26.6,0.07345530312223658,19,235,8
2025-08-23 20:00:00,0.0,100,13.0,26.2,0.0,20,235,8
2025-08-23 21:00:00,0.0,100,10.7,25.2,0.0,21,235,8
2025-08-23 22:00:00,0.0,100,13.1,25.1,0.0,22,235,8
2025-08-23 23:00:00,0.0,100,13.2,25.3,0.0,23,235,8
2025-08-24 00:00:00,0.0,100,13.5,25.1,0.0,0,236,8
2025-08-24 01:00:00,0.0,100,14.8,25.0,0.0,1,236,8
2025-08-24 02:00:00,0.0,100,13.9,25.0,0.0,2,236,8
2025-08-24 03:00:00,0.0,100,13.7,25.0,0.0,3,236,8
2025-08-24 04:00:00,0.0,100,12.4,25.0,0.0,4,236,8
2025-08-24 05:00:00,0.0,100,11.5,25.0,0.0,5,236,8
2025-08-24 06:00:00,0.0,100,10.6,25.7,0.0,6,236,8
2025-08-24 07:00:00,47.0,100,11.6,26.0,0.6314083268619092,7,236,8
2025-08-24 08:00:00,207.0,100,15.4,27.0,3.1863531129708953,8,236,8
2025-08-24 09:00:00,371.0,100,12.8,27.8,5.961084511707622,9,236,8
2025-08-24 10:00:00,396.0,99,13.1,28.6,6.41512375428435,10,236,8
2025-08-24 11:00:00,309.0,100,16.4,27.0,4.698141895023518,11,236,8
2025-08-24 12:00:00,112.0,95,12.1,26.8,1.9813631063886619,12,236,8
2025-08-24 13:00:00,522.0,99,12.4,29.1,8.555954540541396,13,236,8
2025-08-24 14:00:00,474.0,98,15.7,27.0,7.1531854176035665,14,236,8
2025-08-24 15:00:00,348.0,100,15.4,27.3,5.7718873086800615,15,236,8
2025-08-24 16:00:00,174.0,98,12.0,26.2,2.4302265681759807,16,236,8
2025-08-24 17:00:00,159.0,100,10.9,26.8,2.4497183778406235,17,236,8
2025-08-24 18:00:00,52.0,96,11.9,26.5,0.8587975880942509,18,236,8
2025-08-24 19:00:00,8.0,98,12.4,26.2,0.12519940940087404,19,236,8
2025-08-24 20:00:00,0.0,98,12.3,25.6,0.0,20,236,8
2025-08-24 21:00:00,0.0,100,13.0,25.7,0.0,21,236,8
2025-08-24 22:00:00,0.0,100,12.6,25.7,0.0,22,236,8
2025-08-24 23:00:00,0.0,100,12.4,25.5,0.0,23,236,8
2025-08-25 00:00:00,0.0,100,11.6,25.3,0.0,0,237,8
2025-08-25 01:00:00,0.0,100,8.4,24.6,0.0,1,237,8
2025-08-25 02:00:00,0.0,100,11.5,24.7,0.0,2,237,8
2025-08-25 03:00:00,0.0,100,9.5,24.6,0.0,3,237,8
2025-08-25 04:00:00,0.0,100,11.5,24.5,0.0,4,237,8
2025-08-25 05:00:00,0.0,100,9.7,24.1,0.0,5,237,8
2025-08-25 06:00:00,0.0,100,11.8,25.7,0.0,6,237,8
2025-08-25 07:00:00,46.0,100,11.7,25.9,0.7127718650667183,7,237,8
2025-08-25 08:00:00,177.0,100,12.8,26.4,2.856089304750301,8,237,8
2025-08-25 09:00:00,311.0,100,12.2,27.5,4.588498920509523,9,237,8
2025-08-25 10:00:00,507.0,100,13.9,28.9,6.394938538705622,10,237,8
2025-08-25 11:00:00,471.0,100,12.3,29.3,7.181732274576125,11,237,8
2025-08-25 12:00:00,580.0,80,10.8,29.7,12.17551841542375,12,237,8
2025-08-25 13:00:00,842.0,73,10.1,31.0,16.669829094927707,13,237,8
2025-08-25 14:00:00,696.0,94,12.1,31.2,10.445514557753425,14,237,8
2025-08-25 15:00:00,645.0,98,12.1,31.2,10.637849309179622,15,237,8
2025-08-25 16:00:00,472.0,99,13.5,30.0,7.642079222551386,16,237,8
2025-08-25 17:00:00,274.0,96,11.9,29.4,4.908774602111207,17,237,8
2025-08-25 18:00:00,94.0,100,9.8,28.1,1.4511478684865233,18,237,8
2025-08-25 19:00:00,9.0,100,8.4,27.6,0.13301709566817158,19,237,8
2025-08-25 20:00:00,0.0,100,9.1,27.4,0.0,20,237,8
2025-08-25 21:00:00,0.0,100,8.5,27.3,0.0,21,237,8
2025-08-25 22:00:00,0.0,99,8.9,26.9,0.0,22,237,8
2025-08-25 23:00:00,0.0,97,9.1,26.7,0.0,23,237,8
2025-08-26 00:00:00,0.0,100,8.1,26.5,0.0,0,238,8
2025-08-26 01:00:00,0.0,100,8.3,26.2,0.0,1,238,8
2025-08-26 02:00:00,0.0,100,8.4,25.9,0.0,2,238,8
2025-08-26 03:00:00,0.0,100,8.6,25.9,0.0,3,238,8
2025-08-26 04:00:00,0.0,98,9.0,25.8,0.0,4,238,8
2025-08-26 05:00:00,0.0,100,8.8,25.8,0.0,5,238,8
2025-08-26 06:00:00,0.0,36,6.0,25.5,0.0,6,238,8
2025-08-26 07:00:00,59.0,58,8.4,26.1,1.3427258457399693,7,238,8
2025-08-26 08:00:00,198.0,66,10.1,27.3,4.500655061863067,8,238,8
2025-08-26 09:00:00,319.0,39,9.0,28.2,8.56993750346283,9,238,8
2025-08-26 10:00:00,585.0,44,6.6,29.4,15.383446124519683,10,238,8
2025-08-26 11:00:00,661.0,86,6.1,30.3,11.775147982622565,11,238,8
2025-08-26 12:00:00,818.0,95,7.6,31.3,15.076116661346841,12,238,8
2025-08-26 13:00:00,573.0,39,7.8,31.1,17.613050655383226,13,238,8
2025-08-26 14:00:00,748.0,91,8.0,31.7,12.302177446997595,14,238,8
2025-08-26 15:00:00,586.0,96,7.0,31.9,9.889783563857135,15,238,8
2025-08-26 16:00:00,344.0,64,9.2,30.8,7.538311428316684,16,238,8
2025-08-26 17:00:00,261.0,82,6.7,29.6,4.779867723969714,17,238,8
2025-08-26 18:00:00,96.0,97,7.7,29.8,1.554570890003158,18,238,8
2025-08-26 19:00:00,10.0,100,4.4,29.1,0.15550332192420793,19,238,8
2025-08-26 20:00:00,0.0,93,2.3,29.1,0.0,20,238,8
2025-08-26 21:00:00,0.0,100,4.1,28.8,0.0,21,238,8
2025-08-26 22:00:00,0.0,100,5.5,28.0,0.0,22,238,8
2025-08-26 23:00:00,0.0,100,7.5,27.4,0.0,23,238,8
2025-08-27 00:00:00,0.0,100,8.6,27.1,0.0,0,239,8
2025-08-27 01:00:00,0.0,100,9.1,26.6,0.0,1,239,8
2025-08-27 02:00:00,0.0,100,8.8,26.2,0.0,2,239,8
2025-08-27 03:00:00,0.0,99,8.5,26.0,0.0,3,239,8
2025-08-27 04:00:00,0.0,98,8.1,25.8,0.0,4,239,8
2025-08-27 05:00:00,0.0,99,8.1,25.6,0.0,5,239,8
2025-08-27 06:00:00,0.0,87,7.9,26.2,0.0,6,239,8
2025-08-27 07:00:00,63.0,80,8.7,26.7,1.1329668521105654,7,239,8
2025-08-27 08:00:00,212.0,84,9.8,27.6,4.038607304400934,8,239,8
2025-08-27 09:00:00,428.0,42,10.0,28.9,10.266947361079831,9,239,8
2025-08-27 10:00:00,586.0,56,7.8,29.8,13.958020726710519,10,239,8
2025-08-27 11:00:00,742.0,73,8.3,30.8,18.084213079705762,11,239,8
2025-08-27 12:00:00,760.0,96,8.2,31.4,13.278225413618781,12,239,8
2025-08-27 13:00:00,732.0,98,8.3,31.7,11.820011106264047,13,239,8
2025-08-27 14:00:00,703.0,92,6.1,32.1,12.484141456703655,14,239,8
2025-08-27 15:00:00,556.0,100,4.9,32.6,8.445630328415614,15,239,8
2025-08-27 16:00:00,295.0,100,4.8,32.3,4.649468744497016,16,239,8
2025-08-27 17:00:00,187.0,100,3.7,32.2,2.88561970831848,17,239,8
2025-08-27 18:00:00,98.0,100,3.1,31.3,1.514613924238311,18,239,8
2025-08-27 19:00:00,9.0,100,0.5,30.9,0.1355094963212879,19,239,8
2025-08-27 20:00:00,0.0,100,2.4,30.2,0.0,20,239,8
2025-08-27 21:00:00,0.0,100,4.4,29.4,0.0,21,239,8
2025-08-27 22:00:00,0.0,100,5.5,28.6,0.0,22,239,8
2025-08-27 23:00:00,0.0,100,7.0,27.6,0.0,23,239,8
2025-08-28 00:00:00,0.0,100,6.2,26.9,0.0,0,240,8
2025-08-28 01:00:00,0.0,100,5.5,26.8,0.0,1,240,8
2025-08-28 02:00:00,0.0,100,7.5,26.6,0.0,2,240,8
2025-08-28 03:00:00,0.0,100,8.8,26.2,0.0,3,240,8
2025-08-28 04:00:00,0.0,94,8.8,25.7,0.0,4,240,8
2025-08-28 05:00:00,0.0,98,8.8,25.4,0.0,5,240,8
2025-08-28 06:00:00,0.0,97,9.7,26.6,0.0,6,240,8
2025-08-28 07:00:00,57.0,53,10.5,27.0,1.411599045168531,7,240,8
2025-08-28 08:00:00,217.0,74,13.5,27.9,4.7955213005922595,8,240,8
2025-08-28 09:00:00,388.0,82,12.1,28.9,7.4744503742395745,9,240,8
2025-08-28 10:00:00,510.0,81,11.3,29.8,10.18923502818887,10,240,8
2025-08-28 11:00:00,555.0,95,9.4,30.3,8.615682125042666,11,240,8
2025-08-28 12:00:00,660.0,99,8.3,30.8,10.841642509938408,12,240,8
2025-08-28 13:00:00,623.0,97,7.9,31.0,10.302386506153773,13,240,8
2025-08-28 14:00:00,671.0,98,7.3,31.5,11.303458071635328,14,240,8
2025-08-28 15:00:00,368.0,100,11.0,29.7,5.852405403219645,15,240,8
2025-08-28 16:00:00,54.0,100,2.9,26.8,0.8570328856501953,16,240,8
2025-08-28 17:00:00,58.0,100,1.5,27.0,0.8882386955347654,17,240,8
2025-08-28 18:00:00,24.0,100,6.9,28.5,0.38487542210924536,18,240,8
2025-08-28 19:00:00,4.0,100,4.5,28.1,0.062255461794938106,19,240,8
2025-08-28 20:00:00,0.0,100,4.1,27.5,0.0,20,240,8
2025-08-28 21:00:00,0.0,100,4.0,27.1,0.0,21,240,8
2025-08-28 22:00:00,0.0,100,4.7,26.8,0.0,22,240,8
2025-08-28 23:00:00,0.0,100,4.8,26.6,0.0,23,240,8
2025-08-29 00:00:00,0.0,100,6.6,26.4,0.0,0,241,8
2025-08-29 01:00:00,0.0,100,7.6,26.2,0.0,1,241,8
2025-08-29 02:00:00,0.0,100,7.1,26.1,0.0,2,241,8
2025-08-29 03:00:00,0.0,99,6.2,26.0,0.0,3,241,8
2025-08-29 04:00:00,0.0,91,4.9,26.0,0.0,4,241,8
2025-08-29 05:00:00,0.0,70,5.2,26.0,0.0,5,241,8
2025-08-29 06:00:00,0.0,100,8.7,26.2,0.0,6,241,8
2025-08-29 07:00:00,35.0,99,6.9,26.4,0.5121633646761917,7,241,8
2025-08-29 08:00:00,114.0,100,6.0,27.3,1.8396077748573245,8,241,8
2025-08-29 09:00:00,254.0,99,5.2,27.8,3.520539971915979,9,241,8
2025-08-29 10:00:00,485.0,89,6.7,29.1,9.079120078424674,10,241,8
2025-08-29 11:00:00,621.0,99,6.9,30.1,9.49373503674577,11,241,8
2025-08-29 12:00:00,736.0,100,7.7,31.0,11.551343762189674,12,241,8
2025-08-29 13:00:00,667.0,99,7.8,31.2,10.766707495905017,13,241,8
2025-08-29 14:00:00,695.0,99,7.4,31.7,10.551434395352878,14,241,8
2025-08-29 15:00:00,419.0,100,5.0,30.3,6.68790314929304,15,241,8
2025-08-29 16:00:00,313.0,100,4.0,30.1,5.413911908251663,16,241,8
2025-08-29 17:00:00,177.0,100,8.2,28.0,2.946725892343255,17,241,8
2025-08-29 18:00:00,103.0,100,2.7,28.4,1.6064700668357368,18,241,8
2025-08-29 19:00:00,7.0,100,5.1,27.8,0.10288801085401235,19,241,8
2025-08-29 20:00:00,0.0,100,6.2,27.2,0.0,20,241,8
2025-08-29 21:00:00,0.0,100,5.9,26.8,0.0,21,241,8
2025-08-29 22:00:00,0.0,100,6.7,26.6,0.0,22,241,8
2025-08-29 23:00:00,0.0,100,6.0,26.6,0.0,23,241,8
2025-08-30 00:00:00,0.0,100,7.1,26.5,0.0,0,242,8
2025-08-30 01:00:00,0.0,100,6.6,26.5,0.0,1,242,8
2025-08-30 02:00:00,0.0,100,7.5,26.3,0.0,2,242,8
2025-08-30 03:00:00,0.0,100,6.6,26.0,0.0,3,242,8
2025-08-30 04:00:00,0.0,100,6.0,25.9,0.0,4,242,8
2025-08-30 05:00:00,0.0,100,5.7,25.8,0.0,5,242,8
2025-08-30 06:00:00,0.0,100,5.1,26.2,0.0,6,242,8
2025-08-30 07:00:00,27.0,100,6.3,26.8,0.36489714713365445,7,242,8
2025-08-30 08:00:00,126.0,100,9.9,27.4,1.8317951609003822,8,242,8
2025-08-30 09:00:00,273.0,100,9.2,28.8,4.1247751770120145,9,242,8
2025-08-30 10:00:00,445.0,100,6.0,29.1,8.108542873273302,10,242,8
2025-08-30 11:00:00,530.0,100,5.1,29.8,8.421038269070724,11,242,8
2025-08-30 12:00:00,481.0,100,6.8,30.0,7.627746541281577,12,242,8
2025-08-30 13:00:00,381.0,100,6.3,30.1,6.423406546097591,13,242,8
2025-08-30 14:00:00,333.0,100,6.3,27.6,5.182603894099166,14,242,8
2025-08-30 15:00:00,130.0,100,5.6,27.6,1.975962989776758,15,242,8
2025-08-30 16:00:00,184.0,100,2.9,27.7,2.833830385941541,16,242,8
2025-08-30 17:00:00,83.0,100,4.3,27.6,1.2897578660326205,17,242,8
2025-08-30 18:00:00,53.0,100,5.7,28.5,0.849252085367731,18,242,8
2025-08-30 19:00:00,4.0,100,7.0,27.8,0.06681110119644004,19,242,8
2025-08-30 20:00:00,0.0,100,5.8,27.4,0.0,20,242,8
2025-08-30 21:00:00,0.0,100,7.0,27.2,0.0,21,242,8
2025-08-30 22:00:00,0.0,100,7.0,27.0,0.0,22,242,8
2025-08-30 23:00:00,0.0,100,7.0,26.7,0.0,23,242,8
2025-08-31 00:00:00,0.0,100,6.6,26.3,0.0,0,243,8
2025-08-31 01:00:00,0.0,100,6.6,26.1,0.0,1,243,8
2025-08-31 02:00:00,0.0,100,7.4,25.9,0.0,2,243,8
2025-08-31 03:00:00,0.0,100,7.8,25.7,0.0,3,243,8
2025-08-31 04:00:00,0.0,100,7.9,25.6,0.0,4,243,8
2025-08-31 05:00:00,0.0,100,6.7,25.4,0.0,5,243,8
2025-08-31 06:00:00,0.0,100,5.9,25.6,0.0,6,243,8
2025-08-31 07:00:00,30.0,100,5.9,26.0,0.4368098344353262,7,243,8
2025-08-31 08:00:00,113.0,100,5.6,27.0,1.6889065120735725,8,243,8
2025-08-31 09:00:00,190.0,100,5.4,27.4,3.013738718378154,9,243,8
2025-08-31 10:00:00,259.0,100,4.5,28.0,4.20127406277518,10,243,8
2025-08-31 11:00:00,488.0,100,7.0,29.1,7.491693178592174,11,243,8
2025-08-31 12:00:00,231.0,100,7.5,28.9,3.2199841586530287,12,243,8
2025-08-31 13:00:00,414.0,100,7.1,29.9,6.510156080082494,13,243,8
2025-08-31 14:00:00,342.0,100,4.6,30.2,4.907969206605006,14,243,8
2025-08-31 15:00:00,229.0,100,12.2,28.0,3.4631045287204665,15,243,8
2025-08-31 16:00:00,96.0,100,5.3,26.4,1.484560017015681,16,243,8
2025-08-31 17:00:00,69.0,100,5.6,26.3,1.1842966391119376,17,243,8
2025-08-31 18:00:00,72.0,100,9.5,28.4,1.1093633054225742,18,243,8
2025-08-31 19:00:00,3.0,100,6.3,27.2,0.04844476262185072,19,243,8
2025-08-31 20:00:00,0.0,100,6.5,26.6,0.0,20,243,8
2025-08-31 21:00:00,0.0,100,8.0,26.2,0.0,21,243,8
2025-08-31 22:00:00,0.0,100,8.9,26.0,0.0,22,243,8
2025-08-31 23:00:00,0.0,100,9.2,25.9,0.0,23,243,8
2025-09-01 00:00:00,0.0,100,8.1,26.0,0.0,0,244,9
2025-09-01 01:00:00,0.0,100,9.0,26.1,0.0,1,244,9
2025-09-01 02:00:00,0.0,100,10.4,26.0,0.0,2,244,9
2025-09-01 03:00:00,0.0,100,9.4,25.6,0.0,3,244,9
2025-09-01 04:00:00,0.0,100,7.6,24.9,0.0,4,244,9
2025-09-01 05:00:00,0.0,100,9.7,25.1,0.0,5,244,9
2025-09-01 06:00:00,0.0,100,10.8,26.2,0.0,6,244,9
2025-09-01 07:00:00,53.0,100,10.2,26.6,0.8346408919118956,7,244,9
2025-09-01 08:00:00,210.0,100,13.0,27.3,2.642761971949948,8,244,9
2025-09-01 09:00:00,408.0,100,13.1,28.5,6.49891046328741,9,244,9
2025-09-01 10:00:00,574.0,94,13.3,29.4,8.641978953739649,10,244,9
2025-09-01 11:00:00,564.0,100,11.9,29.7,8.275304447593978,11,244,9
2025-09-01 12:00:00,717.0,100,11.0,30.5,10.163305021621294,12,244,9
2025-09-01 13:00:00,647.0,99,10.8,30.7,9.57823640895642,13,244,9
2025-09-01 14:00:00,691.0,94,11.4,31.0,11.171095903146801,14,244,9
2025-09-01 15:00:00,600.0,98,9.4,31.3,8.457977483355089,15,244,9
2025-09-01 16:00:00,489.0,51,9.6,31.5,11.71930329996245,16,244,9
2025-09-01 17:00:00,304.0,62,8.9,30.8,7.001594363206229,17,244,9
2025-09-01 18:00:00,96.0,99,5.9,29.8,1.440673249633573,18,244,9
2025-09-01 19:00:00,6.0,100,8.0,29.1,0.11116222791328996,19,244,9
2025-09-01 20:00:00,0.0,86,8.8,28.6,0.0,20,244,9
2025-09-01 21:00:00,0.0,27,9.1,28.4,0.0,21,244,9
2025-09-01 22:00:00,0.0,19,8.4,27.8,0.0,22,244,9
2025-09-01 23:00:00,0.0,71,9.2,27.3,0.0,23,244,9
2025-09-02 00:00:00,0.0,100,9.2,26.9,0.0,0,245,9
2025-09-02 01:00:00,0.0,100,9.5,26.8,0.0,1,245,9
2025-09-02 02:00:00,0.0,74,10.0,26.6,0.0,2,245,9
2025-09-02 03:00:00,0.0,18,10.6,26.3,0.0,3,245,9
2025-09-02 04:00:00,0.0,100,10.6,25.7,0.0,4,245,9
2025-09-02 05:00:00,0.0,100,9.9,25.5,0.0,5,245,9
2025-09-02 06:00:00,0.0,100,11.0,25.7,0.0,6,245,9
2025-09-02 07:00:00,54.0,93,10.6,25.9,0.9834994212412708,7,245,9
2025-09-02 08:00:00,225.0,99,12.5,26.8,3.387914403714508,8,245,9
2025-09-02 09:00:00,414.0,41,12.3,28.2,11.278223936320522,9,245,9
2025-09-02 10:00:00,575.0,65,12.4,29.0,12.36927479427759,10,245,9
2025-09-02 11:00:00,619.0,70,11.4,29.7,13.292994263512389,11,245,9
2025-09-02 12:00:00,623.0,57,11.0,30.2,14.722486186679925,12,245,9
2025-09-02 13:00:00,725.0,15,9.9,31.2,22.737922696851903,13,245,9
2025-09-02 14:00:00,698.0,23,9.0,31.8,22.639624023545846,14,245,9
2025-09-02 15:00:00,694.0,8,8.9,32.2,20.339756889454996,15,245,9
2025-09-02 16:00:00,533.0,11,8.8,32.4,16.290502591394866,16,245,9
2025-09-02 17:00:00,327.0,24,6.3,32.0,9.54977060788438,17,245,9
2025-09-02 18:00:00,102.0,12,7.0,30.3,2.977081813137184,18,245,9
2025-09-02 19:00:00,6.0,80,5.3,29.4,0.10211132007087974,19,245,9
2025-09-02 20:00:00,0.0,58,5.3,28.7,0.0,20,245,9
2025-09-02 21:00:00,0.0,98,5.3,28.0,0.0,21,245,9
2025-09-02 22:00:00,0.0,100,7.3,27.1,0.0,22,245,9
2025-09-02 23:00:00,0.0,99,7.0,26.6,0.0,23,245,9
2025-09-03 00:00:00,0.0,89,6.3,26.4,0.0,0,246,9
2025-09-03 01:00:00,0.0,99,7.6,26.2,0.0,1,246,9
2025-09-03 02:00:00,0.0,99,8.8,25.9,0.0,2,246,9
2025-09-03 03:00:00,0.0,94,9.4,25.5,0.0,3,246,9
2025-09-03 04:00:00,0.0,98,10.1,25.2,0.0,4,246,9
2025-09-03 05:00:00,0.0,100,9.0,25.0,0.0,5,246,9
2025-09-03 06:00:00,0.0,100,12.1,25.9,0.0,6,246,9
2025-09-03 07:00:00,59.0,77,10.7,26.1,1.1957039720441525,7,246,9
2025-09-03 08:00:00,211.0,68,11.4,26.9,4.353000900946238,8,246,9
2025-09-03 09:00:00,330.0,65,12.9,27.9,7.9227623359954995,9,246,9
2025-09-03 10:00:00,516.0,66,11.0,28.9,10.803643461741206,10,246,9
2025-09-03 11:00:00,672.0,70,9.3,29.9,13.58151285194235,11,246,9
2025-09-03 12:00:00,728.0,32,8.1,30.8,21.570730086023058,12,246,9
2025-09-03 13:00:00,818.0,43,7.5,31.6,21.914559435379733,13,246,9
2025-09-03 14:00:00,800.0,67,7.7,31.8,16.45144091747179,14,246,9
2025-09-03 15:00:00,669.0,76,8.4,31.9,13.452818643618672,15,246,9
2025-09-03 16:00:00,455.0,92,8.1,31.6,7.339621129735326,16,246,9
2025-09-03 17:00:00,275.0,100,10.0,31.0,4.1315950019850955,17,246,9
2025-09-03 18:00:00,75.0,100,6.4,30.0,1.060465868459087,18,246,9
2025-09-03 19:00:00,3.0,100,3.3,29.4,0.04594997790726295,19,246,9
2025-09-03 20:00:00,0.0,100,4.3,28.7,0.0,20,246,9
2025-09-03 21:00:00,0.0,100,7.3,26.4,0.0,21,246,9
2025-09-03 22:00:00,0.0,100,2.5,25.9,0.0,22,246,9
2025-09-03 23:00:00,0.0,100,3.1,25.7,0.0,23,246,9
2025-09-04 00:00:00,0.0,100,3.7,25.6,0.0,0,247,9
2025-09-04 01:00:00,0.0,100,5.9,25.7,0.0,1,247,9
2025-09-04 02:00:00,0.0,100,8.8,26.3,0.0,2,247,9
2025-09-04 03:00:00,0.0,100,9.8,26.1,0.0,3,247,9
2025-09-04 04:00:00,0.0,100,9.2,25.9,0.0,4,247,9
2025-09-04 05:00:00,0.0,100,10.0,25.7,0.0,5,247,9
2025-09-04 06:00:00,0.0,90,14.9,26.1,0.0,6,247,9
2025-09-04 07:00:00,58.0,99,14.4,26.1,0.8611168317754913,7,247,9
2025-09-04 08:00:00,235.0,100,14.7,26.9,3.551329162320203,8,247,9
2025-09-04 09:00:00,340.0,100,16.3,27.6,5.322138997708631,9,247,9
2025-09-04 10:00:00,254.0,99,14.9,27.6,3.760975274772192,10,247,9
2025-09-04 11:00:00,543.0,100,13.7,29.3,9.342563440008298,11,247,9
2025-09-04 12:00:00,391.0,100,14.8,29.2,5.78911193459839,12,247,9
2025-09-04 13:00:00,225.0,100,11.6,27.7,3.618943112237885,13,247,9
2025-09-04 14:00:00,206.0,100,9.8,28.3,3.1063247259446376,14,247,9
2025-09-04 15:00:00,179.0,100,9.8,28.4,2.3306436048048726,15,247,9
2025-09-04 16:00:00,138.0,100,8.2,28.3,2.186163298564997,16,247,9
2025-09-04 17:00:00,162.0,100,6.2,28.6,2.514253467143703,17,247,9
2025-09-04 18:00:00,25.0,100,9.8,26.2,0.41886361341424544,18,247,9
2025-09-04 19:00:00,2.0,100,11.3,26.2,0.03324747578907858,19,247,9
2025-09-04 20:00:00,0.0,100,11.4,25.5,0.0,20,247,9
2025-09-04 21:00:00,0.0,100,4.6,25.1,0.0,21,247,9
2025-09-04 22:00:00,0.0,100,5.0,24.9,0.0,22,247,9
2025-09-04 23:00:00,0.0,100,7.7,24.7,0.0,23,247,9
2025-09-05 00:00:00,0.0,100,7.1,24.8,0.0,0,248,9
2025-09-05 01:00:00,0.0,100,6.7,25.0,0.0,1,248,9
2025-09-05 02:00:00,0.0,100,0.6,24.9,0.0,2,248,9
2025-09-05 03:00:00,0.0,100,3.2,24.6,0.0,3,248,9
2025-09-05 04:00:00,0.0,100,1.8,24.6,0.0,4,248,9
2025-09-05 05:00:00,0.0,100,5.0,24.8,0.0,5,248,9
2025-09-05 06:00:00,0.0,100,11.1,25.6,0.0,6,248,9
2025-09-05 07:00:00,20.0,100,11.0,25.8,0.31389166648927014,7,248,9
2025-09-05 08:00:00,78.0,100,8.6,26.2,1.2643385612078248,8,248,9
2025-09-05 09:00:00,172.0,100,6.9,26.9,2.5811545264314173,9,248,9
2025-09-05 10:00:00,280.0,100,9.2,27.9,4.277649535739715,10,248,9
2025-09-05 11:00:00,347.0,100,8.6,28.8,6.029617162474483,11,248,9
2025-09-05 12:00:00,416.0,100,8.9,29.7,6.3678250697064716,12,248,9
2025-09-05 13:00:00,401.0,100,8.7,30.5,6.217869585323419,13,248,9
2025-09-05 14:00:00,381.0,100,9.6,31.0,5.809059144809702,14,248,9
2025-09-05 15:00:00,333.0,100,8.2,31.4,5.334191065108013,15,248,9
2025-09-05 16:00:00,379.0,100,8.6,31.7,5.6934534026875205,16,248,9
2025-09-05 17:00:00,243.0,100,8.4,30.0,3.8213586308420937,17,248,9
2025-09-05 18:00:00,82.0,100,12.7,28.3,1.362965355781492,18,248,9
2025-09-05 19:00:00,3.0,100,8.4,26.9,0.050033622881758374,19,248,9
2025-09-05 20:00:00,0.0,100,6.2,26.8,0.0,20,248,9
2025-09-05 21:00:00,0.0,100,7.9,26.7,0.0,21,248,9
2025-09-05 22:00:00,0.0,100,7.5,26.5,0.0,22,248,9
2025-09-05 23:00:00,0.0,100,9.1,26.2,0.0,23,248,9
2025-09-06 00:00:00,0.0,100,8.3,26.1,0.0,0,249,9
2025-09-06 01:00:00,0.0,100,12.1,25.6,0.0,1,249,9
2025-09-06 02:00:00,0.0,100,11.4,25.5,0.0,2,249,9
2025-09-06 03:00:00,0.0,100,10.7,25.5,0.0,3,249,9
2025-09-06 04:00:00,0.0,100,12.5,25.9,0.0,4,249,9
2025-09-06 05:00:00,0.0,100,10.9,26.0,0.0,5,249,9
2025-09-06 06:00:00,0.0,100,10.4,26.0,0.0,6,249,9
2025-09-06 07:00:00,33.0,100,9.7,25.9,0.49541557576763284,7,249,9
2025-09-06 08:00:00,70.0,100,13.5,25.7,1.0640735262029053,8,249,9
2025-09-06 09:00:00,101.0,100,12.6,25.8,1.6514360953790417,9,249,9
2025-09-06 10:00:00,280.0,100,12.6,26.8,4.589646680816386,10,249,9
2025-09-06 11:00:00,181.0,100,13.0,26.4,2.6603246450339983,11,249,9
2025-09-06 12:00:00,257.0,100,14.9,27.2,3.993946566939263,12,249,9
2025-09-06 13:00:00,262.0,100,9.7,27.6,4.767800943816931,13,249,9
2025-09-06 14:00:00,232.0,100,10.2,28.2,3.7232957096558223,14,249,9
2025-09-06 15:00:00,182.0,100,9.0,28.1,2.994190172568725,15,249,9
2025-09-06 16:00:00,227.0,100,8.0,28.6,3.423056972859769,16,249,9
2025-09-06 17:00:00,89.0,100,13.6,26.4,1.198281297667473,17,249,9
2025-09-06 18:00:00,13.0,100,13.4,26.1,0.18644657275841453,18,249,9
2025-09-06 19:00:00,0.0,100,13.3,25.9,0.0,19,249,9
2025-09-06 20:00:00,0.0,100,13.6,25.8,0.0,20,249,9
2025-09-06 21:00:00,0.0,100,13.4,25.8,0.0,21,249,9
2025-09-06 22:00:00,0.0,100,13.4,25.4,0.0,22,249,9
2025-09-06 23:00:00,0.0,100,15.1,25.3,0.0,23,249,9
2025-09-07 00:00:00,0.0,100,17.3,25.1,0.0,0,250,9
2025-09-07 01:00:00,0.0,100,14.7,25.0,0.0,1,250,9
2025-09-07 02:00:00,0.0,100,16.2,25.0,0.0,2,250,9
2025-09-07 03:00:00,0.0,100,15.2,24.8,0.0,3,250,9
2025-09-07 04:00:00,0.0,100,15.9,24.9,0.0,4,250,9
2025-09-07 05:00:00,0.0,100,16.7,24.8,0.0,5,250,9
2025-09-07 06:00:00,0.0,100,15.8,24.8,0.0,6,250,9
2025-09-07 07:00:00,11.0,100,17.2,24.6,0.16115075873871243,7,250,9
2025-09-07 08:00:00,68.0,100,15.0,24.5,1.0793757117605802,8,250,9
2025-09-07 09:00:00,58.0,100,17.0,24.7,0.9865829438295092,9,250,9
2025-09-07 10:00:00,151.0,100,18.4,25.0,2.2891168934052217,10,250,9
2025-09-07 11:00:00,159.0,100,19.0,25.3,2.394447044501653,11,250,9
2025-09-07 12:00:00,146.0,100,19.6,25.2,2.3477471181193206,12,250,9
2025-09-07 13:00:00,169.0,100,21.7,25.1,2.9077687248742348,13,250,9
2025-09-07 14:00:00,248.0,100,20.5,25.8,3.9733167459906014,14,250,9
2025-09-07 15:00:00,253.0,98,18.0,26.0,4.286233750194737,15,250,9
2025-09-07 16:00:00,273.0,96,17.0,26.2,4.143783706811306,16,250,9
2025-09-07 17:00:00,106.0,68,17.6,26.0,2.2515077109590553,17,250,9
2025-09-07 18:00:00,53.0,97,15.7,25.8,0.7802749239334014,18,250,9
2025-09-07 19:00:00,3.0,99,16.0,25.5,0.04317868116240506,19,250,9
2025-09-07 20:00:00,0.0,100,16.9,25.2,0.0,20,250,9
2025-09-07 21:00:00,0.0,100,14.7,25.0,0.0,21,250,9
2025-09-07 22:00:00,0.0,100,15.4,25.0,0.0,22,250,9
2025-09-07 23:00:00,0.0,100,17.3,25.0,0.0,23,250,9
2025-09-08 00:00:00,0.0,100,16.7,24.9,0.0,0,251,9
2025-09-08 01:00:00,0.0,100,16.2,24.8,0.0,1,251,9
2025-09-08 02:00:00,0.0,99,15.7,24.8,0.0,2,251,9
2025-09-08 03:00:00,0.0,100,14.6,24.7,0.0,3,251,9
2025-09-08 04:00:00,0.0,100,13.9,24.7,0.0,4,251,9
2025-09-08 05:00:00,0.0,100,13.4,24.6,0.0,5,251,9
2025-09-08 06:00:00,0.0,100,13.3,24.9,0.0,6,251,9
2025-09-08 07:00:00,53.0,100,13.5,25.3,0.8908941236471558,7,251,9
2025-09-08 08:00:00,204.0,100,14.9,26.1,3.1572993092583785,8,251,9
2025-09-08 09:00:00,358.0,100,15.4,27.1,5.335101842225473,9,251,9
2025-09-08 10:00:00,460.0,100,18.7,28.0,6.957593846162908,10,251,9
2025-09-08 11:00:00,584.0,99,16.8,28.9,9.291883916319167,11,251,9
2025-09-08 12:00:00,448.0,100,16.1,28.9,7.11967143904798,12,251,9
2025-09-08 13:00:00,531.0,99,16.3,29.1,8.798967358126264,13,251,9
2025-09-08 14:00:00,440.0,99,17.6,28.9,6.6020802912321,14,251,9
2025-09-08 15:00:00,396.0,97,13.4,28.8,6.1318791760831965,15,251,9
2025-09-08 16:00:00,338.0,99,12.8,28.5,5.09451766427206,16,251,9
2025-09-08 17:00:00,243.0,98,10.8,28.4,3.8214226459317566,17,251,9
2025-09-08 18:00:00,91.0,84,11.3,27.8,1.7590683445157724,18,251,9
2025-09-08 19:00:00,3.0,29,11.9,27.0,0.08641029661746841,19,251,9
2025-09-08 20:00:00,0.0,59,11.4,26.4,0.0,20,251,9
2025-09-08 21:00:00,0.0,17,10.2,26.2,0.0,21,251,9
2025-09-08 22:00:00,0.0,5,9.9,25.9,0.0,22,251,9
2025-09-08 23:00:00,0.0,2,9.9,25.6,0.0,23,251,9
2025-09-09 00:00:00,0.0,7,9.5,25.4,0.0,0,252,9
2025-09-09 01:00:00,0.0,5,9.4,25.1,0.0,1,252,9
2025-09-09 02:00:00,0.0,3,8.9,24.8,0.0,2,252,9
2025-09-09 03:00:00,0.0,10,8.6,24.5,0.0,3,252,9
2025-09-09 04:00:00,0.0,21,7.9,24.2,0.0,4,252,9
2025-09-09 05:00:00,0.0,23,7.2,24.1,0.0,5,252,9
2025-09-09 06:00:00,0.0,17,5.9,24.4,0.0,6,252,9
2025-09-09 07:00:00,55.0,38,7.6,24.8,1.4671531058788407,7,252,9
2025-09-09 08:00:00,217.0,46,8.8,25.9,5.204896881350779,8,252,9
2025-09-09 09:00:00,419.0,24,8.1,27.2,11.635629321407489,9,252,9
2025-09-09 10:00:00,601.0,22,8.3,28.5,17.913531445531508,10,252,9
2025-09-09 11:00:00,774.0,31,10.9,29.3,20.431182063693655,11,252,9
2025-09-09 12:00:00,779.0,63,10.7,29.8,17.07199185972957,12,252,9
2025-09-09 13:00:00,810.0,61,10.1,30.5,17.545423154589336,13,252,9
2025-09-09 14:00:00,747.0,27,10.3,30.9,22.757836973499384,14,252,9
2025-09-09 15:00:00,621.0,24,10.1,30.9,18.391531159206572,15,252,9
2025-09-09 16:00:00,480.0,20,9.4,30.6,14.997591497273884,16,252,9
2025-09-09 17:00:00,282.0,33,9.0,30.0,7.465910764383454,17,252,9
2025-09-09 18:00:00,96.0,14,5.0,29.2,2.7244850064757693,18,252,9
2025-09-09 19:00:00,3.0,7,5.5,28.3,0.10854702004351649,19,252,9
2025-09-09 20:00:00,0.0,5,7.1,27.6,0.0,20,252,9
2025-09-09 21:00:00,0.0,3,8.3,26.9,0.0,21,252,9
2025-09-09 22:00:00,0.0,1,8.5,26.0,0.0,22,252,9
2025-09-09 23:00:00,0.0,1,8.0,25.5,0.0,23,252,9
2025-09-10 00:00:00,0.0,0,7.6,25.1,0.0,0,253,9
2025-09-10 01:00:00,0.0,0,7.0,24.8,0.0,1,253,9
2025-09-10 02:00:00,0.0,0,6.5,24.6,0.0,2,253,9
2025-09-10 03:00:00,0.0,0,5.6,24.4,0.0,3,253,9
2025-09-10 04:00:00,0.0,0,5.0,24.2,0.0,4,253,9
2025-09-10 05:00:00,0.0,0,5.2,23.9,0.0,5,253,9
2025-09-10 06:00:00,0.0,0,4.3,24.7,0.0,6,253,9
2025-09-10 07:00:00,65.0,1,4.5,25.1,2.2283502248107196,7,253,9
2025-09-10 08:00:00,257.0,45,6.9,26.4,6.881542656872564,8,253,9
2025-09-10 09:00:00,436.0,20,6.9,27.6,12.96041324749491,9,253,9
2025-09-10 10:00:00,624.0,22,7.3,28.7,19.8195725413353,10,253,9
2025-09-10 11:00:00,767.0,16,6.5,29.5,25.88122408396573,11,253,9
2025-09-10 12:00:00,854.0,21,6.5,30.1,26.795259316626606,12,253,9
2025-09-10 13:00:00,871.0,28,6.8,30.6,26.866082534691248,13,253,9
2025-09-10 14:00:00,764.0,37,6.9,30.9,20.403953211942312,14,253,9
2025-09-10 15:00:00,609.0,40,6.9,30.9,15.615543754980395,15,253,9
2025-09-10 16:00:00,478.0,10,6.2,30.9,15.011274193743294,16,253,9
2025-09-10 17:00:00,284.0,1,5.2,30.6,10.53084706928762,17,253,9
2025-09-10 18:00:00,92.0,15,2.7,29.9,3.0615983319768074,18,253,9
2025-09-10 19:00:00,2.0,3,3.2,28.7,0.07130400017381965,19,253,9
2025-09-10 20:00:00,0.0,1,4.8,27.9,0.0,20,253,9
2025-09-10 21:00:00,0.0,9,6.3,27.4,0.0,21,253,9
2025-09-10 22:00:00,0.0,1,8.2,26.4,0.0,22,253,9
2025-09-10 23:00:00,0.0,5,7.9,25.6,0.0,23,253,9
2025-09-11 00:00:00,0.0,11,7.8,25.3,0.0,0,254,9
2025-09-11 01:00:00,0.0,14,7.8,25.0,0.0,1,254,9
2025-09-11 02:00:00,0.0,100,7.3,24.8,0.0,2,254,9
2025-09-11 03:00:00,0.0,7,6.8,24.5,0.0,3,254,9
2025-09-11 04:00:00,0.0,11,6.2,24.2,0.0,4,254,9
2025-09-11 05:00:00,0.0,0,6.3,23.9,0.0,5,254,9
2025-09-11 06:00:00,0.0,16,7.6,25.1,0.0,6,254,9
2025-09-11 07:00:00,62.0,7,5.0,25.3,2.1326265842127254,7,254,9
2025-09-11 08:00:00,247.0,1,5.6,26.4,8.855319867626076,8,254,9
2025-09-11 09:00:00,468.0,0,5.5,27.8,16.31183025190145,9,254,9
2025-09-11 10:00:00,660.0,2,6.0,29.1,23.089271066334998,10,254,9
2025-09-11 11:00:00,796.0,3,6.5,30.1,26.970420114553203,11,254,9
2025-09-11 12:00:00,878.0,19,8.1,30.8,28.49969849589394,12,254,9
2025-09-11 13:00:00,867.0,14,8.3,31.2,25.89861060885165,13,254,9
2025-09-11 14:00:00,759.0,8,8.2,31.5,23.182776718660293,14,254,9
2025-09-11 15:00:00,664.0,3,8.1,31.6,20.226041585451828,15,254,9
2025-09-11 16:00:00,502.0,2,7.9,31.4,16.64508617146593,16,254,9
2025-09-11 17:00:00,297.0,1,5.2,31.1,9.439970726189648,17,254,9
2025-09-11 18:00:00,94.0,12,4.4,29.9,3.13355388335304,18,254,9
2025-09-11 19:00:00,2.0,15,5.6,28.9,0.06071337489441896,19,254,9
2025-09-11 20:00:00,0.0,100,5.7,28.3,0.0,20,254,9
2025-09-11 21:00:00,0.0,100,6.1,27.6,0.0,21,254,9
2025-09-11 22:00:00,0.0,100,6.8,26.7,0.0,22,254,9
2025-09-11 23:00:00,0.0,87,7.0,26.1,0.0,23,254,9
2025-09-12 00:00:00,0.0,97,7.1,25.7,0.0,0,255,9
2025-09-12 01:00:00,0.0,100,7.7,25.4,0.0,1,255,9
2025-09-12 02:00:00,0.0,98,7.2,25.1,0.0,2,255,9
2025-09-12 03:00:00,0.0,97,7.2,24.8,0.0,3,255,9
2025-09-12 04:00:00,0.0,0,7.4,24.6,0.0,4,255,9
2025-09-12 05:00:00,0.0,0,6.6,24.4,0.0,5,255,9
2025-09-12 06:00:00,0.0,0,7.6,25.4,0.0,6,255,9
2025-09-12 07:00:00,62.0,11,7.0,25.9,1.8410101451521872,7,255,9
2025-09-12 08:00:00,246.0,21,8.0,27.0,7.377041031839295,8,255,9
2025-09-12 09:00:00,444.0,22,6.2,28.0,13.301645033012235,9,255,9
2025-09-12 10:00:00,614.0,14,5.7,29.1,20.147557266253518,10,255,9
2025-09-12 11:00:00,755.0,18,5.7,30.1,21.719618632586226,11,255,9
2025-09-12 12:00:00,826.0,17,6.0,30.9,23.0995277765134,12,255,9
2025-09-12 13:00:00,836.0,11,6.7,31.5,27.508300726288653,13,255,9
2025-09-12 14:00:00,783.0,22,6.9,31.9,21.953624894945083,14,255,9
2025-09-12 15:00:00,659.0,31,6.9,31.9,19.163453126777785,15,255,9
2025-09-12 16:00:00,491.0,91,6.2,31.9,7.861712370059776,16,255,9
2025-09-12 17:00:00,292.0,97,5.5,31.6,4.407284901863222,17,255,9
2025-09-12 18:00:00,93.0,43,4.0,30.7,2.39179203391168,18,255,9
2025-09-12 19:00:00,2.0,58,3.2,29.5,0.047286820063136815,19,255,9
2025-09-12 20:00:00,0.0,99,2.7,28.8,0.0,20,255,9
2025-09-12 21:00:00,0.0,96,1.0,28.8,0.0,21,255,9
2025-09-12 22:00:00,0.0,98,0.4,28.3,0.0,22,255,9
2025-09-12 23:00:00,0.0,99,2.0,27.6,0.0,23,255,9
2025-09-13 00:00:00,0.0,100,1.5,26.7,0.0,0,256,9
2025-09-13 01:00:00,0.0,100,5.2,26.1,0.0,1,256,9
2025-09-13 02:00:00,0.0,94,6.3,25.6,0.0,2,256,9
2025-09-13 03:00:00,0.0,48,6.7,25.3,0.0,3,256,9
2025-09-13 04:00:00,0.0,9,6.9,24.8,0.0,4,256,9
2025-09-13 05:00:00,0.0,2,7.6,24.4,0.0,5,256,9
2025-09-13 06:00:00,0.0,0,7.7,25.2,0.0,6,256,9
2025-09-13 07:00:00,62.0,0,5.8,25.7,2.260224555414339,7,256,9
2025-09-13 08:00:00,249.0,3,5.4,27.0,8.133143752205292,8,256,9
2025-09-13 09:00:00,463.0,8,6.5,28.6,15.695332181536854,9,256,9
2025-09-13 10:00:00,636.0,15,7.0,30.2,19.460250971876018,10,256,9
2025-09-13 11:00:00,754.0,19,6.0,31.2,24.7326265413375,11,256,9
2025-09-13 12:00:00,812.0,18,5.6,31.9,25.363017173884263,12,256,9
2025-09-13 13:00:00,807.0,23,5.3,32.4,23.44390025588961,13,256,9
2025-09-13 14:00:00,739.0,18,5.6,32.7,20.716778046772166,14,256,9
2025-09-13 15:00:00,628.0,77,6.8,32.7,11.416526973927505,15,256,9
2025-09-13 16:00:00,454.0,9,8.2,32.3,14.233285102759632,16,256,9
2025-09-13 17:00:00,274.0,25,7.3,31.9,8.659497901095445,17,256,9
2025-09-13 18:00:00,86.0,100,6.4,31.6,1.2580723907982378,18,256,9
2025-09-13 19:00:00,1.0,98,5.9,31.0,0.014969747134360858,19,256,9
2025-09-13 20:00:00,0.0,100,7.1,30.4,0.0,20,256,9
2025-09-13 21:00:00,0.0,100,6.9,29.7,0.0,21,256,9
2025-09-13 22:00:00,0.0,100,6.4,28.8,0.0,22,256,9
2025-09-13 23:00:00,0.0,100,6.6,28.0,0.0,23,256,9
2025-09-14 00:00:00,0.0,100,7.3,27.3,0.0,0,257,9
2025-09-14 01:00:00,0.0,100,7.8,27.0,0.0,1,257,9
2025-09-14 02:00:00,0.0,100,8.0,26.3,0.0,2,257,9
2025-09-14 03:00:00,0.0,100,7.6,25.9,0.0,3,257,9
2025-09-14 04:00:00,0.0,100,8.5,25.6,0.0,4,257,9
2025-09-14 05:00:00,0.0,100,8.9,25.3,0.0,5,257,9
2025-09-14 06:00:00,0.0,100,8.7,26.1,0.0,6,257,9
2025-09-14 07:00:00,59.0,7,6.6,26.4,1.9504949340714728,7,257,9
2025-09-14 08:00:00,248.0,100,7.3,27.7,3.842975613663901,8,257,9
2025-09-14 09:00:00,460.0,29,7.8,29.4,13.298198992176443,9,257,9
2025-09-14 10:00:00,653.0,36,8.8,31.0,17.964921000970893,10,257,9
2025-09-14 11:00:00,786.0,81,7.2,32.2,13.489594918189379,11,257,9
2025-09-14 12:00:00,842.0,99,5.6,33.1,13.054956527893207,12,257,9
2025-09-14 13:00:00,835.0,100,4.8,33.7,12.532423284662894,13,257,9
2025-09-14 14:00:00,786.0,98,6.8,33.9,12.511095967056425,14,257,9
2025-09-14 15:00:00,677.0,99,7.3,33.7,9.840073147378241,15,257,9
2025-09-14 16:00:00,445.0,98,7.4,33.4,7.5960551962293845,16,257,9
2025-09-14 17:00:00,276.0,27,7.5,32.9,8.704843958763716,17,257,9
2025-09-14 18:00:00,84.0,93,8.0,31.9,1.3517960083372877,18,257,9
2025-09-14 19:00:00,1.0,99,5.5,31.2,0.012939825826657453,19,257,9
2025-09-14 20:00:00,0.0,100,4.8,30.7,0.0,20,257,9
2025-09-14 21:00:00,0.0,100,4.2,30.0,0.0,21,257,9
2025-09-14 22:00:00,0.0,100,7.6,29.1,0.0,22,257,9
2025-09-14 23:00:00,0.0,100,8.6,28.5,0.0,23,257,9
2025-09-15 00:00:00,0.0,100,10.5,27.7,0.0,0,258,9
2025-09-15 01:00:00,0.0,100,9.9,27.2,0.0,1,258,9
2025-09-15 02:00:00,0.0,100,9.4,26.5,0.0,2,258,9
2025-09-15 03:00:00,0.0,99,10.0,26.1,0.0,3,258,9
2025-09-15 04:00:00,0.0,100,9.7,25.7,0.0,4,258,9
2025-09-15 05:00:00,0.0,92,9.9,25.4,0.0,5,258,9
2025-09-15 06:00:00,0.0,100,9.8,26.4,0.0,6,258,9
2025-09-15 07:00:00,55.0,100,7.8,26.8,0.8181865813099605,7,258,9
2025-09-15 08:00:00,234.0,89,10.4,27.8,4.27773271880771,8,258,9
2025-09-15 09:00:00,439.0,67,8.8,29.0,8.595826680107955,9,258,9
2025-09-15 10:00:00,635.0,10,8.3,30.3,18.472867487846038,10,258,9
2025-09-15 11:00:00,766.0,6,7.3,31.5,22.784596809230425,11,258,9
2025-09-15 12:00:00,840.0,56,7.9,32.3,21.80877556634487,12,258,9
2025-09-15 13:00:00,817.0,30,9.0,33.2,23.533878836651894,13,258,9
2025-09-15 14:00:00,788.0,50,10.6,33.8,20.030249944292635,14,258,9
2025-09-15 15:00:00,532.0,59,11.7,33.5,12.613372523798974,15,258,9
2025-09-15 16:00:00,400.0,96,12.2,33.1,5.777498518111214,16,258,9
2025-09-15 17:00:00,247.0,97,8.2,32.7,3.7132225435803923,17,258,9
2025-09-15 18:00:00,79.0,100,5.0,31.6,1.2247199894777305,18,258,9
2025-09-15 19:00:00,1.0,100,5.0,30.7,0.015143229972319826,19,258,9
2025-09-15 20:00:00,0.0,100,4.4,30.1,0.0,20,258,9
2025-09-15 21:00:00,0.0,100,6.5,29.6,0.0,21,258,9
2025-09-15 22:00:00,0.0,100,8.0,28.8,0.0,22,258,9
2025-09-15 23:00:00,0.0,100,7.8,27.8,0.0,23,258,9
2025-09-16 00:00:00,0.0,99,7.4,27.0,0.0,0,259,9
2025-09-16 01:00:00,0.0,100,7.6,26.3,0.0,1,259,9
2025-09-16 02:00:00,0.0,100,7.9,25.7,0.0,2,259,9
2025-09-16 03:00:00,0.0,100,8.1,25.3,0.0,3,259,9
2025-09-16 04:00:00,0.0,100,8.9,25.2,0.0,4,259,9
2025-09-16 05:00:00,0.0,96,8.4,25.3,0.0,5,259,9
2025-09-16 06:00:00,0.0,73,8.4,26.2,0.0,6,259,9
2025-09-16 07:00:00,59.0,13,7.3,26.6,1.7531607535560232,7,259,9
2025-09-16 08:00:00,245.0,24,8.6,27.8,6.764488880189597,8,259,9
2025-09-16 09:00:00,447.0,25,7.6,29.1,13.823944923242127,9,259,9
2025-09-16 10:00:00,612.0,39,6.9,30.2,15.770867740759632,10,259,9
2025-09-16 11:00:00,725.0,35,7.2,31.4,19.7019988224509,11,259,9
2025-09-16 12:00:00,786.0,54,7.4,32.1,18.248626702335788,12,259,9
2025-09-16 13:00:00,747.0,67,8.0,32.5,16.9133163615578,13,259,9
2025-09-16 14:00:00,708.0,66,9.0,32.9,15.392440577453108,14,259,9
2025-09-16 15:00:00,570.0,16,10.4,32.6,18.239691249316497,15,259,9
2025-09-16 16:00:00,440.0,10,9.3,32.5,12.511451103947852,16,259,9
2025-09-16 17:00:00,234.0,9,7.9,32.1,7.833154284701079,17,259,9
2025-09-16 18:00:00,80.0,86,5.5,32.0,1.5310989254379248,18,259,9
2025-09-16 19:00:00,1.0,75,4.1,31.5,0.02178205141358291,19,259,9
2025-09-16 20:00:00,0.0,93,5.7,30.7,0.0,20,259,9
2025-09-16 21:00:00,0.0,98,8.5,29.8,0.0,21,259,9
2025-09-16 22:00:00,0.0,92,10.5,28.5,0.0,22,259,9
2025-09-16 23:00:00,0.0,99,9.1,27.6,0.0,23,259,9
2025-09-17 00:00:00,0.0,98,6.4,27.2,0.0,0,260,9
2025-09-17 01:00:00,0.0,100,4.8,26.9,0.0,1,260,9
2025-09-17 02:00:00,0.0,99,5.4,26.6,0.0,2,260,9
2025-09-17 03:00:00,0.0,65,7.2,26.5,0.0,3,260,9
2025-09-17 04:00:00,0.0,98,8.2,26.1,0.0,4,260,9
2025-09-17 05:00:00,0.0,100,7.9,25.6,0.0,5,260,9
2025-09-17 06:00:00,0.0,100,6.6,26.8,0.0,6,260,9
2025-09-17 07:00:00,53.0,99,5.3,27.0,0.8291033060571846,7,260,9
2025-09-17 08:00:00,236.0,82,6.7,28.2,4.370113133022018,8,260,9
2025-09-17 09:00:00,447.0,100,6.4,29.8,6.744224668690059,9,260,9
2025-09-17 10:00:00,614.0,98,4.3,31.1,9.235060254845116,10,260,9
2025-09-17 11:00:00,741.0,71,3.2,32.3,16.256292455239393,11,260,9
2025-09-17 12:00:00,789.0,86,2.9,33.0,14.312961336503376,12,260,9
2025-09-17 13:00:00,706.0,31,3.9,33.0,19.35264729215622,13,260,9
2025-09-17 14:00:00,739.0,56,2.9,33.4,16.682587227980704,14,260,9
2025-09-17 15:00:00,618.0,50,3.2,33.2,15.339136015399296,15,260,9
2025-09-17 16:00:00,470.0,33,5.0,33.1,12.286383951548018,16,260,9
2025-09-17 17:00:00,264.0,26,6.0,32.5,7.702076266827651,17,260,9
2025-09-17 18:00:00,79.0,100,6.5,32.3,1.1354780686726644,18,260,9
2025-09-17 19:00:00,1.0,100,4.0,31.8,0.015148282182839227,19,260,9
2025-09-17 20:00:00,0.0,5,2.7,31.2,0.0,20,260,9
2025-09-17 21:00:00,0.0,8,4.9,30.6,0.0,21,260,9
2025-09-17 22:00:00,0.0,19,6.0,30.0,0.0,22,260,9
2025-09-17 23:00:00,0.0,48,9.2,28.7,0.0,23,260,9
2025-09-18 00:00:00,0.0,73,8.3,27.5,0.0,0,261,9
2025-09-18 01:00:00,0.0,91,7.5,27.1,0.0,1,261,9
2025-09-18 02:00:00,0.0,96,7.1,26.8,0.0,2,261,9
2025-09-18 03:00:00,0.0,100,6.0,26.4,0.0,3,261,9
2025-09-18 04:00:00,0.0,94,6.1,26.0,0.0,4,261,9
2025-09-18 05:00:00,0.0,98,6.7,25.9,0.0,5,261,9
2025-09-18 06:00:00,0.0,90,6.8,27.1,0.0,6,261,9
2025-09-18 07:00:00,58.0,82,5.8,27.3,0.9999653269008439,7,261,9
2025-09-18 08:00:00,247.0,5,5.8,28.6,8.822202838932455,8,261,9
2025-09-18 09:00:00,466.0,20,6.4,30.4,13.613101473111914,9,261,9
2025-09-18 10:00:00,633.0,27,4.4,31.9,19.317814784800756,10,261,9
2025-09-18 11:00:00,711.0,25,2.9,32.9,21.061723221614137,11,261,9
2025-09-18 12:00:00,822.0,50,3.3,33.7,18.53848310765597,12,261,9
2025-09-18 13:00:00,769.0,93,3.5,34.1,12.253534369275654,13,261,9
2025-09-18 14:00:00,734.0,98,4.0,34.4,11.27500327171256,14,261,9
2025-09-18 15:00:00,618.0,98,5.6,34.4,7.9105268724103786,15,261,9
2025-09-18 16:00:00,477.0,96,5.2,33.9,7.502254112929586,16,261,9
2025-09-18 17:00:00,223.0,84,6.3,32.7,4.172467026067946,17,261,9
2025-09-18 18:00:00,71.0,17,5.6,32.5,2.2770598737220293,18,261,9
2025-09-18 19:00:00,0.0,25,4.9,31.6,0.0,19,261,9
2025-09-18 20:00:00,0.0,58,4.6,30.9,0.0,20,261,9
2025-09-18 21:00:00,0.0,34,4.9,30.3,0.0,21,261,9
2025-09-18 22:00:00,0.0,96,5.6,29.6,0.0,22,261,9
2025-09-18 23:00:00,0.0,89,6.2,28.9,0.0,23,261,9
2025-09-19 00:00:00,0.0,100,6.2,28.5,0.0,0,262,9
2025-09-19 01:00:00,0.0,72,6.8,28.0,0.0,1,262,9
2025-09-19 02:00:00,0.0,12,7.1,27.4,0.0,2,262,9
2025-09-19 03:00:00,0.0,18,6.6,27.1,0.0,3,262,9
2025-09-19 04:00:00,0.0,25,6.1,26.8,0.0,4,262,9
2025-09-19 05:00:00,0.0,64,5.4,26.6,0.0,5,262,9
2025-09-19 06:00:00,0.0,4,5.7,27.5,0.0,6,262,9
2025-09-19 07:00:00,57.0,10,4.4,27.9,1.9534949245276705,7,262,9
2025-09-19 08:00:00,243.0,28,5.3,29.3,7.0762912692653295,8,262,9
2025-09-19 09:00:00,457.0,91,7.1,31.0,7.225310483009214,9,262,9
2025-09-19 10:00:00,651.0,64,6.3,32.1,13.13711466877847,10,262,9
2025-09-19 11:00:00,701.0,98,4.4,32.7,10.969637077201691,11,262,9
2025-09-19 12:00:00,775.0,98,4.5,33.4,11.661235181443745,12,262,9
2025-09-19 13:00:00,692.0,47,5.2,33.7,18.75712923161394,13,262,9
2025-09-19 14:00:00,752.0,54,6.9,33.8,18.307454832401273,14,262,9
2025-09-19 15:00:00,542.0,67,3.1,33.0,11.334429338140492,15,262,9
2025-09-19 16:00:00,364.0,83,2.6,32.9,6.939726589600246,16,262,9
2025-09-19 17:00:00,219.0,100,8.2,30.5,2.9916370323710484,17,262,9
2025-09-19 18:00:00,71.0,100,6.1,31.6,1.1047109135771795,18,262,9
2025-09-19 19:00:00,0.0,100,3.6,31.1,0.0,19,262,9
2025-09-19 20:00:00,0.0,100,4.3,30.8,0.0,20,262,9
2025-09-19 21:00:00,0.0,100,5.3,30.4,0.0,21,262,9
2025-09-19 22:00:00,0.0,100,6.7,29.5,0.0,22,262,9
2025-09-19 23:00:00,0.0,100,7.3,28.8,0.0,23,262,9
2025-09-20 00:00:00,0.0,95,5.7,28.3,0.0,0,263,9
2025-09-20 01:00:00,0.0,75,7.5,27.9,0.0,1,263,9
2025-09-20 02:00:00,0.0,99,3.5,27.4,0.0,2,263,9
2025-09-20 03:00:00,0.0,80,4.7,27.1,0.0,3,263,9
2025-09-20 04:00:00,0.0,63,5.3,26.9,0.0,4,263,9
2025-09-20 05:00:00,0.0,43,5.6,26.6,0.0,5,263,9
2025-09-20 06:00:00,0.0,98,3.8,26.5,0.0,6,263,9
2025-09-20 07:00:00,33.0,99,4.1,26.8,0.4780091920163895,7,263,9
2025-09-20 08:00:00,219.0,51,4.2,28.1,5.019427550194522,8,263,9
2025-09-20 09:00:00,346.0,36,4.9,29.3,8.77920883251884,9,263,9
2025-09-20 10:00:00,548.0,35,6.5,30.6,15.434439308189956,10,263,9
2025-09-20 11:00:00,724.0,67,6.8,32.0,15.882749158881818,11,263,9
2025-09-20 12:00:00,804.0,30,6.8,33.0,24.706325290899724,12,263,9
2025-09-20 13:00:00,786.0,100,6.6,33.8,13.017981564726592,13,263,9
2025-09-20 14:00:00,604.0,98,6.8,34.1,8.805517718855356,14,263,9
2025-09-20 15:00:00,511.0,91,8.6,33.0,8.606339913611128,15,263,9
2025-09-20 16:00:00,335.0,96,2.8,30.8,5.528924145503569,16,263,9
2025-09-20 17:00:00,181.0,74,7.1,30.4,3.831564192597881,17,263,9
2025-09-20 18:00:00,37.0,99,3.7,29.5,0.5895429129681978,18,263,9
2025-09-20 19:00:00,0.0,91,4.8,29.2,0.0,19,263,9
2025-09-20 20:00:00,0.0,100,4.2,28.9,0.0,20,263,9
2025-09-20 21:00:00,0.0,100,5.8,28.5,0.0,21,263,9
2025-09-20 22:00:00,0.0,100,6.8,27.8,0.0,22,263,9
2025-09-20 23:00:00,0.0,100,5.8,27.5,0.0,23,263,9
2025-09-21 00:00:00,0.0,100,6.5,27.2,0.0,0,264,9
2025-09-21 01:00:00,0.0,100,7.0,26.8,0.0,1,264,9
2025-09-21 02:00:00,0.0,100,5.5,26.5,0.0,2,264,9
2025-09-21 03:00:00,0.0,97,4.6,26.3,0.0,3,264,9
2025-09-21 04:00:00,0.0,90,5.0,26.1,0.0,4,264,9
2025-09-21 05:00:00,0.0,41,5.3,25.9,0.0,5,264,9
2025-09-21 06:00:00,0.0,100,4.4,26.6,0.0,6,264,9
2025-09-21 07:00:00,42.0,100,4.8,27.1,0.6553574430428203,7,264,9
2025-09-21 08:00:00,189.0,100,6.0,28.0,2.92386194242997,8,264,9
2025-09-21 09:00:00,407.0,98,5.3,29.2,6.837364990843839,9,264,9
2025-09-21 10:00:00,612.0,98,6.1,30.7,9.718085108752076,10,264,9
2025-09-21 11:00:00,720.0,99,5.1,31.9,10.723505092458986,11,264,9
2025-09-21 12:00:00,740.0,94,4.8,32.6,11.763381112476793,12,264,9
2025-09-21 13:00:00,790.0,43,5.6,33.3,20.27983015746508,13,264,9
2025-09-21 14:00:00,682.0,39,6.4,33.2,17.31514686711274,14,264,9
2025-09-21 15:00:00,557.0,45,7.6,33.0,13.955757113968522,15,264,9
2025-09-21 16:00:00,433.0,51,7.9,32.8,10.404749589715193,16,264,9
2025-09-21 17:00:00,226.0,63,7.7,31.5,5.082691409446446,17,264,9
2025-09-21 18:00:00,56.0,100,7.3,32.1,0.8585287639132471,18,264,9
2025-09-21 19:00:00,0.0,95,6.0,31.6,0.0,19,264,9
2025-09-21 20:00:00,0.0,99,5.4,30.7,0.0,20,264,9
2025-09-21 21:00:00,0.0,100,5.1,30.3,0.0,21,264,9
2025-09-21 22:00:00,0.0,100,6.0,29.7,0.0,22,264,9
2025-09-21 23:00:00,0.0,100,7.7,28.9,0.0,23,264,9
2025-09-22 00:00:00,0.0,97,7.7,28.3,0.0,0,265,9
2025-09-22 01:00:00,0.0,99,7.5,27.7,0.0,1,265,9
2025-09-22 02:00:00,0.0,100,8.0,27.2,0.0,2,265,9
2025-09-22 03:00:00,0.0,100,7.7,26.9,0.0,3,265,9
2025-09-22 04:00:00,0.0,100,7.4,26.7,0.0,4,265,9
2025-09-22 05:00:00,0.0,22,8.0,26.5,0.0,5,265,9
2025-09-22 06:00:00,0.0,100,8.1,27.4,0.0,6,265,9
2025-09-22 07:00:00,55.0,85,7.2,27.7,1.0089855582728682,7,265,9
2025-09-22 08:00:00,226.0,98,7.3,28.7,3.571600834229135,8,265,9
2025-09-22 09:00:00,444.0,96,8.0,30.1,7.831203142232256,9,265,9
2025-09-22 10:00:00,640.0,64,9.4,31.5,13.6098196414824,10,265,9
2025-09-22 11:00:00,775.0,51,8.6,32.6,18.776678445444702,11,265,9
2025-09-22 12:00:00,857.0,58,7.9,33.5,19.279000487883913,12,265,9
2025-09-22 13:00:00,829.0,88,8.3,34.0,14.664305706896672,13,265,9
2025-09-22 14:00:00,766.0,83,8.6,34.1,15.119336000026408,14,265,9
2025-09-22 15:00:00,600.0,45,7.7,34.1,17.454156312473405,15,265,9
2025-09-22 16:00:00,443.0,11,8.6,34.0,14.002431761981374,16,265,9
2025-09-22 17:00:00,238.0,18,7.9,33.5,6.885588173018743,17,265,9
2025-09-22 18:00:00,63.0,19,10.8,32.8,1.8827431976161018,18,265,9
2025-09-22 19:00:00,0.0,4,8.4,31.5,0.0,19,265,9
2025-09-22 20:00:00,0.0,53,7.4,30.7,0.0,20,265,9
2025-09-22 21:00:00,0.0,85,6.1,30.5,0.0,21,265,9
2025-09-22 22:00:00,0.0,98,6.3,29.8,0.0,22,265,9
2025-09-22 23:00:00,0.0,100,7.3,29.0,0.0,23,265,9
2025-09-23 00:00:00,0.0,97,7.6,28.4,0.0,0,266,9
2025-09-23 01:00:00,0.0,60,8.5,27.8,0.0,1,266,9
2025-09-23 02:00:00,0.0,63,8.8,27.2,0.0,2,266,9
2025-09-23 03:00:00,0.0,96,9.1,26.8,0.0,3,266,9
2025-09-23 04:00:00,0.0,100,8.8,26.5,0.0,4,266,9
2025-09-23 05:00:00,0.0,82,8.6,26.2,0.0,5,266,9
2025-09-23 06:00:00,0.0,6,8.8,27.3,0.0,6,266,9
2025-09-23 07:00:00,55.0,0,8.7,27.5,1.9482308359676463,7,266,9
2025-09-23 08:00:00,239.0,3,8.5,28.6,7.990092036719867,8,266,9
2025-09-23 09:00:00,452.0,0,9.9,30.0,16.959598691122075,9,266,9
2025-09-23 10:00:00,642.0,0,9.8,31.2,23.212089714381356,10,266,9
2025-09-23 11:00:00,779.0,20,8.2,32.5,27.277754123689128,11,266,9
2025-09-23 12:00:00,831.0,23,7.9,33.6,24.171252232345157,12,266,9
2025-09-23 13:00:00,818.0,27,7.9,34.0,23.475129008223067,13,266,9
2025-09-23 14:00:00,704.0,32,8.0,34.0,20.398486506732574,14,266,9
2025-09-23 15:00:00,596.0,37,8.4,34.0,15.232468150903422,15,266,9
2025-09-23 16:00:00,409.0,35,7.9,33.8,11.335999593286402,16,266,9
2025-09-23 17:00:00,222.0,25,10.9,32.9,6.443565469121405,17,266,9
2025-09-23 18:00:00,62.0,11,9.0,32.2,2.022813133689064,18,266,9
2025-09-23 19:00:00,0.0,9,7.7,31.7,0.0,19,266,9
2025-09-23 20:00:00,0.0,8,7.2,30.9,0.0,20,266,9
2025-09-23 21:00:00,0.0,76,5.8,30.2,0.0,21,266,9
2025-09-23 22:00:00,0.0,94,7.6,29.1,0.0,22,266,9
2025-09-23 23:00:00,0.0,98,6.8,28.4,0.0,23,266,9
2025-09-24 00:00:00,0.0,46,7.0,28.1,0.0,0,267,9
2025-09-24 01:00:00,0.0,28,7.8,27.7,0.0,1,267,9
2025-09-24 02:00:00,0.0,7,7.6,27.0,0.0,2,267,9
2025-09-24 03:00:00,0.0,9,8.5,26.4,0.0,3,267,9
2025-09-24 04:00:00,0.0,0,9.6,26.0,0.0,4,267,9
2025-09-24 05:00:00,0.0,0,9.2,25.6,0.0,5,267,9
2025-09-24 06:00:00,0.0,14,8.0,26.6,0.0,6,267,9
2025-09-24 07:00:00,53.0,2,7.5,26.8,1.9077625928625335,7,267,9
2025-09-24 08:00:00,238.0,0,7.6,28.0,8.343682216698687,8,267,9
2025-09-24 09:00:00,453.0,4,6.4,29.5,15.541578009347258,9,267,9
2025-09-24 10:00:00,634.0,12,5.7,30.9,20.530234736605237,10,267,9
2025-09-24 11:00:00,743.0,25,6.3,32.0,20.50882311497474,11,267,9
2025-09-24 12:00:00,738.0,37,8.0,32.5,18.55082220935081,12,267,9
2025-09-24 13:00:00,726.0,24,9.0,32.5,20.521969903094202,13,267,9
2025-09-24 14:00:00,688.0,31,9.7,32.6,21.39850238589615,14,267,9
2025-09-24 15:00:00,586.0,73,10.1,32.2,12.122003932378849,15,267,9
2025-09-24 16:00:00,404.0,67,8.0,31.5,8.534892524637193,16,267,9
2025-09-24 17:00:00,201.0,40,8.1,31.0,5.746295315321243,17,267,9
2025-09-24 18:00:00,58.0,10,6.1,31.0,1.8472770482112966,18,267,9
2025-09-24 19:00:00,0.0,6,5.2,30.5,0.0,19,267,9
2025-09-24 20:00:00,0.0,3,8.7,29.4,0.0,20,267,9
2025-09-24 21:00:00,0.0,14,8.6,28.3,0.0,21,267,9
2025-09-24 22:00:00,0.0,67,8.6,27.5,0.0,22,267,9
2025-09-24 23:00:00,0.0,37,8.0,27.0,0.0,23,267,9
2025-09-25 00:00:00,0.0,63,7.9,26.7,0.0,0,268,9
2025-09-25 01:00:00,0.0,88,8.2,26.5,0.0,1,268,9
2025-09-25 02:00:00,0.0,94,8.0,26.3,0.0,2,268,9
2025-09-25 03:00:00,0.0,96,7.5,26.2,0.0,3,268,9
2025-09-25 04:00:00,0.0,90,6.5,25.9,0.0,4,268,9
2025-09-25 05:00:00,0.0,97,6.0,25.7,0.0,5,268,9
2025-09-25 06:00:00,0.0,68,6.2,26.7,0.0,6,268,9
2025-09-25 07:00:00,54.0,78,5.6,26.9,1.1327401772767953,7,268,9
2025-09-25 08:00:00,245.0,90,4.1,28.1,4.492373238617707,8,268,9
2025-09-25 09:00:00,438.0,26,3.2,29.6,13.292557862349458,9,268,9
2025-09-25 10:00:00,577.0,40,2.5,30.5,15.33315826622469,10,268,9
2025-09-25 11:00:00,716.0,29,2.5,31.5,20.874268352336948,11,268,9
2025-09-25 12:00:00,767.0,44,2.9,32.1,18.167393501050892,12,268,9
2025-09-25 13:00:00,742.0,48,3.9,32.4,19.29820343421689,13,268,9
2025-09-25 14:00:00,688.0,82,5.5,32.2,13.887037718628656,14,268,9
2025-09-25 15:00:00,592.0,91,6.1,32.1,8.642906282088159,15,268,9
2025-09-25 16:00:00,391.0,83,4.6,31.5,7.078532725335898,16,268,9
2025-09-25 17:00:00,228.0,89,3.8,31.2,3.655936748091897,17,268,9
2025-09-25 18:00:00,57.0,5,5.4,31.3,1.9676190173235448,18,268,9
2025-09-25 19:00:00,0.0,92,5.2,30.8,0.0,19,268,9
2025-09-25 20:00:00,0.0,25,4.4,30.4,0.0,20,268,9
2025-09-25 21:00:00,0.0,1,4.3,30.2,0.0,21,268,9
2025-09-25 22:00:00,0.0,1,5.6,29.5,0.0,22,268,9
2025-09-25 23:00:00,0.0,21,7.7,28.4,0.0,23,268,9
2025-09-26 00:00:00,0.0,40,8.0,27.3,0.0,0,269,9
2025-09-26 01:00:00,0.0,0,7.4,26.8,0.0,1,269,9
2025-09-26 02:00:00,0.0,0,7.0,26.6,0.0,2,269,9
2025-09-26 03:00:00,0.0,0,6.8,26.3,0.0,3,269,9
2025-09-26 04:00:00,0.0,0,5.9,26.1,0.0,4,269,9
2025-09-26 05:00:00,0.0,0,6.9,26.0,0.0,5,269,9
2025-09-26 06:00:00,0.0,0,7.9,26.6,0.0,6,269,9
2025-09-26 07:00:00,54.0,0,6.6,26.9,1.7876015498891722,7,269,9
2025-09-26 08:00:00,238.0,0,7.0,28.4,8.49545309709812,8,269,9
2025-09-26 09:00:00,450.0,2,7.5,30.4,15.886022728989166,9,269,9
2025-09-26 10:00:00,631.0,6,7.7,32.1,21.179046597858502,10,269,9
2025-09-26 11:00:00,765.0,89,8.5,33.3,12.858123127668739,11,269,9
2025-09-26 12:00:00,843.0,100,7.9,34.2,13.567401228142892,12,269,9
2025-09-26 13:00:00,799.0,59,7.0,34.6,16.597246583819857,13,269,9
2025-09-26 14:00:00,694.0,24,7.4,34.8,20.815145651748473,14,269,9
2025-09-26 15:00:00,579.0,23,7.1,34.9,14.996648600583363,15,269,9
2025-09-26 16:00:00,415.0,12,6.8,34.6,12.889314993135274,16,269,9
2025-09-26 17:00:00,228.0,9,7.1,34.3,7.76478360614035,17,269,9
2025-09-26 18:00:00,55.0,45,7.8,34.3,1.2059933168923622,18,269,9
2025-09-26 19:00:00,0.0,9,6.8,33.9,0.0,19,269,9
2025-09-26 20:00:00,0.0,6,7.7,33.1,0.0,20,269,9
2025-09-26 21:00:00,0.0,2,7.9,32.4,0.0,21,269,9
2025-09-26 22:00:00,0.0,74,8.7,31.9,0.0,22,269,9
2025-09-26 23:00:00,0.0,35,8.9,31.5,0.0,23,269,9
2025-09-27 00:00:00,0.0,74,8.8,30.8,0.0,0,270,9
2025-09-27 01:00:00,0.0,100,8.8,30.3,0.0,1,270,9
2025-09-27 02:00:00,0.0,100,8.8,29.8,0.0,2,270,9
2025-09-27 03:00:00,0.0,100,9.0,29.3,0.0,3,270,9
2025-09-27 04:00:00,0.0,100,9.3,28.8,0.0,4,270,9
2025-09-27 05:00:00,0.0,52,9.8,28.3,0.0,5,270,9
2025-09-27 06:00:00,0.0,100,9.6,28.7,0.0,6,270,9
2025-09-27 07:00:00,52.0,100,8.1,29.0,0.7636917981511646,7,270,9
2025-09-27 08:00:00,213.0,100,9.3,30.3,2.9430847546903767,8,270,9
2025-09-27 09:00:00,429.0,97,10.1,32.3,6.770127402093172,9,270,9
2025-09-27 10:00:00,622.0,100,11.7,34.3,9.31401538045645,10,270,9
2025-09-27 11:00:00,756.0,99,11.5,35.8,10.11992888774081,11,270,9
2025-09-27 12:00:00,817.0,97,10.7,37.0,12.930984514172897,12,270,9
2025-09-27 13:00:00,765.0,24,11.6,37.2,22.41696836181388,13,270,9
2025-09-27 14:00:00,715.0,9,9.8,37.4,22.500305054927843,14,270,9
2025-09-27 15:00:00,618.0,10,9.9,37.5,18.70072684556971,15,270,9
2025-09-27 16:00:00,444.0,3,11.9,37.5,15.525103172206457,16,270,9
2025-09-27 17:00:00,241.0,10,14.9,36.6,7.849143555436312,17,270,9
2025-09-27 18:00:00,57.0,2,11.7,35.4,1.909939821621723,18,270,9
2025-09-27 19:00:00,0.0,89,10.7,34.2,0.0,19,270,9
2025-09-27 20:00:00,0.0,100,11.5,33.5,0.0,20,270,9
2025-09-27 21:00:00,0.0,99,12.3,32.9,0.0,21,270,9
2025-09-27 22:00:00,0.0,100,10.5,32.3,0.0,22,270,9
2025-09-27 23:00:00,0.0,100,11.2,31.7,0.0,23,270,9
2025-09-28 00:00:00,0.0,100,12.3,31.3,0.0,0,271,9
2025-09-28 01:00:00,0.0,100,11.8,30.9,0.0,1,271,9
2025-09-28 02:00:00,0.0,100,11.3,30.6,0.0,2,271,9
2025-09-28 03:00:00,0.0,100,9.6,29.9,0.0,3,271,9
2025-09-28 04:00:00,0.0,100,11.5,29.6,0.0,4,271,9
2025-09-28 05:00:00,0.0,100,12.5,29.4,0.0,5,271,9
2025-09-28 06:00:00,0.0,100,12.8,29.7,0.0,6,271,9
2025-09-28 07:00:00,44.0,100,9.8,29.9,0.6277214533708868,7,271,9
2025-09-28 08:00:00,183.0,100,9.9,31.2,2.671075866797338,8,271,9
2025-09-28 09:00:00,314.0,100,10.9,32.4,4.968226019807905,9,271,9
2025-09-28 10:00:00,237.0,100,10.4,32.2,3.906174776636288,10,271,9
2025-09-28 11:00:00,304.0,100,12.5,32.9,4.823394546337668,11,271,9
2025-09-28 12:00:00,309.0,100,8.7,32.3,4.599118109789307,12,271,9
2025-09-28 13:00:00,407.0,100,9.2,31.7,6.490075795089481,13,271,9
2025-09-28 14:00:00,168.0,100,5.3,29.5,2.581169517209885,14,271,9
2025-09-28 15:00:00,96.0,100,3.7,29.5,1.3927883685316471,15,271,9
2025-09-28 16:00:00,80.0,100,6.0,29.6,1.166637258531026,16,271,9
2025-09-28 17:00:00,81.0,100,6.3,29.5,1.2991669238575525,17,271,9
2025-09-28 18:00:00,2.0,100,9.5,27.5,0.030291363055590485,18,271,9
2025-09-28 19:00:00,0.0,100,8.6,27.6,0.0,19,271,9
2025-09-28 20:00:00,0.0,100,13.9,27.4,0.0,20,271,9
2025-09-28 21:00:00,0.0,100,15.0,26.7,0.0,21,271,9
2025-09-28 22:00:00,0.0,100,16.2,26.3,0.0,22,271,9
2025-09-28 23:00:00,0.0,100,11.0,26.6,0.0,23,271,9
2025-09-29 00:00:00,0.0,100,8.4,26.4,0.0,0,272,9
2025-09-29 01:00:00,0.0,100,11.0,26.6,0.0,1,272,9
2025-09-29 02:00:00,0.0,100,13.5,26.9,0.0,2,272,9
2025-09-29 03:00:00,0.0,100,11.2,26.8,0.0,3,272,9
2025-09-29 04:00:00,0.0,100,9.3,26.7,0.0,4,272,9
2025-09-29 05:00:00,0.0,100,9.9,26.6,0.0,5,272,9
2025-09-29 06:00:00,0.0,100,13.0,26.9,0.0,6,272,9
2025-09-29 07:00:00,49.0,92,13.5,27.1,0.8434711311089246,7,272,9
2025-09-29 08:00:00,227.0,94,16.3,27.9,3.823641772140594,8,272,9
2025-09-29 09:00:00,393.0,85,17.6,28.7,7.457639890419443,9,272,9
2025-09-29 10:00:00,528.0,68,17.1,29.4,10.99300626956601,10,272,9
2025-09-29 11:00:00,661.0,99,20.3,30.0,10.959032548963291,11,272,9
2025-09-29 12:00:00,490.0,100,18.5,30.0,7.250838070785835,12,272,9
2025-09-29 13:00:00,628.0,98,18.1,30.3,10.45680566628188,13,272,9
2025-09-29 14:00:00,728.0,100,20.0,31.1,12.04366012351785,14,272,9
2025-09-29 15:00:00,553.0,100,20.0,30.9,8.936210104558528,15,272,9
2025-09-29 16:00:00,306.0,100,17.6,29.4,5.212041091428073,16,272,9
2025-09-29 17:00:00,203.0,90,15.5,28.0,3.4843200075826086,17,272,9
2025-09-29 18:00:00,13.0,100,17.4,27.0,0.20304957777641863,18,272,9
2025-09-29 19:00:00,0.0,100,16.4,26.7,0.0,19,272,9
2025-09-29 20:00:00,0.0,100,16.4,26.4,0.0,20,272,9
2025-09-29 21:00:00,0.0,100,15.4,26.1,0.0,21,272,9
2025-09-29 22:00:00,0.0,94,14.7,25.7,0.0,22,272,9
2025-09-29 23:00:00,0.0,55,13.2,25.4,0.0,23,272,9
2025-09-30 00:00:00,0.0,95,12.3,25.3,0.0,0,273,9
2025-09-30 01:00:00,0.0,54,12.2,25.2,0.0,1,273,9
2025-09-30 02:00:00,0.0,42,11.3,25.1,0.0,2,273,9
2025-09-30 03:00:00,0.0,41,11.0,24.8,0.0,3,273,9
2025-09-30 04:00:00,0.0,66,10.7,24.5,0.0,4,273,9
2025-09-30 05:00:00,0.0,32,11.1,24.4,0.0,5,273,9
2025-09-30 06:00:00,0.0,100,10.4,25.0,0.0,6,273,9
2025-09-30 07:00:00,32.0,100,12.3,25.2,0.5010170744564303,7,273,9
2025-09-30 08:00:00,72.0,100,12.2,25.6,0.9526367724870195,8,273,9
2025-09-30 09:00:00,203.0,86,13.8,26.5,3.7068247771678102,9,273,9
2025-09-30 10:00:00,345.0,98,12.2,27.3,5.632264598052535,10,273,9
2025-09-30 11:00:00,568.0,100,13.0,28.8,9.676172366702932,11,273,9
2025-09-30 12:00:00,620.0,100,15.9,29.3,8.79806088102904,12,273,9
2025-09-30 13:00:00,539.0,66,14.2,29.5,12.266780028423725,13,273,9
2025-09-30 14:00:00,720.0,55,16.0,30.1,16.350536387797195,14,273,9
2025-09-30 15:00:00,480.0,14,14.1,29.4,14.857836260928023,15,273,9
2025-09-30 16:00:00,407.0,17,15.5,29.0,12.21822314032219,16,273,9
2025-09-30 17:00:00,212.0,52,15.2,28.0,5.110266735625857,17,273,9
2025-09-30 18:00:00,41.0,32,12.8,27.1,1.1847446726646311,18,273,9
2025-09-30 19:00:00,0.0,27,9.2,26.5,0.0,19,273,9
2025-09-30 20:00:00,0.0,34,9.3,26.3,0.0,20,273,9
2025-09-30 21:00:00,0.0,46,10.2,26.2,0.0,21,273,9
2025-09-30 22:00:00,0.0,100,10.5,26.0,0.0,22,273,9
2025-09-30 23:00:00,0.0,49,10.0,25.8,0.0,23,273,9
2025-10-01 00:00:00,0.0,94,9.0,25.4,0.0,0,274,10
2025-10-01 01:00:00,0.0,93,8.1,25.1,0.0,1,274,10
2025-10-01 02:00:00,0.0,76,8.1,24.8,0.0,2,274,10
2025-10-01 03:00:00,0.0,38,8.6,24.5,0.0,3,274,10
2025-10-01 04:00:00,0.0,26,8.9,24.3,0.0,4,274,10
2025-10-01 05:00:00,0.0,27,9.4,24.5,0.0,5,274,10
2025-10-01 06:00:00,0.0,71,9.6,24.6,0.0,6,274,10
2025-10-01 07:00:00,36.0,100,10.2,25.0,0.5284099608028252,7,274,10
2025-10-01 08:00:00,94.0,100,12.1,25.5,1.4113261284149898,8,274,10
2025-10-01 09:00:00,220.0,100,11.4,26.1,3.7734666463749598,9,274,10
2025-10-01 10:00:00,407.0,91,10.6,27.4,6.993539478858212,10,274,10
2025-10-01 11:00:00,457.0,32,12.9,29.1,12.835715474905607,11,274,10
2025-10-01 12:00:00,691.0,100,13.0,30.0,9.280873689065457,12,274,10
2025-10-01 13:00:00,456.0,67,12.3,30.3,9.486111019125724,13,274,10
2025-10-01 14:00:00,746.0,100,11.4,30.9,10.738596015037878,14,274,10
2025-10-01 15:00:00,573.0,100,12.5,28.7,9.058458478271723,15,274,10
2025-10-01 16:00:00,291.0,98,8.3,29.1,4.41241231627057,16,274,10
2025-10-01 17:00:00,181.0,99,11.3,29.6,2.952505013825254,17,274,10
2025-10-01 18:00:00,43.0,99,8.5,28.5,0.7003465819947694,18,274,10
2025-10-01 19:00:00,0.0,100,9.0,27.7,0.0,19,274,10
2025-10-01 20:00:00,0.0,100,10.3,27.3,0.0,20,274,10
2025-10-01 21:00:00,0.0,99,11.7,27.1,0.0,21,274,10
2025-10-01 22:00:00,0.0,99,12.1,26.6,0.0,22,274,10
2025-10-01 23:00:00,0.0,92,12.2,26.5,0.0,23,274,10
2025-10-02 00:00:00,0.0,38,11.7,26.2,0.0,0,275,10
2025-10-02 01:00:00,0.0,45,11.3,25.9,0.0,1,275,10
2025-10-02 02:00:00,0.0,28,10.7,25.6,0.0,2,275,10
2025-10-02 03:00:00,0.0,72,8.4,25.2,0.0,3,275,10
2025-10-02 04:00:00,0.0,100,7.5,25.1,0.0,4,275,10
2025-10-02 05:00:00,0.0,100,7.6,25.3,0.0,5,275,10
2025-10-02 06:00:00,0.0,34,7.8,25.4,0.0,6,275,10
2025-10-02 07:00:00,42.0,92,7.4,25.6,0.6893825062714782,7,275,10
2025-10-02 08:00:00,162.0,93,12.6,26.4,2.7351694724755835,8,275,10
2025-10-02 09:00:00,209.0,85,11.9,26.9,3.8231303790968214,9,275,10
2025-10-02 10:00:00,352.0,100,11.3,27.9,5.69737502377766,10,275,10
2025-10-02 11:00:00,504.0,99,12.6,29.2,7.669454835575708,11,275,10
2025-10-02 12:00:00,560.0,98,10.9,30.2,8.766575804558183,12,275,10
2025-10-02 13:00:00,604.0,100,10.8,31.1,8.195955907417895,13,275,10
2025-10-02 14:00:00,564.0,75,11.7,30.0,10.114941600978945,14,275,10
2025-10-02 15:00:00,399.0,100,12.5,28.4,5.894840394764051,15,275,10
2025-10-02 16:00:00,146.0,88,8.4,27.0,2.445134276599063,16,275,10
2025-10-02 17:00:00,169.0,93,10.3,28.9,2.8895147153334015,17,275,10
2025-10-02 18:00:00,38.0,44,9.6,27.7,1.0715331497877136,18,275,10
2025-10-02 19:00:00,0.0,53,7.9,26.9,0.0,19,275,10
2025-10-02 20:00:00,0.0,58,7.4,26.4,0.0,20,275,10
2025-10-02 21:00:00,0.0,97,7.5,26.2,0.0,21,275,10
2025-10-02 22:00:00,0.0,77,6.3,26.0,0.0,22,275,10
2025-10-02 23:00:00,0.0,73,5.5,26.1,0.0,23,275,10
2025-10-03 00:00:00,0.0,96,4.9,26.0,0.0,0,276,10
2025-10-03 01:00:00,0.0,100,5.0,25.8,0.0,1,276,10
2025-10-03 02:00:00,0.0,100,6.0,25.5,0.0,2,276,10
2025-10-03 03:00:00,0.0,100,6.1,25.3,0.0,3,276,10
2025-10-03 04:00:00,0.0,100,6.2,25.1,0.0,4,276,10
2025-10-03 05:00:00,0.0,100,5.6,24.7,0.0,5,276,10
2025-10-03 06:00:00,0.0,93,6.6,24.8,0.0,6,276,10
2025-10-03 07:00:00,42.0,95,7.7,25.3,0.6934123730494371,7,276,10
2025-10-03 08:00:00,198.0,88,8.6,26.4,3.663535914242784,8,276,10
2025-10-03 09:00:00,374.0,91,7.7,27.9,6.073267457685086,9,276,10
2025-10-03 10:00:00,573.0,86,7.6,29.3,10.737447862429871,10,276,10
2025-10-03 11:00:00,710.0,75,5.9,30.7,14.566445299476738,11,276,10
2025-10-03 12:00:00,788.0,16,5.6,31.6,24.419264024697025,12,276,10
2025-10-03 13:00:00,799.0,43,6.6,32.1,20.731199053341573,13,276,10
2025-10-03 14:00:00,661.0,75,6.5,32.3,13.410883565523147,14,276,10
2025-10-03 15:00:00,559.0,89,6.4,32.3,9.706416549355936,15,276,10
2025-10-03 16:00:00,385.0,98,9.6,31.5,6.16097574170757,16,276,10
2025-10-03 17:00:00,148.0,95,8.4,30.0,2.42657344790036,17,276,10
2025-10-03 18:00:00,39.0,86,6.3,29.2,0.6412516093548228,18,276,10
2025-10-03 19:00:00,0.0,87,5.9,28.5,0.0,19,276,10
2025-10-03 20:00:00,0.0,14,5.2,28.0,0.0,20,276,10
2025-10-03 21:00:00,0.0,14,6.4,27.6,0.0,21,276,10
2025-10-03 22:00:00,0.0,8,7.8,26.9,0.0,22,276,10
2025-10-03 23:00:00,0.0,13,5.5,26.9,0.0,23,276,10
2025-10-04 00:00:00,0.0,32,5.6,26.9,0.0,0,277,10
2025-10-04 01:00:00,0.0,80,6.2,26.6,0.0,1,277,10
2025-10-04 02:00:00,0.0,97,5.9,26.3,0.0,2,277,10
2025-10-04 03:00:00,0.0,34,5.6,26.0,0.0,3,277,10
2025-10-04 04:00:00,0.0,74,5.4,25.7,0.0,4,277,10
2025-10-04 05:00:00,0.0,20,4.2,25.3,0.0,5,277,10
2025-10-04 06:00:00,0.0,1,1.7,25.5,0.0,6,277,10
2025-10-04 07:00:00,48.0,0,2.3,25.7,1.7219875389534396,7,277,10
2025-10-04 08:00:00,228.0,2,2.9,26.9,7.643662924637542,8,277,10
2025-10-04 09:00:00,439.0,52,4.6,28.6,11.478185494689225,9,277,10
2025-10-04 10:00:00,625.0,50,5.7,30.1,14.937238591247231,10,277,10
2025-10-04 11:00:00,761.0,94,6.5,31.1,12.498920990290465,11,277,10
2025-10-04 12:00:00,817.0,96,7.3,32.2,11.89111179765378,12,277,10
2025-10-04 13:00:00,807.0,92,8.0,32.5,13.541321566938898,13,277,10
2025-10-04 14:00:00,731.0,98,7.8,32.9,10.187078760808557,14,277,10
2025-10-04 15:00:00,565.0,87,7.9,32.8,10.298917790154487,15,277,10
2025-10-04 16:00:00,406.0,100,6.7,32.5,6.1473041881499295,16,277,10
2025-10-04 17:00:00,196.0,92,8.7,31.8,3.652255057227709,17,277,10
2025-10-04 18:00:00,39.0,14,6.7,31.0,1.2176269464187672,18,277,10
2025-10-04 19:00:00,0.0,4,5.5,30.5,0.0,19,277,10
2025-10-04 20:00:00,0.0,1,8.1,29.6,0.0,20,277,10
2025-10-04 21:00:00,0.0,1,8.1,28.5,0.0,21,277,10
2025-10-04 22:00:00,0.0,0,7.3,27.9,0.0,22,277,10
2025-10-04 23:00:00,0.0,1,7.4,27.4,0.0,23,277,10
2025-10-05 00:00:00,0.0,6,8.6,27.0,0.0,0,278,10
2025-10-05 01:00:00,0.0,16,8.7,26.6,0.0,1,278,10
2025-10-05 02:00:00,0.0,2,7.5,26.2,0.0,2,278,10
2025-10-05 03:00:00,0.0,2,7.6,25.8,0.0,3,278,10
2025-10-05 04:00:00,0.0,4,7.6,25.6,0.0,4,278,10
2025-10-05 05:00:00,0.0,0,6.8,26.0,0.0,5,278,10
2025-10-05 06:00:00,0.0,4,6.4,26.1,0.0,6,278,10
2025-10-05 07:00:00,46.0,34,5.5,26.4,1.1997405299038386,7,278,10
2025-10-05 08:00:00,200.0,38,6.2,27.5,6.010694598004783,8,278,10
2025-10-05 09:00:00,364.0,26,6.3,28.8,11.94812443043656,9,278,10
2025-10-05 10:00:00,594.0,31,5.9,30.3,15.913562843536251,10,278,10
2025-10-05 11:00:00,682.0,18,7.5,30.9,21.952732866756158,11,278,10
2025-10-05 12:00:00,777.0,33,7.8,31.8,21.324999572469405,12,278,10
2025-10-05 13:00:00,744.0,97,8.6,32.1,10.414821532868308,13,278,10
2025-10-05 14:00:00,696.0,92,9.0,32.5,11.926144866641485,14,278,10
2025-10-05 15:00:00,542.0,79,9.1,32.1,10.532450312997236,15,278,10
2025-10-05 16:00:00,376.0,89,9.8,32.2,6.355490533450143,16,278,10
2025-10-05 17:00:00,202.0,4,10.7,31.3,6.879027869285306,17,278,10
2025-10-05 18:00:00,39.0,8,9.1,30.3,1.3516625469826564,18,278,10
2025-10-05 19:00:00,0.0,5,9.4,28.8,0.0,19,278,10
2025-10-05 20:00:00,0.0,14,9.0,28.2,0.0,20,278,10
2025-10-05 21:00:00,0.0,21,8.4,27.9,0.0,21,278,10
2025-10-05 22:00:00,0.0,43,9.2,27.4,0.0,22,278,10
2025-10-05 23:00:00,0.0,37,9.2,26.5,0.0,23,278,10
2025-10-06 00:00:00,0.0,63,7.1,26.1,0.0,0,279,10
2025-10-06 01:00:00,0.0,16,6.1,25.9,0.0,1,279,10
2025-10-06 02:00:00,0.0,15,6.1,25.7,0.0,2,279,10
2025-10-06 03:00:00,0.0,18,7.0,25.4,0.0,3,279,10
2025-10-06 04:00:00,0.0,19,9.5,25.3,0.0,4,279,10
2025-10-06 05:00:00,0.0,4,8.0,24.7,0.0,5,279,10
2025-10-06 06:00:00,0.0,3,8.3,24.9,0.0,6,279,10
2025-10-06 07:00:00,46.0,22,8.4,25.2,1.4561737989853651,7,279,10
2025-10-06 08:00:00,214.0,24,10.0,26.2,6.410448652367501,8,279,10
2025-10-06 09:00:00,408.0,20,9.2,27.6,12.419012230029445,9,279,10
2025-10-06 10:00:00,590.0,20,9.6,28.7,17.455112338837306,10,279,10
2025-10-06 11:00:00,701.0,16,10.0,29.8,18.714311942077877,11,279,10
2025-10-06 12:00:00,771.0,20,11.6,30.4,23.854167550754457,12,279,10
2025-10-06 13:00:00,728.0,28,12.5,30.8,21.956545649084767,13,279,10
2025-10-06 14:00:00,688.0,37,12.9,31.3,20.00572963183697,14,279,10
2025-10-06 15:00:00,553.0,42,13.4,31.4,14.112412208948161,15,279,10
2025-10-06 16:00:00,350.0,32,11.8,31.1,9.209534953167232,16,279,10
2025-10-06 17:00:00,185.0,26,10.5,30.3,5.719009020392449,17,279,10
2025-10-06 18:00:00,33.0,41,9.1,28.8,0.814989397090662,18,279,10
2025-10-06 19:00:00,0.0,80,12.1,26.8,0.0,19,279,10
2025-10-06 20:00:00,0.0,6,6.6,26.4,0.0,20,279,10
2025-10-06 21:00:00,0.0,5,8.6,25.8,0.0,21,279,10
2025-10-06 22:00:00,0.0,6,7.8,25.5,0.0,22,279,10
2025-10-06 23:00:00,0.0,6,6.7,25.7,0.0,23,279,10
2025-10-07 00:00:00,0.0,12,7.4,25.7,0.0,0,280,10
2025-10-07 01:00:00,0.0,16,3.8,25.4,0.0,1,280,10
2025-10-07 02:00:00,0.0,29,5.2,24.7,0.0,2,280,10
2025-10-07 03:00:00,0.0,15,6.4,24.9,0.0,3,280,10
2025-10-07 04:00:00,0.0,20,6.2,24.8,0.0,4,280,10
2025-10-07 05:00:00,0.0,26,6.4,24.5,0.0,5,280,10
2025-10-07 06:00:00,0.0,91,6.5,24.1,0.0,6,280,10
2025-10-07 07:00:00,45.0,58,5.7,24.3,1.0463034160091937,7,280,10
2025-10-07 08:00:00,211.0,45,8.9,25.3,5.461072938861087,8,280,10
2025-10-07 09:00:00,383.0,35,8.0,26.8,10.52818339019771,9,280,10
2025-10-07 10:00:00,583.0,13,6.0,28.1,18.216764819320826,10,280,10
2025-10-07 11:00:00,718.0,9,6.7,29.7,22.384832850022235,11,280,10
2025-10-07 12:00:00,812.0,10,6.7,30.8,25.8906563752248,12,280,10
2025-10-07 13:00:00,818.0,9,6.7,31.6,24.910481874437664,13,280,10
2025-10-07 14:00:00,701.0,6,6.7,32.0,22.27141434672186,14,280,10
2025-10-07 15:00:00,598.0,9,6.8,32.1,18.726228250657126,15,280,10
2025-10-07 16:00:00,406.0,10,6.0,31.8,12.801445003030958,16,280,10
2025-10-07 17:00:00,207.0,9,5.1,31.4,6.763126574705882,17,280,10
2025-10-07 18:00:00,37.0,5,2.1,30.7,1.3804478886348381,18,280,10
2025-10-07 19:00:00,0.0,6,3.1,29.7,0.0,19,280,10
2025-10-07 20:00:00,0.0,20,2.9,28.7,0.0,20,280,10
2025-10-07 21:00:00,0.0,13,7.4,27.9,0.0,21,280,10
2025-10-07 22:00:00,0.0,12,8.8,26.7,0.0,22,280,10
2025-10-07 23:00:00,0.0,2,7.6,26.5,0.0,23,280,10
2025-10-08 00:00:00,0.0,9,6.7,26.1,0.0,0,281,10
2025-10-08 01:00:00,0.0,15,6.3,25.5,0.0,1,281,10
2025-10-08 02:00:00,0.0,16,7.2,24.9,0.0,2,281,10
2025-10-08 03:00:00,0.0,7,6.1,24.6,0.0,3,281,10
2025-10-08 04:00:00,0.0,2,6.0,24.3,0.0,4,281,10
2025-10-08 05:00:00,0.0,0,5.6,25.2,0.0,5,281,10
2025-10-08 06:00:00,0.0,0,4.3,25.6,0.0,6,281,10
2025-10-08 07:00:00,48.0,0,2.5,25.8,1.596505725058242,7,281,10
2025-10-08 08:00:00,234.0,0,2.7,27.1,8.052057353126791,8,281,10
2025-10-08 09:00:00,446.0,6,2.7,28.9,14.951366164055866,9,281,10
2025-10-08 10:00:00,624.0,18,2.4,30.5,20.106171210266517,10,281,10
2025-10-08 11:00:00,697.0,24,2.0,31.6,19.38060197155288,11,281,10
2025-10-08 12:00:00,759.0,19,2.6,32.5,27.16427219326168,12,281,10
2025-10-08 13:00:00,774.0,43,3.9,33.1,21.48635231582509,13,281,10
2025-10-08 14:00:00,661.0,38,5.7,33.3,16.78191623253449,14,281,10
2025-10-08 15:00:00,541.0,96,6.5,33.3,8.324786484185811,15,281,10
2025-10-08 16:00:00,382.0,45,6.7,33.0,8.963731773742905,16,281,10
2025-10-08 17:00:00,188.0,88,3.9,32.3,3.46702358022782,17,281,10
2025-10-08 18:00:00,29.0,29,5.5,31.0,0.7623424886179335,18,281,10
2025-10-08 19:00:00,0.0,2,5.8,30.3,0.0,19,281,10
2025-10-08 20:00:00,0.0,0,4.2,30.1,0.0,20,281,10
2025-10-08 21:00:00,0.0,0,7.5,29.5,0.0,21,281,10
2025-10-08 22:00:00,0.0,0,6.8,28.4,0.0,22,281,10
2025-10-08 23:00:00,0.0,0,7.9,27.9,0.0,23,281,10
2025-10-09 00:00:00,0.0,0,5.0,27.2,0.0,0,282,10
2025-10-09 01:00:00,0.0,2,3.2,26.6,0.0,1,282,10
2025-10-09 02:00:00,0.0,1,4.0,26.4,0.0,2,282,10
2025-10-09 03:00:00,0.0,0,6.7,25.8,0.0,3,282,10
2025-10-09 04:00:00,0.0,0,5.8,25.3,0.0,4,282,10
2025-10-09 05:00:00,0.0,0,7.8,25.0,0.0,5,282,10
2025-10-09 06:00:00,0.0,0,7.9,24.9,0.0,6,282,10
2025-10-09 07:00:00,48.0,0,8.4,24.7,1.6849099259305695,7,282,10
2025-10-09 08:00:00,235.0,0,5.5,26.0,8.921636411674132,8,282,10
2025-10-09 09:00:00,453.0,0,4.1,28.5,15.082115396223491,9,282,10
2025-10-09 10:00:00,643.0,5,4.9,31.1,20.57889697082569,10,282,10
2025-10-09 11:00:00,782.0,21,4.8,32.5,22.181136850295424,11,282,10
2025-10-09 12:00:00,757.0,29,5.1,33.1,22.480294878640994,12,282,10
2025-10-09 13:00:00,756.0,100,4.9,33.7,11.091546904744707,13,282,10
2025-10-09 14:00:00,626.0,100,4.7,33.6,9.636745688405117,14,282,10
2025-10-09 15:00:00,542.0,100,3.1,33.4,9.20102723899295,15,282,10
2025-10-09 16:00:00,301.0,99,0.9,32.8,4.8987412114797735,16,282,10
2025-10-09 17:00:00,157.0,80,4.1,32.5,2.682657303385811,17,282,10
2025-10-09 18:00:00,32.0,11,6.9,31.6,1.0765075510757929,18,282,10
2025-10-09 19:00:00,0.0,0,8.6,31.1,0.0,19,282,10
2025-10-09 20:00:00,0.0,0,6.4,31.1,0.0,20,282,10
2025-10-09 21:00:00,0.0,0,0.7,30.4,0.0,21,282,10
2025-10-09 22:00:00,0.0,0,1.4,28.9,0.0,22,282,10
2025-10-09 23:00:00,0.0,0,0.4,28.0,0.0,23,282,10
2025-10-10 00:00:00,0.0,0,4.0,27.8,0.0,0,283,10
2025-10-10 01:00:00,0.0,3,6.7,27.2,0.0,1,283,10
2025-10-10 02:00:00,0.0,0,4.2,26.6,0.0,2,283,10
2025-10-10 03:00:00,0.0,3,3.8,26.0,0.0,3,283,10
2025-10-10 04:00:00,0.0,0,5.4,25.5,0.0,4,283,10
2025-10-10 05:00:00,0.0,1,7.1,24.2,0.0,5,283,10
2025-10-10 06:00:00,0.0,8,7.2,24.4,0.0,6,283,10
2025-10-10 07:00:00,47.0,5,6.1,24.7,1.694511484038348,7,283,10
2025-10-10 08:00:00,236.0,0,4.7,26.1,8.681225067899407,8,283,10
2025-10-10 09:00:00,453.0,0,5.4,28.4,14.761519283787988,9,283,10
2025-10-10 10:00:00,642.0,0,6.0,30.5,21.574764451393158,10,283,10
2025-10-10 11:00:00,781.0,0,6.6,32.4,25.61883772666125,11,283,10
2025-10-10 12:00:00,845.0,4,6.7,33.1,26.67374314216179,12,283,10
2025-10-10 13:00:00,823.0,45,7.6,33.8,20.334129469294147,13,283,10
2025-10-10 14:00:00,736.0,45,10.0,34.0,19.946876451696486,14,283,10
2025-10-10 15:00:00,576.0,71,9.4,33.7,10.773002933299749,15,283,10
2025-10-10 16:00:00,376.0,40,9.8,33.1,9.643354344617755,16,283,10
2025-10-10 17:00:00,190.0,20,7.3,32.2,6.659403004307945,17,283,10
2025-10-10 18:00:00,33.0,2,2.9,31.4,1.1081973516676344,18,283,10
2025-10-10 19:00:00,0.0,0,5.2,30.6,0.0,19,283,10
2025-10-10 20:00:00,0.0,0,5.6,29.7,0.0,20,283,10
2025-10-10 21:00:00,0.0,0,3.3,29.4,0.0,21,283,10
2025-10-10 22:00:00,0.0,0,4.2,27.9,0.0,22,283,10
2025-10-10 23:00:00,0.0,0,6.0,26.7,0.0,23,283,10
2025-10-11 00:00:00,0.0,0,2.3,26.6,0.0,0,284,10
2025-10-11 01:00:00,0.0,0,4.0,25.8,0.0,1,284,10
2025-10-11 02:00:00,0.0,0,4.7,25.2,0.0,2,284,10
2025-10-11 03:00:00,0.0,0,3.8,24.9,0.0,3,284,10
2025-10-11 04:00:00,0.0,0,4.7,24.3,0.0,4,284,10
2025-10-11 05:00:00,0.0,0,5.8,23.9,0.0,5,284,10
2025-10-11 06:00:00,0.0,0,7.1,23.0,0.0,6,284,10
2025-10-11 07:00:00,47.0,0,5.7,22.9,1.5457305949622375,7,284,10
2025-10-11 08:00:00,235.0,0,4.0,24.5,7.716736459112044,8,284,10
2025-10-11 09:00:00,455.0,0,4.2,27.3,15.188672256182697,9,284,10
2025-10-11 10:00:00,647.0,0,5.7,30.4,19.05553363273038,10,284,10
2025-10-11 11:00:00,784.0,0,8.6,32.2,26.75947881654773,11,284,10
2025-10-11 12:00:00,855.0,0,7.8,33.0,27.547324120521314,12,284,10
2025-10-11 13:00:00,851.0,0,8.0,33.3,29.84758084535066,13,284,10
2025-10-11 14:00:00,772.0,0,9.1,33.3,26.97657794408091,14,284,10
2025-10-11 15:00:00,627.0,0,9.5,33.1,24.060770189316205,15,284,10
2025-10-11 16:00:00,429.0,0,9.6,32.7,14.702604405729375,16,284,10
2025-10-11 17:00:00,210.0,0,10.1,32.2,6.565470497644278,17,284,10
2025-10-11 18:00:00,33.0,0,7.6,31.7,1.1233698258587794,18,284,10
2025-10-11 19:00:00,0.0,0,5.1,31.5,0.0,19,284,10
2025-10-11 20:00:00,0.0,0,4.7,30.8,0.0,20,284,10
2025-10-11 21:00:00,0.0,0,5.9,28.8,0.0,21,284,10
2025-10-11 22:00:00,0.0,0,3.0,27.6,0.0,22,284,10
2025-10-11 23:00:00,0.0,0,5.0,27.2,0.0,23,284,10
2025-10-12 00:00:00,0.0,0,7.4,26.8,0.0,0,285,10
2025-10-12 01:00:00,0.0,0,7.8,26.4,0.0,1,285,10
2025-10-12 02:00:00,0.0,0,7.9,25.7,0.0,2,285,10
2025-10-12 03:00:00,0.0,0,7.7,25.0,0.0,3,285,10
2025-10-12 04:00:00,0.0,0,7.6,24.3,0.0,4,285,10
2025-10-12 05:00:00,0.0,0,8.0,23.6,0.0,5,285,10
2025-10-12 06:00:00,0.0,0,7.8,23.7,0.0,6,285,10
2025-10-12 07:00:00,46.0,0,7.2,23.2,1.50892249414519,7,285,10
2025-10-12 08:00:00,234.0,0,4.1,25.1,8.22519133788759,8,285,10
2025-10-12 09:00:00,454.0,0,4.6,28.4,15.048668136272061,9,285,10
2025-10-12 10:00:00,645.0,0,6.3,31.1,21.844653303956626,10,285,10
2025-10-12 11:00:00,782.0,0,8.5,32.8,23.611175659165202,11,285,10
2025-10-12 12:00:00,853.0,0,8.5,33.5,30.741974358740855,12,285,10
2025-10-12 13:00:00,848.0,0,8.9,33.8,28.174240696434826,13,285,10
2025-10-12 14:00:00,768.0,0,9.0,33.9,27.09751943753385,14,285,10
2025-10-12 15:00:00,622.0,0,9.2,33.7,20.64655898017293,15,285,10
2025-10-12 16:00:00,425.0,0,9.4,33.3,14.481689742175345,16,285,10
2025-10-12 17:00:00,205.0,0,10.2,32.9,6.69818115361034,17,285,10
2025-10-12 18:00:00,31.0,0,6.4,32.5,1.056073961543394,18,285,10
2025-10-12 19:00:00,0.0,0,2.1,32.7,0.0,19,285,10
2025-10-12 20:00:00,0.0,0,3.4,32.1,0.0,20,285,10
2025-10-12 21:00:00,0.0,0,3.0,29.6,0.0,21,285,10
2025-10-12 22:00:00,0.0,0,3.5,28.8,0.0,22,285,10
2025-10-12 23:00:00,0.0,0,1.9,28.3,0.0,23,285,10
2025-10-13 00:00:00,0.0,2,3.5,27.5,0.0,0,286,10
2025-10-13 01:00:00,0.0,0,5.1,26.4,0.0,1,286,10
2025-10-13 02:00:00,0.0,0,6.3,25.5,0.0,2,286,10
2025-10-13 03:00:00,0.0,0,5.4,25.7,0.0,3,286,10
2025-10-13 04:00:00,0.0,0,7.4,24.2,0.0,4,286,10
2025-10-13 05:00:00,0.0,0,5.4,23.5,0.0,5,286,10
2025-10-13 06:00:00,0.0,2,5.6,23.6,0.0,6,286,10
2025-10-13 07:00:00,45.0,1,5.6,23.5,1.5252006574623855,7,286,10
2025-10-13 08:00:00,229.0,0,2.3,25.8,7.760313322519463,8,286,10
2025-10-13 09:00:00,448.0,0,4.6,28.2,15.459987778799778,9,286,10
2025-10-13 10:00:00,638.0,0,3.2,30.4,21.05063289843205,10,286,10
2025-10-13 11:00:00,774.0,0,4.8,32.8,24.17832476560684,11,286,10
2025-10-13 12:00:00,843.0,2,7.0,33.9,25.15300370260156,12,286,10
2025-10-13 13:00:00,822.0,8,9.4,34.2,26.825521858660544,13,286,10
2025-10-13 14:00:00,749.0,6,10.4,34.1,24.200699711221187,14,286,10
2025-10-13 15:00:00,609.0,2,9.5,33.8,20.65327104141551,15,286,10
2025-10-13 16:00:00,416.0,0,9.5,33.4,14.370608753114105,16,286,10
2025-10-13 17:00:00,200.0,0,9.2,33.1,5.993658075837088,17,286,10
2025-10-13 18:00:00,30.0,0,7.1,32.6,1.0460675039528153,18,286,10
2025-10-13 19:00:00,0.0,0,4.9,32.5,0.0,19,286,10
2025-10-13 20:00:00,0.0,0,4.8,32.0,0.0,20,286,10
2025-10-13 21:00:00,0.0,0,7.0,30.3,0.0,21,286,10
2025-10-13 22:00:00,0.0,0,5.1,28.8,0.0,22,286,10
2025-10-13 23:00:00,0.0,0,4.6,27.9,0.0,23,286,10
2025-10-14 00:00:00,0.0,0,2.9,27.8,0.0,0,287,10
2025-10-14 01:00:00,0.0,0,4.1,27.2,0.0,1,287,10
2025-10-14 02:00:00,0.0,0,6.2,26.8,0.0,2,287,10
2025-10-14 03:00:00,0.0,0,8.0,25.1,0.0,3,287,10
2025-10-14 04:00:00,0.0,0,7.7,24.1,0.0,4,287,10
2025-10-14 05:00:00,0.0,0,7.2,24.1,0.0,5,287,10
2025-10-14 06:00:00,0.0,0,7.9,23.6,0.0,6,287,10
2025-10-14 07:00:00,44.0,0,7.5,23.7,1.4629011425394254,7,287,10
2025-10-14 08:00:00,230.0,0,5.1,25.6,7.77869379956572,8,287,10
2025-10-14 09:00:00,449.0,0,6.2,28.4,16.904988846972167,9,287,10
2025-10-14 10:00:00,639.0,0,6.9,31.1,22.55971347364273,10,287,10
2025-10-14 11:00:00,775.0,0,11.0,33.3,26.764601191628213,11,287,10
2025-10-14 12:00:00,843.0,0,8.8,33.8,26.92382124275728,12,287,10
2025-10-14 13:00:00,839.0,0,8.5,34.1,30.31705807301789,13,287,10
2025-10-14 14:00:00,759.0,0,8.9,34.1,23.161290710096193,14,287,10
2025-10-14 15:00:00,614.0,0,9.7,33.9,19.81061228728351,15,287,10
2025-10-14 16:00:00,400.0,2,11.1,33.6,13.501934529018758,16,287,10
2025-10-14 17:00:00,191.0,1,10.0,33.0,6.423642029609187,17,287,10
2025-10-14 18:00:00,28.0,0,7.2,32.4,0.9303809951824566,18,287,10
2025-10-14 19:00:00,0.0,15,4.2,31.6,0.0,19,287,10
2025-10-14 20:00:00,0.0,55,3.0,30.8,0.0,20,287,10
2025-10-14 21:00:00,0.0,40,3.9,30.2,0.0,21,287,10
2025-10-14 22:00:00,0.0,6,1.3,29.5,0.0,22,287,10
2025-10-14 23:00:00,0.0,11,4.1,28.4,0.0,23,287,10
2025-10-15 00:00:00,0.0,2,1.5,28.0,0.0,0,288,10
2025-10-15 01:00:00,0.0,0,4.3,27.2,0.0,1,288,10
2025-10-15 02:00:00,0.0,0,6.6,25.7,0.0,2,288,10
2025-10-15 03:00:00,0.0,0,7.2,24.6,0.0,3,288,10
2025-10-15 04:00:00,0.0,0,6.6,24.2,0.0,4,288,10
2025-10-15 05:00:00,0.0,0,8.4,23.6,0.0,5,288,10
2025-10-15 06:00:00,0.0,0,9.2,23.4,0.0,6,288,10
2025-10-15 07:00:00,44.0,0,9.6,23.7,1.3895228767450654,7,288,10
2025-10-15 08:00:00,230.0,0,6.8,25.8,7.060572285659805,8,288,10
2025-10-15 09:00:00,448.0,0,7.3,28.6,16.554180213724464,9,288,10
2025-10-15 10:00:00,637.0,0,8.4,31.3,21.501942133532673,10,288,10
2025-10-15 11:00:00,772.0,0,8.4,33.3,29.27284126084482,11,288,10
2025-10-15 12:00:00,840.0,0,6.3,34.1,30.19724810431038,12,288,10
2025-10-15 13:00:00,833.0,0,6.0,34.6,27.21121655573198,13,288,10
2025-10-15 14:00:00,753.0,0,6.3,34.8,26.295954746391203,14,288,10
2025-10-15 15:00:00,607.0,0,6.6,34.7,21.042084041029153,15,288,10
2025-10-15 16:00:00,412.0,0,5.8,34.2,13.333630348431926,16,288,10
2025-10-15 17:00:00,194.0,0,5.5,33.4,6.8522411286143505,17,288,10
2025-10-15 18:00:00,27.0,0,5.5,32.4,0.907615305230471,18,288,10
2025-10-15 19:00:00,0.0,0,6.6,31.5,0.0,19,288,10
2025-10-15 20:00:00,0.0,0,5.7,30.9,0.0,20,288,10
2025-10-15 21:00:00,0.0,0,5.9,30.2,0.0,21,288,10
2025-10-15 22:00:00,0.0,0,6.2,29.6,0.0,22,288,10
2025-10-15 23:00:00,0.0,0,3.4,28.2,0.0,23,288,10
2025-10-16 00:00:00,0.0,0,6.8,27.2,0.0,0,289,10
2025-10-16 01:00:00,0.0,0,6.7,27.0,0.0,1,289,10
2025-10-16 02:00:00,0.0,0,7.4,26.0,0.0,2,289,10
2025-10-16 03:00:00,0.0,0,8.5,24.8,0.0,3,289,10
2025-10-16 04:00:00,0.0,0,8.6,24.4,0.0,4,289,10
2025-10-16 05:00:00,0.0,0,8.5,24.4,0.0,5,289,10
2025-10-16 06:00:00,0.0,0,8.6,24.3,0.0,6,289,10
2025-10-16 07:00:00,42.0,0,8.3,24.4,1.3354915526354376,7,289,10
2025-10-16 08:00:00,223.0,0,6.4,26.2,7.7140958868749445,8,289,10
2025-10-16 09:00:00,436.0,0,7.0,28.7,14.700413625028299,9,289,10
2025-10-16 10:00:00,623.0,0,6.7,31.1,22.274628310122562,10,289,10
2025-10-16 11:00:00,757.0,0,5.8,33.2,24.67150068446613,11,289,10
2025-10-16 12:00:00,825.0,0,4.8,34.6,29.755816567871964,12,289,10
2025-10-16 13:00:00,817.0,0,4.0,35.4,25.440149997957576,13,289,10
2025-10-16 14:00:00,737.0,0,3.6,35.8,28.624313074432482,14,289,10
2025-10-16 15:00:00,593.0,0,3.9,35.8,20.074558787439884,15,289,10
2025-10-16 16:00:00,400.0,0,4.6,35.3,11.959706165987543,16,289,10
2025-10-16 17:00:00,187.0,0,0.5,34.6,6.371384571350119,17,289,10
2025-10-16 18:00:00,25.0,0,2.4,33.4,0.7751026127084345,18,289,10
2025-10-16 19:00:00,0.0,0,3.0,32.9,0.0,19,289,10
2025-10-16 20:00:00,0.0,0,2.6,32.4,0.0,20,289,10
2025-10-16 21:00:00,0.0,0,4.1,31.7,0.0,21,289,10
2025-10-16 22:00:00,0.0,0,4.0,31.0,0.0,22,289,10
2025-10-16 23:00:00,0.0,0,5.0,29.9,0.0,23,289,10
2025-10-17 00:00:00,0.0,0,6.0,29.2,0.0,0,290,10
2025-10-17 01:00:00,0.0,0,6.5,28.7,0.0,1,290,10
2025-10-17 02:00:00,0.0,1,7.0,27.9,0.0,2,290,10
2025-10-17 03:00:00,0.0,0,6.4,26.9,0.0,3,290,10
2025-10-17 04:00:00,0.0,0,5.1,25.8,0.0,4,290,10
2025-10-17 05:00:00,0.0,1,7.3,25.5,0.0,5,290,10
2025-10-17 06:00:00,0.0,0,7.8,25.5,0.0,6,290,10
2025-10-17 07:00:00,40.0,0,8.0,25.4,1.3911948114396346,7,290,10
2025-10-17 08:00:00,219.0,0,5.6,26.8,7.088615690741829,8,290,10
2025-10-17 09:00:00,433.0,0,4.8,29.8,14.207344917888054,9,290,10
2025-10-17 10:00:00,619.0,0,6.0,32.5,19.308343864207174,10,290,10
2025-10-17 11:00:00,752.0,1,5.8,34.1,22.515359695116764,11,290,10
2025-10-17 12:00:00,819.0,2,3.6,35.2,26.774601344826454,12,290,10
2025-10-17 13:00:00,814.0,0,2.3,36.0,26.10637805774385,13,290,10
2025-10-17 14:00:00,736.0,0,1.5,36.5,25.3176295715544,14,290,10
2025-10-17 15:00:00,592.0,1,5.0,36.6,18.20267272586924,15,290,10
2025-10-17 16:00:00,400.0,0,9.8,35.7,12.819420882072771,16,290,10
2025-10-17 17:00:00,186.0,0,8.8,34.5,5.9161184262720745,17,290,10
2025-10-17 18:00:00,24.0,0,8.9,33.1,0.7789316546288537,18,290,10
2025-10-17 19:00:00,0.0,0,9.0,31.9,0.0,19,290,10
2025-10-17 20:00:00,0.0,0,8.0,31.4,0.0,20,290,10
2025-10-17 21:00:00,0.0,0,6.5,30.9,0.0,21,290,10
2025-10-17 22:00:00,0.0,0,5.3,30.4,0.0,22,290,10
2025-10-17 23:00:00,0.0,0,4.0,29.6,0.0,23,290,10
2025-10-18 00:00:00,0.0,0,6.8,28.7,0.0,0,291,10
2025-10-18 01:00:00,0.0,0,6.3,28.1,0.0,1,291,10
2025-10-18 02:00:00,0.0,0,6.3,26.3,0.0,2,291,10
2025-10-18 03:00:00,0.0,0,4.6,25.4,0.0,3,291,10
2025-10-18 04:00:00,0.0,0,4.6,25.1,0.0,4,291,10
2025-10-18 05:00:00,0.0,0,10.0,24.7,0.0,5,291,10
2025-10-18 06:00:00,0.0,0,10.1,24.6,0.0,6,291,10
2025-10-18 07:00:00,41.0,0,9.1,24.9,1.4408680045721922,7,291,10
2025-10-18 08:00:00,222.0,0,7.3,26.6,7.85460394656162,8,291,10
2025-10-18 09:00:00,435.0,0,7.4,28.7,13.795306106226246,9,291,10
2025-10-18 10:00:00,621.0,0,7.3,31.0,19.929802765959842,10,291,10
2025-10-18 11:00:00,754.0,5,7.2,33.4,24.294161514055165,11,291,10
2025-10-18 12:00:00,818.0,9,7.3,35.1,25.454915051290474,12,291,10
2025-10-18 13:00:00,743.0,18,7.6,35.6,23.47737780407999,13,291,10
2025-10-18 14:00:00,686.0,38,6.9,36.1,17.122631621797687,14,291,10
2025-10-18 15:00:00,551.0,96,8.3,36.1,8.217807103724754,15,291,10
2025-10-18 16:00:00,367.0,100,9.0,35.4,5.60781982213511,16,291,10
2025-10-18 17:00:00,171.0,65,3.4,34.7,3.7253978542460677,17,291,10
2025-10-18 18:00:00,21.0,19,1.6,33.7,0.6507604805211962,18,291,10
2025-10-18 19:00:00,0.0,4,1.9,33.1,0.0,19,291,10
2025-10-18 20:00:00,0.0,4,2.6,32.8,0.0,20,291,10
2025-10-18 21:00:00,0.0,1,4.1,31.8,0.0,21,291,10
2025-10-18 22:00:00,0.0,0,4.9,30.3,0.0,22,291,10
2025-10-18 23:00:00,0.0,0,6.3,28.5,0.0,23,291,10
2025-10-19 00:00:00,0.0,0,6.1,27.8,0.0,0,292,10
2025-10-19 01:00:00,0.0,0,5.7,27.1,0.0,1,292,10
2025-10-19 02:00:00,0.0,0,6.1,26.1,0.0,2,292,10
2025-10-19 03:00:00,0.0,0,6.5,25.1,0.0,3,292,10
2025-10-19 04:00:00,0.0,0,9.0,24.3,0.0,4,292,10
2025-10-19 05:00:00,0.0,0,9.1,24.2,0.0,5,292,10
2025-10-19 06:00:00,0.0,0,10.3,24.2,0.0,6,292,10
2025-10-19 07:00:00,40.0,0,10.1,24.6,1.321005345095268,7,292,10
2025-10-19 08:00:00,223.0,0,7.4,26.2,7.117710143204789,8,292,10
2025-10-19 09:00:00,438.0,0,7.5,28.4,15.431148959439573,9,292,10
2025-10-19 10:00:00,625.0,0,7.3,30.9,19.874250135510557,10,292,10
2025-10-19 11:00:00,758.0,0,6.1,33.1,24.93747942477183,11,292,10
2025-10-19 12:00:00,821.0,2,6.1,35.0,23.67564957237813,12,292,10
2025-10-19 13:00:00,781.0,1,6.2,35.6,25.27266456948316,13,292,10
2025-10-19 14:00:00,723.0,0,6.3,35.7,24.353594584052967,14,292,10
2025-10-19 15:00:00,580.0,0,6.0,35.6,19.859571330215804,15,292,10
2025-10-19 16:00:00,391.0,2,6.1,35.3,11.148093242244359,16,292,10
2025-10-19 17:00:00,179.0,1,0.2,34.4,5.573638947744297,17,292,10
2025-10-19 18:00:00,22.0,0,3.4,32.9,0.7570367582051507,18,292,10
2025-10-19 19:00:00,0.0,0,4.9,32.3,0.0,19,292,10
2025-10-19 20:00:00,0.0,0,5.4,32.0,0.0,20,292,10
2025-10-19 21:00:00,0.0,0,5.3,31.4,0.0,21,292,10
2025-10-19 22:00:00,0.0,0,3.3,30.7,0.0,22,292,10
2025-10-19 23:00:00,0.0,0,4.5,30.3,0.0,23,292,10
2025-10-20 00:00:00,0.0,0,4.9,29.7,0.0,0,293,10
2025-10-20 01:00:00,0.0,0,3.9,28.3,0.0,1,293,10
2025-10-20 02:00:00,0.0,0,6.3,26.8,0.0,2,293,10
2025-10-20 03:00:00,0.0,0,5.4,25.8,0.0,3,293,10
2025-10-20 04:00:00,0.0,0,5.9,25.2,0.0,4,293,10
2025-10-20 05:00:00,0.0,0,7.5,24.6,0.0,5,293,10
2025-10-20 06:00:00,0.0,0,7.5,24.8,0.0,6,293,10
2025-10-20 07:00:00,39.0,0,7.5,25.2,1.3850413778621484,7,293,10
2025-10-20 08:00:00,216.0,2,5.8,27.4,6.5520714905912785,8,293,10
2025-10-20 09:00:00,428.0,10,6.9,30.0,14.04714955829456,9,293,10
2025-10-20 10:00:00,606.0,1,8.7,32.0,21.73314952648859,10,293,10
2025-10-20 11:00:00,739.0,2,8.0,33.5,25.846714128168543,11,293,10
2025-10-20 12:00:00,800.0,2,6.1,34.8,25.09000869913144,12,293,10
2025-10-20 13:00:00,795.0,30,5.0,35.5,20.083773204269523,13,293,10
2025-10-20 14:00:00,720.0,4,5.2,36.0,23.266754061995123,14,293,10
2025-10-20 15:00:00,577.0,20,5.4,36.1,15.973339880214354,15,293,10
2025-10-20 16:00:00,384.0,62,4.6,35.8,7.971305033499174,16,293,10
2025-10-20 17:00:00,173.0,0,4.3,34.3,5.88128584470762,17,293,10
2025-10-20 18:00:00,20.0,0,2.3,33.2,0.7079204778659174,18,293,10
2025-10-20 19:00:00,0.0,0,1.9,32.9,0.0,19,293,10
2025-10-20 20:00:00,0.0,0,1.3,32.3,0.0,20,293,10
2025-10-20 21:00:00,0.0,2,3.9,31.5,0.0,21,293,10
2025-10-20 22:00:00,0.0,39,5.1,29.9,0.0,22,293,10
2025-10-20 23:00:00,0.0,5,2.2,29.6,0.0,23,293,10
2025-10-21 00:00:00,0.0,10,3.4,29.3,0.0,0,294,10
2025-10-21 01:00:00,0.0,9,4.5,28.4,0.0,1,294,10
2025-10-21 02:00:00,0.0,2,6.2,27.6,0.0,2,294,10
2025-10-21 03:00:00,0.0,5,7.8,26.9,0.0,3,294,10
2025-10-21 04:00:00,0.0,9,8.3,26.5,0.0,4,294,10
2025-10-21 05:00:00,0.0,52,8.6,27.1,0.0,5,294,10
2025-10-21 06:00:00,0.0,36,8.0,27.5,0.0,6,294,10
2025-10-21 07:00:00,32.0,18,7.5,27.1,0.9792725423678658,7,294,10
2025-10-21 08:00:00,192.0,10,6.4,27.7,5.993150349462737,8,294,10
2025-10-21 09:00:00,402.0,2,6.7,30.2,13.382423358674227,9,294,10
2025-10-21 10:00:00,589.0,1,7.2,32.5,20.380224326099185,10,294,10
2025-10-21 11:00:00,725.0,12,7.6,34.3,21.291361755609795,11,294,10
2025-10-21 12:00:00,711.0,10,8.0,35.0,23.55508643025976,12,294,10
2025-10-21 13:00:00,750.0,4,9.2,35.4,21.303833338523166,13,294,10
2025-10-21 14:00:00,696.0,2,9.1,35.6,21.237014288842147,14,294,10
2025-10-21 15:00:00,534.0,5,8.0,35.5,18.375078257817286,15,294,10
2025-10-21 16:00:00,321.0,20,9.7,35.1,9.029663130024877,16,294,10
2025-10-21 17:00:00,162.0,0,11.0,34.5,5.106282309187547,17,294,10
2025-10-21 18:00:00,18.0,2,8.8,33.8,0.6315909758414068,18,294,10
2025-10-21 19:00:00,0.0,2,8.8,32.7,0.0,19,294,10
2025-10-21 20:00:00,0.0,2,8.3,31.5,0.0,20,294,10
2025-10-21 21:00:00,0.0,1,7.0,30.8,0.0,21,294,10
2025-10-21 22:00:00,0.0,1,7.5,30.0,0.0,22,294,10
2025-10-21 23:00:00,0.0,0,9.1,29.2,0.0,23,294,10
2025-10-22 00:00:00,0.0,0,10.9,28.5,0.0,0,295,10
2025-10-22 01:00:00,0.0,1,11.5,28.0,0.0,1,295,10
2025-10-22 02:00:00,0.0,2,11.5,27.6,0.0,2,295,10
2025-10-22 03:00:00,0.0,0,10.9,27.2,0.0,3,295,10
2025-10-22 04:00:00,0.0,0,9.2,26.5,0.0,4,295,10
2025-10-22 05:00:00,0.0,0,9.7,26.2,0.0,5,295,10
2025-10-22 06:00:00,0.0,0,9.7,25.9,0.0,6,295,10
2025-10-22 07:00:00,36.0,0,9.2,26.0,1.191836460970413,7,295,10
2025-10-22 08:00:00,209.0,0,7.6,27.6,7.152639409686124,8,295,10
2025-10-22 09:00:00,419.0,0,8.5,29.7,12.429548493589891,9,295,10
2025-10-22 10:00:00,602.0,0,9.4,31.9,22.525620906727394,10,295,10
2025-10-22 11:00:00,732.0,0,10.5,33.5,25.554382653317564,11,295,10
2025-10-22 12:00:00,795.0,0,12.4,34.7,25.763523003312915,12,295,10
2025-10-22 13:00:00,780.0,2,13.7,35.4,26.080307636632824,13,295,10
2025-10-22 14:00:00,689.0,6,13.4,35.7,22.69074310880469,14,295,10
2025-10-22 15:00:00,546.0,5,13.9,35.4,17.677664739033627,15,295,10
2025-10-22 16:00:00,369.0,5,13.2,35.2,11.815976735206897,16,295,10
2025-10-22 17:00:00,168.0,2,12.1,35.0,5.806417196958557,17,295,10
2025-10-22 18:00:00,18.0,2,8.1,34.3,0.5540674109646057,18,295,10
2025-10-22 19:00:00,0.0,2,7.8,33.1,0.0,19,295,10
2025-10-22 20:00:00,0.0,5,8.0,32.0,0.0,20,295,10
2025-10-22 21:00:00,0.0,21,8.2,31.4,0.0,21,295,10
2025-10-22 22:00:00,0.0,21,9.1,29.7,0.0,22,295,10
2025-10-22 23:00:00,0.0,9,10.2,28.7,0.0,23,295,10
2025-10-23 00:00:00,0.0,0,11.3,28.1,0.0,0,296,10
2025-10-23 01:00:00,0.0,5,10.6,27.5,0.0,1,296,10
2025-10-23 02:00:00,0.0,3,9.0,26.8,0.0,2,296,10
2025-10-23 03:00:00,0.0,4,9.5,26.5,0.0,3,296,10
2025-10-23 04:00:00,0.0,1,10.1,26.2,0.0,4,296,10
2025-10-23 05:00:00,0.0,5,11.4,26.1,0.0,5,296,10
2025-10-23 06:00:00,0.0,13,11.5,26.2,0.0,6,296,10
2025-10-23 07:00:00,34.0,0,11.1,26.6,1.2021872820175061,7,296,10
2025-10-23 08:00:00,201.0,0,9.2,28.1,6.850224180583412,8,296,10
2025-10-23 09:00:00,408.0,0,11.9,30.2,14.122417449261306,9,296,10
2025-10-23 10:00:00,595.0,0,13.6,32.3,19.200068968603603,10,296,10
2025-10-23 11:00:00,725.0,12,14.4,33.8,22.267603701395924,11,296,10
2025-10-23 12:00:00,780.0,0,14.7,34.7,26.165154613976895,12,296,10
2025-10-23 13:00:00,770.0,6,13.5,35.3,23.367027529861964,13,296,10
2025-10-23 14:00:00,652.0,30,12.5,35.4,20.262726087596825,14,296,10
2025-10-23 15:00:00,495.0,48,12.3,35.5,12.190284833528947,15,296,10
2025-10-23 16:00:00,331.0,16,12.9,35.1,10.198256113200005,16,296,10
2025-10-23 17:00:00,157.0,5,11.4,34.8,5.798114359370615,17,296,10
2025-10-23 18:00:00,17.0,4,9.0,34.0,0.5406461976551554,18,296,10
2025-10-23 19:00:00,0.0,2,7.7,33.3,0.0,19,296,10
2025-10-23 20:00:00,0.0,2,7.9,32.4,0.0,20,296,10
2025-10-23 21:00:00,0.0,2,10.0,31.0,0.0,21,296,10
2025-10-23 22:00:00,0.0,2,10.7,29.9,0.0,22,296,10
2025-10-23 23:00:00,0.0,1,13.5,29.4,0.0,23,296,10
2025-10-24 00:00:00,0.0,1,14.7,29.5,0.0,0,297,10
2025-10-24 01:00:00,0.0,4,13.5,28.8,0.0,1,297,10
2025-10-24 02:00:00,0.0,0,13.4,28.3,0.0,2,297,10
2025-10-24 03:00:00,0.0,1,13.1,27.9,0.0,3,297,10
2025-10-24 04:00:00,0.0,4,13.1,27.5,0.0,4,297,10
2025-10-24 05:00:00,0.0,0,13.6,27.4,0.0,5,297,10
2025-10-24 06:00:00,0.0,3,13.7,27.3,0.0,6,297,10
2025-10-24 07:00:00,30.0,19,11.5,27.4,0.9069295896988261,7,297,10
2025-10-24 08:00:00,182.0,20,11.0,28.5,5.430068825758399,8,297,10
2025-10-24 09:00:00,387.0,16,12.8,30.3,11.926175763205359,9,297,10
2025-10-24 10:00:00,575.0,1,12.7,32.0,22.5622811435715,10,297,10
2025-10-24 11:00:00,709.0,16,11.0,33.4,24.775799131237974,11,297,10
2025-10-24 12:00:00,767.0,37,11.2,34.5,19.86629894430154,12,297,10
2025-10-24 13:00:00,642.0,31,9.7,34.8,18.109364020524154,13,297,10
2025-10-24 14:00:00,599.0,47,8.9,35.1,15.200385733273254,14,297,10
2025-10-24 15:00:00,504.0,41,9.5,34.9,13.1403108480945,15,297,10
2025-10-24 16:00:00,339.0,13,10.0,34.5,10.575544845110874,16,297,10
2025-10-24 17:00:00,146.0,17,9.7,34.5,4.282173222607169,17,297,10
2025-10-24 18:00:00,15.0,21,6.7,33.8,0.43515337605339827,18,297,10
2025-10-24 19:00:00,0.0,20,8.2,33.0,0.0,19,297,10
2025-10-24 20:00:00,0.0,7,8.1,32.2,0.0,20,297,10
2025-10-24 21:00:00,0.0,6,8.4,31.4,0.0,21,297,10
2025-10-24 22:00:00,0.0,2,9.2,30.5,0.0,22,297,10
2025-10-24 23:00:00,0.0,0,9.3,29.9,0.0,23,297,10
2025-10-25 00:00:00,0.0,5,10.3,28.9,0.0,0,298,10
2025-10-25 01:00:00,0.0,12,11.6,28.1,0.0,1,298,10
2025-10-25 02:00:00,0.0,1,13.3,27.9,0.0,2,298,10
2025-10-25 03:00:00,0.0,0,13.8,27.8,0.0,3,298,10
2025-10-25 04:00:00,0.0,1,13.7,27.5,0.0,4,298,10
2025-10-25 05:00:00,0.0,6,15.1,27.7,0.0,5,298,10
2025-10-25 06:00:00,0.0,9,14.1,27.4,0.0,6,298,10
2025-10-25 07:00:00,32.0,4,11.6,27.5,1.0968312616363012,7,298,10
2025-10-25 08:00:00,195.0,2,11.9,28.6,6.276885232887098,8,298,10
2025-10-25 09:00:00,400.0,0,13.3,30.3,11.982983607973035,9,298,10
2025-10-25 10:00:00,580.0,0,13.5,32.1,19.26137786750018,10,298,10
2025-10-25 11:00:00,709.0,24,11.3,33.0,21.129857085988768,11,298,10
2025-10-25 12:00:00,699.0,11,12.2,34.2,22.342737148676818,12,298,10
2025-10-25 13:00:00,731.0,65,16.9,33.3,14.665187927936426,13,298,10
2025-10-25 14:00:00,467.0,28,6.9,30.2,14.002056911392346,14,298,10
2025-10-25 15:00:00,490.0,13,10.0,32.4,16.07560825586889,15,298,10
2025-10-25 16:00:00,334.0,15,11.7,32.7,11.041874524077173,16,298,10
2025-10-25 17:00:00,149.0,5,8.3,32.8,4.3905221937921635,17,298,10
2025-10-25 18:00:00,15.0,3,7.7,31.9,0.4900137583071426,18,298,10
2025-10-25 19:00:00,0.0,6,6.8,31.0,0.0,19,298,10
2025-10-25 20:00:00,0.0,2,8.3,30.5,0.0,20,298,10
2025-10-25 21:00:00,0.0,2,8.1,30.0,0.0,21,298,10
2025-10-25 22:00:00,0.0,1,9.0,29.2,0.0,22,298,10
2025-10-25 23:00:00,0.0,98,7.9,28.4,0.0,23,298,10
2025-10-26 00:00:00,0.0,100,8.0,28.2,0.0,0,299,10
2025-10-26 01:00:00,0.0,100,8.3,27.9,0.0,1,299,10
2025-10-26 02:00:00,0.0,99,19.6,24.5,0.0,2,299,10
2025-10-26 03:00:00,0.0,100,8.6,24.4,0.0,3,299,10
2025-10-26 04:00:00,0.0,100,9.1,24.5,0.0,4,299,10
2025-10-26 05:00:00,0.0,100,9.0,24.5,0.0,5,299,10
2025-10-26 06:00:00,0.0,100,9.1,24.4,0.0,6,299,10
2025-10-26 07:00:00,24.0,91,8.6,24.7,0.45078971433136794,7,299,10
2025-10-26 08:00:00,169.0,39,10.3,26.0,4.904226708106858,8,299,10
2025-10-26 09:00:00,350.0,100,13.5,27.6,5.486947262997555,9,299,10
2025-10-26 10:00:00,325.0,100,14.2,28.1,4.941217160482232,10,299,10
2025-10-26 11:00:00,395.0,100,15.3,27.9,5.292913542283826,11,299,10
2025-10-26 12:00:00,338.0,100,15.3,26.9,4.8316995877617055,12,299,10
2025-10-26 13:00:00,354.0,100,14.2,27.3,5.045734709960036,13,299,10
2025-10-26 14:00:00,326.0,100,14.8,27.5,4.8690004672540566,14,299,10
2025-10-26 15:00:00,226.0,100,12.6,27.2,3.529594975781369,15,299,10
2025-10-26 16:00:00,181.0,100,11.3,27.0,2.8640116308460386,16,299,10
2025-10-26 17:00:00,75.0,100,8.8,28.1,1.128745870946164,17,299,10
2025-10-26 18:00:00,10.0,100,8.7,27.7,0.14814558276528317,18,299,10
2025-10-26 19:00:00,0.0,100,9.2,27.5,0.0,19,299,10
2025-10-26 20:00:00,0.0,100,9.2,27.2,0.0,20,299,10
2025-10-26 21:00:00,0.0,100,11.1,26.7,0.0,21,299,10
2025-10-26 22:00:00,0.0,100,10.4,26.0,0.0,22,299,10
2025-10-26 23:00:00,0.0,100,10.9,25.5,0.0,23,299,10
2025-10-27 00:00:00,0.0,100,11.1,25.1,0.0,0,300,10
2025-10-27 01:00:00,0.0,100,10.9,24.6,0.0,1,300,10
2025-10-27 02:00:00,0.0,100,11.1,24.4,0.0,2,300,10
2025-10-27 03:00:00,0.0,100,13.3,24.1,0.0,3,300,10
2025-10-27 04:00:00,0.0,100,12.1,23.8,0.0,4,300,10
2025-10-27 05:00:00,0.0,100,12.6,23.6,0.0,5,300,10
2025-10-27 06:00:00,0.0,100,12.5,23.5,0.0,6,300,10
2025-10-27 07:00:00,6.0,100,13.4,23.6,0.09232822263423772,7,300,10
2025-10-27 08:00:00,40.0,100,12.0,23.9,0.6037612208775188,8,300,10
2025-10-27 09:00:00,123.0,100,12.9,24.1,1.9567051141964582,9,300,10
2025-10-27 10:00:00,48.0,100,12.5,24.0,0.7404973289148903,10,300,10
2025-10-27 11:00:00,179.0,100,10.9,24.9,2.9497718315801493,11,300,10
2025-10-27 12:00:00,139.0,100,9.2,25.3,1.934420554899777,12,300,10
2025-10-27 13:00:00,151.0,100,9.8,25.5,2.284508565244292,13,300,10
2025-10-27 14:00:00,128.0,100,9.4,25.7,1.9832403924198712,14,300,10
2025-10-27 15:00:00,108.0,100,9.4,25.7,1.827801340345343,15,300,10
2025-10-27 16:00:00,116.0,100,8.3,25.7,1.7774366421500158,16,300,10
2025-10-27 17:00:00,41.0,100,9.2,25.6,0.5895124538487208,17,300,10
2025-10-27 18:00:00,9.0,100,10.6,25.2,0.15253837955575525,18,300,10
2025-10-27 19:00:00,0.0,100,11.2,25.0,0.0,19,300,10
2025-10-27 20:00:00,0.0,100,13.8,24.7,0.0,20,300,10
2025-10-27 21:00:00,0.0,100,13.8,24.0,0.0,21,300,10
2025-10-27 22:00:00,0.0,100,18.1,23.6,0.0,22,300,10
2025-10-27 23:00:00,0.0,100,15.1,23.7,0.0,23,300,10
2025-10-28 00:00:00,0.0,100,17.0,23.7,0.0,0,301,10
2025-10-28 01:00:00,0.0,100,13.9,23.6,0.0,1,301,10
2025-10-28 02:00:00,0.0,100,11.6,23.3,0.0,2,301,10
2025-10-28 03:00:00,0.0,100,12.1,23.1,0.0,3,301,10
2025-10-28 04:00:00,0.0,100,12.7,23.0,0.0,4,301,10
2025-10-28 05:00:00,0.0,100,12.5,22.8,0.0,5,301,10
2025-10-28 06:00:00,0.0,100,13.9,22.8,0.0,6,301,10
2025-10-28 07:00:00,11.0,100,12.0,22.9,0.16224042849237946,7,301,10
2025-10-28 08:00:00,66.0,100,11.0,23.4,1.030535202888089,8,301,10
2025-10-28 09:00:00,148.0,100,9.4,24.2,2.2571001642103443,9,301,10
2025-10-28 10:00:00,228.0,100,13.7,25.2,3.6275685822802815,10,301,10
2025-10-28 11:00:00,155.0,100,14.0,25.6,2.500732974617889,11,301,10
2025-10-28 12:00:00,154.0,100,12.3,25.5,2.244154684324772,12,301,10
2025-10-28 13:00:00,136.0,100,10.6,25.2,2.319534099155066,13,301,10
2025-10-28 14:00:00,233.0,98,11.1,26.0,3.6203799430341563,14,301,10
2025-10-28 15:00:00,361.0,82,12.0,27.6,6.882861190467731,15,301,10
2025-10-28 16:00:00,234.0,97,11.0,27.6,4.236462234160472,16,301,10
2025-10-28 17:00:00,107.0,91,10.9,25.4,1.8342902024136585,17,301,10
2025-10-28 18:00:00,11.0,100,11.8,25.0,0.16056116739202225,18,301,10
2025-10-28 19:00:00,0.0,99,13.1,24.8,0.0,19,301,10
2025-10-28 20:00:00,0.0,100,12.3,24.6,0.0,20,301,10
2025-10-28 21:00:00,0.0,99,13.1,24.4,0.0,21,301,10
2025-10-28 22:00:00,0.0,100,13.0,24.3,0.0,22,301,10
2025-10-28 23:00:00,0.0,100,14.0,23.9,0.0,23,301,10
2025-10-29 00:00:00,0.0,100,13.7,23.7,0.0,0,302,10
2025-10-29 01:00:00,0.0,100,13.3,23.6,0.0,1,302,10
2025-10-29 02:00:00,0.0,100,14.3,23.0,0.0,2,302,10
2025-10-29 03:00:00,0.0,99,15.3,22.6,0.0,3,302,10
2025-10-29 04:00:00,0.0,100,13.8,22.6,0.0,4,302,10
2025-10-29 05:00:00,0.0,100,14.0,23.2,0.0,5,302,10
2025-10-29 06:00:00,0.0,100,13.5,23.1,0.0,6,302,10
2025-10-29 07:00:00,21.0,100,13.4,23.1,0.31609305621226585,7,302,10
2025-10-29 08:00:00,114.0,100,10.8,23.7,1.6709138117702949,8,302,10
2025-10-29 09:00:00,374.0,22,11.6,25.3,10.437751531121204,9,302,10
2025-10-29 10:00:00,532.0,13,11.5,26.9,17.319638974223846,10,302,10
2025-10-29 11:00:00,667.0,10,11.2,27.6,22.23509870513817,11,302,10
2025-10-29 12:00:00,733.0,41,11.9,28.7,18.435784513389258,12,302,10
2025-10-29 13:00:00,718.0,95,14.8,29.7,11.308618341266705,13,302,10
2025-10-29 14:00:00,484.0,99,13.9,29.8,7.378794031967711,14,302,10
2025-10-29 15:00:00,363.0,100,11.3,30.0,5.689693693718175,15,302,10
2025-10-29 16:00:00,245.0,100,8.0,30.0,3.7583636429328497,16,302,10
2025-10-29 17:00:00,63.0,100,12.5,27.4,0.8826215757133398,17,302,10
2025-10-29 18:00:00,4.0,99,10.6,27.1,0.06832642570415015,18,302,10
2025-10-29 19:00:00,0.0,100,10.2,26.5,0.0,19,302,10
2025-10-29 20:00:00,0.0,100,10.9,26.2,0.0,20,302,10
2025-10-29 21:00:00,0.0,100,11.4,25.9,0.0,21,302,10
2025-10-29 22:00:00,0.0,99,10.7,25.8,0.0,22,302,10
2025-10-29 23:00:00,0.0,100,14.5,25.9,0.0,23,302,10
2025-10-30 00:00:00,0.0,89,13.4,25.5,0.0,0,303,10
2025-10-30 01:00:00,0.0,100,11.9,25.1,0.0,1,303,10
2025-10-30 02:00:00,0.0,99,11.1,25.0,0.0,2,303,10
2025-10-30 03:00:00,0.0,100,10.0,24.9,0.0,3,303,10
2025-10-30 04:00:00,0.0,100,9.5,24.5,0.0,4,303,10
2025-10-30 05:00:00,0.0,100,11.2,25.0,0.0,5,303,10
2025-10-30 06:00:00,0.0,100,11.7,25.1,0.0,6,303,10
2025-10-30 07:00:00,8.0,100,10.9,25.2,0.11276446126226732,7,303,10
2025-10-30 08:00:00,55.0,100,10.4,25.4,0.8530222025630748,8,303,10
2025-10-30 09:00:00,186.0,100,9.6,26.4,2.715840117264846,9,303,10
2025-10-30 10:00:00,179.0,100,9.3,26.6,2.8635958278842293,10,303,10
2025-10-30 11:00:00,144.0,100,12.0,26.3,2.1535304359372565,11,303,10
2025-10-30 12:00:00,288.0,100,10.2,26.2,4.513907771477994,12,303,10
2025-10-30 13:00:00,120.0,100,6.8,25.6,1.911843697428898,13,303,10
2025-10-30 14:00:00,111.0,100,8.4,25.4,1.5242875394166493,14,303,10
2025-10-30 15:00:00,57.0,100,8.0,24.9,0.8025231765043076,15,303,10
2025-10-30 16:00:00,66.0,100,5.5,25.0,1.0698734254186966,16,303,10
2025-10-30 17:00:00,97.0,100,8.0,24.4,1.5993706475866607,17,303,10
2025-10-30 18:00:00,8.0,100,7.8,24.2,0.13019154252344725,18,303,10
2025-10-30 19:00:00,0.0,100,8.2,24.3,0.0,19,303,10
2025-10-30 20:00:00,0.0,100,7.3,24.3,0.0,20,303,10
2025-10-30 21:00:00,0.0,100,7.9,24.4,0.0,21,303,10
2025-10-30 22:00:00,0.0,100,7.7,24.2,0.0,22,303,10
2025-10-30 23:00:00,0.0,98,9.3,23.6,0.0,23,303,10
2025-10-31 00:00:00,0.0,79,10.0,23.6,0.0,0,304,10
2025-10-31 01:00:00,0.0,100,10.1,23.5,0.0,1,304,10
2025-10-31 02:00:00,0.0,100,10.5,23.6,0.0,2,304,10
2025-10-31 03:00:00,0.0,100,10.2,23.4,0.0,3,304,10
2025-10-31 04:00:00,0.0,95,12.4,23.4,0.0,4,304,10
2025-10-31 05:00:00,0.0,98,12.9,22.9,0.0,5,304,10
2025-10-31 06:00:00,0.0,100,11.7,23.0,0.0,6,304,10
2025-10-31 07:00:00,10.0,84,11.3,23.3,0.1851937358990491,7,304,10
2025-10-31 08:00:00,125.0,100,9.2,24.0,1.9708403109050676,8,304,10
2025-10-31 09:00:00,105.0,100,7.9,24.3,1.4798764659135084,9,304,10
2025-10-31 10:00:00,529.0,100,12.1,26.7,8.3540813908677,10,304,10
2025-10-31 11:00:00,312.0,100,11.6,26.6,5.162249933979332,11,304,10
2025-10-31 12:00:00,417.0,100,10.8,27.1,6.784702508730067,12,304,10
2025-10-31 13:00:00,358.0,100,6.4,27.4,5.351005870584555,13,304,10
2025-10-31 14:00:00,203.0,99,4.8,27.0,3.033373652495218,14,304,10
2025-10-31 15:00:00,282.0,100,4.0,27.4,4.253199902882883,15,304,10
2025-10-31 16:00:00,207.0,100,5.6,27.4,3.2904638065863727,16,304,10
2025-10-31 17:00:00,83.0,100,6.6,26.5,1.2847645608253602,17,304,10
2025-10-31 18:00:00,4.0,100,7.5,25.9,0.061970199176315056,18,304,10
2025-10-31 19:00:00,0.0,100,9.0,25.3,0.0,19,304,10
2025-10-31 20:00:00,0.0,100,7.1,25.3,0.0,20,304,10
2025-10-31 21:00:00,0.0,100,8.1,25.0,0.0,21,304,10
2025-10-31 22:00:00,0.0,91,8.5,24.8,0.0,22,304,10
2025-10-31 23:00:00,0.0,100,8.4,25.2,0.0,23,304,10
2025-11-01 00:00:00,0.0,100,9.6,25.1,0.0,0,305,11
2025-11-01 01:00:00,0.0,98,8.3,24.9,0.0,1,305,11
2025-11-01 02:00:00,0.0,84,7.9,24.7,0.0,2,305,11
2025-11-01 03:00:00,0.0,99,6.3,24.6,0.0,3,305,11
2025-11-01 04:00:00,0.0,100,4.4,24.3,0.0,4,305,11
2025-11-01 05:00:00,0.0,91,6.5,23.9,0.0,5,305,11
2025-11-01 06:00:00,0.0,77,6.3,24.0,0.0,6,305,11
2025-11-01 07:00:00,22.0,97,7.4,24.1,0.38014871395135236,7,305,11
2025-11-01 08:00:00,169.0,100,6.9,25.2,2.5332324036706453,8,305,11
2025-11-01 09:00:00,287.0,84,10.2,26.4,5.166387114741451,9,305,11
2025-11-01 10:00:00,424.0,73,6.4,27.3,8.832966383122056,10,305,11
2025-11-01 11:00:00,415.0,100,9.7,28.3,6.516205037877236,11,305,11
2025-11-01 12:00:00,227.0,91,4.9,27.3,3.6001519752320705,12,305,11
2025-11-01 13:00:00,413.0,81,7.5,27.9,7.365019407096833,13,305,11
2025-11-01 14:00:00,474.0,98,6.0,28.0,7.267929710812157,14,305,11
2025-11-01 15:00:00,427.0,100,3.5,28.6,6.817675431068252,15,305,11
2025-11-01 16:00:00,223.0,45,1.8,28.6,5.927797869616012,16,305,11
2025-11-01 17:00:00,110.0,99,3.3,27.0,1.6053358800652104,17,305,11
2025-11-01 18:00:00,9.0,100,4.4,26.4,0.13081644013534155,18,305,11
2025-11-01 19:00:00,0.0,100,4.5,26.1,0.0,19,305,11
2025-11-01 20:00:00,0.0,100,5.8,25.9,0.0,20,305,11
2025-11-01 21:00:00,0.0,99,5.8,25.6,0.0,21,305,11
2025-11-01 22:00:00,0.0,92,5.2,25.4,0.0,22,305,11
2025-11-01 23:00:00,0.0,19,3.1,25.3,0.0,23,305,11
2025-11-02 00:00:00,0.0,83,4.9,25.7,0.0,0,306,11
2025-11-02 01:00:00,0.0,100,6.2,25.2,0.0,1,306,11
2025-11-02 02:00:00,0.0,97,4.4,25.0,0.0,2,306,11
2025-11-02 03:00:00,0.0,100,5.2,24.8,0.0,3,306,11
2025-11-02 04:00:00,0.0,100,5.4,24.7,0.0,4,306,11
2025-11-02 05:00:00,0.0,100,6.0,24.5,0.0,5,306,11
2025-11-02 06:00:00,0.0,87,6.3,24.7,0.0,6,306,11
2025-11-02 07:00:00,24.0,33,6.7,25.0,0.7025026099935013,7,306,11
2025-11-02 08:00:00,163.0,66,6.4,26.0,3.642070452331154,8,306,11
2025-11-02 09:00:00,290.0,74,6.2,27.0,5.7131061500075555,9,306,11
2025-11-02 10:00:00,434.0,45,6.0,28.0,10.576812826567771,10,306,11
2025-11-02 11:00:00,566.0,32,7.9,28.2,16.387081078450375,11,306,11
2025-11-02 12:00:00,630.0,26,5.5,29.4,17.45253391563565,12,306,11
2025-11-02 13:00:00,653.0,20,4.0,30.3,17.589089281639396,13,306,11
2025-11-02 14:00:00,594.0,18,4.6,30.8,17.019312487290794,14,306,11
2025-11-02 15:00:00,464.0,27,5.8,30.7,12.971215188038984,15,306,11
2025-11-02 16:00:00,290.0,21,8.3,29.1,8.337261451392877,16,306,11
2025-11-02 17:00:00,114.0,13,3.5,27.5,3.7446687064146267,17,306,11
2025-11-02 18:00:00,9.0,5,5.9,26.9,0.3017990796171089,18,306,11
2025-11-02 19:00:00,0.0,2,6.3,26.5,0.0,19,306,11
2025-11-02 20:00:00,0.0,6,5.6,26.4,0.0,20,306,11
2025-11-02 21:00:00,0.0,2,7.5,26.2,0.0,21,306,11
2025-11-02 22:00:00,0.0,25,8.9,25.9,0.0,22,306,11
2025-11-02 23:00:00,0.0,35,6.1,24.9,0.0,23,306,11
2025-11-03 00:00:00,0.0,20,7.4,25.1,0.0,0,307,11
2025-11-03 01:00:00,0.0,66,4.5,24.9,0.0,1,307,11
2025-11-03 02:00:00,0.0,16,2.2,24.8,0.0,2,307,11
2025-11-03 03:00:00,0.0,28,1.4,24.4,0.0,3,307,11
2025-11-03 04:00:00,0.0,100,2.0,24.4,0.0,4,307,11
2025-11-03 05:00:00,0.0,15,5.2,23.9,0.0,5,307,11
2025-11-03 06:00:00,0.0,38,3.5,24.0,0.0,6,307,11
2025-11-03 07:00:00,22.0,19,3.9,24.2,0.7174099488644649,7,307,11
2025-11-03 08:00:00,154.0,25,3.4,25.3,4.338981612388083,8,307,11
2025-11-03 09:00:00,329.0,56,6.6,27.0,6.84398047713286,9,307,11
2025-11-03 10:00:00,417.0,20,7.1,28.2,10.932307107261767,10,307,11
2025-11-03 11:00:00,626.0,15,10.0,29.6,18.36646758905033,11,307,11
2025-11-03 12:00:00,689.0,15,10.8,30.3,21.298515828522326,12,307,11
2025-11-03 13:00:00,681.0,20,10.3,30.7,21.879213149440055,13,307,11
2025-11-03 14:00:00,596.0,23,10.3,30.8,17.451518442138582,14,307,11
2025-11-03 15:00:00,475.0,56,10.5,30.5,11.55331766900249,15,307,11
2025-11-03 16:00:00,230.0,58,8.5,29.4,5.281017230052029,16,307,11
2025-11-03 17:00:00,102.0,81,10.2,29.0,1.772816847035084,17,307,11
2025-11-03 18:00:00,8.0,20,11.4,27.5,0.25216823948280687,18,307,11
2025-11-03 19:00:00,0.0,60,12.1,27.0,0.0,19,307,11
2025-11-03 20:00:00,0.0,27,10.4,26.4,0.0,20,307,11
2025-11-03 21:00:00,0.0,44,8.9,26.0,0.0,21,307,11
2025-11-03 22:00:00,0.0,34,8.9,25.8,0.0,22,307,11
2025-11-03 23:00:00,0.0,11,9.9,25.2,0.0,23,307,11
2025-11-04 00:00:00,0.0,17,8.4,24.8,0.0,0,308,11
2025-11-04 01:00:00,0.0,9,8.4,24.7,0.0,1,308,11
2025-11-04 02:00:00,0.0,31,8.1,24.5,0.0,2,308,11
2025-11-04 03:00:00,0.0,98,8.5,24.3,0.0,3,308,11
2025-11-04 04:00:00,0.0,60,8.9,24.0,0.0,4,308,11
2025-11-04 05:00:00,0.0,82,8.6,24.1,0.0,5,308,11
2025-11-04 06:00:00,0.0,84,8.2,24.0,0.0,6,308,11
2025-11-04 07:00:00,22.0,60,7.6,23.9,0.510346747856159,7,308,11
2025-11-04 08:00:00,170.0,34,8.1,24.9,4.6758485718005005,8,308,11
2025-11-04 09:00:00,336.0,40,9.9,26.2,9.251845276124609,9,308,11
2025-11-04 10:00:00,454.0,34,8.3,27.3,13.638123892342954,10,308,11
2025-11-04 11:00:00,587.0,22,7.2,28.2,15.750163893480943,11,308,11
2025-11-04 12:00:00,679.0,16,7.0,29.0,20.145863367849746,12,308,11
2025-11-04 13:00:00,659.0,15,7.2,29.6,18.594096195051232,13,308,11
2025-11-04 14:00:00,631.0,3,6.3,30.1,20.869202489476912,14,308,11
2025-11-04 15:00:00,511.0,1,7.1,30.3,18.99070087384283,15,308,11
2025-11-04 16:00:00,332.0,0,6.3,29.9,11.37411786049854,16,308,11
2025-11-04 17:00:00,136.0,0,2.8,28.5,5.186465121792638,17,308,11
2025-11-04 18:00:00,9.0,1,2.6,27.7,0.29080086302119673,18,308,11
2025-11-04 19:00:00,0.0,1,4.0,27.1,0.0,19,308,11
2025-11-04 20:00:00,0.0,0,7.2,25.6,0.0,20,308,11
2025-11-04 21:00:00,0.0,0,7.9,24.6,0.0,21,308,11
2025-11-04 22:00:00,0.0,0,5.9,24.1,0.0,22,308,11
2025-11-04 23:00:00,0.0,0,5.4,24.0,0.0,23,308,11
2025-11-05 00:00:00,0.0,0,5.2,23.9,0.0,0,309,11
2025-11-05 01:00:00,0.0,0,3.2,23.5,0.0,1,309,11
2025-11-05 02:00:00,0.0,0,0.5,23.0,0.0,2,309,11
2025-11-05 03:00:00,0.0,100,4.4,22.5,0.0,3,309,11
2025-11-05 04:00:00,0.0,100,4.2,22.1,0.0,4,309,11
2025-11-05 05:00:00,0.0,100,6.2,22.7,0.0,5,309,11
2025-11-05 06:00:00,0.0,55,5.0,22.6,0.0,6,309,11
2025-11-05 07:00:00,22.0,93,5.2,22.3,0.3847672454148273,7,309,11
2025-11-05 08:00:00,172.0,81,6.1,23.3,3.1360784563856656,8,309,11
2025-11-05 09:00:00,370.0,58,4.1,24.8,8.909271919949107,9,309,11
2025-11-05 10:00:00,551.0,18,4.0,26.2,17.13278115613032,10,309,11
2025-11-05 11:00:00,687.0,0,3.6,28.2,22.075889134940684,11,309,11
2025-11-05 12:00:00,752.0,30,3.3,29.3,21.41635775105686,12,309,11
2025-11-05 13:00:00,738.0,63,2.9,30.0,18.018684460290434,13,309,11
2025-11-05 14:00:00,671.0,36,3.0,30.5,18.035756197992722,14,309,11
2025-11-05 15:00:00,525.0,3,3.2,30.6,17.236997803898173,15,309,11
2025-11-05 16:00:00,334.0,5,4.1,30.3,10.737232233349012,16,309,11
2025-11-05 17:00:00,134.0,0,1.9,29.0,4.423867938923982,17,309,11
2025-11-05 18:00:00,9.0,0,1.9,28.2,0.30956028434576605,18,309,11
2025-11-05 19:00:00,0.0,0,2.4,27.6,0.0,19,309,11
2025-11-05 20:00:00,0.0,0,6.9,26.3,0.0,20,309,11
2025-11-05 21:00:00,0.0,0,6.9,25.6,0.0,21,309,11
2025-11-05 22:00:00,0.0,0,6.9,25.4,0.0,22,309,11
2025-11-05 23:00:00,0.0,0,4.8,24.7,0.0,23,309,11
2025-11-06 00:00:00,0.0,0,3.9,24.6,0.0,0,310,11
2025-11-06 01:00:00,0.0,0,4.9,23.8,0.0,1,310,11
2025-11-06 02:00:00,0.0,0,6.4,23.2,0.0,2,310,11
2025-11-06 03:00:00,0.0,0,5.6,22.6,0.0,3,310,11
2025-11-06 04:00:00,0.0,0,6.2,21.6,0.0,4,310,11
2025-11-06 05:00:00,0.0,0,5.1,21.5,0.0,5,310,11
2025-11-06 06:00:00,0.0,0,5.0,21.9,0.0,6,310,11
2025-11-06 07:00:00,23.0,0,6.8,21.8,0.7979244760304499,7,310,11
2025-11-06 08:00:00,179.0,0,5.8,23.0,6.278984421210558,8,310,11
2025-11-06 09:00:00,383.0,0,4.7,25.4,13.617648123548394,9,310,11
2025-11-06 10:00:00,564.0,0,5.6,27.3,19.330654228536968,10,310,11
2025-11-06 11:00:00,695.0,0,5.3,28.9,24.370836525186405,11,310,11
2025-11-06 12:00:00,762.0,0,5.1,29.9,26.0713855554677,12,310,11
2025-11-06 13:00:00,754.0,0,5.2,30.6,26.12448695928499,13,310,11
2025-11-06 14:00:00,674.0,0,5.3,30.8,23.02392100501376,14,310,11
2025-11-06 15:00:00,531.0,0,5.3,30.6,18.637557677306276,15,310,11
2025-11-06 16:00:00,342.0,0,5.4,30.1,11.6809901565177,16,310,11
2025-11-06 17:00:00,138.0,0,4.9,28.3,4.472749558323079,17,310,11
2025-11-06 18:00:00,9.0,0,4.5,27.0,0.2931728520889165,18,310,11
2025-11-06 19:00:00,0.0,0,3.9,25.8,0.0,19,310,11
2025-11-06 20:00:00,0.0,0,3.8,24.9,0.0,20,310,11
2025-11-06 21:00:00,0.0,0,5.6,24.2,0.0,21,310,11
2025-11-06 22:00:00,0.0,0,4.7,23.4,0.0,22,310,11
2025-11-06 23:00:00,0.0,0,4.9,22.3,0.0,23,310,11
2025-11-07 00:00:00,0.0,0,5.4,22.1,0.0,0,311,11
2025-11-07 01:00:00,0.0,0,6.5,21.1,0.0,1,311,11
2025-11-07 02:00:00,0.0,0,8.1,20.0,0.0,2,311,11
2025-11-07 03:00:00,0.0,0,9.4,19.2,0.0,3,311,11
2025-11-07 04:00:00,0.0,0,8.9,18.9,0.0,4,311,11
2025-11-07 05:00:00,0.0,0,9.3,19.1,0.0,5,311,11
2025-11-07 06:00:00,0.0,0,9.9,19.1,0.0,6,311,11
2025-11-07 07:00:00,24.0,0,9.9,19.1,0.8393713242969624,7,311,11
2025-11-07 08:00:00,186.0,0,9.6,20.5,6.1595378281744555,8,311,11
2025-11-07 09:00:00,396.0,0,5.9,22.6,12.093396912441909,9,311,11
2025-11-07 10:00:00,581.0,0,6.1,25.0,18.453620495183973,10,311,11
2025-11-07 11:00:00,713.0,0,6.3,27.6,26.703318195834953,11,311,11
2025-11-07 12:00:00,779.0,0,6.5,29.0,24.958561534572652,12,311,11
2025-11-07 13:00:00,770.0,0,6.5,29.7,22.67389615227143,13,311,11
2025-11-07 14:00:00,689.0,0,6.7,29.9,24.66649638858806,14,311,11
2025-11-07 15:00:00,544.0,0,7.3,29.6,19.343521884574187,15,311,11
2025-11-07 16:00:00,350.0,0,6.3,28.8,12.773990371620638,16,311,11
2025-11-07 17:00:00,140.0,0,4.3,27.3,4.979937594124143,17,311,11
2025-11-07 18:00:00,9.0,0,4.7,26.3,0.27591711772723293,18,311,11
2025-11-07 19:00:00,0.0,0,5.6,24.9,0.0,19,311,11
2025-11-07 20:00:00,0.0,0,3.6,23.3,0.0,20,311,11
2025-11-07 21:00:00,0.0,0,3.1,22.4,0.0,21,311,11
2025-11-07 22:00:00,0.0,0,3.5,21.8,0.0,22,311,11
2025-11-07 23:00:00,0.0,0,4.4,20.3,0.0,23,311,11
2025-11-08 00:00:00,0.0,0,5.0,20.3,0.0,0,312,11
2025-11-08 01:00:00,0.0,0,6.4,19.7,0.0,1,312,11
2025-11-08 02:00:00,0.0,0,7.0,18.7,0.0,2,312,11
2025-11-08 03:00:00,0.0,0,7.7,17.9,0.0,3,312,11
2025-11-08 04:00:00,0.0,0,8.4,17.2,0.0,4,312,11
2025-11-08 05:00:00,0.0,0,8.4,17.3,0.0,5,312,11
2025-11-08 06:00:00,0.0,0,8.9,17.2,0.0,6,312,11
2025-11-08 07:00:00,23.0,0,9.1,17.1,0.7427330473113637,7,312,11
2025-11-08 08:00:00,185.0,0,8.2,18.4,6.213272806570221,8,312,11
2025-11-08 09:00:00,395.0,0,4.8,21.0,14.669363224148185,9,312,11
2025-11-08 10:00:00,580.0,0,3.8,23.9,19.973946965362934,10,312,11
2025-11-08 11:00:00,712.0,0,3.6,27.1,21.83515436707048,11,312,11
2025-11-08 12:00:00,777.0,0,3.4,28.8,26.29189554933998,12,312,11
2025-11-08 13:00:00,768.0,0,3.5,29.5,26.97818399052921,13,312,11
2025-11-08 14:00:00,686.0,0,5.0,29.7,24.27817928855379,14,312,11
2025-11-08 15:00:00,540.0,0,6.4,29.5,17.864549428795343,15,312,11
2025-11-08 16:00:00,347.0,0,6.7,28.9,12.081667915585845,16,312,11
2025-11-08 17:00:00,138.0,0,8.5,27.1,4.882249247990476,17,312,11
2025-11-08 18:00:00,8.0,0,8.0,26.1,0.2846236850276307,18,312,11
2025-11-08 19:00:00,0.0,0,7.4,25.4,0.0,19,312,11
2025-11-08 20:00:00,0.0,0,7.1,24.4,0.0,20,312,11
2025-11-08 21:00:00,0.0,0,7.6,23.5,0.0,21,312,11
2025-11-08 22:00:00,0.0,0,5.6,22.7,0.0,22,312,11
2025-11-08 23:00:00,0.0,0,4.2,21.0,0.0,23,312,11
2025-11-09 00:00:00,0.0,0,4.1,20.7,0.0,0,313,11
2025-11-09 01:00:00,0.0,0,8.8,19.5,0.0,1,313,11
2025-11-09 02:00:00,0.0,0,8.4,19.6,0.0,2,313,11
2025-11-09 03:00:00,0.0,0,7.2,19.4,0.0,3,313,11
2025-11-09 04:00:00,0.0,0,8.2,17.4,0.0,4,313,11
2025-11-09 05:00:00,0.0,0,6.8,17.2,0.0,5,313,11
2025-11-09 06:00:00,0.0,0,7.9,17.1,0.0,6,313,11
2025-11-09 07:00:00,22.0,0,8.4,16.8,0.7332466993169234,7,313,11
2025-11-09 08:00:00,179.0,0,6.8,18.5,5.79404747164242,8,313,11
2025-11-09 09:00:00,387.0,0,3.6,21.2,14.301522199399196,9,313,11
2025-11-09 10:00:00,571.0,0,2.7,24.3,19.4638626892446,10,313,11
2025-11-09 11:00:00,702.0,0,3.7,27.5,22.310981588136425,11,313,11
2025-11-09 12:00:00,768.0,0,3.2,29.1,25.66719087701222,12,313,11
2025-11-09 13:00:00,760.0,0,1.4,29.7,28.570858852068334,13,313,11
2025-11-09 14:00:00,679.0,0,2.3,29.8,21.93601996150541,14,313,11
2025-11-09 15:00:00,533.0,0,3.9,29.7,18.455244935432425,15,313,11
2025-11-09 16:00:00,341.0,0,5.3,29.2,11.513061368316858,16,313,11
2025-11-09 17:00:00,135.0,0,7.9,28.1,4.5135170686600015,17,313,11
2025-11-09 18:00:00,8.0,0,7.9,27.2,0.31904033859952713,18,313,11
2025-11-09 19:00:00,0.0,0,7.9,26.1,0.0,19,313,11
2025-11-09 20:00:00,0.0,0,8.0,24.7,0.0,20,313,11
2025-11-09 21:00:00,0.0,0,7.3,24.2,0.0,21,313,11
2025-11-09 22:00:00,0.0,0,5.2,24.0,0.0,22,313,11
2025-11-09 23:00:00,0.0,0,4.3,22.4,0.0,23,313,11
2025-11-10 00:00:00,0.0,0,5.7,21.0,0.0,0,314,11
2025-11-10 01:00:00,0.0,0,6.7,19.8,0.0,1,314,11
2025-11-10 02:00:00,0.0,0,7.4,19.1,0.0,2,314,11
2025-11-10 03:00:00,0.0,0,8.3,18.6,0.0,3,314,11
2025-11-10 04:00:00,0.0,0,6.9,18.5,0.0,4,314,11
2025-11-10 05:00:00,0.0,0,7.0,18.2,0.0,5,314,11
2025-11-10 06:00:00,0.0,0,7.7,17.8,0.0,6,314,11
2025-11-10 07:00:00,21.0,0,7.3,17.5,0.6954170963697853,7,314,11
2025-11-10 08:00:00,177.0,0,5.2,19.4,6.094687186195328,8,314,11
2025-11-10 09:00:00,384.0,0,3.1,22.3,13.643573656294992,9,314,11
2025-11-10 10:00:00,567.0,0,3.6,25.3,18.920917862814143,10,314,11
2025-11-10 11:00:00,698.0,0,3.5,27.8,23.39235086912662,11,314,11
2025-11-10 12:00:00,763.0,0,3.9,29.4,26.16214446122592,12,314,11
2025-11-10 13:00:00,754.0,0,3.2,29.8,25.095603965526166,13,314,11
2025-11-10 14:00:00,674.0,0,2.8,30.0,23.966122765683387,14,314,11
2025-11-10 15:00:00,529.0,0,2.6,29.8,18.187423803980973,15,314,11
2025-11-10 16:00:00,337.0,0,3.0,29.4,11.691253103980772,16,314,11
2025-11-10 17:00:00,132.0,0,6.4,28.1,4.555447628359542,17,314,11
2025-11-10 18:00:00,7.0,0,3.3,26.8,0.2300579613111308,18,314,11
2025-11-10 19:00:00,0.0,0,2.2,26.0,0.0,19,314,11
2025-11-10 20:00:00,0.0,0,4.3,25.6,0.0,20,314,11
2025-11-10 21:00:00,0.0,0,2.7,25.6,0.0,21,314,11
2025-11-10 22:00:00,0.0,0,1.4,24.2,0.0,22,314,11
2025-11-10 23:00:00,0.0,0,0.4,22.6,0.0,23,314,11
2025-11-11 00:00:00,0.0,0,1.8,22.5,0.0,0,315,11
2025-11-11 01:00:00,0.0,0,2.5,21.5,0.0,1,315,11
2025-11-11 02:00:00,0.0,0,3.9,20.5,0.0,2,315,11
2025-11-11 03:00:00,0.0,0,6.4,19.4,0.0,3,315,11
2025-11-11 04:00:00,0.0,0,6.9,18.8,0.0,4,315,11
2025-11-11 05:00:00,0.0,0,7.3,18.0,0.0,5,315,11
2025-11-11 06:00:00,0.0,0,7.8,17.8,0.0,6,315,11
2025-11-11 07:00:00,20.0,0,7.4,17.8,0.6504267327821198,7,315,11
2025-11-11 08:00:00,173.0,0,5.5,19.8,6.04409473069369,8,315,11
2025-11-11 09:00:00,378.0,0,3.3,23.0,12.46278357861088,9,315,11
2025-11-11 10:00:00,559.0,0,4.2,26.0,19.763001082351316,10,315,11
2025-11-11 11:00:00,689.0,0,3.8,28.4,24.6346337628028,11,315,11
2025-11-11 12:00:00,756.0,0,3.1,29.6,24.608112421881273,12,315,11
2025-11-11 13:00:00,748.0,0,2.7,30.1,26.325490737773613,13,315,11
2025-11-11 14:00:00,668.0,0,2.3,30.2,22.643700197226632,14,315,11
2025-11-11 15:00:00,524.0,0,2.6,30.2,16.945300324168688,15,315,11
2025-11-11 16:00:00,333.0,0,3.3,29.7,10.913620645858927,16,315,11
2025-11-11 17:00:00,130.0,0,4.9,28.1,4.612633748132599,17,315,11
2025-11-11 18:00:00,7.0,0,2.2,26.8,0.23714316794837523,18,315,11
2025-11-11 19:00:00,0.0,0,3.7,26.0,0.0,19,315,11
2025-11-11 20:00:00,0.0,0,5.5,25.7,0.0,20,315,11
2025-11-11 21:00:00,0.0,0,6.2,25.5,0.0,21,315,11
2025-11-11 22:00:00,0.0,0,6.0,24.6,0.0,22,315,11
2025-11-11 23:00:00,0.0,0,4.9,23.7,0.0,23,315,11
2025-11-12 00:00:00,0.0,0,5.0,23.1,0.0,0,316,11
2025-11-12 01:00:00,0.0,0,5.1,21.5,0.0,1,316,11
2025-11-12 02:00:00,0.0,0,6.7,20.5,0.0,2,316,11
2025-11-12 03:00:00,0.0,0,7.5,19.8,0.0,3,316,11
2025-11-12 04:00:00,0.0,0,8.1,19.3,0.0,4,316,11
2025-11-12 05:00:00,0.0,0,8.0,18.6,0.0,5,316,11
2025-11-12 06:00:00,0.0,0,8.2,18.3,0.0,6,316,11
2025-11-12 07:00:00,19.0,0,8.1,18.2,0.6791742793076395,7,316,11
2025-11-12 08:00:00,169.0,0,6.4,20.0,6.101090315671286,8,316,11
2025-11-12 09:00:00,373.0,0,3.9,23.0,12.666362963704302,9,316,11
2025-11-12 10:00:00,554.0,0,4.5,25.9,17.757483249781522,10,316,11
2025-11-12 11:00:00,683.0,0,5.6,28.3,23.081928072403937,11,316,11
2025-11-12 12:00:00,749.0,0,4.7,29.8,27.453637485099346,12,316,11
2025-11-12 13:00:00,741.0,0,3.8,30.2,23.113185210192846,13,316,11
2025-11-12 14:00:00,661.0,0,3.6,30.4,22.585260252012475,14,316,11
2025-11-12 15:00:00,519.0,0,4.2,30.3,15.843416933014849,15,316,11
2025-11-12 16:00:00,330.0,0,5.6,29.8,11.334967749822676,16,316,11
2025-11-12 17:00:00,128.0,0,7.1,28.7,4.411837150425986,17,316,11
2025-11-12 18:00:00,7.0,0,6.6,27.8,0.25841472351018724,18,316,11
2025-11-12 19:00:00,0.0,0,5.6,27.4,0.0,19,316,11
2025-11-12 20:00:00,0.0,0,5.6,27.0,0.0,20,316,11
2025-11-12 21:00:00,0.0,0,6.1,25.6,0.0,21,316,11
2025-11-12 22:00:00,0.0,0,6.3,23.8,0.0,22,316,11
2025-11-12 23:00:00,0.0,0,7.3,22.5,0.0,23,316,11
2025-11-13 00:00:00,0.0,0,7.2,22.4,0.0,0,317,11
2025-11-13 01:00:00,0.0,0,8.0,22.2,0.0,1,317,11
2025-11-13 02:00:00,0.0,0,7.9,21.6,0.0,2,317,11
2025-11-13 03:00:00,0.0,0,7.1,20.1,0.0,3,317,11
2025-11-13 04:00:00,0.0,0,8.3,18.9,0.0,4,317,11
2025-11-13 05:00:00,0.0,0,8.1,18.5,0.0,5,317,11
2025-11-13 06:00:00,0.0,0,8.2,18.6,0.0,6,317,11
2025-11-13 07:00:00,18.0,0,8.6,18.5,0.6162293150449109,7,317,11
2025-11-13 08:00:00,166.0,0,7.6,19.8,5.609468812580983,8,317,11
2025-11-13 09:00:00,369.0,0,4.8,22.5,13.529164098538207,9,317,11
2025-11-13 10:00:00,549.0,0,5.5,25.7,19.314745646284823,10,317,11
2025-11-13 11:00:00,679.0,0,6.7,28.4,19.434906199055547,11,317,11
2025-11-13 12:00:00,744.0,0,6.9,29.9,27.40824697304991,12,317,11
2025-11-13 13:00:00,736.0,0,6.9,30.3,23.488385064590823,13,317,11
2025-11-13 14:00:00,657.0,0,7.1,30.4,21.489774631432564,14,317,11
2025-11-13 15:00:00,515.0,0,7.6,30.2,16.79977554543483,15,317,11
2025-11-13 16:00:00,326.0,0,7.3,29.7,10.298132225950573,16,317,11
2025-11-13 17:00:00,126.0,0,6.8,29.0,4.367795415886834,17,317,11
2025-11-13 18:00:00,7.0,0,5.3,28.1,0.2682374958940006,18,317,11
2025-11-13 19:00:00,0.0,0,6.4,26.8,0.0,19,317,11
2025-11-13 20:00:00,0.0,0,6.7,26.0,0.0,20,317,11
2025-11-13 21:00:00,0.0,0,6.8,25.2,0.0,21,317,11
2025-11-13 22:00:00,0.0,0,6.4,24.5,0.0,22,317,11
2025-11-13 23:00:00,0.0,0,7.9,23.0,0.0,23,317,11
2025-11-14 00:00:00,0.0,0,9.6,22.0,0.0,0,318,11
2025-11-14 01:00:00,0.0,0,8.7,20.8,0.0,1,318,11
2025-11-14 02:00:00,0.0,0,8.9,19.6,0.0,2,318,11
2025-11-14 03:00:00,0.0,0,9.8,19.1,0.0,3,318,11
2025-11-14 04:00:00,0.0,0,10.2,18.5,0.0,4,318,11
2025-11-14 05:00:00,0.0,0,10.9,18.4,0.0,5,318,11
2025-11-14 06:00:00,0.0,0,11.2,18.6,0.0,6,318,11
2025-11-14 07:00:00,17.0,0,10.7,18.6,0.6022083476030233,7,318,11
2025-11-14 08:00:00,164.0,0,8.4,20.0,5.354350445685927,8,318,11
2025-11-14 09:00:00,367.0,0,8.3,22.2,13.419894983095409,9,318,11
2025-11-14 10:00:00,547.0,0,8.4,24.8,19.374111536695874,10,318,11
2025-11-14 11:00:00,676.0,0,8.9,27.8,24.088420661400725,11,318,11
2025-11-14 12:00:00,741.0,0,9.7,29.5,25.457192683160642,12,318,11
2025-11-14 13:00:00,734.0,0,9.9,30.2,27.174874782714976,13,318,11
2025-11-14 14:00:00,656.0,0,9.2,30.3,23.634082861254548,14,318,11
2025-11-14 15:00:00,515.0,0,9.0,30.2,20.208173210885704,15,318,11
2025-11-14 16:00:00,327.0,0,9.0,29.7,11.742749987514571,16,318,11
2025-11-14 17:00:00,126.0,0,8.0,28.8,4.353503130341843,17,318,11
2025-11-14 18:00:00,6.0,0,5.9,28.0,0.19338597338886887,18,318,11
2025-11-14 19:00:00,0.0,0,6.6,26.6,0.0,19,318,11
2025-11-14 20:00:00,0.0,0,7.4,25.6,0.0,20,318,11
2025-11-14 21:00:00,0.0,0,8.7,24.7,0.0,21,318,11
2025-11-14 22:00:00,0.0,0,8.5,23.8,0.0,22,318,11
2025-11-14 23:00:00,0.0,0,8.7,22.8,0.0,23,318,11
2025-11-15 00:00:00,0.0,0,10.0,21.7,0.0,0,319,11
2025-11-15 01:00:00,0.0,0,9.8,20.3,0.0,1,319,11
2025-11-15 02:00:00,0.0,0,8.5,19.5,0.0,2,319,11
2025-11-15 03:00:00,0.0,0,9.4,19.1,0.0,3,319,11
2025-11-15 04:00:00,0.0,0,9.8,18.5,0.0,4,319,11
2025-11-15 05:00:00,0.0,0,11.6,18.7,0.0,5,319,11
2025-11-15 06:00:00,0.0,0,12.0,18.6,0.0,6,319,11
2025-11-15 07:00:00,17.0,0,12.3,18.6,0.5902110917068545,7,319,11
2025-11-15 08:00:00,162.0,0,9.7,20.0,5.468669418545242,8,319,11
2025-11-15 09:00:00,363.0,0,10.2,22.1,11.612798357719441,9,319,11
2025-11-15 10:00:00,542.0,0,10.3,24.6,17.207708326398,10,319,11
2025-11-15 11:00:00,672.0,0,9.9,27.4,24.043307557042304,11,319,11
2025-11-15 12:00:00,737.0,0,9.7,29.0,27.34686621295349,12,319,11
2025-11-15 13:00:00,730.0,0,9.5,29.8,22.239527500718587,13,319,11
2025-11-15 14:00:00,651.0,0,8.7,30.1,20.697944758637483,14,319,11
2025-11-15 15:00:00,510.0,0,9.0,29.9,19.474092435227586,15,319,11
2025-11-15 16:00:00,323.0,0,9.0,29.4,10.380282235887819,16,319,11
2025-11-15 17:00:00,124.0,0,8.6,28.4,4.089419748921598,17,319,11
2025-11-15 18:00:00,6.0,0,7.4,27.4,0.20845525560395733,18,319,11
2025-11-15 19:00:00,0.0,0,8.4,26.2,0.0,19,319,11
2025-11-15 20:00:00,0.0,0,9.1,25.3,0.0,20,319,11
2025-11-15 21:00:00,0.0,0,10.1,24.3,0.0,21,319,11
2025-11-15 22:00:00,0.0,0,9.4,23.8,0.0,22,319,11
2025-11-15 23:00:00,0.0,0,10.0,23.1,0.0,23,319,11
2025-11-16 00:00:00,0.0,0,10.1,21.5,0.0,0,320,11
2025-11-16 01:00:00,0.0,0,11.1,20.6,0.0,1,320,11
2025-11-16 02:00:00,0.0,0,11.8,20.0,0.0,2,320,11
2025-11-16 03:00:00,0.0,0,12.3,19.6,0.0,3,320,11
2025-11-16 04:00:00,0.0,0,12.5,19.3,0.0,4,320,11
2025-11-16 05:00:00,0.0,0,11.8,18.6,0.0,5,320,11
2025-11-16 06:00:00,0.0,0,11.7,18.3,0.0,6,320,11
2025-11-16 07:00:00,16.0,0,11.7,18.2,0.5910980122139905,7,320,11
2025-11-16 08:00:00,162.0,0,9.0,19.5,5.88033334992655,8,320,11
2025-11-16 09:00:00,366.0,0,9.2,21.7,12.510004640535502,9,320,11
2025-11-16 10:00:00,547.0,0,9.2,24.3,19.16539657168496,10,320,11
2025-11-16 11:00:00,678.0,0,10.0,27.2,24.10854211547625,11,320,11
2025-11-16 12:00:00,744.0,0,12.3,28.8,26.24724238088515,12,320,11
2025-11-16 13:00:00,736.0,0,11.6,29.4,25.171789775197126,13,320,11
2025-11-16 14:00:00,658.0,0,10.9,29.6,22.703746607581905,14,320,11
2025-11-16 15:00:00,517.0,0,10.5,29.4,17.28438923775501,15,320,11
2025-11-16 16:00:00,329.0,0,10.3,29.0,11.185388765921047,16,320,11
2025-11-16 17:00:00,126.0,0,8.8,28.0,4.373221086401516,17,320,11
2025-11-16 18:00:00,6.0,0,6.5,27.2,0.22064275163033706,18,320,11
2025-11-16 19:00:00,0.0,0,7.7,26.1,0.0,19,320,11
2025-11-16 20:00:00,0.0,0,9.0,25.1,0.0,20,320,11
2025-11-16 21:00:00,0.0,0,9.3,24.2,0.0,21,320,11
2025-11-16 22:00:00,0.0,0,9.5,23.1,0.0,22,320,11
2025-11-16 23:00:00,0.0,0,10.6,21.8,0.0,23,320,11
2025-11-17 00:00:00,0.0,0,10.1,20.8,0.0,0,321,11
2025-11-17 01:00:00,0.0,0,9.5,19.8,0.0,1,321,11
2025-11-17 02:00:00,0.0,0,10.2,19.0,0.0,2,321,11
2025-11-17 03:00:00,0.0,0,10.6,18.4,0.0,3,321,11
2025-11-17 04:00:00,0.0,0,11.1,17.9,0.0,4,321,11
2025-11-17 05:00:00,0.0,0,11.1,17.7,0.0,5,321,11
2025-11-17 06:00:00,0.0,0,11.3,17.4,0.0,6,321,11
2025-11-17 07:00:00,16.0,0,11.0,17.2,0.611562242382892,7,321,11
2025-11-17 08:00:00,162.0,0,8.1,18.5,5.935263323634947,8,321,11
2025-11-17 09:00:00,368.0,0,8.3,20.8,12.113411010211754,9,321,11
2025-11-17 10:00:00,550.0,0,7.9,23.4,17.873996154054137,10,321,11
2025-11-17 11:00:00,681.0,0,8.5,26.5,23.808859073345094,11,321,11
2025-11-17 12:00:00,746.0,0,10.5,28.2,25.1659960332226,12,321,11
2025-11-17 13:00:00,739.0,0,9.5,28.9,25.165262048847428,13,321,11
2025-11-17 14:00:00,660.0,0,8.8,29.3,23.584269551323626,14,321,11
2025-11-17 15:00:00,517.0,0,8.4,29.3,15.993510922887006,15,321,11
2025-11-17 16:00:00,328.0,0,8.5,28.9,11.736670680935005,16,321,11
2025-11-17 17:00:00,125.0,0,7.5,28.0,4.130210045128424,17,321,11
2025-11-17 18:00:00,6.0,0,6.9,27.0,0.19372542030610032,18,321,11
2025-11-17 19:00:00,0.0,0,8.1,25.8,0.0,19,321,11
2025-11-17 20:00:00,0.0,0,8.0,24.8,0.0,20,321,11
2025-11-17 21:00:00,0.0,0,8.9,23.8,0.0,21,321,11
2025-11-17 22:00:00,0.0,0,9.4,23.1,0.0,22,321,11
2025-11-17 23:00:00,0.0,0,9.1,22.2,0.0,23,321,11
2025-11-18 00:00:00,0.0,0,9.6,21.2,0.0,0,322,11
2025-11-18 01:00:00,0.0,0,9.5,20.0,0.0,1,322,11
2025-11-18 02:00:00,0.0,0,9.1,18.8,0.0,2,322,11
2025-11-18 03:00:00,0.0,0,9.6,18.1,0.0,3,322,11
2025-11-18 04:00:00,0.0,0,10.0,17.7,0.0,4,322,11
2025-11-18 05:00:00,0.0,0,10.4,17.4,0.0,5,322,11
2025-11-18 06:00:00,0.0,0,10.6,17.1,0.0,6,322,11
2025-11-18 07:00:00,15.0,0,10.5,16.9,0.5559139447998316,7,322,11
2025-11-18 08:00:00,158.0,0,8.2,18.2,5.320089144831483,8,322,11
2025-11-18 09:00:00,361.0,0,8.1,20.6,12.858557324478584,9,322,11
2025-11-18 10:00:00,543.0,0,8.4,23.4,17.87999744890622,10,322,11
2025-11-18 11:00:00,675.0,0,8.5,26.4,23.786309642172952,11,322,11
2025-11-18 12:00:00,742.0,0,9.3,28.1,24.66352635880427,12,322,11
2025-11-18 13:00:00,735.0,0,8.7,28.8,22.749714198127624,13,322,11
2025-11-18 14:00:00,657.0,0,8.3,29.2,23.17775726894914,14,322,11
2025-11-18 15:00:00,515.0,0,8.1,29.2,17.482537578845868,15,322,11
2025-11-18 16:00:00,326.0,0,8.3,28.7,11.184758645194082,16,322,11
2025-11-18 17:00:00,124.0,0,7.3,27.9,3.428119312195158,17,322,11
2025-11-18 18:00:00,6.0,0,7.6,26.9,0.205440437860532,18,322,11
2025-11-18 19:00:00,0.0,0,8.1,25.7,0.0,19,322,11
2025-11-18 20:00:00,0.0,0,8.5,24.7,0.0,20,322,11
2025-11-18 21:00:00,0.0,0,9.0,24.0,0.0,21,322,11
2025-11-18 22:00:00,0.0,0,9.1,23.3,0.0,22,322,11
2025-11-18 23:00:00,0.0,0,8.6,22.1,0.0,23,322,11
2025-11-19 00:00:00,0.0,0,9.4,20.7,0.0,0,323,11
2025-11-19 01:00:00,0.0,0,9.3,19.4,0.0,1,323,11
2025-11-19 02:00:00,0.0,0,9.2,18.8,0.0,2,323,11
2025-11-19 03:00:00,0.0,0,9.4,18.4,0.0,3,323,11
2025-11-19 04:00:00,0.0,0,9.6,17.8,0.0,4,323,11
2025-11-19 05:00:00,0.0,0,10.1,17.2,0.0,5,323,11
2025-11-19 06:00:00,0.0,0,10.6,16.6,0.0,6,323,11
2025-11-19 07:00:00,14.0,0,10.7,16.5,0.46886356137736496,7,323,11
2025-11-19 08:00:00,156.0,0,8.2,17.9,4.901566992522148,8,323,11
2025-11-19 09:00:00,358.0,0,7.6,20.4,11.249064990679893,9,323,11
2025-11-19 10:00:00,540.0,0,7.7,23.3,17.46601213141623,10,323,11
2025-11-19 11:00:00,671.0,0,8.5,26.4,23.249092612374103,11,323,11
2025-11-19 12:00:00,736.0,0,7.6,28.1,23.37618116899269,12,323,11
2025-11-19 13:00:00,730.0,0,6.7,29.0,25.280606721620057,13,323,11
2025-11-19 14:00:00,652.0,0,5.8,29.4,21.60603486917727,14,323,11
2025-11-19 15:00:00,511.0,0,5.9,29.5,17.051222346948865,15,323,11
2025-11-19 16:00:00,322.0,0,6.8,29.0,11.365860165652867,16,323,11
2025-11-19 17:00:00,122.0,0,6.9,27.9,4.550836757085699,17,323,11
2025-11-19 18:00:00,6.0,0,6.4,27.0,0.19146860866536886,18,323,11
2025-11-19 19:00:00,0.0,0,7.2,25.8,0.0,19,323,11
2025-11-19 20:00:00,0.0,0,7.8,24.7,0.0,20,323,11
2025-11-19 21:00:00,0.0,0,8.8,23.6,0.0,21,323,11
2025-11-19 22:00:00,0.0,0,8.8,22.7,0.0,22,323,11
2025-11-19 23:00:00,0.0,0,8.5,21.6,0.0,23,323,11
2025-11-20 00:00:00,0.0,0,9.1,20.7,0.0,0,324,11
2025-11-20 01:00:00,0.0,0,9.4,19.8,0.0,1,324,11
2025-11-20 02:00:00,0.0,0,9.3,19.1,0.0,2,324,11
2025-11-20 03:00:00,0.0,0,9.6,18.5,0.0,3,324,11
2025-11-20 04:00:00,0.0,0,10.2,18.0,0.0,4,324,11
2025-11-20 05:00:00,0.0,0,10.3,17.7,0.0,5,324,11
2025-11-20 06:00:00,0.0,0,10.5,17.5,0.0,6,324,11
2025-11-20 07:00:00,13.0,0,10.4,17.3,0.4710098717050046,7,324,11
2025-11-20 08:00:00,151.0,0,8.2,18.7,5.0249644694676565,8,324,11
2025-11-20 09:00:00,351.0,0,7.9,21.1,11.255092973557646,9,324,11
2025-11-20 10:00:00,530.0,0,8.4,23.9,18.055667811203072,10,324,11
2025-11-20 11:00:00,660.0,0,8.5,26.5,22.65935818257019,11,324,11
2025-11-20 12:00:00,726.0,0,8.2,28.2,24.04442844188478,12,324,11
2025-11-20 13:00:00,720.0,0,7.5,29.2,26.406891372221114,13,324,11
2025-11-20 14:00:00,643.0,0,6.7,29.6,20.56247717410872,14,324,11
2025-11-20 15:00:00,504.0,0,7.0,29.6,17.35529597853008,15,324,11
2025-11-20 16:00:00,318.0,0,7.8,29.2,9.642308277777357,16,324,11
2025-11-20 17:00:00,120.0,0,7.7,28.3,4.418808324205099,17,324,11
2025-11-20 18:00:00,5.0,0,7.8,27.1,0.16570341309144668,18,324,11
2025-11-20 19:00:00,0.0,0,8.1,26.1,0.0,19,324,11
2025-11-20 20:00:00,0.0,0,8.1,25.2,0.0,20,324,11
2025-11-20 21:00:00,0.0,0,8.6,24.3,0.0,21,324,11
2025-11-20 22:00:00,0.0,0,8.8,23.6,0.0,22,324,11
2025-11-20 23:00:00,0.0,0,9.3,22.4,0.0,23,324,11
2025-11-21 00:00:00,0.0,0,10.1,21.5,0.0,0,325,11
2025-11-21 01:00:00,0.0,0,9.8,20.5,0.0,1,325,11
2025-11-21 02:00:00,0.0,0,9.5,19.8,0.0,2,325,11
2025-11-21 03:00:00,0.0,0,9.8,19.5,0.0,3,325,11
2025-11-21 04:00:00,0.0,0,10.0,19.1,0.0,4,325,11
2025-11-21 05:00:00,0.0,0,10.1,18.9,0.0,5,325,11
2025-11-21 06:00:00,0.0,0,10.8,18.5,0.0,6,325,11
2025-11-21 07:00:00,12.0,0,10.6,18.4,0.41748375423778944,7,325,11
2025-11-21 08:00:00,146.0,0,7.8,19.8,5.4219275405415495,8,325,11
2025-11-21 09:00:00,344.0,0,7.3,22.2,11.258054306372365,9,325,11
2025-11-21 10:00:00,523.0,0,7.8,24.9,18.530320573322907,10,325,11
2025-11-21 11:00:00,652.0,0,8.0,27.2,21.812037520745623,11,325,11
2025-11-21 12:00:00,719.0,0,7.9,29.0,24.19570856578709,12,325,11
2025-11-21 13:00:00,715.0,0,7.4,30.0,24.20150738042598,13,325,11
2025-11-21 14:00:00,639.0,0,6.9,30.4,20.865447623869542,14,325,11
2025-11-21 15:00:00,500.0,0,7.2,30.4,17.36529733318766,15,325,11
2025-11-21 16:00:00,314.0,0,8.3,29.8,10.594133556031062,16,325,11
2025-11-21 17:00:00,118.0,0,8.0,28.9,3.684213772622395,17,325,11
2025-11-21 18:00:00,5.0,0,7.8,28.1,0.169875922689143,18,325,11
2025-11-21 19:00:00,0.0,0,7.4,27.4,0.0,19,325,11
2025-11-21 20:00:00,0.0,0,7.3,26.2,0.0,20,325,11
2025-11-21 21:00:00,0.0,0,8.0,25.0,0.0,21,325,11
2025-11-21 22:00:00,0.0,0,8.7,23.9,0.0,22,325,11
2025-11-21 23:00:00,0.0,0,8.0,22.7,0.0,23,325,11
2025-11-22 00:00:00,0.0,0,8.4,21.8,0.0,0,326,11
2025-11-22 01:00:00,0.0,0,7.9,21.2,0.0,1,326,11
2025-11-22 02:00:00,0.0,0,7.8,20.1,0.0,2,326,11
2025-11-22 03:00:00,0.0,0,8.2,19.3,0.0,3,326,11
2025-11-22 04:00:00,0.0,0,8.9,18.8,0.0,4,326,11
2025-11-22 05:00:00,0.0,0,10.0,18.4,0.0,5,326,11
2025-11-22 06:00:00,0.0,0,10.3,18.6,0.0,6,326,11
2025-11-22 07:00:00,12.0,0,10.1,18.5,0.41492527074511043,7,326,11
2025-11-22 08:00:00,144.0,0,7.9,19.9,5.203825217840127,8,326,11
2025-11-22 09:00:00,341.0,0,7.4,22.3,12.045065243523805,9,326,11
2025-11-22 10:00:00,519.0,1,7.4,25.1,18.64212380114505,10,326,11
2025-11-22 11:00:00,649.0,0,7.0,27.8,22.456851859256556,11,326,11
2025-11-22 12:00:00,715.0,0,6.9,29.7,22.920555480787392,12,326,11
2025-11-22 13:00:00,710.0,0,6.2,30.6,25.083642545608523,13,326,11
2025-11-22 14:00:00,635.0,0,5.3,31.0,19.911307767591776,14,326,11
2025-11-22 15:00:00,496.0,0,5.1,31.0,18.307822652713032,15,326,11
2025-11-22 16:00:00,312.0,0,5.3,30.7,9.809721059984643,16,326,11
2025-11-22 17:00:00,117.0,0,7.1,29.3,3.868070103631103,17,326,11
2025-11-22 18:00:00,5.0,0,7.5,28.4,0.1688087009123603,18,326,11
2025-11-22 19:00:00,0.0,0,7.6,27.6,0.0,19,326,11
2025-11-22 20:00:00,0.0,0,6.4,26.7,0.0,20,326,11
2025-11-22 21:00:00,0.0,0,6.0,25.7,0.0,21,326,11
2025-11-22 22:00:00,0.0,0,7.0,24.4,0.0,22,326,11
2025-11-22 23:00:00,0.0,0,7.0,23.1,0.0,23,326,11
2025-11-23 00:00:00,0.0,0,8.1,22.4,0.0,0,327,11
2025-11-23 01:00:00,0.0,0,9.2,21.8,0.0,1,327,11
2025-11-23 02:00:00,0.0,0,8.4,21.0,0.0,2,327,11
2025-11-23 03:00:00,0.0,0,6.9,20.3,0.0,3,327,11
2025-11-23 04:00:00,0.0,0,8.0,19.3,0.0,4,327,11
2025-11-23 05:00:00,0.0,0,7.8,19.0,0.0,5,327,11
2025-11-23 06:00:00,0.0,0,8.2,18.7,0.0,6,327,11
2025-11-23 07:00:00,11.0,0,8.9,18.1,0.3851713706244437,7,327,11
2025-11-23 08:00:00,142.0,0,8.3,19.5,5.321027680993353,8,327,11
2025-11-23 09:00:00,339.0,0,5.5,22.5,11.549870390395807,9,327,11
2025-11-23 10:00:00,518.0,0,6.1,25.9,16.664985879638486,10,327,11
2025-11-23 11:00:00,647.0,0,6.1,28.4,21.206839713694407,11,327,11
2025-11-23 12:00:00,710.0,0,4.8,30.0,23.310915761525077,12,327,11
2025-11-23 13:00:00,705.0,0,3.2,30.7,24.57608265188458,13,327,11
2025-11-23 14:00:00,630.0,0,3.8,31.2,20.31052603129402,14,327,11
2025-11-23 15:00:00,493.0,0,5.6,31.1,16.30045927345541,15,327,11
2025-11-23 16:00:00,310.0,0,7.7,30.5,11.03726883425908,16,327,11
2025-11-23 17:00:00,116.0,0,8.2,29.4,4.0167651642196835,17,327,11
2025-11-23 18:00:00,5.0,0,8.5,28.4,0.1765364429079879,18,327,11
2025-11-23 19:00:00,0.0,0,7.2,27.8,0.0,19,327,11
2025-11-23 20:00:00,0.0,0,7.9,26.7,0.0,20,327,11
2025-11-23 21:00:00,0.0,0,8.8,25.3,0.0,21,327,11
2025-11-23 22:00:00,0.0,0,8.4,24.2,0.0,22,327,11
2025-11-23 23:00:00,0.0,0,8.0,22.8,0.0,23,327,11
2025-11-24 00:00:00,0.0,0,8.5,22.2,0.0,0,328,11
2025-11-24 01:00:00,0.0,0,9.1,21.6,0.0,1,328,11
2025-11-24 02:00:00,0.0,0,8.4,21.1,0.0,2,328,11
2025-11-24 03:00:00,0.0,0,8.7,20.2,0.0,3,328,11
2025-11-24 04:00:00,0.0,0,9.0,19.9,0.0,4,328,11
2025-11-24 05:00:00,0.0,0,9.8,18.8,0.0,5,328,11
2025-11-24 06:00:00,0.0,0,10.2,19.1,0.0,6,328,11
2025-11-24 07:00:00,10.0,0,10.3,19.1,0.3531341554352682,7,328,11
2025-11-24 08:00:00,138.0,0,8.0,20.5,4.957320341080818,8,328,11
2025-11-24 09:00:00,332.0,0,8.0,22.8,11.4590789784037,9,328,11
2025-11-24 10:00:00,509.0,0,7.4,25.4,15.88340834167393,10,328,11
2025-11-24 11:00:00,638.0,0,6.8,27.7,21.731535808691632,11,328,11
2025-11-24 12:00:00,703.0,0,5.5,29.3,25.65538039161197,12,328,11
2025-11-24 13:00:00,699.0,0,4.8,30.3,24.218791981420182,13,328,11
2025-11-24 14:00:00,624.0,0,3.9,30.9,21.637537513796794,14,328,11
2025-11-24 15:00:00,488.0,0,4.0,31.1,16.46713723561683,15,328,11
2025-11-24 16:00:00,306.0,0,4.8,30.7,9.579606913947648,16,328,11
2025-11-24 17:00:00,114.0,0,6.5,29.5,3.9632558314613604,17,328,11
2025-11-24 18:00:00,5.0,0,5.6,28.8,0.16158094653951952,18,328,11
2025-11-24 19:00:00,0.0,0,5.7,27.9,0.0,19,328,11
2025-11-24 20:00:00,0.0,0,6.4,26.8,0.0,20,328,11
2025-11-24 21:00:00,0.0,0,7.0,25.7,0.0,21,328,11
2025-11-24 22:00:00,0.0,0,7.7,24.5,0.0,22,328,11
2025-11-24 23:00:00,0.0,0,7.8,22.9,0.0,23,328,11
2025-11-25 00:00:00,0.0,0,8.9,22.4,0.0,0,329,11
2025-11-25 01:00:00,0.0,0,9.4,21.9,0.0,1,329,11
2025-11-25 02:00:00,0.0,0,10.3,21.6,0.0,2,329,11
2025-11-25 03:00:00,0.0,0,10.3,21.1,0.0,3,329,11
2025-11-25 04:00:00,0.0,0,10.2,20.5,0.0,4,329,11
2025-11-25 05:00:00,0.0,0,11.3,20.5,0.0,5,329,11
2025-11-25 06:00:00,0.0,0,11.7,20.4,0.0,6,329,11
2025-11-25 07:00:00,9.0,6,11.5,20.3,0.2916245942254531,7,329,11
2025-11-25 08:00:00,132.0,0,8.9,21.5,4.379668552697519,8,329,11
2025-11-25 09:00:00,322.0,0,9.5,23.7,11.534890402753051,9,329,11
2025-11-25 10:00:00,495.0,0,9.4,26.0,17.050884155341507,10,329,11
2025-11-25 11:00:00,622.0,0,8.3,27.7,20.453588875354214,11,329,11
2025-11-25 12:00:00,688.0,0,6.4,29.2,21.664517498144793,12,329,11
2025-11-25 13:00:00,683.0,0,4.8,30.2,22.84889572598282,13,329,11
2025-11-25 14:00:00,609.0,0,3.9,30.8,22.421045224748987,14,329,11
2025-11-25 15:00:00,476.0,0,3.6,31.0,15.136268711267569,15,329,11
2025-11-25 16:00:00,297.0,3,4.5,30.6,9.13130422961899,16,329,11
2025-11-25 17:00:00,110.0,0,6.6,29.3,3.8617652319186644,17,329,11
2025-11-25 18:00:00,5.0,0,7.4,28.3,0.1595696441822778,18,329,11
2025-11-25 19:00:00,0.0,0,7.9,27.3,0.0,19,329,11
2025-11-25 20:00:00,0.0,0,7.7,26.2,0.0,20,329,11
2025-11-25 21:00:00,0.0,0,7.9,25.4,0.0,21,329,11
2025-11-25 22:00:00,0.0,0,8.6,24.8,0.0,22,329,11
2025-11-25 23:00:00,0.0,0,9.9,24.0,0.0,23,329,11
2025-11-26 00:00:00,0.0,0,9.9,23.4,0.0,0,330,11
2025-11-26 01:00:00,0.0,0,9.5,22.9,0.0,1,330,11
2025-11-26 02:00:00,0.0,0,9.1,22.5,0.0,2,330,11
2025-11-26 03:00:00,0.0,0,9.0,21.9,0.0,3,330,11
2025-11-26 04:00:00,0.0,0,9.1,21.5,0.0,4,330,11
2025-11-26 05:00:00,0.0,0,9.3,21.0,0.0,5,330,11
2025-11-26 06:00:00,0.0,0,9.6,20.8,0.0,6,330,11
2025-11-26 07:00:00,9.0,0,9.4,20.8,0.2984815511238999,7,330,11
2025-11-26 08:00:00,126.0,0,7.2,22.0,4.317307939274357,8,330,11
2025-11-26 09:00:00,311.0,0,7.0,24.3,9.88189675281431,9,330,11
2025-11-26 10:00:00,483.0,0,6.8,26.7,17.039113665470797,10,330,11
2025-11-26 11:00:00,610.0,0,5.4,28.4,21.73800779099097,11,330,11
2025-11-26 12:00:00,675.0,2,3.4,29.9,22.552606679676607,12,330,11
2025-11-26 13:00:00,671.0,13,1.2,30.9,22.476705704376975,13,330,11
2025-11-26 14:00:00,580.0,16,1.7,31.3,18.04567786495548,14,330,11
2025-11-26 15:00:00,429.0,13,2.1,31.4,14.54037668915988,15,330,11
2025-11-26 16:00:00,277.0,3,2.5,31.2,8.108272730408109,16,330,11
2025-11-26 17:00:00,105.0,3,3.4,30.4,3.9486673791392044,17,330,11
2025-11-26 18:00:00,4.0,2,2.2,29.2,0.1476500711873951,18,330,11
2025-11-26 19:00:00,0.0,1,1.2,28.4,0.0,19,330,11
2025-11-26 20:00:00,0.0,1,3.2,28.0,0.0,20,330,11
2025-11-26 21:00:00,0.0,0,3.9,27.3,0.0,21,330,11
2025-11-26 22:00:00,0.0,0,4.8,26.5,0.0,22,330,11
2025-11-26 23:00:00,0.0,2,7.0,25.2,0.0,23,330,11
2025-11-27 00:00:00,0.0,0,7.2,24.8,0.0,0,331,11
2025-11-27 01:00:00,0.0,2,7.3,24.3,0.0,1,331,11
2025-11-27 02:00:00,0.0,5,8.4,23.7,0.0,2,331,11
2025-11-27 03:00:00,0.0,2,8.4,23.3,0.0,3,331,11
2025-11-27 04:00:00,0.0,37,8.0,22.8,0.0,4,331,11
2025-11-27 05:00:00,0.0,41,8.0,22.2,0.0,5,331,11
2025-11-27 06:00:00,0.0,41,9.7,22.1,0.0,6,331,11
2025-11-27 07:00:00,7.0,23,10.5,22.0,0.20222403013084925,7,331,11
2025-11-27 08:00:00,110.0,5,9.9,23.3,3.706691482436502,8,331,11
2025-11-27 09:00:00,296.0,5,10.4,25.5,10.253637202844246,9,331,11
2025-11-27 10:00:00,466.0,2,9.9,27.3,15.993787560432851,10,331,11
2025-11-27 11:00:00,586.0,9,6.6,28.5,20.45841304535509,11,331,11
2025-11-27 12:00:00,645.0,5,4.5,29.7,22.454262368064786,12,331,11
2025-11-27 13:00:00,642.0,26,2.7,30.7,19.735771725105003,13,331,11
2025-11-27 14:00:00,528.0,31,2.2,31.1,13.666822699017098,14,331,11
2025-11-27 15:00:00,411.0,30,1.3,31.0,11.653611684780383,15,331,11
2025-11-27 16:00:00,269.0,13,1.7,30.9,8.463014424398754,16,331,11
2025-11-27 17:00:00,100.0,20,3.6,30.5,2.9053661510779234,17,331,11
2025-11-27 18:00:00,4.0,13,4.3,29.7,0.13263541427107642,18,331,11
2025-11-27 19:00:00,0.0,13,2.7,29.2,0.0,19,331,11
2025-11-27 20:00:00,0.0,13,4.7,28.4,0.0,20,331,11
2025-11-27 21:00:00,0.0,9,6.4,27.6,0.0,21,331,11
2025-11-27 22:00:00,0.0,2,6.6,26.7,0.0,22,331,11
2025-11-27 23:00:00,0.0,2,5.5,25.9,0.0,23,331,11
2025-11-28 00:00:00,0.0,1,5.7,25.3,0.0,0,332,11
2025-11-28 01:00:00,0.0,3,6.4,24.8,0.0,1,332,11
2025-11-28 02:00:00,0.0,2,7.3,24.2,0.0,2,332,11
2025-11-28 03:00:00,0.0,0,8.4,23.7,0.0,3,332,11
2025-11-28 04:00:00,0.0,1,8.9,23.1,0.0,4,332,11
2025-11-28 05:00:00,0.0,0,8.5,22.6,0.0,5,332,11
2025-11-28 06:00:00,0.0,0,9.3,22.5,0.0,6,332,11
2025-11-28 07:00:00,8.0,0,9.8,22.5,0.26518654171967443,7,332,11
2025-11-28 08:00:00,122.0,0,7.4,23.6,4.196401415172313,8,332,11
2025-11-28 09:00:00,307.0,0,7.7,25.8,10.913988513895532,9,332,11
2025-11-28 10:00:00,479.0,0,8.3,27.9,17.769786104705567,10,332,11
2025-11-28 11:00:00,606.0,8,7.1,29.7,18.111417800236445,11,332,11
2025-11-28 12:00:00,667.0,23,5.8,30.8,18.149207149709056,12,332,11
2025-11-28 13:00:00,594.0,18,5.2,31.2,19.227804877025548,13,332,11
2025-11-28 14:00:00,536.0,26,4.9,31.5,15.161584289066981,14,332,11
2025-11-28 15:00:00,420.0,22,4.9,31.4,12.017309097083626,15,332,11
2025-11-28 16:00:00,270.0,20,5.5,31.1,7.942062537503245,16,332,11
2025-11-28 17:00:00,95.0,16,6.3,30.5,2.9301594489519105,17,332,11
2025-11-28 18:00:00,4.0,27,4.2,29.6,0.10844510639184159,18,332,11
2025-11-28 19:00:00,0.0,11,2.0,28.9,0.0,19,332,11
2025-11-28 20:00:00,0.0,10,1.0,28.4,0.0,20,332,11
2025-11-28 21:00:00,0.0,9,3.3,27.8,0.0,21,332,11
2025-11-28 22:00:00,0.0,9,3.4,27.3,0.0,22,332,11
2025-11-28 23:00:00,0.0,1,0.4,26.5,0.0,23,332,11
2025-11-29 00:00:00,0.0,0,4.7,26.1,0.0,0,333,11
2025-11-29 01:00:00,0.0,2,7.1,24.4,0.0,1,333,11
2025-11-29 02:00:00,0.0,0,7.0,23.7,0.0,2,333,11
2025-11-29 03:00:00,0.0,1,7.4,23.1,0.0,3,333,11
2025-11-29 04:00:00,0.0,1,8.6,22.3,0.0,4,333,11
2025-11-29 05:00:00,0.0,0,8.6,21.8,0.0,5,333,11
2025-11-29 06:00:00,0.0,0,9.1,21.6,0.0,6,333,11
2025-11-29 07:00:00,7.0,0,9.7,21.4,0.22050685551284133,7,333,11
2025-11-29 08:00:00,121.0,0,8.1,22.4,4.2331145611868495,8,333,11
2025-11-29 09:00:00,307.0,0,8.1,24.5,9.425696324498864,9,333,11
2025-11-29 10:00:00,481.0,0,8.5,26.7,16.133813715915732,10,333,11
2025-11-29 11:00:00,608.0,0,8.3,28.9,20.932154337884082,11,333,11
2025-11-29 12:00:00,674.0,0,7.7,30.2,25.298175869763842,12,333,11
2025-11-29 13:00:00,673.0,0,7.7,30.9,22.88366478932668,13,333,11
2025-11-29 14:00:00,602.0,2,7.9,31.2,19.82809805079287,14,333,11
2025-11-29 15:00:00,467.0,17,7.6,31.2,14.748259546782615,15,333,11
2025-11-29 16:00:00,285.0,19,8.0,30.9,8.078661506171851,16,333,11
2025-11-29 17:00:00,104.0,5,7.9,29.9,3.4387742919745072,17,333,11
2025-11-29 18:00:00,5.0,1,6.0,29.0,0.17386404714629675,18,333,11
2025-11-29 19:00:00,0.0,1,5.6,28.2,0.0,19,333,11
2025-11-29 20:00:00,0.0,1,5.1,27.4,0.0,20,333,11
2025-11-29 21:00:00,0.0,0,4.5,26.8,0.0,21,333,11
2025-11-29 22:00:00,0.0,0,4.9,26.4,0.0,22,333,11
2025-11-29 23:00:00,0.0,0,5.9,25.1,0.0,23,333,11
2025-11-30 00:00:00,0.0,0,6.0,24.0,0.0,0,334,11
2025-11-30 01:00:00,0.0,20,7.1,22.8,0.0,1,334,11
2025-11-30 02:00:00,0.0,34,6.6,22.3,0.0,2,334,11
2025-11-30 03:00:00,0.0,81,7.0,21.9,0.0,3,334,11
2025-11-30 04:00:00,0.0,23,7.5,21.5,0.0,4,334,11
2025-11-30 05:00:00,0.0,0,8.0,21.2,0.0,5,334,11
2025-11-30 06:00:00,0.0,13,7.8,20.9,0.0,6,334,11
2025-11-30 07:00:00,7.0,79,7.2,20.5,0.13366758946601268,7,334,11
2025-11-30 08:00:00,120.0,55,6.1,21.6,2.5353048605162964,8,334,11
2025-11-30 09:00:00,308.0,57,5.4,24.0,6.6431823537803,9,334,11
2025-11-30 10:00:00,480.0,84,6.5,26.5,8.211378310220006,10,334,11
2025-11-30 11:00:00,597.0,82,5.8,28.7,10.339125129064469,11,334,11
2025-11-30 12:00:00,660.0,91,5.2,29.9,10.428872094166875,12,334,11
2025-11-30 13:00:00,644.0,43,5.2,30.4,16.31901210582163,13,334,11
2025-11-30 14:00:00,593.0,84,6.1,30.7,11.63313031033906,14,334,11
2025-11-30 15:00:00,448.0,30,7.9,30.4,13.099580789661655,15,334,11
2025-11-30 16:00:00,292.0,1,9.2,29.9,9.345680440425507,16,334,11
2025-11-30 17:00:00,110.0,1,8.7,29.1,3.779656959847657,17,334,11
2025-11-30 18:00:00,5.0,0,6.8,28.6,0.1712944454910333,18,334,11
2025-11-30 19:00:00,0.0,1,5.4,28.4,0.0,19,334,11
2025-11-30 20:00:00,0.0,1,4.8,28.1,0.0,20,334,11
2025-11-30 21:00:00,0.0,0,4.5,27.0,0.0,21,334,11
2025-11-30 22:00:00,0.0,13,4.6,25.6,0.0,22,334,11
2025-11-30 23:00:00,0.0,6,4.7,24.2,0.0,23,334,11
2025-12-01 00:00:00,0.0,0,6.5,23.8,0.0,0,335,12
2025-12-01 01:00:00,0.0,0,4.0,23.0,0.0,1,335,12
2025-12-01 02:00:00,0.0,0,5.2,21.6,0.0,2,335,12
2025-12-01 03:00:00,0.0,0,5.5,20.9,0.0,3,335,12
2025-12-01 04:00:00,0.0,0,5.4,20.6,0.0,4,335,12
2025-12-01 05:00:00,0.0,0,5.2,20.7,0.0,5,335,12
2025-12-01 06:00:00,0.0,0,6.2,20.5,0.0,6,335,12
2025-12-01 07:00:00,6.0,0,7.0,19.7,0.1974715467284547,7,335,12
2025-12-01 08:00:00,118.0,0,3.7,20.7,4.196229872504928,8,335,12
2025-12-01 09:00:00,304.0,0,3.3,23.1,10.303484683705475,9,335,12
2025-12-01 10:00:00,479.0,0,3.8,25.8,16.26805829947294,10,335,12
2025-12-01 11:00:00,609.0,0,4.7,28.2,19.32783991407769,11,335,12
2025-12-01 12:00:00,676.0,0,4.7,29.4,23.12050447234943,12,335,12
2025-12-01 13:00:00,675.0,0,4.6,30.0,24.325811333655533,13,335,12
2025-12-01 14:00:00,605.0,0,4.7,30.2,18.82515807155942,14,335,12
2025-12-01 15:00:00,474.0,0,5.2,30.1,15.309974658483164,15,335,12
2025-12-01 16:00:00,297.0,5,5.4,29.7,9.28410942793425,16,335,12
2025-12-01 17:00:00,110.0,3,6.6,28.6,3.4737975001493506,17,335,12
2025-12-01 18:00:00,5.0,1,4.2,27.7,0.16595175147776106,18,335,12
2025-12-01 19:00:00,0.0,0,2.5,27.3,0.0,19,335,12
2025-12-01 20:00:00,0.0,0,2.7,26.8,0.0,20,335,12
2025-12-01 21:00:00,0.0,1,2.4,26.1,0.0,21,335,12
2025-12-01 22:00:00,0.0,0,1.1,25.2,0.0,22,335,12
2025-12-01 23:00:00,0.0,0,0.8,23.4,0.0,23,335,12
2025-12-02 00:00:00,0.0,0,3.4,23.3,0.0,0,336,12
2025-12-02 01:00:00,0.0,0,4.9,22.8,0.0,1,336,12
2025-12-02 02:00:00,0.0,0,4.5,21.3,0.0,2,336,12
2025-12-02 03:00:00,0.0,0,6.1,20.4,0.0,3,336,12
2025-12-02 04:00:00,0.0,0,5.5,20.0,0.0,4,336,12
2025-12-02 05:00:00,0.0,0,5.1,19.5,0.0,5,336,12
2025-12-02 06:00:00,0.0,0,6.1,19.6,0.0,6,336,12
2025-12-02 07:00:00,6.0,0,5.9,19.4,0.20924543060530862,7,336,12
2025-12-02 08:00:00,117.0,0,4.1,20.5,3.876686804822092,8,336,12
2025-12-02 09:00:00,303.0,0,3.0,23.0,9.321904604413342,9,336,12
2025-12-02 10:00:00,477.0,0,3.8,25.6,15.866794867709189,10,336,12
2025-12-02 11:00:00,607.0,0,4.6,27.5,23.74501148453234,11,336,12
2025-12-02 12:00:00,673.0,0,6.0,28.8,21.69597835989793,12,336,12
2025-12-02 13:00:00,672.0,2,6.0,29.3,22.840926318637408,13,336,12
2025-12-02 14:00:00,602.0,8,6.2,29.5,21.331517924742826,14,336,12
2025-12-02 15:00:00,469.0,22,7.4,29.5,14.217127292691892,15,336,12
2025-12-02 16:00:00,287.0,9,8.9,28.9,7.41235124749709,16,336,12
2025-12-02 17:00:00,110.0,3,8.6,28.0,3.745361354196271,17,336,12
2025-12-02 18:00:00,5.0,0,7.9,27.6,0.18377214550677928,18,336,12
2025-12-02 19:00:00,0.0,0,6.7,27.1,0.0,19,336,12
2025-12-02 20:00:00,0.0,0,7.5,26.1,0.0,20,336,12
2025-12-02 21:00:00,0.0,0,8.0,25.1,0.0,21,336,12
2025-12-02 22:00:00,0.0,0,8.3,24.1,0.0,22,336,12
2025-12-02 23:00:00,0.0,0,7.3,22.5,0.0,23,336,12
2025-12-03 00:00:00,0.0,0,7.3,21.9,0.0,0,337,12
2025-12-03 01:00:00,0.0,0,8.3,21.8,0.0,1,337,12
2025-12-03 02:00:00,0.0,0,7.3,20.8,0.0,2,337,12
2025-12-03 03:00:00,0.0,0,6.3,19.8,0.0,3,337,12
2025-12-03 04:00:00,0.0,0,7.5,19.5,0.0,4,337,12
2025-12-03 05:00:00,0.0,0,8.2,19.8,0.0,5,337,12
2025-12-03 06:00:00,0.0,0,8.6,19.6,0.0,6,337,12
2025-12-03 07:00:00,6.0,0,8.8,18.9,0.18926235589601997,7,337,12
2025-12-03 08:00:00,116.0,1,7.1,19.6,3.6174093284225544,8,337,12
2025-12-03 09:00:00,304.0,9,6.1,22.0,9.490732556409906,9,337,12
2025-12-03 10:00:00,480.0,56,6.8,25.0,12.067675773879978,10,337,12
2025-12-03 11:00:00,612.0,9,8.4,27.5,19.94459538931443,11,337,12
2025-12-03 12:00:00,683.0,65,10.6,28.9,14.84350225987682,12,337,12
2025-12-03 13:00:00,680.0,32,10.2,29.3,18.404673461583457,13,337,12
2025-12-03 14:00:00,609.0,4,9.7,29.6,18.518614263650363,14,337,12
2025-12-03 15:00:00,479.0,0,9.7,29.5,17.18622804453083,15,337,12
2025-12-03 16:00:00,302.0,0,9.7,29.1,10.549905279158901,16,337,12
2025-12-03 17:00:00,113.0,0,9.2,28.2,3.769057771865425,17,337,12
2025-12-03 18:00:00,5.0,0,8.3,27.2,0.1775163014727875,18,337,12
2025-12-03 19:00:00,0.0,0,8.7,26.3,0.0,19,337,12
2025-12-03 20:00:00,0.0,0,9.6,25.5,0.0,20,337,12
2025-12-03 21:00:00,0.0,0,9.2,24.5,0.0,21,337,12
2025-12-03 22:00:00,0.0,0,9.3,23.5,0.0,22,337,12
2025-12-03 23:00:00,0.0,0,8.7,22.3,0.0,23,337,12
2025-12-04 00:00:00,0.0,0,8.2,21.2,0.0,0,338,12
2025-12-04 01:00:00,0.0,0,9.5,20.7,0.0,1,338,12
2025-12-04 02:00:00,0.0,0,9.8,20.2,0.0,2,338,12
2025-12-04 03:00:00,0.0,0,10.6,19.6,0.0,3,338,12
2025-12-04 04:00:00,0.0,0,10.9,19.0,0.0,4,338,12
2025-12-04 05:00:00,0.0,0,11.3,18.6,0.0,5,338,12
2025-12-04 06:00:00,0.0,0,11.8,18.4,0.0,6,338,12
2025-12-04 07:00:00,5.0,0,12.2,18.3,0.16790609240636142,7,338,12
2025-12-04 08:00:00,115.0,0,9.0,19.4,4.2482678639873885,8,338,12
2025-12-04 09:00:00,304.0,0,10.2,21.4,10.180551438278254,9,338,12
2025-12-04 10:00:00,481.0,0,10.4,23.8,15.979355563160611,10,338,12
2025-12-04 11:00:00,613.0,0,10.8,26.3,22.486244635954694,11,338,12
2025-12-04 12:00:00,682.0,0,11.4,27.9,22.759650203283307,12,338,12
2025-12-04 13:00:00,683.0,0,10.5,28.7,23.574023993866557,13,338,12
2025-12-04 14:00:00,614.0,0,9.4,29.0,20.607358479228722,14,338,12
2025-12-04 15:00:00,481.0,0,9.3,28.8,15.578730319555158,15,338,12
2025-12-04 16:00:00,303.0,0,9.1,28.4,9.74634101792509,16,338,12
2025-12-04 17:00:00,113.0,0,8.3,27.4,3.236448802679816,17,338,12
2025-12-04 18:00:00,5.0,0,7.6,26.5,0.17870677609845012,18,338,12
2025-12-04 19:00:00,0.0,0,8.5,25.6,0.0,19,338,12
2025-12-04 20:00:00,0.0,0,7.8,24.8,0.0,20,338,12
2025-12-04 21:00:00,0.0,0,8.5,23.8,0.0,21,338,12
2025-12-04 22:00:00,0.0,0,9.3,23.2,0.0,22,338,12
2025-12-04 23:00:00,0.0,0,9.3,22.3,0.0,23,338,12
2025-12-05 00:00:00,0.0,0,9.7,21.4,0.0,0,339,12
2025-12-05 01:00:00,0.0,0,10.1,20.6,0.0,1,339,12
2025-12-05 02:00:00,0.0,0,10.4,20.1,0.0,2,339,12
2025-12-05 03:00:00,0.0,0,10.2,19.6,0.0,3,339,12
2025-12-05 04:00:00,0.0,0,10.5,19.0,0.0,4,339,12
2025-12-05 05:00:00,0.0,0,11.0,18.2,0.0,5,339,12
2025-12-05 06:00:00,0.0,0,11.3,17.9,0.0,6,339,12
2025-12-05 07:00:00,5.0,0,11.9,17.7,0.16286275383164828,7,339,12
2025-12-05 08:00:00,112.0,0,9.2,18.7,3.9059728246800876,8,339,12
2025-12-05 09:00:00,301.0,0,9.8,20.7,10.610732117248528,9,339,12
2025-12-05 10:00:00,477.0,0,9.3,23.2,14.70751579423812,10,339,12
2025-12-05 11:00:00,609.0,0,9.7,26.0,19.64717170923347,11,339,12
2025-12-05 12:00:00,679.0,0,10.6,27.7,22.428549812382133,12,339,12
2025-12-05 13:00:00,679.0,0,10.3,28.6,22.514205625013172,13,339,12
2025-12-05 14:00:00,609.0,0,9.7,29.0,20.605444140856367,14,339,12
2025-12-05 15:00:00,479.0,0,9.8,28.9,15.931944085541716,15,339,12
2025-12-05 16:00:00,302.0,0,10.5,28.4,10.721028285657173,16,339,12
2025-12-05 17:00:00,113.0,0,10.1,27.5,4.1518037582261655,17,339,12
2025-12-05 18:00:00,5.0,0,9.8,26.3,0.18100764818700904,18,339,12
2025-12-05 19:00:00,0.0,0,10.3,25.3,0.0,19,339,12
2025-12-05 20:00:00,0.0,0,10.2,24.4,0.0,20,339,12
2025-12-05 21:00:00,0.0,0,10.4,23.8,0.0,21,339,12
2025-12-05 22:00:00,0.0,0,10.7,23.2,0.0,22,339,12
2025-12-05 23:00:00,0.0,0,10.9,22.0,0.0,23,339,12
2025-12-06 00:00:00,0.0,0,11.6,21.2,0.0,0,340,12
2025-12-06 01:00:00,0.0,0,11.0,20.6,0.0,1,340,12
2025-12-06 02:00:00,0.0,0,10.9,19.8,0.0,2,340,12
2025-12-06 03:00:00,0.0,0,11.2,19.2,0.0,3,340,12
2025-12-06 04:00:00,0.0,0,11.7,18.6,0.0,4,340,12
2025-12-06 05:00:00,0.0,0,12.1,17.8,0.0,5,340,12
2025-12-06 06:00:00,0.0,0,11.9,17.3,0.0,6,340,12
2025-12-06 07:00:00,5.0,0,12.4,17.0,0.1802591344227043,7,340,12
2025-12-06 08:00:00,112.0,0,9.1,17.9,3.6354119295983462,8,340,12
2025-12-06 09:00:00,302.0,0,10.6,19.9,10.6404221900817,9,340,12
2025-12-06 10:00:00,481.0,28,9.4,22.3,13.214397245154387,10,340,12
2025-12-06 11:00:00,612.0,77,9.6,25.2,11.175530042945251,11,340,12
2025-12-06 12:00:00,682.0,89,10.2,26.8,12.175833428454853,12,340,12
2025-12-06 13:00:00,680.0,100,10.0,27.7,10.136204763016844,13,340,12
2025-12-06 14:00:00,593.0,98,9.3,28.1,9.884324037139745,14,340,12
2025-12-06 15:00:00,461.0,100,8.2,28.2,7.665966353213646,15,340,12
2025-12-06 16:00:00,263.0,99,8.7,27.6,3.9834275574328952,16,340,12
2025-12-06 17:00:00,109.0,99,7.5,26.7,1.683282516404346,17,340,12
2025-12-06 18:00:00,5.0,100,8.5,25.6,0.08259005851626748,18,340,12
2025-12-06 19:00:00,0.0,100,10.4,24.7,0.0,19,340,12
2025-12-06 20:00:00,0.0,100,10.2,24.1,0.0,20,340,12
2025-12-06 21:00:00,0.0,100,9.8,23.5,0.0,21,340,12
2025-12-06 22:00:00,0.0,99,9.6,22.7,0.0,22,340,12
2025-12-06 23:00:00,0.0,99,9.0,21.6,0.0,23,340,12
2025-12-07 00:00:00,0.0,78,9.0,20.6,0.0,0,341,12
2025-12-07 01:00:00,0.0,11,9.2,19.9,0.0,1,341,12
2025-12-07 02:00:00,0.0,0,9.3,19.1,0.0,2,341,12
2025-12-07 03:00:00,0.0,0,10.2,18.4,0.0,3,341,12
2025-12-07 04:00:00,0.0,0,10.5,17.7,0.0,4,341,12
2025-12-07 05:00:00,0.0,0,11.2,17.5,0.0,5,341,12
2025-12-07 06:00:00,0.0,0,11.8,17.2,0.0,6,341,12
2025-12-07 07:00:00,4.0,0,11.8,16.9,0.13693512795129822,7,341,12
2025-12-07 08:00:00,111.0,0,9.2,17.9,3.9081670993820077,8,341,12
2025-12-07 09:00:00,301.0,0,8.6,20.0,10.27549308324404,9,341,12
2025-12-07 10:00:00,481.0,0,8.5,22.5,17.41767866083208,10,341,12
2025-12-07 11:00:00,616.0,0,10.6,25.6,20.48570108997599,11,341,12
2025-12-07 12:00:00,689.0,0,11.1,27.4,21.230763357096734,12,341,12
2025-12-07 13:00:00,692.0,0,10.4,28.8,21.566748012854887,13,341,12
2025-12-07 14:00:00,622.0,0,8.6,29.5,19.635591386030644,14,341,12
2025-12-07 15:00:00,490.0,0,7.6,29.7,17.267573629257708,15,341,12
2025-12-07 16:00:00,310.0,0,8.3,29.2,10.710288324017426,16,341,12
2025-12-07 17:00:00,117.0,0,7.4,28.2,3.6978158740067233,17,341,12
2025-12-07 18:00:00,5.0,0,7.5,27.3,0.18342428897160346,18,341,12
2025-12-07 19:00:00,0.0,0,8.2,26.2,0.0,19,341,12
2025-12-07 20:00:00,0.0,0,9.1,25.2,0.0,20,341,12
2025-12-07 21:00:00,0.0,0,9.3,24.1,0.0,21,341,12
2025-12-07 22:00:00,0.0,0,8.9,22.8,0.0,22,341,12
2025-12-07 23:00:00,0.0,0,8.9,21.7,0.0,23,341,12
2025-12-08 00:00:00,0.0,0,9.6,20.7,0.0,0,342,12
2025-12-08 01:00:00,0.0,0,9.8,19.9,0.0,1,342,12
2025-12-08 02:00:00,0.0,0,9.3,19.2,0.0,2,342,12
2025-12-08 03:00:00,0.0,0,9.3,18.6,0.0,3,342,12
2025-12-08 04:00:00,0.0,0,9.7,18.0,0.0,4,342,12
2025-12-08 05:00:00,0.0,0,10.3,17.3,0.0,5,342,12
2025-12-08 06:00:00,0.0,0,11.1,17.1,0.0,6,342,12
2025-12-08 07:00:00,4.0,0,11.2,16.9,0.14123528171204744,7,342,12
2025-12-08 08:00:00,109.0,0,9.7,17.9,3.5913962409322466,8,342,12
2025-12-08 09:00:00,300.0,0,7.8,20.2,10.78400127259327,9,342,12
2025-12-08 10:00:00,479.0,0,7.7,23.0,14.431367891384873,10,342,12
2025-12-08 11:00:00,611.0,0,8.0,26.6,19.77918435832625,11,342,12
2025-12-08 12:00:00,682.0,0,8.7,28.7,22.824317369030695,12,342,12
2025-12-08 13:00:00,684.0,0,10.5,30.0,21.972010023086852,13,342,12
2025-12-08 14:00:00,617.0,0,10.7,30.7,20.85996815263769,14,342,12
2025-12-08 15:00:00,487.0,0,10.8,30.7,16.232784911045695,15,342,12
2025-12-08 16:00:00,310.0,0,10.4,30.4,9.960616483143054,16,342,12
2025-12-08 17:00:00,118.0,0,8.1,29.1,3.9334115271401267,17,342,12
2025-12-08 18:00:00,5.0,0,8.0,27.9,0.18379992735985945,18,342,12
2025-12-08 19:00:00,0.0,0,8.2,26.6,0.0,19,342,12
2025-12-08 20:00:00,0.0,0,8.4,25.5,0.0,20,342,12
2025-12-08 21:00:00,0.0,0,8.8,25.1,0.0,21,342,12
2025-12-08 22:00:00,0.0,0,9.0,23.7,0.0,22,342,12
2025-12-08 23:00:00,0.0,0,9.6,21.9,0.0,23,342,12
2025-12-09 00:00:00,0.0,0,10.4,20.9,0.0,0,343,12
2025-12-09 01:00:00,0.0,0,8.9,20.0,0.0,1,343,12
2025-12-09 02:00:00,0.0,0,8.9,19.2,0.0,2,343,12
2025-12-09 03:00:00,0.0,0,9.5,18.5,0.0,3,343,12
2025-12-09 04:00:00,0.0,0,10.2,18.0,0.0,4,343,12
2025-12-09 05:00:00,0.0,0,11.2,17.7,0.0,5,343,12
2025-12-09 06:00:00,0.0,0,11.3,17.5,0.0,6,343,12
2025-12-09 07:00:00,4.0,0,11.0,17.1,0.1474469418109269,7,343,12
2025-12-09 08:00:00,109.0,0,10.2,18.2,3.8634843383664563,8,343,12
2025-12-09 09:00:00,302.0,0,7.3,20.3,9.282181026709432,9,343,12
2025-12-09 10:00:00,482.0,0,7.2,23.0,17.988691295798873,10,343,12
2025-12-09 11:00:00,616.0,0,6.8,26.6,21.43617844190102,11,343,12
2025-12-09 12:00:00,686.0,0,7.3,28.6,25.859249916786354,12,343,12
2025-12-09 13:00:00,688.0,0,7.8,29.9,22.97184094022481,13,343,12
2025-12-09 14:00:00,620.0,0,8.2,30.6,18.791322186757725,14,343,12
2025-12-09 15:00:00,488.0,0,8.5,30.6,17.603034027204355,15,343,12
2025-12-09 16:00:00,310.0,0,9.0,30.2,9.769654357364784,16,343,12
2025-12-09 17:00:00,118.0,0,7.5,29.0,3.5840778165772997,17,343,12
2025-12-09 18:00:00,6.0,0,7.4,27.8,0.18852490543697006,18,343,12
2025-12-09 19:00:00,0.0,0,7.9,26.8,0.0,19,343,12
2025-12-09 20:00:00,0.0,0,8.6,25.9,0.0,20,343,12
2025-12-09 21:00:00,0.0,0,9.4,24.5,0.0,21,343,12
2025-12-09 22:00:00,0.0,0,9.4,23.3,0.0,22,343,12
2025-12-09 23:00:00,0.0,0,7.6,22.2,0.0,23,343,12
2025-12-10 00:00:00,0.0,0,7.8,20.7,0.0,0,344,12
2025-12-10 01:00:00,0.0,0,8.9,19.8,0.0,1,344,12
2025-12-10 02:00:00,0.0,0,9.0,19.1,0.0,2,344,12
2025-12-10 03:00:00,0.0,0,8.9,18.5,0.0,3,344,12
2025-12-10 04:00:00,0.0,0,9.7,17.9,0.0,4,344,12
2025-12-10 05:00:00,0.0,0,9.2,17.5,0.0,5,344,12
2025-12-10 06:00:00,0.0,0,9.4,17.1,0.0,6,344,12
2025-12-10 07:00:00,3.0,0,9.7,16.6,0.10479248467268143,7,344,12
2025-12-10 08:00:00,106.0,0,9.3,17.6,3.737089038717721,8,344,12
2025-12-10 09:00:00,296.0,0,6.0,20.0,10.568130344781926,9,344,12
2025-12-10 10:00:00,477.0,0,6.0,23.1,16.088538759588296,10,344,12
2025-12-10 11:00:00,611.0,0,5.5,26.9,21.34927613436829,11,344,12
2025-12-10 12:00:00,683.0,0,5.0,29.1,20.866381354855722,12,344,12
2025-12-10 13:00:00,687.0,0,5.1,30.4,23.331541805413337,13,344,12
2025-12-10 14:00:00,620.0,0,4.3,30.9,18.228376980976403,14,344,12
2025-12-10 15:00:00,489.0,0,4.2,30.9,17.073534847760552,15,344,12
2025-12-10 16:00:00,310.0,0,5.6,30.5,10.427606766721258,16,344,12
2025-12-10 17:00:00,119.0,0,7.3,29.1,3.868919777407729,17,344,12
2025-12-10 18:00:00,6.0,0,7.1,27.9,0.19777948814797872,18,344,12
2025-12-10 19:00:00,0.0,0,7.9,26.9,0.0,19,344,12
2025-12-10 20:00:00,0.0,0,7.1,25.9,0.0,20,344,12
2025-12-10 21:00:00,0.0,0,6.6,24.8,0.0,21,344,12
2025-12-10 22:00:00,0.0,0,6.9,23.6,0.0,22,344,12
2025-12-10 23:00:00,0.0,0,8.7,21.8,0.0,23,344,12
2025-12-11 00:00:00,0.0,0,9.0,21.1,0.0,0,345,12
2025-12-11 01:00:00,0.0,0,7.7,20.2,0.0,1,345,12
2025-12-11 02:00:00,0.0,0,7.1,19.2,0.0,2,345,12
2025-12-11 03:00:00,0.0,0,7.3,18.1,0.0,3,345,12
2025-12-11 04:00:00,0.0,0,7.5,17.7,0.0,4,345,12
2025-12-11 05:00:00,0.0,0,7.8,17.3,0.0,5,345,12
2025-12-11 06:00:00,0.0,0,8.5,17.1,0.0,6,345,12
2025-12-11 07:00:00,3.0,0,8.7,16.7,0.10344456082068529,7,345,12
2025-12-11 08:00:00,104.0,0,7.8,17.3,3.3437080035431594,8,345,12
2025-12-11 09:00:00,293.0,0,4.7,19.6,8.906786447945903,9,345,12
2025-12-11 10:00:00,472.0,0,4.2,22.8,17.383792814495052,10,345,12
2025-12-11 11:00:00,606.0,0,4.5,26.7,20.21952930912984,11,345,12
2025-12-11 12:00:00,678.0,0,5.0,28.8,21.89390780524029,12,345,12
2025-12-11 13:00:00,682.0,0,4.4,29.7,22.783108718446282,13,345,12
2025-12-11 14:00:00,616.0,0,3.8,30.2,22.959173063161604,14,345,12
2025-12-11 15:00:00,487.0,0,3.1,30.3,14.702758411409643,15,345,12
2025-12-11 16:00:00,310.0,0,3.9,30.1,11.122705917413107,16,345,12
2025-12-11 17:00:00,119.0,0,6.2,28.8,4.550784754071347,17,345,12
2025-12-11 18:00:00,6.0,0,7.4,27.6,0.21326387588029194,18,345,12
2025-12-11 19:00:00,0.0,0,7.5,26.6,0.0,19,345,12
2025-12-11 20:00:00,0.0,0,7.4,25.7,0.0,20,345,12
2025-12-11 21:00:00,0.0,0,6.7,24.7,0.0,21,345,12
2025-12-11 22:00:00,0.0,0,7.0,23.4,0.0,22,345,12
2025-12-11 23:00:00,0.0,0,6.8,21.7,0.0,23,345,12
2025-12-12 00:00:00,0.0,0,7.2,20.7,0.0,0,346,12
2025-12-12 01:00:00,0.0,0,7.0,19.9,0.0,1,346,12
2025-12-12 02:00:00,0.0,0,8.0,19.2,0.0,2,346,12
2025-12-12 03:00:00,0.0,0,7.0,18.8,0.0,3,346,12
2025-12-12 04:00:00,0.0,0,6.6,18.2,0.0,4,346,12
2025-12-12 05:00:00,0.0,0,7.2,17.4,0.0,5,346,12
2025-12-12 06:00:00,0.0,0,7.7,17.1,0.0,6,346,12
2025-12-12 07:00:00,3.0,0,7.7,16.6,0.10983627066128453,7,346,12
2025-12-12 08:00:00,102.0,0,6.5,17.5,3.2753556976063867,8,346,12
2025-12-12 09:00:00,290.0,0,3.6,20.1,9.617574743876233,9,346,12
2025-12-12 10:00:00,470.0,0,4.1,23.4,16.261961527701565,10,346,12
2025-12-12 11:00:00,604.0,0,5.9,26.7,19.395724613431277,11,346,12
2025-12-12 12:00:00,676.0,0,5.9,28.5,22.89512599961616,12,346,12
2025-12-12 13:00:00,680.0,0,5.7,29.6,23.355273862788167,13,346,12
2025-12-12 14:00:00,614.0,0,4.9,30.1,19.863043670602195,14,346,12
2025-12-12 15:00:00,486.0,0,4.9,30.2,14.68077445099408,15,346,12
2025-12-12 16:00:00,310.0,0,5.2,29.9,11.37153677252285,16,346,12
2025-12-12 17:00:00,120.0,0,5.6,28.8,4.307764950977402,17,346,12
2025-12-12 18:00:00,6.0,0,3.7,28.1,0.19503721450884015,18,346,12
2025-12-12 19:00:00,0.0,0,5.4,27.1,0.0,19,346,12
2025-12-12 20:00:00,0.0,0,6.5,25.6,0.0,20,346,12
2025-12-12 21:00:00,0.0,0,6.6,24.5,0.0,21,346,12
2025-12-12 22:00:00,0.0,0,6.6,23.4,0.0,22,346,12
2025-12-12 23:00:00,0.0,0,5.9,22.0,0.0,23,346,12
2025-12-13 00:00:00,0.0,0,6.4,20.4,0.0,0,347,12
2025-12-13 01:00:00,0.0,0,7.8,19.2,0.0,1,347,12
2025-12-13 02:00:00,0.0,0,8.9,18.3,0.0,2,347,12
2025-12-13 03:00:00,0.0,0,8.7,17.9,0.0,3,347,12
2025-12-13 04:00:00,0.0,0,8.1,17.6,0.0,4,347,12
2025-12-13 05:00:00,0.0,0,8.1,17.0,0.0,5,347,12
2025-12-13 06:00:00,0.0,0,8.4,16.6,0.0,6,347,12
2025-12-13 07:00:00,3.0,0,8.6,16.1,0.10241188871234766,7,347,12
2025-12-13 08:00:00,100.0,0,8.3,17.1,3.6809178763079338,8,347,12
2025-12-13 09:00:00,288.0,0,5.7,19.7,10.462394362504966,9,347,12
2025-12-13 10:00:00,467.0,0,5.6,22.9,15.07445616525382,10,347,12
2025-12-13 11:00:00,602.0,0,6.0,26.5,22.863836992330548,11,347,12
2025-12-13 12:00:00,676.0,0,6.5,28.7,22.698464168176884,12,347,12
2025-12-13 13:00:00,681.0,0,6.5,29.9,23.137270944162537,13,347,12
2025-12-13 14:00:00,616.0,0,5.6,30.5,21.913343467384436,14,347,12
2025-12-13 15:00:00,488.0,0,5.0,30.6,15.249389066918935,15,347,12
2025-12-13 16:00:00,312.0,0,5.6,30.3,10.4984945052729,16,347,12
2025-12-13 17:00:00,121.0,0,5.6,28.9,4.33351956522454,17,347,12
2025-12-13 18:00:00,6.0,0,5.7,27.8,0.22279087168214304,18,347,12
2025-12-13 19:00:00,0.0,0,7.0,26.6,0.0,19,347,12
2025-12-13 20:00:00,0.0,0,6.8,25.2,0.0,20,347,12
2025-12-13 21:00:00,0.0,0,7.1,23.8,0.0,21,347,12
2025-12-13 22:00:00,0.0,0,7.5,22.6,0.0,22,347,12
2025-12-13 23:00:00,0.0,0,7.8,21.6,0.0,23,347,12
2025-12-14 00:00:00,0.0,0,8.2,20.5,0.0,0,348,12
2025-12-14 01:00:00,0.0,0,8.7,19.5,0.0,1,348,12
2025-12-14 02:00:00,0.0,0,9.3,18.8,0.0,2,348,12
2025-12-14 03:00:00,0.0,0,10.0,18.4,0.0,3,348,12
2025-12-14 04:00:00,0.0,0,10.1,18.0,0.0,4,348,12
2025-12-14 05:00:00,0.0,0,9.6,17.5,0.0,5,348,12
2025-12-14 06:00:00,0.0,0,10.0,17.1,0.0,6,348,12
2025-12-14 07:00:00,2.0,0,9.9,16.7,0.06478933992548813,7,348,12
2025-12-14 08:00:00,97.0,0,8.7,17.7,3.35893394805805,8,348,12
2025-12-14 09:00:00,283.0,0,6.8,20.0,9.911206136539539,9,348,12
2025-12-14 10:00:00,462.0,0,7.2,22.9,16.38915608363837,10,348,12
2025-12-14 11:00:00,596.0,0,5.6,26.0,19.707229508636516,11,348,12
2025-12-14 12:00:00,669.0,0,4.3,27.8,21.1549279339956,12,348,12
2025-12-14 13:00:00,674.0,0,3.7,29.1,22.58145865730013,13,348,12
2025-12-14 14:00:00,610.0,0,3.1,29.9,19.615055790888064,14,348,12
2025-12-14 15:00:00,482.0,0,3.6,30.2,16.067695919106807,15,348,12
2025-12-14 16:00:00,308.0,0,5.3,29.9,10.946936481394928,16,348,12
2025-12-14 17:00:00,120.0,0,6.6,28.9,3.53161569640052,17,348,12
2025-12-14 18:00:00,6.0,0,6.8,27.6,0.20074892851213,18,348,12
2025-12-14 19:00:00,0.0,0,6.7,26.8,0.0,19,348,12
2025-12-14 20:00:00,0.0,0,6.7,26.0,0.0,20,348,12
2025-12-14 21:00:00,0.0,0,7.6,24.6,0.0,21,348,12
2025-12-14 22:00:00,0.0,1,8.3,23.2,0.0,22,348,12
2025-12-14 23:00:00,0.0,2,8.0,21.8,0.0,23,348,12
2025-12-15 00:00:00,0.0,3,8.9,20.7,0.0,0,349,12
2025-12-15 01:00:00,0.0,0,9.5,19.8,0.0,1,349,12
2025-12-15 02:00:00,0.0,1,9.7,19.3,0.0,2,349,12
2025-12-15 03:00:00,0.0,1,9.9,18.8,0.0,3,349,12
2025-12-15 04:00:00,0.0,55,10.2,18.3,0.0,4,349,12
2025-12-15 05:00:00,0.0,0,10.3,18.1,0.0,5,349,12
2025-12-15 06:00:00,0.0,0,10.3,17.7,0.0,6,349,12
2025-12-15 07:00:00,2.0,0,10.4,17.2,0.05729858042340023,7,349,12
2025-12-15 08:00:00,96.0,0,9.2,18.1,3.006601303144313,8,349,12
2025-12-15 09:00:00,281.0,0,7.6,20.1,9.287128072687882,9,349,12
2025-12-15 10:00:00,460.0,0,6.7,22.9,16.97459686090324,10,349,12
2025-12-15 11:00:00,595.0,0,6.0,26.2,18.341843764691575,11,349,12
2025-12-15 12:00:00,671.0,0,5.8,28.3,21.095214229151548,12,349,12
2025-12-15 13:00:00,677.0,0,6.1,29.6,24.81160451376547,13,349,12
2025-12-15 14:00:00,614.0,0,6.4,30.1,20.332915068346704,14,349,12
2025-12-15 15:00:00,487.0,0,7.1,30.2,16.16190460652867,15,349,12
2025-12-15 16:00:00,312.0,0,7.2,29.7,10.896771041751961,16,349,12
2025-12-15 17:00:00,122.0,0,6.6,28.6,4.176296391808725,17,349,12
2025-12-15 18:00:00,7.0,0,7.2,27.5,0.22095726483486977,18,349,12
2025-12-15 19:00:00,0.0,0,7.9,26.1,0.0,19,349,12
2025-12-15 20:00:00,0.0,0,8.4,25.0,0.0,20,349,12
2025-12-15 21:00:00,0.0,0,9.4,24.0,0.0,21,349,12
2025-12-15 22:00:00,0.0,0,9.5,23.1,0.0,22,349,12
2025-12-15 23:00:00,0.0,0,9.3,21.9,0.0,23,349,12
2025-12-16 00:00:00,0.0,0,10.3,20.6,0.0,0,350,12
2025-12-16 01:00:00,0.0,0,10.4,19.8,0.0,1,350,12
2025-12-16 02:00:00,0.0,0,10.1,19.1,0.0,2,350,12
2025-12-16 03:00:00,0.0,0,10.5,18.4,0.0,3,350,12
2025-12-16 04:00:00,0.0,0,10.9,17.8,0.0,4,350,12
2025-12-16 05:00:00,0.0,0,11.4,17.3,0.0,5,350,12
2025-12-16 06:00:00,0.0,0,11.6,16.8,0.0,6,350,12
2025-12-16 07:00:00,2.0,0,11.1,16.2,0.07752011568557338,7,350,12
2025-12-16 08:00:00,97.0,0,9.1,16.9,3.365477231281207,8,350,12
2025-12-16 09:00:00,286.0,0,9.2,18.8,10.08294132085014,9,350,12
2025-12-16 10:00:00,469.0,0,9.4,21.4,16.805808104293813,10,350,12
2025-12-16 11:00:00,608.0,0,9.5,24.3,19.68173768537514,11,350,12
2025-12-16 12:00:00,684.0,0,8.8,26.3,23.879715921294945,12,350,12
2025-12-16 13:00:00,691.0,0,8.8,27.8,20.589590949365437,13,350,12
2025-12-16 14:00:00,627.0,0,8.5,28.5,22.686339708226324,14,350,12
2025-12-16 15:00:00,498.0,0,8.1,28.7,18.023440960660956,15,350,12
2025-12-16 16:00:00,320.0,0,8.4,28.4,10.750635137678437,16,350,12
2025-12-16 17:00:00,126.0,0,7.9,27.0,4.329004796261779,17,350,12
2025-12-16 18:00:00,7.0,0,7.6,25.9,0.23771533726594174,18,350,12
2025-12-16 19:00:00,0.0,0,9.6,24.6,0.0,19,350,12
2025-12-16 20:00:00,0.0,0,10.3,23.7,0.0,20,350,12
2025-12-16 21:00:00,0.0,0,10.7,22.9,0.0,21,350,12
2025-12-16 22:00:00,0.0,0,10.9,22.1,0.0,22,350,12
2025-12-16 23:00:00,0.0,0,11.3,21.1,0.0,23,350,12
2025-12-17 00:00:00,0.0,0,11.3,20.4,0.0,0,351,12
2025-12-17 01:00:00,0.0,0,10.8,19.7,0.0,1,351,12
2025-12-17 02:00:00,0.0,0,10.6,19.0,0.0,2,351,12
2025-12-17 03:00:00,0.0,0,10.4,18.4,0.0,3,351,12
2025-12-17 04:00:00,0.0,0,10.3,17.8,0.0,4,351,12
2025-12-17 05:00:00,0.0,0,9.8,16.7,0.0,5,351,12
2025-12-17 06:00:00,0.0,0,9.9,16.4,0.0,6,351,12
2025-12-17 07:00:00,2.0,0,10.5,16.0,0.06852555301986804,7,351,12
2025-12-17 08:00:00,94.0,0,8.8,16.8,3.6897654744283317,8,351,12
2025-12-17 09:00:00,281.0,0,7.6,19.0,10.50287509510582,9,351,12
2025-12-17 10:00:00,462.0,0,7.5,22.0,15.563667775088492,10,351,12
2025-12-17 11:00:00,599.0,0,6.7,25.6,20.652717193152238,11,351,12
2025-12-17 12:00:00,674.0,0,5.4,27.7,22.21591295043849,12,351,12
2025-12-17 13:00:00,681.0,0,4.7,29.2,23.46618223803879,13,351,12
2025-12-17 14:00:00,618.0,0,4.4,30.0,22.12566788863183,14,351,12
2025-12-17 15:00:00,492.0,0,4.6,30.2,15.451749917762871,15,351,12
2025-12-17 16:00:00,317.0,0,5.6,29.8,10.836606456569616,16,351,12
2025-12-17 17:00:00,125.0,0,6.8,28.2,3.8491386861582857,17,351,12
2025-12-17 18:00:00,7.0,0,6.6,27.1,0.2312801899875275,18,351,12
2025-12-17 19:00:00,0.0,0,7.0,26.2,0.0,19,351,12
2025-12-17 20:00:00,0.0,0,8.0,25.1,0.0,20,351,12
2025-12-17 21:00:00,0.0,0,7.8,23.9,0.0,21,351,12
2025-12-17 22:00:00,0.0,0,8.1,23.0,0.0,22,351,12
2025-12-17 23:00:00,0.0,0,8.9,21.9,0.0,23,351,12
2025-12-18 00:00:00,0.0,0,9.3,21.1,0.0,0,352,12
2025-12-18 01:00:00,0.0,0,9.3,20.3,0.0,1,352,12
2025-12-18 02:00:00,0.0,0,9.0,19.5,0.0,2,352,12
2025-12-18 03:00:00,0.0,0,8.6,18.6,0.0,3,352,12
2025-12-18 04:00:00,0.0,0,9.1,17.9,0.0,4,352,12
2025-12-18 05:00:00,0.0,0,9.0,17.3,0.0,5,352,12
2025-12-18 06:00:00,0.0,0,9.7,17.0,0.0,6,352,12
2025-12-18 07:00:00,2.0,0,10.2,16.6,0.0726338954873088,7,352,12
2025-12-18 08:00:00,93.0,0,9.6,17.3,3.2177673885010094,8,352,12
2025-12-18 09:00:00,282.0,0,6.6,19.5,10.236329351398576,9,352,12
2025-12-18 10:00:00,465.0,0,6.2,22.4,15.776365590687623,10,352,12
2025-12-18 11:00:00,603.0,0,5.9,26.1,20.03899634966493,11,352,12
2025-12-18 12:00:00,679.0,0,6.2,28.3,24.311496536340062,12,352,12
2025-12-18 13:00:00,686.0,0,6.6,29.6,22.424913681114855,13,352,12
2025-12-18 14:00:00,624.0,0,6.3,30.3,21.66573568491169,14,352,12
2025-12-18 15:00:00,496.0,0,6.2,30.4,17.30233071740386,15,352,12
2025-12-18 16:00:00,320.0,0,6.4,30.0,11.417755265951453,16,352,12
2025-12-18 17:00:00,128.0,0,6.2,28.7,4.116934486526209,17,352,12
2025-12-18 18:00:00,8.0,0,6.4,27.6,0.28738939013219855,18,352,12
2025-12-18 19:00:00,0.0,0,8.4,26.2,0.0,19,352,12
2025-12-18 20:00:00,0.0,0,8.9,25.1,0.0,20,352,12
2025-12-18 21:00:00,0.0,0,8.2,24.1,0.0,21,352,12
2025-12-18 22:00:00,0.0,0,8.3,23.0,0.0,22,352,12
2025-12-18 23:00:00,0.0,0,8.2,21.8,0.0,23,352,12
2025-12-19 00:00:00,0.0,0,8.6,20.9,0.0,0,353,12
2025-12-19 01:00:00,0.0,0,8.9,19.7,0.0,1,353,12
2025-12-19 02:00:00,0.0,0,9.1,18.9,0.0,2,353,12
2025-12-19 03:00:00,0.0,0,8.9,18.3,0.0,3,353,12
2025-12-19 04:00:00,0.0,0,8.9,17.4,0.0,4,353,12
2025-12-19 05:00:00,0.0,0,8.9,17.1,0.0,5,353,12
2025-12-19 06:00:00,0.0,0,9.2,16.6,0.0,6,353,12
2025-12-19 07:00:00,1.0,0,9.3,16.2,0.036926462838874095,7,353,12
2025-12-19 08:00:00,90.0,0,8.4,17.1,3.2687341752739068,8,353,12
2025-12-19 09:00:00,274.0,0,5.1,19.5,8.612186767219713,9,353,12
2025-12-19 10:00:00,452.0,0,5.5,22.6,15.701226250416276,10,353,12
2025-12-19 11:00:00,588.0,0,6.1,26.3,20.88632014771239,11,353,12
2025-12-19 12:00:00,663.0,0,6.3,28.5,21.209419579204955,12,353,12
2025-12-19 13:00:00,670.0,0,6.2,29.8,22.63224120962636,13,353,12
2025-12-19 14:00:00,608.0,0,6.0,30.6,20.031782621138017,14,353,12
2025-12-19 15:00:00,484.0,82,5.9,30.7,8.747148804792214,15,353,12
2025-12-19 16:00:00,312.0,39,6.1,30.4,8.104297336513103,16,353,12
2025-12-19 17:00:00,125.0,4,6.8,29.2,3.930430143581695,17,353,12
2025-12-19 18:00:00,8.0,0,6.4,28.2,0.3034646033566878,18,353,12
2025-12-19 19:00:00,0.0,0,5.8,27.4,0.0,19,353,12
2025-12-19 20:00:00,0.0,0,6.2,26.5,0.0,20,353,12
2025-12-19 21:00:00,0.0,0,6.5,25.5,0.0,21,353,12
2025-12-19 22:00:00,0.0,0,6.1,24.6,0.0,22,353,12
2025-12-19 23:00:00,0.0,0,5.1,23.7,0.0,23,353,12
2025-12-20 00:00:00,0.0,0,5.9,22.9,0.0,0,354,12
2025-12-20 01:00:00,0.0,0,5.7,21.7,0.0,1,354,12
2025-12-20 02:00:00,0.0,0,6.2,20.4,0.0,2,354,12
2025-12-20 03:00:00,0.0,0,6.4,19.9,0.0,3,354,12
2025-12-20 04:00:00,0.0,0,6.6,19.4,0.0,4,354,12
2025-12-20 05:00:00,0.0,0,6.5,18.8,0.0,5,354,12
2025-12-20 06:00:00,0.0,0,6.9,18.2,0.0,6,354,12
2025-12-20 07:00:00,1.0,0,7.2,17.6,0.04026466735362003,7,354,12
2025-12-20 08:00:00,87.0,0,6.5,18.3,2.9898579491059714,8,354,12
2025-12-20 09:00:00,269.0,0,3.8,20.9,8.608798145627208,9,354,12
2025-12-20 10:00:00,447.0,0,4.6,24.2,14.893370969581103,10,354,12
2025-12-20 11:00:00,583.0,0,4.4,27.6,19.653337533593582,11,354,12
2025-12-20 12:00:00,659.0,0,3.0,29.6,21.000841847952113,12,354,12
2025-12-20 13:00:00,668.0,0,2.2,30.8,22.059130368039636,13,354,12
2025-12-20 14:00:00,607.0,16,3.1,31.5,21.11154395494638,14,354,12
2025-12-20 15:00:00,484.0,84,4.4,31.6,9.057896221798922,15,354,12
2025-12-20 16:00:00,312.0,5,4.9,31.3,9.40805019834765,16,354,12
2025-12-20 17:00:00,126.0,0,5.7,29.7,4.514781994050522,17,354,12
2025-12-20 18:00:00,8.0,0,4.3,28.6,0.26016693172904914,18,354,12
2025-12-20 19:00:00,0.0,0,3.6,27.7,0.0,19,354,12
2025-12-20 20:00:00,0.0,0,2.6,27.1,0.0,20,354,12
2025-12-20 21:00:00,0.0,0,3.6,26.0,0.0,21,354,12
2025-12-20 22:00:00,0.0,7,4.8,24.9,0.0,22,354,12
2025-12-20 23:00:00,0.0,20,4.9,23.4,0.0,23,354,12
2025-12-21 00:00:00,0.0,82,7.1,21.9,0.0,0,355,12
2025-12-21 01:00:00,0.0,100,8.1,20.6,0.0,1,355,12
2025-12-21 02:00:00,0.0,100,7.4,20.1,0.0,2,355,12
2025-12-21 03:00:00,0.0,100,8.1,19.6,0.0,3,355,12
2025-12-21 04:00:00,0.0,100,8.6,19.0,0.0,4,355,12
2025-12-21 05:00:00,0.0,100,8.3,18.8,0.0,5,355,12
2025-12-21 06:00:00,0.0,100,8.8,18.5,0.0,6,355,12
2025-12-21 07:00:00,1.0,100,9.1,18.2,0.015283138509614875,7,355,12
2025-12-21 08:00:00,75.0,100,7.5,18.9,1.300954122274481,8,355,12
2025-12-21 09:00:00,226.0,100,5.5,20.6,3.2312360608179267,9,355,12
2025-12-21 10:00:00,390.0,100,6.2,23.2,6.01838148859735,10,355,12
2025-12-21 11:00:00,503.0,100,6.2,26.0,8.26469788596276,11,355,12
2025-12-21 12:00:00,576.0,100,6.3,27.9,7.821122209829155,12,355,12
2025-12-21 13:00:00,618.0,100,6.3,29.2,9.208285446452564,13,355,12
2025-12-21 14:00:00,578.0,100,6.1,30.0,9.01072399378926,14,355,12
2025-12-21 15:00:00,453.0,100,5.2,30.1,7.160898105522567,15,355,12
2025-12-21 16:00:00,275.0,100,4.9,29.9,4.444421443335109,16,355,12
2025-12-21 17:00:00,108.0,100,5.4,28.8,1.8588643803811742,17,355,12
2025-12-21 18:00:00,8.0,100,4.3,28.0,0.10663172225631874,18,355,12
2025-12-21 19:00:00,0.0,100,5.0,27.1,0.0,19,355,12
2025-12-21 20:00:00,0.0,100,6.7,25.8,0.0,20,355,12
2025-12-21 21:00:00,0.0,100,7.2,24.7,0.0,21,355,12
2025-12-21 22:00:00,0.0,100,7.6,23.7,0.0,22,355,12
2025-12-21 23:00:00,0.0,100,8.0,22.7,0.0,23,355,12
2025-12-22 00:00:00,0.0,100,8.2,21.9,0.0,0,356,12
2025-12-22 01:00:00,0.0,100,8.7,21.1,0.0,1,356,12
2025-12-22 02:00:00,0.0,100,9.0,20.5,0.0,2,356,12
2025-12-22 03:00:00,0.0,98,8.7,19.9,0.0,3,356,12
2025-12-22 04:00:00,0.0,100,8.8,19.3,0.0,4,356,12
2025-12-22 05:00:00,0.0,100,9.0,18.9,0.0,5,356,12
2025-12-22 06:00:00,0.0,99,9.9,18.5,0.0,6,356,12
2025-12-22 07:00:00,1.0,98,10.5,18.0,0.017667879609199546,7,356,12
2025-12-22 08:00:00,83.0,95,9.4,18.8,1.2526131824059212,8,356,12
2025-12-22 09:00:00,265.0,100,7.3,20.9,3.771068566321541,9,356,12
2025-12-22 10:00:00,433.0,100,7.7,23.6,5.7133102011250445,10,356,12
2025-12-22 11:00:00,566.0,100,7.7,26.5,9.237639825165465,11,356,12
2025-12-22 12:00:00,652.0,100,7.4,28.6,10.984142282453014,12,356,12
2025-12-22 13:00:00,664.0,70,7.2,29.8,13.989198497086406,13,356,12
2025-12-22 14:00:00,611.0,52,6.7,30.6,15.666016466833335,14,356,12
2025-12-22 15:00:00,489.0,7,5.9,30.7,16.06630220374644,15,356,12
2025-12-22 16:00:00,318.0,0,5.9,30.4,9.657230882842349,16,356,12
2025-12-22 17:00:00,130.0,0,5.4,29.4,4.280393415261575,17,356,12
2025-12-22 18:00:00,9.0,0,5.2,28.4,0.3252972829238806,18,356,12
2025-12-22 19:00:00,0.0,0,6.4,27.1,0.0,19,356,12
2025-12-22 20:00:00,0.0,0,7.5,26.0,0.0,20,356,12
2025-12-22 21:00:00,0.0,0,7.2,25.0,0.0,21,356,12
2025-12-22 22:00:00,0.0,0,6.3,24.1,0.0,22,356,12
2025-12-22 23:00:00,0.0,0,6.4,22.9,0.0,23,356,12
2025-12-23 00:00:00,0.0,41,7.0,22.2,0.0,0,357,12
2025-12-23 01:00:00,0.0,2,7.0,21.4,0.0,1,357,12
2025-12-23 02:00:00,0.0,0,7.6,20.5,0.0,2,357,12
2025-12-23 03:00:00,0.0,0,8.0,19.7,0.0,3,357,12
2025-12-23 04:00:00,0.0,0,8.2,19.0,0.0,4,357,12
2025-12-23 05:00:00,0.0,0,8.1,18.4,0.0,5,357,12
2025-12-23 06:00:00,0.0,0,8.8,18.1,0.0,6,357,12
2025-12-23 07:00:00,1.0,0,8.8,17.7,0.03416760694451912,7,357,12
2025-12-23 08:00:00,84.0,0,8.5,18.4,3.2021299965279875,8,357,12
2025-12-23 09:00:00,267.0,0,5.5,20.6,9.53556486693411,9,357,12
2025-12-23 10:00:00,447.0,2,5.9,23.6,14.388490915275495,10,357,12
2025-12-23 11:00:00,586.0,17,6.1,26.9,17.051539220775513,11,357,12
2025-12-23 12:00:00,662.0,32,5.5,28.9,18.73169782215427,12,357,12
2025-12-23 13:00:00,671.0,49,6.1,30.2,16.19716735138932,13,357,12
2025-12-23 14:00:00,610.0,2,7.6,30.6,20.97964767169187,14,357,12
2025-12-23 15:00:00,489.0,0,7.8,30.5,14.581655128452347,15,357,12
2025-12-23 16:00:00,318.0,0,7.7,30.0,10.106417942086566,16,357,12
2025-12-23 17:00:00,130.0,0,7.0,29.1,4.6794238546624225,17,357,12
2025-12-23 18:00:00,9.0,25,7.4,28.1,0.2542711077899678,18,357,12
2025-12-23 19:00:00,0.0,21,7.0,27.3,0.0,19,357,12
2025-12-23 20:00:00,0.0,0,7.1,26.6,0.0,20,357,12
2025-12-23 21:00:00,0.0,0,7.9,25.7,0.0,21,357,12
2025-12-23 22:00:00,0.0,0,8.2,24.7,0.0,22,357,12
2025-12-23 23:00:00,0.0,0,8.4,23.9,0.0,23,357,12
2025-12-24 00:00:00,0.0,0,10.8,23.4,0.0,0,358,12
2025-12-24 01:00:00,0.0,0,8.3,22.4,0.0,1,358,12
2025-12-24 02:00:00,0.0,0,6.4,20.8,0.0,2,358,12
2025-12-24 03:00:00,0.0,0,7.2,19.8,0.0,3,358,12
2025-12-24 04:00:00,0.0,0,9.2,19.0,0.0,4,358,12
2025-12-24 05:00:00,0.0,0,8.3,18.6,0.0,5,358,12
2025-12-24 06:00:00,0.0,0,8.8,18.2,0.0,6,358,12
2025-12-24 07:00:00,1.0,0,9.2,17.7,0.035002742205307136,7,358,12
2025-12-24 08:00:00,82.0,0,8.2,18.4,2.808370271039489,8,358,12
2025-12-24 09:00:00,264.0,0,6.9,20.3,9.327526669660685,9,358,12
2025-12-24 10:00:00,444.0,0,6.5,22.9,14.898074416435643,10,358,12
2025-12-24 11:00:00,583.0,0,5.7,26.2,19.722964523491875,11,358,12
2025-12-24 12:00:00,662.0,0,5.3,28.1,22.62973104090512,12,358,12
2025-12-24 13:00:00,673.0,0,4.6,29.2,22.68997266064638,13,358,12
2025-12-24 14:00:00,614.0,0,4.7,29.6,20.61498091986807,14,358,12
2025-12-24 15:00:00,493.0,0,5.8,29.6,17.004603426558962,15,358,12
2025-12-24 16:00:00,322.0,0,6.9,29.1,11.531550207421995,16,358,12
2025-12-24 17:00:00,133.0,0,8.1,28.2,4.3995871421377055,17,358,12
2025-12-24 18:00:00,10.0,0,7.4,27.3,0.31805405947473714,18,358,12
2025-12-24 19:00:00,0.0,0,6.6,26.7,0.0,19,358,12
2025-12-24 20:00:00,0.0,0,7.1,25.6,0.0,20,358,12
2025-12-24 21:00:00,0.0,0,7.5,24.2,0.0,21,358,12
2025-12-24 22:00:00,0.0,0,6.6,22.9,0.0,22,358,12
2025-12-24 23:00:00,0.0,0,6.6,21.5,0.0,23,358,12
2025-12-25 00:00:00,0.0,0,7.6,20.9,0.0,0,359,12
2025-12-25 01:00:00,0.0,0,7.7,20.7,0.0,1,359,12
2025-12-25 02:00:00,0.0,0,6.4,20.3,0.0,2,359,12
2025-12-25 03:00:00,0.0,0,8.0,18.9,0.0,3,359,12
2025-12-25 04:00:00,0.0,0,7.6,18.4,0.0,4,359,12
2025-12-25 05:00:00,0.0,0,8.6,18.2,0.0,5,359,12
2025-12-25 06:00:00,0.0,0,9.5,17.7,0.0,6,359,12
2025-12-25 07:00:00,1.0,0,9.7,17.2,0.03604791263767183,7,359,12
2025-12-25 08:00:00,81.0,0,8.1,17.9,3.00806467724894,8,359,12
2025-12-25 09:00:00,263.0,0,6.7,19.9,9.050999020580099,9,359,12
2025-12-25 10:00:00,444.0,0,7.0,22.5,14.720114307414951,10,359,12
2025-12-25 11:00:00,583.0,0,7.3,25.4,20.0864457138152,11,359,12
2025-12-25 12:00:00,662.0,0,7.6,27.5,23.128086786449007,12,359,12
2025-12-25 13:00:00,674.0,0,7.0,28.3,21.030941340325075,13,359,12
2025-12-25 14:00:00,616.0,0,6.6,28.7,22.090910675008708,14,359,12
2025-12-25 15:00:00,495.0,0,6.2,28.8,17.414371871493557,15,359,12
2025-12-25 16:00:00,325.0,0,6.1,28.5,11.878364367624325,16,359,12
2025-12-25 17:00:00,136.0,0,6.3,27.7,4.0839073423602805,17,359,12
2025-12-25 18:00:00,10.0,0,3.9,26.9,0.34381733633008926,18,359,12
2025-12-25 19:00:00,0.0,0,4.9,26.0,0.0,19,359,12
2025-12-25 20:00:00,0.0,0,6.7,24.8,0.0,20,359,12
2025-12-25 21:00:00,0.0,0,7.3,23.7,0.0,21,359,12
2025-12-25 22:00:00,0.0,0,7.9,22.7,0.0,22,359,12
2025-12-25 23:00:00,0.0,0,7.3,21.9,0.0,23,359,12
2025-12-26 00:00:00,0.0,0,7.5,21.1,0.0,0,360,12
2025-12-26 01:00:00,0.0,0,7.6,19.9,0.0,1,360,12
2025-12-26 02:00:00,0.0,0,8.4,18.9,0.0,2,360,12
2025-12-26 03:00:00,0.0,0,8.8,18.3,0.0,3,360,12
2025-12-26 04:00:00,0.0,0,8.8,17.9,0.0,4,360,12
2025-12-26 05:00:00,0.0,0,9.0,17.4,0.0,5,360,12
2025-12-26 06:00:00,0.0,0,9.6,17.2,0.0,6,360,12
2025-12-26 07:00:00,1.0,0,9.9,16.8,0.03941760792216157,7,360,12
2025-12-26 08:00:00,80.0,0,8.2,17.5,2.5781039573321114,8,360,12
2025-12-26 09:00:00,260.0,0,8.0,19.4,8.918862141638819,9,360,12
2025-12-26 10:00:00,441.0,0,7.9,22.0,17.99532032699842,10,360,12
2025-12-26 11:00:00,581.0,0,8.0,24.8,21.919228351837358,11,360,12
2025-12-26 12:00:00,661.0,0,8.8,26.9,25.08772119512635,12,360,12
2025-12-26 13:00:00,674.0,0,7.7,28.0,23.603709283380326,13,360,12
2025-12-26 14:00:00,617.0,0,6.1,28.5,20.438402864254563,14,360,12
2025-12-26 15:00:00,496.0,0,5.6,28.6,17.277270344048542,15,360,12
2025-12-26 16:00:00,326.0,0,5.7,28.3,10.696000815957696,16,360,12
2025-12-26 17:00:00,136.0,0,7.1,27.1,4.800513991484274,17,360,12
2025-12-26 18:00:00,11.0,0,7.2,26.1,0.37495063665599154,18,360,12
2025-12-26 19:00:00,0.0,0,8.5,24.9,0.0,19,360,12
2025-12-26 20:00:00,0.0,0,8.6,24.0,0.0,20,360,12
2025-12-26 21:00:00,0.0,0,8.5,23.1,0.0,21,360,12
2025-12-26 22:00:00,0.0,0,8.8,22.0,0.0,22,360,12
2025-12-26 23:00:00,0.0,0,8.6,20.8,0.0,23,360,12
2025-12-27 00:00:00,0.0,0,8.6,20.4,0.0,0,361,12
2025-12-27 01:00:00,0.0,0,9.1,19.6,0.0,1,361,12
2025-12-27 02:00:00,0.0,0,9.6,18.9,0.0,2,361,12
2025-12-27 03:00:00,0.0,0,10.2,18.3,0.0,3,361,12
2025-12-27 04:00:00,0.0,0,10.5,17.7,0.0,4,361,12
2025-12-27 05:00:00,0.0,0,11.0,16.8,0.0,5,361,12
2025-12-27 06:00:00,0.0,0,11.1,16.7,0.0,6,361,12
2025-12-27 07:00:00,1.0,0,11.0,16.3,0.03557296972004536,7,361,12
2025-12-27 08:00:00,79.0,0,9.2,16.9,2.788727131514865,8,361,12
2025-12-27 09:00:00,260.0,0,9.1,18.9,9.175075614465118,9,361,12
2025-12-27 10:00:00,441.0,0,8.5,21.5,14.455314558980643,10,361,12
2025-12-27 11:00:00,581.0,0,8.3,24.0,18.303850670418694,11,361,12
2025-12-27 12:00:00,661.0,0,7.5,26.1,21.931621859461902,12,361,12
2025-12-27 13:00:00,672.0,0,6.2,27.3,22.81508271402875,13,361,12
2025-12-27 14:00:00,615.0,0,4.7,28.0,20.40314426464836,14,361,12
2025-12-27 15:00:00,495.0,0,4.3,28.3,16.400756462780482,15,361,12
2025-12-27 16:00:00,326.0,0,5.1,28.0,11.058516985630527,16,361,12
2025-12-27 17:00:00,137.0,0,7.7,26.7,4.728628546110691,17,361,12
2025-12-27 18:00:00,11.0,0,8.0,25.7,0.3989431419672603,18,361,12
2025-12-27 19:00:00,0.0,0,7.6,24.9,0.0,19,361,12
2025-12-27 20:00:00,0.0,0,6.8,24.1,0.0,20,361,12
2025-12-27 21:00:00,0.0,0,6.6,23.2,0.0,21,361,12
2025-12-27 22:00:00,0.0,0,6.8,22.0,0.0,22,361,12
2025-12-27 23:00:00,0.0,0,7.6,20.9,0.0,23,361,12
2025-12-28 00:00:00,0.0,0,7.7,20.1,0.0,0,362,12
2025-12-28 01:00:00,0.0,0,7.5,19.3,0.0,1,362,12
2025-12-28 02:00:00,0.0,0,8.7,18.5,0.0,2,362,12
2025-12-28 03:00:00,0.0,0,9.1,17.9,0.0,3,362,12
2025-12-28 04:00:00,0.0,0,9.2,17.4,0.0,4,362,12
2025-12-28 05:00:00,0.0,0,8.9,17.0,0.0,5,362,12
2025-12-28 06:00:00,0.0,0,9.4,16.6,0.0,6,362,12
2025-12-28 07:00:00,1.0,0,9.9,16.2,0.0360322643437639,7,362,12
2025-12-28 08:00:00,78.0,0,8.5,17.0,2.8696779156911445,8,362,12
2025-12-28 09:00:00,258.0,0,6.8,19.1,8.505599762138274,9,362,12
2025-12-28 10:00:00,440.0,0,6.7,21.9,17.460722571739215,10,362,12
2025-12-28 11:00:00,581.0,0,5.8,24.5,20.90958600086083,11,362,12
2025-12-28 12:00:00,661.0,0,4.6,26.7,22.397818079122835,12,362,12
2025-12-28 13:00:00,674.0,0,3.3,28.1,25.239856273829567,13,362,12
2025-12-28 14:00:00,618.0,0,1.3,28.7,20.385880975828464,14,362,12
2025-12-28 15:00:00,498.0,0,0.4,28.9,16.870468312592344,15,362,12
2025-12-28 16:00:00,328.0,0,0.7,28.7,10.813913742491838,16,362,12
2025-12-28 17:00:00,140.0,0,4.8,27.7,4.114891446588014,17,362,12
2025-12-28 18:00:00,12.0,0,6.5,26.4,0.41126725204949494,18,362,12
2025-12-28 19:00:00,0.0,0,7.8,25.5,0.0,19,362,12
2025-12-28 20:00:00,0.0,0,7.7,24.7,0.0,20,362,12
2025-12-28 21:00:00,0.0,0,7.2,24.0,0.0,21,362,12
2025-12-28 22:00:00,0.0,0,6.9,23.1,0.0,22,362,12
2025-12-28 23:00:00,0.0,0,6.8,21.6,0.0,23,362,12
2025-12-29 00:00:00,0.0,0,7.8,20.4,0.0,0,363,12
2025-12-29 01:00:00,0.0,0,7.9,19.3,0.0,1,363,12
2025-12-29 02:00:00,0.0,0,7.9,18.2,0.0,2,363,12
2025-12-29 03:00:00,0.0,2,8.4,17.4,0.0,3,363,12
2025-12-29 04:00:00,0.0,2,8.7,16.9,0.0,4,363,12
2025-12-29 05:00:00,0.0,23,8.7,16.7,0.0,5,363,12
2025-12-29 06:00:00,0.0,1,9.4,16.7,0.0,6,363,12
2025-12-29 07:00:00,0.0,0,9.5,16.3,0.0,7,363,12
2025-12-29 08:00:00,77.0,0,8.3,17.1,2.5731979009309995,8,363,12
2025-12-29 09:00:00,258.0,0,5.9,19.4,8.469034184299195,9,363,12
2025-12-29 10:00:00,441.0,0,5.8,22.2,16.96414709498591,10,363,12
2025-12-29 11:00:00,583.0,0,4.8,24.9,18.16832503146718,11,363,12
2025-12-29 12:00:00,665.0,0,4.0,27.0,22.018601675083108,12,363,12
2025-12-29 13:00:00,679.0,0,3.9,28.2,24.475058196895173,13,363,12
2025-12-29 14:00:00,623.0,0,3.4,28.8,21.651455993430524,14,363,12
2025-12-29 15:00:00,503.0,0,3.2,29.0,16.563994310698742,15,363,12
2025-12-29 16:00:00,333.0,0,3.0,28.7,12.04777113042515,16,363,12
2025-12-29 17:00:00,142.0,0,2.6,27.7,4.609485338077119,17,363,12
2025-12-29 18:00:00,12.0,0,3.8,26.4,0.4153240819995287,18,363,12
2025-12-29 19:00:00,0.0,0,6.5,25.4,0.0,19,363,12
2025-12-29 20:00:00,0.0,0,6.1,25.0,0.0,20,363,12
2025-12-29 21:00:00,0.0,0,5.6,24.2,0.0,21,363,12
2025-12-29 22:00:00,0.0,0,5.6,23.0,0.0,22,363,12
2025-12-29 23:00:00,0.0,0,5.0,22.3,0.0,23,363,12
2025-12-30 00:00:00,0.0,0,6.5,21.2,0.0,0,364,12
2025-12-30 01:00:00,0.0,0,6.1,19.8,0.0,1,364,12
2025-12-30 02:00:00,0.0,0,6.7,18.7,0.0,2,364,12
2025-12-30 03:00:00,0.0,0,6.9,18.2,0.0,3,364,12
2025-12-30 04:00:00,0.0,0,7.4,17.8,0.0,4,364,12
2025-12-30 05:00:00,0.0,0,7.7,16.8,0.0,5,364,12
2025-12-30 06:00:00,0.0,0,8.2,16.7,0.0,6,364,12
2025-12-30 07:00:00,0.0,0,8.3,16.4,0.0,7,364,12
2025-12-30 08:00:00,76.0,0,7.5,17.2,2.563577209788219,8,364,12
2025-12-30 09:00:00,256.0,0,4.1,19.7,8.87188988934401,9,364,12
2025-12-30 10:00:00,438.0,0,3.2,22.7,13.80075752805345,10,364,12
2025-12-30 11:00:00,578.0,0,2.6,25.5,18.62396101271782,11,364,12
2025-12-30 12:00:00,661.0,0,1.3,27.4,24.347282504795576,12,364,12
2025-12-30 13:00:00,675.0,0,1.2,28.4,22.223903523273282,13,364,12
2025-12-30 14:00:00,619.0,0,3.8,28.8,21.024185080036087,14,364,12
2025-12-30 15:00:00,500.0,0,5.8,28.8,16.867105671404087,15,364,12
2025-12-30 16:00:00,332.0,0,7.2,28.3,12.603371557888725,16,364,12
2025-12-30 17:00:00,143.0,0,7.9,27.3,5.316656601774493,17,364,12
2025-12-30 18:00:00,13.0,0,6.8,26.4,0.4409294667207416,18,364,12
2025-12-30 19:00:00,0.0,0,4.6,25.7,0.0,19,364,12
2025-12-30 20:00:00,0.0,0,3.2,24.9,0.0,20,364,12
2025-12-30 21:00:00,0.0,0,5.8,23.9,0.0,21,364,12
2025-12-30 22:00:00,0.0,0,3.9,23.1,0.0,22,364,12
2025-12-30 23:00:00,0.0,0,1.8,22.0,0.0,23,364,12
2025-12-31 00:00:00,0.0,0,3.8,21.7,0.0,0,365,12
2025-12-31 01:00:00,0.0,0,4.0,21.1,0.0,1,365,12
2025-12-31 02:00:00,0.0,0,2.4,20.3,0.0,2,365,12
2025-12-31 03:00:00,0.0,0,5.1,19.3,0.0,3,365,12
2025-12-31 04:00:00,0.0,0,5.2,18.9,0.0,4,365,12
2025-12-31 05:00:00,0.0,0,3.4,18.7,0.0,5,365,12
2025-12-31 06:00:00,0.0,0,2.7,18.6,0.0,6,365,12
2025-12-31 07:00:00,0.0,0,4.1,17.7,0.0,7,365,12
2025-12-31 08:00:00,74.0,0,3.6,18.1,2.73231432180065,8,365,12
2025-12-31 09:00:00,253.0,0,1.5,20.5,8.259910949503618,9,365,12
2025-12-31 10:00:00,434.0,0,1.1,23.2,14.872710896062506,10,365,12
2025-12-31 11:00:00,575.0,0,2.1,25.3,20.643551795963415,11,365,12
2025-12-31 12:00:00,656.0,0,3.8,26.9,20.56374618609737,12,365,12
2025-12-31 13:00:00,669.0,2,6.0,27.7,22.07719678912548,13,365,12
2025-12-31 14:00:00,584.0,13,7.6,28.0,17.650161996691914,14,365,12
2025-12-31 15:00:00,465.0,13,11.4,27.7,13.542393803189785,15,365,12
2025-12-31 16:00:00,286.0,14,9.9,27.0,8.387989406920441,16,365,12
2025-12-31 17:00:00,130.0,22,6.4,26.9,3.764882015391076,17,365,12
2025-12-31 18:00:00,12.0,17,5.6,26.1,0.36801784749292693,18,365,12
2025-12-31 19:00:00,0.0,4,5.6,25.4,0.0,19,365,12
2025-12-31 20:00:00,0.0,25,4.9,25.1,0.0,20,365,12
2025-12-31 21:00:00,0.0,28,6.5,24.2,0.0,21,365,12
2025-12-31 22:00:00,0.0,37,6.8,23.2,0.0,22,365,12
2025-12-31 23:00:00,0.0,54,7.6,22.4,0.0,23,365,12
2026-01-01 00:00:00,0.0,23,7.5,21.7,0.0,0,1,1
2026-01-01 01:00:00,0.0,30,7.6,21.0,0.0,1,1,1
2026-01-01 02:00:00,0.0,12,7.7,19.8,0.0,2,1,1
2026-01-01 03:00:00,0.0,16,7.8,19.0,0.0,3,1,1
2026-01-01 04:00:00,0.0,57,8.0,18.8,0.0,4,1,1
2026-01-01 05:00:00,0.0,31,9.0,20.1,0.0,5,1,1
2026-01-01 06:00:00,0.0,24,6.8,19.8,0.0,6,1,1
2026-01-01 07:00:00,0.0,28,6.3,19.8,0.0,7,1,1
2026-01-01 08:00:00,59.0,22,3.3,20.1,1.826917374308903,8,1,1
2026-01-01 09:00:00,207.0,55,2.3,21.3,4.841970539166134,9,1,1
2026-01-01 10:00:00,339.0,100,0.0,22.7,4.996700090152739,10,1,1
2026-01-01 11:00:00,333.0,26,6.0,24.8,9.8705570145101,11,1,1
2026-01-01 12:00:00,565.0,22,4.1,25.4,17.53006724760554,12,1,1
2026-01-01 13:00:00,585.0,21,5.1,26.1,18.387684429955787,13,1,1
2026-01-01 14:00:00,560.0,29,6.5,26.5,16.347235060101426,14,1,1
2026-01-01 15:00:00,441.0,27,7.1,26.8,11.626588189420653,15,1,1
2026-01-01 16:00:00,303.0,15,8.3,26.6,9.205320924930563,16,1,1
2026-01-01 17:00:00,133.0,44,9.0,25.9,3.418277040885876,17,1,1
2026-01-01 18:00:00,12.0,13,6.5,25.5,0.3802959902660751,18,1,1
2026-01-01 19:00:00,0.0,7,8.9,24.6,0.0,19,1,1
2026-01-01 20:00:00,0.0,2,9.0,23.1,0.0,20,1,1
2026-01-01 21:00:00,0.0,2,9.3,22.3,0.0,21,1,1
2026-01-01 22:00:00,0.0,7,9.6,21.6,0.0,22,1,1
2026-01-01 23:00:00,0.0,0,8.1,20.9,0.0,23,1,1
2026-01-02 00:00:00,0.0,0,8.8,19.9,0.0,0,2,1
2026-01-02 01:00:00,0.0,0,8.8,18.9,0.0,1,2,1
2026-01-02 02:00:00,0.0,0,9.1,18.4,0.0,2,2,1
2026-01-02 03:00:00,0.0,0,9.0,17.9,0.0,3,2,1
2026-01-02 04:00:00,0.0,0,8.9,17.3,0.0,4,2,1
2026-01-02 05:00:00,0.0,0,9.3,17.2,0.0,5,2,1
2026-01-02 06:00:00,0.0,0,9.5,16.9,0.0,6,2,1
2026-01-02 07:00:00,0.0,0,9.2,16.7,0.0,7,2,1
2026-01-02 08:00:00,73.0,0,8.6,17.4,2.551022031656683,8,2,1
2026-01-02 09:00:00,251.0,0,7.0,19.3,8.466173550722873,9,2,1
2026-01-02 10:00:00,433.0,0,6.8,21.5,16.52966332420903,10,2,1
2026-01-02 11:00:00,576.0,0,7.4,23.5,18.99826198378033,11,2,1
2026-01-02 12:00:00,658.0,0,6.0,24.9,21.096198546408235,12,2,1
2026-01-02 13:00:00,674.0,0,5.0,25.7,20.4889819044915,13,2,1
2026-01-02 14:00:00,620.0,0,5.6,26.1,21.125115746290387,14,2,1
2026-01-02 15:00:00,503.0,0,7.0,26.1,16.650275812266585,15,2,1
2026-01-02 16:00:00,337.0,0,8.3,25.6,12.027512356580893,16,2,1
2026-01-02 17:00:00,149.0,0,8.0,25.0,5.476304776791188,17,2,1
2026-01-02 18:00:00,15.0,0,8.5,23.7,0.5366745899775494,18,2,1
2026-01-02 19:00:00,0.0,0,9.7,22.5,0.0,19,2,1
2026-01-02 20:00:00,0.0,0,9.7,21.4,0.0,20,2,1
2026-01-02 21:00:00,0.0,0,9.2,20.7,0.0,21,2,1
2026-01-02 22:00:00,0.0,0,9.0,19.7,0.0,22,2,1
2026-01-02 23:00:00,0.0,0,7.9,18.9,0.0,23,2,1
2026-01-03 00:00:00,0.0,0,8.1,17.8,0.0,0,3,1
2026-01-03 01:00:00,0.0,0,7.8,16.8,0.0,1,3,1
2026-01-03 02:00:00,0.0,0,7.3,16.2,0.0,2,3,1
2026-01-03 03:00:00,0.0,0,7.9,15.7,0.0,3,3,1
2026-01-03 04:00:00,0.0,0,8.8,15.4,0.0,4,3,1
2026-01-03 05:00:00,0.0,0,8.5,15.5,0.0,5,3,1
2026-01-03 06:00:00,0.0,0,9.0,15.5,0.0,6,3,1
2026-01-03 07:00:00,0.0,0,9.4,15.1,0.0,7,3,1
2026-01-03 08:00:00,73.0,0,7.4,15.8,2.607378449536197,8,3,1
2026-01-03 09:00:00,254.0,0,7.0,17.6,9.03786239142566,9,3,1
2026-01-03 10:00:00,440.0,0,6.1,20.2,15.083610653065959,10,3,1
2026-01-03 11:00:00,586.0,0,6.7,22.4,19.02815947343853,11,3,1
2026-01-03 12:00:00,672.0,0,5.2,24.3,21.47803849379078,12,3,1
2026-01-03 13:00:00,688.0,0,3.1,25.4,23.137187885956035,13,3,1
2026-01-03 14:00:00,634.0,0,2.7,26.1,23.411841222466272,14,3,1
2026-01-03 15:00:00,514.0,0,4.1,26.3,16.373952225340503,15,3,1
2026-01-03 16:00:00,345.0,0,6.7,25.9,12.687426573454673,16,3,1
2026-01-03 17:00:00,154.0,0,8.1,24.4,5.261169109350205,17,3,1
2026-01-03 18:00:00,16.0,0,7.2,23.5,0.5753975594733843,18,3,1
2026-01-03 19:00:00,0.0,0,6.0,22.9,0.0,19,3,1
2026-01-03 20:00:00,0.0,0,6.6,22.1,0.0,20,3,1
2026-01-03 21:00:00,0.0,0,7.8,20.7,0.0,21,3,1
2026-01-03 22:00:00,0.0,0,8.2,19.5,0.0,22,3,1
2026-01-03 23:00:00,0.0,0,7.6,18.5,0.0,23,3,1
2026-01-04 00:00:00,0.0,0,7.6,18.2,0.0,0,4,1
2026-01-04 01:00:00,0.0,0,6.7,17.7,0.0,1,4,1
2026-01-04 02:00:00,0.0,0,7.0,17.1,0.0,2,4,1
2026-01-04 03:00:00,0.0,0,7.9,16.4,0.0,3,4,1
2026-01-04 04:00:00,0.0,0,8.8,15.8,0.0,4,4,1
2026-01-04 05:00:00,0.0,0,9.4,15.5,0.0,5,4,1
2026-01-04 06:00:00,0.0,0,9.8,15.4,0.0,6,4,1
2026-01-04 07:00:00,0.0,0,9.4,15.0,0.0,7,4,1
2026-01-04 08:00:00,74.0,0,7.2,15.6,2.536544338056964,8,4,1
2026-01-04 09:00:00,257.0,0,7.2,17.5,8.8900111218138,9,4,1
2026-01-04 10:00:00,442.0,0,6.7,19.9,14.344334280760105,10,4,1
2026-01-04 11:00:00,588.0,0,7.0,22.3,20.30721708569678,11,4,1
2026-01-04 12:00:00,673.0,0,6.3,24.3,24.136448449093606,12,4,1
2026-01-04 13:00:00,690.0,0,5.7,25.7,24.01538162732727,13,4,1
2026-01-04 14:00:00,637.0,0,6.2,26.5,23.45542926858689,14,4,1
2026-01-04 15:00:00,519.0,0,7.3,26.7,18.766620585642983,15,4,1
2026-01-04 16:00:00,350.0,0,8.2,26.3,12.532911544604787,16,4,1
2026-01-04 17:00:00,157.0,0,8.3,25.3,5.238287104771124,17,4,1
2026-01-04 18:00:00,17.0,0,8.2,24.2,0.5583432013788162,18,4,1
2026-01-04 19:00:00,0.0,0,7.7,23.4,0.0,19,4,1
2026-01-04 20:00:00,0.0,0,7.1,22.4,0.0,20,4,1
2026-01-04 21:00:00,0.0,0,7.6,21.1,0.0,21,4,1
2026-01-04 22:00:00,0.0,0,7.9,19.9,0.0,22,4,1
2026-01-04 23:00:00,0.0,0,8.6,19.2,0.0,23,4,1
2026-01-05 00:00:00,0.0,0,10.4,18.4,0.0,0,5,1
2026-01-05 01:00:00,0.0,0,11.0,17.8,0.0,1,5,1
2026-01-05 02:00:00,0.0,0,11.3,17.3,0.0,2,5,1
2026-01-05 03:00:00,0.0,0,11.5,16.7,0.0,3,5,1
2026-01-05 04:00:00,0.0,0,12.0,16.1,0.0,4,5,1
2026-01-05 05:00:00,0.0,0,13.2,15.5,0.0,5,5,1
2026-01-05 06:00:00,0.0,0,12.8,15.1,0.0,6,5,1
2026-01-05 07:00:00,0.0,0,12.7,14.6,0.0,7,5,1
2026-01-05 08:00:00,73.0,0,9.9,15.0,2.5130033755134416,8,5,1
2026-01-05 09:00:00,256.0,0,10.7,16.8,9.050187356653282,9,5,1
2026-01-05 10:00:00,441.0,0,10.3,19.4,14.42814227461029,10,5,1
2026-01-05 11:00:00,587.0,0,10.6,21.4,22.787191670183322,11,5,1
2026-01-05 12:00:00,673.0,0,9.7,23.4,23.114976899671944,12,5,1
2026-01-05 13:00:00,690.0,0,9.1,24.9,22.373884865558583,13,5,1
2026-01-05 14:00:00,637.0,0,8.9,25.8,22.710503214819788,14,5,1
2026-01-05 15:00:00,519.0,0,9.0,26.0,18.322207597826456,15,5,1
2026-01-05 16:00:00,350.0,0,9.1,25.8,11.933749085153654,16,5,1
2026-01-05 17:00:00,157.0,0,9.6,24.8,5.3040948517336926,17,5,1
2026-01-05 18:00:00,17.0,0,8.5,23.7,0.5936422791577701,18,5,1
2026-01-05 19:00:00,0.0,0,9.8,22.7,0.0,19,5,1
2026-01-05 20:00:00,0.0,0,10.0,21.7,0.0,20,5,1
2026-01-05 21:00:00,0.0,0,9.6,20.6,0.0,21,5,1
2026-01-05 22:00:00,0.0,0,9.7,19.5,0.0,22,5,1
2026-01-05 23:00:00,0.0,0,10.8,18.9,0.0,23,5,1
2026-01-06 00:00:00,0.0,0,10.8,18.4,0.0,0,6,1
2026-01-06 01:00:00,0.0,0,10.6,17.8,0.0,1,6,1
2026-01-06 02:00:00,0.0,0,10.5,17.1,0.0,2,6,1
2026-01-06 03:00:00,0.0,0,10.5,16.5,0.0,3,6,1
2026-01-06 04:00:00,0.0,0,10.7,15.9,0.0,4,6,1
2026-01-06 05:00:00,0.0,0,10.5,15.0,0.0,5,6,1
2026-01-06 06:00:00,0.0,0,10.8,14.8,0.0,6,6,1
2026-01-06 07:00:00,0.0,0,10.8,14.5,0.0,7,6,1
2026-01-06 08:00:00,73.0,0,9.2,15.3,2.488333301849164,8,6,1
2026-01-06 09:00:00,258.0,0,8.5,17.2,8.042840577052209,9,6,1
2026-01-06 10:00:00,446.0,0,7.7,19.9,14.983420444327344,10,6,1
2026-01-06 11:00:00,593.0,0,7.9,22.4,20.83918601598659,11,6,1
2026-01-06 12:00:00,682.0,0,7.0,24.3,23.98022886434478,12,6,1
2026-01-06 13:00:00,700.0,0,6.6,25.6,22.750397342079623,13,6,1
2026-01-06 14:00:00,645.0,0,6.9,26.3,21.383489503707757,14,6,1
2026-01-06 15:00:00,526.0,0,7.7,26.5,17.253959440898544,15,6,1
2026-01-06 16:00:00,355.0,0,8.2,26.1,11.94990158196666,16,6,1
2026-01-06 17:00:00,161.0,0,7.8,25.4,6.0739139355572735,17,6,1
2026-01-06 18:00:00,18.0,0,6.7,24.6,0.5613506502461593,18,6,1
2026-01-06 19:00:00,0.0,0,6.7,23.8,0.0,19,6,1
2026-01-06 20:00:00,0.0,0,7.9,22.5,0.0,20,6,1
2026-01-06 21:00:00,0.0,0,8.7,21.2,0.0,21,6,1
2026-01-06 22:00:00,0.0,0,8.9,20.1,0.0,22,6,1
2026-01-06 23:00:00,0.0,0,7.9,19.3,0.0,23,6,1
2026-01-07 00:00:00,0.0,0,7.7,18.5,0.0,0,7,1
2026-01-07 01:00:00,0.0,0,8.7,17.4,0.0,1,7,1
2026-01-07 02:00:00,0.0,0,9.6,16.5,0.0,2,7,1
2026-01-07 03:00:00,0.0,0,10.4,16.1,0.0,3,7,1
2026-01-07 04:00:00,0.0,0,11.1,15.8,0.0,4,7,1
2026-01-07 05:00:00,0.0,0,11.3,15.7,0.0,5,7,1
2026-01-07 06:00:00,0.0,0,11.3,15.5,0.0,6,7,1
2026-01-07 07:00:00,0.0,0,11.2,15.1,0.0,7,7,1
2026-01-07 08:00:00,72.0,0,9.4,15.8,2.491946338830132,8,7,1
2026-01-07 09:00:00,254.0,0,9.0,17.6,7.72213009844881,9,7,1
2026-01-07 10:00:00,440.0,0,8.0,20.1,13.989761885330148,10,7,1
2026-01-07 11:00:00,586.0,0,7.5,22.1,20.698243897360893,11,7,1
2026-01-07 12:00:00,675.0,0,6.2,23.9,20.340800325793207,12,7,1
2026-01-07 13:00:00,693.0,0,5.7,25.3,20.53223589660158,13,7,1
2026-01-07 14:00:00,642.0,0,5.7,26.0,22.785559247111184,14,7,1
2026-01-07 15:00:00,524.0,0,6.0,26.1,20.262453459836962,15,7,1
2026-01-07 16:00:00,355.0,0,6.5,25.8,11.852056053562704,16,7,1
2026-01-07 17:00:00,162.0,0,7.7,25.2,5.755542973798958,17,7,1
2026-01-07 18:00:00,19.0,0,7.6,24.2,0.6765279641471484,18,7,1
2026-01-07 19:00:00,0.0,0,8.3,23.0,0.0,19,7,1
2026-01-07 20:00:00,0.0,0,9.1,21.6,0.0,20,7,1
2026-01-07 21:00:00,0.0,0,8.9,20.6,0.0,21,7,1
2026-01-07 22:00:00,0.0,0,8.5,19.7,0.0,22,7,1
2026-01-07 23:00:00,0.0,0,9.1,18.6,0.0,23,7,1
2026-01-08 00:00:00,0.0,0,8.8,18.1,0.0,0,8,1
2026-01-08 01:00:00,0.0,0,8.8,17.5,0.0,1,8,1
2026-01-08 02:00:00,0.0,0,8.8,16.9,0.0,2,8,1
2026-01-08 03:00:00,0.0,0,9.0,16.6,0.0,3,8,1
2026-01-08 04:00:00,0.0,0,9.6,16.2,0.0,4,8,1
2026-01-08 05:00:00,0.0,0,10.4,15.8,0.0,5,8,1
2026-01-08 06:00:00,0.0,0,10.4,15.6,0.0,6,8,1
2026-01-08 07:00:00,0.0,0,9.5,15.3,0.0,7,8,1
2026-01-08 08:00:00,70.0,0,6.8,15.9,2.3727704134591683,8,8,1
2026-01-08 09:00:00,250.0,0,7.2,17.8,7.23318382542145,9,8,1
2026-01-08 10:00:00,434.0,0,6.1,20.5,15.240114064105553,10,8,1
2026-01-08 11:00:00,579.0,0,2.6,22.8,20.568317629165367,11,8,1
2026-01-08 12:00:00,664.0,0,0.7,24.9,21.843034253264662,12,8,1
2026-01-08 13:00:00,683.0,0,3.1,26.4,22.575004183944095,13,8,1
2026-01-08 14:00:00,632.0,0,5.0,27.0,19.940881068209055,14,8,1
2026-01-08 15:00:00,517.0,0,7.1,27.0,18.838093880840656,15,8,1
2026-01-08 16:00:00,350.0,0,8.5,26.2,12.280198069047659,16,8,1
2026-01-08 17:00:00,160.0,0,8.1,25.3,5.666690196501901,17,8,1
2026-01-08 18:00:00,19.0,0,7.5,24.2,0.6390503641570088,18,8,1
2026-01-08 19:00:00,0.0,1,8.4,23.1,0.0,19,8,1
2026-01-08 20:00:00,0.0,2,8.5,22.0,0.0,20,8,1
2026-01-08 21:00:00,0.0,0,10.1,20.5,0.0,21,8,1
2026-01-08 22:00:00,0.0,0,11.5,19.1,0.0,22,8,1
2026-01-08 23:00:00,0.0,0,10.8,18.1,0.0,23,8,1
2026-01-09 00:00:00,0.0,0,11.0,17.6,0.0,0,9,1
2026-01-09 01:00:00,0.0,0,10.3,17.1,0.0,1,9,1
2026-01-09 02:00:00,0.0,0,5.8,16.6,0.0,2,9,1
2026-01-09 03:00:00,0.0,0,5.2,16.1,0.0,3,9,1
2026-01-09 04:00:00,0.0,0,8.0,15.4,0.0,4,9,1
2026-01-09 05:00:00,0.0,0,7.9,15.6,0.0,5,9,1
2026-01-09 06:00:00,0.0,0,8.4,14.9,0.0,6,9,1
2026-01-09 07:00:00,0.0,0,7.8,14.2,0.0,7,9,1
2026-01-09 08:00:00,72.0,0,6.4,14.7,2.454179025975709,8,9,1
2026-01-09 09:00:00,256.0,0,4.3,17.0,8.330875691151697,9,9,1
2026-01-09 10:00:00,444.0,0,3.5,20.1,14.939028263612698,10,9,1
2026-01-09 11:00:00,592.0,0,4.5,23.0,20.633437866572358,11,9,1
2026-01-09 12:00:00,680.0,0,4.2,24.8,21.348540618005913,12,9,1
2026-01-09 13:00:00,699.0,0,4.3,25.9,24.653509003234905,13,9,1
2026-01-09 14:00:00,648.0,0,5.1,26.4,24.627553036339293,14,9,1
2026-01-09 15:00:00,531.0,0,5.7,26.4,15.993241156618001,15,9,1
2026-01-09 16:00:00,362.0,0,7.0,25.9,12.182320632436435,16,9,1
2026-01-09 17:00:00,168.0,0,8.3,25.0,5.668930308346959,17,9,1
2026-01-09 18:00:00,20.0,0,8.8,23.7,0.6295373086924275,18,9,1
2026-01-09 19:00:00,0.0,0,8.6,22.5,0.0,19,9,1
2026-01-09 20:00:00,0.0,0,8.7,21.3,0.0,20,9,1
2026-01-09 21:00:00,0.0,0,8.9,20.4,0.0,21,9,1
2026-01-09 22:00:00,0.0,0,8.6,19.8,0.0,22,9,1
2026-01-09 23:00:00,0.0,0,7.6,18.9,0.0,23,9,1
2026-01-10 00:00:00,0.0,0,8.6,18.0,0.0,0,10,1
2026-01-10 01:00:00,0.0,0,10.1,17.1,0.0,1,10,1
2026-01-10 02:00:00,0.0,0,6.9,16.2,0.0,2,10,1
2026-01-10 03:00:00,0.0,0,4.7,15.6,0.0,3,10,1
2026-01-10 04:00:00,0.0,0,5.7,15.0,0.0,4,10,1
2026-01-10 05:00:00,0.0,0,6.2,14.5,0.0,5,10,1
2026-01-10 06:00:00,0.0,0,8.0,14.2,0.0,6,10,1
2026-01-10 07:00:00,0.0,0,8.3,13.6,0.0,7,10,1
2026-01-10 08:00:00,72.0,0,6.1,14.0,2.397801962292547,8,10,1
2026-01-10 09:00:00,256.0,0,4.6,16.0,8.77156018491897,9,10,1
2026-01-10 10:00:00,444.0,0,5.5,19.0,15.74804740193243,10,10,1
2026-01-10 11:00:00,593.0,0,4.7,22.1,19.419430235492023,11,10,1
2026-01-10 12:00:00,683.0,0,4.9,24.5,21.750873017581025,12,10,1
2026-01-10 13:00:00,703.0,0,5.8,25.6,21.967579364248778,13,10,1
2026-01-10 14:00:00,652.0,0,8.2,26.0,23.221967879449693,14,10,1
2026-01-10 15:00:00,534.0,0,9.6,25.7,18.712858752578178,15,10,1
2026-01-10 16:00:00,364.0,0,10.7,24.9,12.725190736577384,16,10,1
2026-01-10 17:00:00,170.0,0,10.1,23.8,5.289029628811246,17,10,1
2026-01-10 18:00:00,21.0,0,8.5,22.7,0.7341849415462325,18,10,1
2026-01-10 19:00:00,0.0,0,9.1,21.6,0.0,19,10,1
2026-01-10 20:00:00,0.0,0,9.0,20.6,0.0,20,10,1
2026-01-10 21:00:00,0.0,0,9.3,19.5,0.0,21,10,1
2026-01-10 22:00:00,0.0,0,9.3,18.5,0.0,22,10,1
2026-01-10 23:00:00,0.0,0,9.0,17.4,0.0,23,10,1
2026-01-11 00:00:00,0.0,0,9.4,16.4,0.0,0,11,1
2026-01-11 01:00:00,0.0,0,8.5,15.4,0.0,1,11,1
2026-01-11 02:00:00,0.0,0,8.3,14.7,0.0,2,11,1
2026-01-11 03:00:00,0.0,0,8.8,14.2,0.0,3,11,1
2026-01-11 04:00:00,0.0,0,7.3,13.6,0.0,4,11,1
2026-01-11 05:00:00,0.0,0,6.2,13.6,0.0,5,11,1
2026-01-11 06:00:00,0.0,0,7.7,13.4,0.0,6,11,1
2026-01-11 07:00:00,0.0,0,8.4,13.4,0.0,7,11,1
2026-01-11 08:00:00,72.0,0,8.5,14.3,2.3840907952358714,8,11,1
2026-01-11 09:00:00,257.0,0,6.3,16.6,8.686821976700209,9,11,1
2026-01-11 10:00:00,445.0,0,5.9,19.4,14.456031259517527,10,11,1
2026-01-11 11:00:00,592.0,0,6.0,22.4,20.337836144387634,11,11,1
2026-01-11 12:00:00,680.0,0,6.3,24.8,24.288820652779663,12,11,1
2026-01-11 13:00:00,700.0,0,5.8,26.4,22.292819763128225,13,11,1
2026-01-11 14:00:00,649.0,0,4.9,27.4,21.36079899428313,14,11,1
2026-01-11 15:00:00,533.0,0,4.4,27.9,19.885019927873167,15,11,1
2026-01-11 16:00:00,365.0,0,4.4,27.7,11.969398197800313,16,11,1
2026-01-11 17:00:00,171.0,0,5.8,27.1,6.289212774415308,17,11,1
2026-01-11 18:00:00,22.0,0,7.1,25.8,0.7931918632448184,18,11,1
2026-01-11 19:00:00,0.0,0,9.0,24.4,0.0,19,11,1
2026-01-11 20:00:00,0.0,0,9.2,23.2,0.0,20,11,1
2026-01-11 21:00:00,0.0,0,9.7,21.7,0.0,21,11,1
2026-01-11 22:00:00,0.0,0,9.4,20.7,0.0,22,11,1
2026-01-11 23:00:00,0.0,0,8.7,19.6,0.0,23,11,1
2026-01-12 00:00:00,0.0,0,9.2,18.9,0.0,0,12,1
2026-01-12 01:00:00,0.0,0,8.9,18.1,0.0,1,12,1
2026-01-12 02:00:00,0.0,0,8.8,17.5,0.0,2,12,1
2026-01-12 03:00:00,0.0,0,9.2,17.0,0.0,3,12,1
2026-01-12 04:00:00,0.0,0,9.8,16.5,0.0,4,12,1
2026-01-12 05:00:00,0.0,0,10.4,16.3,0.0,5,12,1
2026-01-12 06:00:00,0.0,0,11.0,16.1,0.0,6,12,1
2026-01-12 07:00:00,0.0,0,10.8,15.8,0.0,7,12,1
2026-01-12 08:00:00,71.0,0,10.5,16.5,2.6749103098076006,8,12,1
2026-01-12 09:00:00,256.0,0,8.3,18.6,8.607818341252386,9,12,1
2026-01-12 10:00:00,447.0,0,8.1,21.4,15.078666915496559,10,12,1
2026-01-12 11:00:00,596.0,0,8.1,24.4,21.18195938497571,11,12,1
2026-01-12 12:00:00,687.0,0,6.7,26.4,23.90559807097471,12,12,1
2026-01-12 13:00:00,708.0,0,4.7,27.8,21.269768222183902,13,12,1
2026-01-12 14:00:00,657.0,0,4.0,28.7,24.53495965610782,14,12,1
2026-01-12 15:00:00,540.0,0,4.7,29.1,18.41920132612084,15,12,1
2026-01-12 16:00:00,372.0,0,5.7,28.9,12.578082401327459,16,12,1
2026-01-12 17:00:00,176.0,0,6.7,28.0,6.3297929017536685,17,12,1
2026-01-12 18:00:00,23.0,0,6.6,26.7,0.811117324380902,18,12,1
2026-01-12 19:00:00,0.0,0,7.2,25.8,0.0,19,12,1
2026-01-12 20:00:00,0.0,0,8.3,24.7,0.0,20,12,1
2026-01-12 21:00:00,0.0,0,8.0,23.5,0.0,21,12,1
2026-01-12 22:00:00,0.0,0,8.1,22.2,0.0,22,12,1
2026-01-12 23:00:00,0.0,0,8.1,21.2,0.0,23,12,1
2026-01-13 00:00:00,0.0,0,8.5,20.5,0.0,0,13,1
2026-01-13 01:00:00,0.0,0,7.5,19.6,0.0,1,13,1
2026-01-13 02:00:00,0.0,0,7.4,18.7,0.0,2,13,1
2026-01-13 03:00:00,0.0,0,8.7,18.1,0.0,3,13,1
2026-01-13 04:00:00,0.0,0,9.9,17.7,0.0,4,13,1
2026-01-13 05:00:00,0.0,0,9.4,17.7,0.0,5,13,1
2026-01-13 06:00:00,0.0,0,9.2,17.3,0.0,6,13,1
2026-01-13 07:00:00,0.0,0,9.8,16.8,0.0,7,13,1
2026-01-13 08:00:00,69.0,0,9.3,17.4,2.331609794666597,8,13,1
2026-01-13 09:00:00,250.0,0,7.3,19.4,8.180997963071013,9,13,1
2026-01-13 10:00:00,437.0,0,6.4,22.2,16.30492611430634,10,13,1
2026-01-13 11:00:00,585.0,0,5.1,25.2,19.310432303973208,11,13,1
2026-01-13 12:00:00,674.0,0,2.7,27.2,21.945937489841224,12,13,1
2026-01-13 13:00:00,695.0,0,0.8,28.7,23.29842476694896,13,13,1
2026-01-13 14:00:00,645.0,0,3.5,29.5,19.938220343308505,14,13,1
2026-01-13 15:00:00,531.0,0,6.5,29.4,14.833588704287514,15,13,1
2026-01-13 16:00:00,365.0,0,8.6,28.7,12.312224532804427,16,13,1
2026-01-13 17:00:00,173.0,0,9.0,27.7,5.846493513701108,17,13,1
2026-01-13 18:00:00,24.0,0,7.8,26.5,0.7484818953286503,18,13,1
2026-01-13 19:00:00,0.0,0,9.0,25.2,0.0,19,13,1
2026-01-13 20:00:00,0.0,0,8.7,24.1,0.0,20,13,1
2026-01-13 21:00:00,0.0,0,8.1,23.4,0.0,21,13,1
2026-01-13 22:00:00,0.0,0,8.7,22.5,0.0,22,13,1
2026-01-13 23:00:00,0.0,0,9.6,21.3,0.0,23,13,1
2026-01-14 00:00:00,0.0,0,9.9,20.2,0.0,0,14,1
2026-01-14 01:00:00,0.0,0,10.0,19.5,0.0,1,14,1
2026-01-14 02:00:00,0.0,0,10.3,18.8,0.0,2,14,1
2026-01-14 03:00:00,0.0,0,10.5,18.0,0.0,3,14,1
2026-01-14 04:00:00,0.0,0,10.3,17.0,0.0,4,14,1
2026-01-14 05:00:00,0.0,0,8.7,16.6,0.0,5,14,1
2026-01-14 06:00:00,0.0,0,8.5,16.1,0.0,6,14,1
2026-01-14 07:00:00,0.0,0,8.1,15.4,0.0,7,14,1
2026-01-14 08:00:00,74.0,0,7.4,15.6,2.7351554363628408,8,14,1
2026-01-14 09:00:00,266.0,0,4.6,17.5,9.501634226329294,9,14,1
2026-01-14 10:00:00,463.0,0,4.2,20.4,15.88469112229866,10,14,1
2026-01-14 11:00:00,620.0,0,4.4,24.1,21.62610338786111,11,14,1
2026-01-14 12:00:00,713.0,0,6.7,25.9,22.32872752540832,12,14,1
2026-01-14 13:00:00,736.0,0,6.8,26.7,24.78055348790176,13,14,1
2026-01-14 14:00:00,685.0,0,6.6,27.1,24.247299338453594,14,14,1
2026-01-14 15:00:00,567.0,0,6.8,27.1,19.35647638297728,15,14,1
2026-01-14 16:00:00,393.0,0,6.5,26.7,11.684079044078025,16,14,1
2026-01-14 17:00:00,190.0,0,7.5,26.3,6.81810863169848,17,14,1
2026-01-14 18:00:00,27.0,0,7.8,25.0,0.9232658395005704,18,14,1
2026-01-14 19:00:00,0.0,0,8.3,24.0,0.0,19,14,1
2026-01-14 20:00:00,0.0,0,9.3,22.7,0.0,20,14,1
2026-01-14 21:00:00,0.0,0,9.4,22.2,0.0,21,14,1
2026-01-14 22:00:00,0.0,0,9.4,21.0,0.0,22,14,1
2026-01-14 23:00:00,0.0,0,7.7,19.4,0.0,23,14,1
2026-01-15 00:00:00,0.0,0,7.5,18.2,0.0,0,15,1
2026-01-15 01:00:00,0.0,0,7.9,17.3,0.0,1,15,1
2026-01-15 02:00:00,0.0,0,7.6,16.6,0.0,2,15,1
2026-01-15 03:00:00,0.0,0,7.4,15.9,0.0,3,15,1
2026-01-15 04:00:00,0.0,0,7.2,15.1,0.0,4,15,1
2026-01-15 05:00:00,0.0,0,6.5,14.4,0.0,5,15,1
2026-01-15 06:00:00,0.0,0,6.6,13.8,0.0,6,15,1
2026-01-15 07:00:00,0.0,0,8.1,13.5,0.0,7,15,1
2026-01-15 08:00:00,74.0,0,8.3,14.4,2.4684817752552837,8,15,1
2026-01-15 09:00:00,263.0,0,5.5,16.9,7.782142767046662,9,15,1
2026-01-15 10:00:00,455.0,0,5.2,20.2,15.047649502849362,10,15,1
2026-01-15 11:00:00,608.0,0,6.4,23.6,22.241000350579846,11,15,1
2026-01-15 12:00:00,701.0,0,7.4,26.0,25.72149715710928,12,15,1
2026-01-15 13:00:00,724.0,0,7.4,27.3,24.991586469201923,13,15,1
2026-01-15 14:00:00,675.0,0,6.8,28.0,23.853613927961707,14,15,1
2026-01-15 15:00:00,558.0,0,6.3,28.3,17.908985437825347,15,15,1
2026-01-15 16:00:00,387.0,0,6.4,28.1,14.31127076943802,16,15,1
2026-01-15 17:00:00,188.0,0,5.8,27.6,5.929858104205496,17,15,1
2026-01-15 18:00:00,27.0,0,4.8,26.5,0.8736243638075109,18,15,1
2026-01-15 19:00:00,0.0,0,7.2,25.3,0.0,19,15,1
2026-01-15 20:00:00,0.0,0,8.6,24.4,0.0,20,15,1
2026-01-15 21:00:00,0.0,0,9.3,22.7,0.0,21,15,1
2026-01-15 22:00:00,0.0,0,8.7,21.4,0.0,22,15,1
2026-01-15 23:00:00,0.0,0,8.6,20.4,0.0,23,15,1
2026-01-16 00:00:00,0.0,0,9.0,19.6,0.0,0,16,1
2026-01-16 01:00:00,0.0,0,9.5,18.2,0.0,1,16,1
2026-01-16 02:00:00,0.0,0,9.6,17.4,0.0,2,16,1
2026-01-16 03:00:00,0.0,0,9.6,16.8,0.0,3,16,1
2026-01-16 04:00:00,0.0,3,9.4,16.4,0.0,4,16,1
2026-01-16 05:00:00,0.0,0,10.0,16.1,0.0,5,16,1
2026-01-16 06:00:00,0.0,0,10.1,15.8,0.0,6,16,1
2026-01-16 07:00:00,0.0,0,10.5,15.5,0.0,7,16,1
2026-01-16 08:00:00,73.0,0,9.9,16.0,2.5944046729929777,8,16,1
2026-01-16 09:00:00,261.0,0,7.0,18.1,8.605577851793063,9,16,1
2026-01-16 10:00:00,452.0,0,6.2,21.0,14.84897347843241,10,16,1
2026-01-16 11:00:00,604.0,0,6.2,24.6,19.82504843820829,11,16,1
2026-01-16 12:00:00,697.0,0,5.8,27.2,23.963120779670277,12,16,1
2026-01-16 13:00:00,720.0,0,5.3,28.8,25.977687045738673,13,16,1
2026-01-16 14:00:00,671.0,0,4.3,29.7,20.41829516951696,14,16,1
2026-01-16 15:00:00,555.0,0,3.7,30.0,18.962484834583783,15,16,1
2026-01-16 16:00:00,385.0,0,3.6,29.9,12.609522984791475,16,16,1
2026-01-16 17:00:00,187.0,0,2.8,29.4,6.662659933897436,17,16,1
2026-01-16 18:00:00,28.0,0,1.4,27.9,0.9317281037307547,18,16,1
2026-01-16 19:00:00,0.0,0,4.8,26.5,0.0,19,16,1
2026-01-16 20:00:00,0.0,0,5.3,25.7,0.0,20,16,1
2026-01-16 21:00:00,0.0,0,5.7,24.4,0.0,21,16,1
2026-01-16 22:00:00,0.0,0,6.2,23.2,0.0,22,16,1
2026-01-16 23:00:00,0.0,0,5.6,21.9,0.0,23,16,1
2026-01-17 00:00:00,0.0,0,6.2,20.9,0.0,0,17,1
2026-01-17 01:00:00,0.0,0,6.0,20.0,0.0,1,17,1
2026-01-17 02:00:00,0.0,0,6.0,19.1,0.0,2,17,1
2026-01-17 03:00:00,0.0,0,6.2,18.4,0.0,3,17,1
2026-01-17 04:00:00,0.0,0,7.1,17.7,0.0,4,17,1
2026-01-17 05:00:00,0.0,0,6.2,17.0,0.0,5,17,1
2026-01-17 06:00:00,0.0,0,6.0,16.6,0.0,6,17,1
2026-01-17 07:00:00,0.0,0,6.1,16.1,0.0,7,17,1
2026-01-17 08:00:00,72.0,0,5.3,16.7,2.275699840022231,8,17,1
2026-01-17 09:00:00,258.0,0,3.1,19.2,9.279103096547486,9,17,1
2026-01-17 10:00:00,449.0,0,3.2,22.4,14.905326992330602,10,17,1
2026-01-17 11:00:00,601.0,0,5.9,25.2,22.475813948768483,11,17,1
2026-01-17 12:00:00,692.0,0,7.3,26.6,22.646156410098662,12,17,1
2026-01-17 13:00:00,716.0,0,8.1,27.4,22.667195213787632,13,17,1
2026-01-17 14:00:00,668.0,0,8.3,27.9,20.975095191073077,14,17,1
2026-01-17 15:00:00,554.0,0,8.1,27.9,18.49948767555752,15,17,1
2026-01-17 16:00:00,386.0,0,6.5,27.6,13.144714654511342,16,17,1
2026-01-17 17:00:00,190.0,0,7.2,26.9,5.520565542817757,17,17,1
2026-01-17 18:00:00,29.0,0,8.0,25.8,0.9166658215788513,18,17,1
2026-01-17 19:00:00,0.0,0,7.3,25.0,0.0,19,17,1
2026-01-17 20:00:00,0.0,0,7.1,23.8,0.0,20,17,1
2026-01-17 21:00:00,0.0,0,8.6,22.3,0.0,21,17,1
2026-01-17 22:00:00,0.0,0,9.0,21.5,0.0,22,17,1
2026-01-17 23:00:00,0.0,0,8.9,20.6,0.0,23,17,1
2026-01-18 00:00:00,0.0,0,8.2,20.2,0.0,0,18,1
2026-01-18 01:00:00,0.0,0,7.1,19.8,0.0,1,18,1
2026-01-18 02:00:00,0.0,0,6.0,19.1,0.0,2,18,1
2026-01-18 03:00:00,0.0,0,7.8,18.3,0.0,3,18,1
2026-01-18 04:00:00,0.0,0,8.6,17.4,0.0,4,18,1
2026-01-18 05:00:00,0.0,0,9.0,16.6,0.0,5,18,1
2026-01-18 06:00:00,0.0,0,7.1,16.1,0.0,6,18,1
2026-01-18 07:00:00,0.0,0,6.5,15.9,0.0,7,18,1
2026-01-18 08:00:00,71.0,0,4.4,16.8,2.45513023520446,8,18,1
2026-01-18 09:00:00,253.0,0,3.6,18.9,8.282599341329902,9,18,1
2026-01-18 10:00:00,442.0,0,3.6,21.3,15.557561521859313,10,18,1
2026-01-18 11:00:00,593.0,0,4.5,23.6,19.705880929215475,11,18,1
2026-01-18 12:00:00,673.0,31,6.5,25.3,20.909273509183972,12,18,1
2026-01-18 13:00:00,611.0,19,8.5,26.0,20.907956888710217,13,18,1
2026-01-18 14:00:00,589.0,29,10.1,26.2,15.650942963197776,14,18,1
2026-01-18 15:00:00,459.0,51,10.3,26.3,11.72378672603857,15,18,1
2026-01-18 16:00:00,327.0,48,10.5,26.0,7.394095214386152,16,18,1
2026-01-18 17:00:00,152.0,20,9.3,26.0,4.88081336473565,17,18,1
2026-01-18 18:00:00,26.0,5,6.2,25.1,0.9296583125137641,18,18,1
2026-01-18 19:00:00,0.0,2,4.5,24.4,0.0,19,18,1
2026-01-18 20:00:00,0.0,1,4.4,23.7,0.0,20,18,1
2026-01-18 21:00:00,0.0,9,3.2,23.0,0.0,21,18,1
2026-01-18 22:00:00,0.0,37,4.2,22.2,0.0,22,18,1
2026-01-18 23:00:00,0.0,18,3.8,21.5,0.0,23,18,1
2026-01-19 00:00:00,0.0,7,7.3,20.6,0.0,0,19,1
2026-01-19 01:00:00,0.0,1,7.0,20.4,0.0,1,19,1
2026-01-19 02:00:00,0.0,1,4.8,19.5,0.0,2,19,1
2026-01-19 03:00:00,0.0,0,5.5,18.5,0.0,3,19,1
2026-01-19 04:00:00,0.0,0,5.8,17.8,0.0,4,19,1
2026-01-19 05:00:00,0.0,0,0.9,17.2,0.0,5,19,1
2026-01-19 06:00:00,0.0,0,2.1,16.9,0.0,6,19,1
2026-01-19 07:00:00,0.0,0,6.1,16.3,0.0,7,19,1
2026-01-19 08:00:00,72.0,0,3.9,16.9,2.4011425864235405,8,19,1
2026-01-19 09:00:00,260.0,0,1.9,19.1,7.825366584064635,9,19,1
2026-01-19 10:00:00,454.0,0,2.4,21.8,15.316203102189704,10,19,1
2026-01-19 11:00:00,608.0,0,4.2,24.1,20.413155482545026,11,19,1
2026-01-19 12:00:00,701.0,0,5.4,25.7,24.30678108315921,12,19,1
2026-01-19 13:00:00,725.0,0,6.6,26.4,23.747610637634644,13,19,1
2026-01-19 14:00:00,679.0,0,7.7,26.7,24.739371257269955,14,19,1
2026-01-19 15:00:00,564.0,0,8.6,26.7,19.726126820402584,15,19,1
2026-01-19 16:00:00,395.0,0,9.1,26.3,13.582696981888525,16,19,1
2026-01-19 17:00:00,195.0,0,8.7,25.5,7.026521431861316,17,19,1
2026-01-19 18:00:00,31.0,0,6.9,24.7,0.9966262109362142,18,19,1
2026-01-19 19:00:00,0.0,0,5.6,24.2,0.0,19,19,1
2026-01-19 20:00:00,0.0,0,5.1,23.6,0.0,20,19,1
2026-01-19 21:00:00,0.0,0,4.6,22.8,0.0,21,19,1
2026-01-19 22:00:00,0.0,0,5.1,22.3,0.0,22,19,1
2026-01-19 23:00:00,0.0,0,5.5,21.8,0.0,23,19,1
2026-01-20 00:00:00,0.0,0,5.7,21.5,0.0,0,20,1
2026-01-20 01:00:00,0.0,0,7.5,20.2,0.0,1,20,1
2026-01-20 02:00:00,0.0,0,7.9,19.2,0.0,2,20,1
2026-01-20 03:00:00,0.0,0,8.8,18.3,0.0,3,20,1
2026-01-20 04:00:00,0.0,0,8.3,17.5,0.0,4,20,1
2026-01-20 05:00:00,0.0,0,7.9,16.9,0.0,5,20,1
2026-01-20 06:00:00,0.0,0,6.9,16.8,0.0,6,20,1
2026-01-20 07:00:00,0.0,0,7.2,15.6,0.0,7,20,1
2026-01-20 08:00:00,74.0,0,4.4,15.8,2.560061623569138,8,20,1
2026-01-20 09:00:00,265.0,0,2.6,18.1,8.578933483763636,9,20,1
2026-01-20 10:00:00,460.0,0,3.4,21.3,16.124996937325434,10,20,1
2026-01-20 11:00:00,615.0,0,5.7,24.4,21.896615979983043,11,20,1
2026-01-20 12:00:00,712.0,0,5.8,26.2,27.099071827316514,12,20,1
2026-01-20 13:00:00,737.0,0,4.9,27.0,22.184153642402887,13,20,1
2026-01-20 14:00:00,689.0,0,4.5,27.5,21.80480709803856,14,20,1
2026-01-20 15:00:00,573.0,0,4.3,27.7,19.41051199983153,15,20,1
2026-01-20 16:00:00,401.0,0,4.2,27.6,13.302848706488689,16,20,1
2026-01-20 17:00:00,200.0,0,7.5,27.0,5.798014796634026,17,20,1
2026-01-20 18:00:00,33.0,0,7.0,26.2,1.2352690789321639,18,20,1
2026-01-20 19:00:00,0.0,0,6.3,25.6,0.0,19,20,1
2026-01-20 20:00:00,0.0,0,6.7,25.0,0.0,20,20,1
2026-01-20 21:00:00,0.0,0,7.7,23.8,0.0,21,20,1
2026-01-20 22:00:00,0.0,0,8.0,22.3,0.0,22,20,1
2026-01-20 23:00:00,0.0,0,7.9,21.1,0.0,23,20,1
2026-01-21 00:00:00,0.0,0,8.4,20.7,0.0,0,21,1
2026-01-21 01:00:00,0.0,0,8.5,19.7,0.0,1,21,1
2026-01-21 02:00:00,0.0,0,8.9,19.0,0.0,2,21,1
2026-01-21 03:00:00,0.0,0,9.2,18.5,0.0,3,21,1
2026-01-21 04:00:00,0.0,0,9.6,18.2,0.0,4,21,1
2026-01-21 05:00:00,0.0,0,10.7,17.9,0.0,5,21,1
2026-01-21 06:00:00,0.0,0,11.3,17.6,0.0,6,21,1
2026-01-21 07:00:00,0.0,0,11.7,17.3,0.0,7,21,1
2026-01-21 08:00:00,72.0,0,9.8,18.0,2.6117830058129106,8,21,1
2026-01-21 09:00:00,257.0,0,9.4,20.0,9.69930842367526,9,21,1
2026-01-21 10:00:00,448.0,0,9.0,22.6,17.34277190964062,10,21,1
2026-01-21 11:00:00,600.0,0,9.2,25.4,21.796768800791153,11,21,1
2026-01-21 12:00:00,694.0,0,8.8,27.4,23.38456393378825,12,21,1
2026-01-21 13:00:00,718.0,0,8.2,28.9,23.131008077974847,13,21,1
2026-01-21 14:00:00,672.0,30,7.1,29.9,19.87310279233631,14,21,1
2026-01-21 15:00:00,474.0,36,5.6,30.0,13.350331343931414,15,21,1
2026-01-21 16:00:00,316.0,29,4.0,29.9,8.91553867903487,16,21,1
2026-01-21 17:00:00,169.0,3,5.5,29.2,5.631922572292124,17,21,1
2026-01-21 18:00:00,33.0,2,4.3,28.5,1.023592815697173,18,21,1
2026-01-21 19:00:00,0.0,6,6.5,27.5,0.0,19,21,1
2026-01-21 20:00:00,0.0,7,7.4,26.3,0.0,20,21,1
2026-01-21 21:00:00,0.0,1,8.5,25.4,0.0,21,21,1
2026-01-21 22:00:00,0.0,2,8.0,24.0,0.0,22,21,1
2026-01-21 23:00:00,0.0,1,8.4,22.8,0.0,23,21,1
2026-01-22 00:00:00,0.0,0,8.1,22.4,0.0,0,22,1
2026-01-22 01:00:00,0.0,2,7.5,22.0,0.0,1,22,1
2026-01-22 02:00:00,0.0,0,7.2,21.5,0.0,2,22,1
2026-01-22 03:00:00,0.0,1,5.9,20.9,0.0,3,22,1
2026-01-22 04:00:00,0.0,0,5.9,20.2,0.0,4,22,1
2026-01-22 05:00:00,0.0,0,7.2,19.2,0.0,5,22,1
2026-01-22 06:00:00,0.0,0,8.1,19.0,0.0,6,22,1
2026-01-22 07:00:00,0.0,6,7.9,18.7,0.0,7,22,1
2026-01-22 08:00:00,72.0,12,6.9,19.5,2.276870050515978,8,22,1
2026-01-22 09:00:00,256.0,11,3.5,21.7,8.014341484919603,9,22,1
2026-01-22 10:00:00,451.0,0,5.2,24.3,13.848899252751698,10,22,1
2026-01-22 11:00:00,608.0,1,6.9,26.5,19.998638480169596,11,22,1
2026-01-22 12:00:00,705.0,9,7.6,28.3,21.99369452187462,12,22,1
2026-01-22 13:00:00,709.0,28,9.2,29.6,19.666420555842585,13,22,1
2026-01-22 14:00:00,590.0,42,11.1,30.0,15.739313727034338,14,22,1
2026-01-22 15:00:00,493.0,27,13.0,30.3,14.227674887930455,15,22,1
2026-01-22 16:00:00,378.0,18,12.6,30.0,12.395897448997461,16,22,1
2026-01-22 17:00:00,182.0,13,10.9,28.6,5.432512148666413,17,22,1
2026-01-22 18:00:00,32.0,16,7.2,27.8,1.0225279049793312,18,22,1
2026-01-22 19:00:00,0.0,23,7.9,26.8,0.0,19,22,1
2026-01-22 20:00:00,0.0,60,6.8,25.8,0.0,20,22,1
2026-01-22 21:00:00,0.0,27,8.0,24.8,0.0,21,22,1
2026-01-22 22:00:00,0.0,29,8.4,24.2,0.0,22,22,1
2026-01-22 23:00:00,0.0,18,12.9,23.5,0.0,23,22,1
2026-01-23 00:00:00,0.0,39,14.0,22.6,0.0,0,23,1
2026-01-23 01:00:00,0.0,1,13.9,21.8,0.0,1,23,1
2026-01-23 02:00:00,0.0,0,14.5,20.5,0.0,2,23,1
2026-01-23 03:00:00,0.0,0,12.6,19.6,0.0,3,23,1
2026-01-23 04:00:00,0.0,0,9.3,18.9,0.0,4,23,1
2026-01-23 05:00:00,0.0,10,8.6,18.9,0.0,5,23,1
2026-01-23 06:00:00,0.0,40,7.1,18.6,0.0,6,23,1
2026-01-23 07:00:00,0.0,100,7.2,18.6,0.0,7,23,1
2026-01-23 08:00:00,30.0,99,6.4,19.1,0.47706799995446914,8,23,1
2026-01-23 09:00:00,151.0,20,6.5,19.9,3.985649103452638,9,23,1
2026-01-23 10:00:00,416.0,2,4.7,21.5,14.381154631189695,10,23,1
2026-01-23 11:00:00,598.0,7,6.8,23.1,18.71518461632798,11,23,1
2026-01-23 12:00:00,663.0,39,10.7,24.5,16.62880239043226,12,23,1
2026-01-23 13:00:00,661.0,42,11.0,25.5,16.578042832246116,13,23,1
2026-01-23 14:00:00,617.0,23,12.9,26.5,18.540296791635257,14,23,1
2026-01-23 15:00:00,514.0,29,14.4,26.3,13.70598614749206,15,23,1
2026-01-23 16:00:00,344.0,27,13.2,25.5,9.620165404123446,16,23,1
2026-01-23 17:00:00,154.0,9,11.7,24.5,5.509340861373961,17,23,1
2026-01-23 18:00:00,34.0,1,11.3,23.3,1.1871003515866656,18,23,1
2026-01-23 19:00:00,0.0,9,9.1,22.4,0.0,19,23,1
2026-01-23 20:00:00,0.0,0,9.8,21.3,0.0,20,23,1
2026-01-23 21:00:00,0.0,0,8.8,20.2,0.0,21,23,1
2026-01-23 22:00:00,0.0,0,9.8,19.2,0.0,22,23,1
2026-01-23 23:00:00,0.0,0,10.7,17.8,0.0,23,23,1
2026-01-24 00:00:00,0.0,0,10.2,16.9,0.0,0,24,1
2026-01-24 01:00:00,0.0,0,10.9,16.2,0.0,1,24,1
2026-01-24 02:00:00,0.0,0,8.9,15.6,0.0,2,24,1
2026-01-24 03:00:00,0.0,0,7.9,15.0,0.0,3,24,1
2026-01-24 04:00:00,0.0,16,8.9,14.4,0.0,4,24,1
2026-01-24 05:00:00,0.0,23,9.8,14.2,0.0,5,24,1
2026-01-24 06:00:00,0.0,37,9.6,14.0,0.0,6,24,1
2026-01-24 07:00:00,0.0,5,10.0,13.8,0.0,7,24,1
2026-01-24 08:00:00,75.0,2,8.9,14.5,2.4443097028388676,8,24,1
2026-01-24 09:00:00,265.0,1,11.1,16.7,8.357598189281381,9,24,1
2026-01-24 10:00:00,461.0,0,10.0,19.1,14.6432205296994,10,24,1
2026-01-24 11:00:00,618.0,0,11.0,21.4,19.672901774011542,11,24,1
2026-01-24 12:00:00,709.0,30,11.1,23.2,20.50866929819271,12,24,1
2026-01-24 13:00:00,733.0,95,10.3,24.4,11.882349354438345,13,24,1
2026-01-24 14:00:00,677.0,42,8.2,25.1,17.735745294623673,14,24,1
2026-01-24 15:00:00,571.0,79,6.9,25.4,10.940962773860644,15,24,1
2026-01-24 16:00:00,395.0,100,7.1,25.2,5.92225196377844,16,24,1
2026-01-24 17:00:00,192.0,99,7.9,24.0,3.2130210925497824,17,24,1
2026-01-24 18:00:00,32.0,100,7.6,23.5,0.437304787038765,18,24,1
2026-01-24 19:00:00,0.0,100,7.4,22.9,0.0,19,24,1
2026-01-24 20:00:00,0.0,100,7.3,21.9,0.0,20,24,1
2026-01-24 21:00:00,0.0,100,7.7,21.0,0.0,21,24,1
2026-01-24 22:00:00,0.0,98,8.0,20.0,0.0,22,24,1
2026-01-24 23:00:00,0.0,98,8.5,19.0,0.0,23,24,1
2026-01-25 00:00:00,0.0,11,9.0,18.3,0.0,0,25,1
2026-01-25 01:00:00,0.0,81,9.4,17.6,0.0,1,25,1
2026-01-25 02:00:00,0.0,96,9.3,17.0,0.0,2,25,1
2026-01-25 03:00:00,0.0,41,9.8,16.5,0.0,3,25,1
2026-01-25 04:00:00,0.0,9,10.0,16.0,0.0,4,25,1
2026-01-25 05:00:00,0.0,91,10.8,15.7,0.0,5,25,1
2026-01-25 06:00:00,0.0,51,10.7,15.5,0.0,6,25,1
2026-01-25 07:00:00,0.0,9,10.7,15.3,0.0,7,25,1
2026-01-25 08:00:00,74.0,9,8.6,16.1,2.5368138273004877,8,25,1
2026-01-25 09:00:00,261.0,26,10.1,17.8,7.811874691587963,9,25,1
2026-01-25 10:00:00,452.0,27,9.9,19.9,13.161054957021083,10,25,1
2026-01-25 11:00:00,606.0,13,9.8,21.5,18.144069625324803,11,25,1
2026-01-25 12:00:00,701.0,25,8.8,23.4,19.10651110812116,12,25,1
2026-01-25 13:00:00,727.0,53,7.3,24.8,17.12932537538022,13,25,1
2026-01-25 14:00:00,677.0,69,6.9,25.8,15.439942919788692,14,25,1
2026-01-25 15:00:00,564.0,55,6.6,26.2,13.664636220013431,15,25,1
2026-01-25 16:00:00,401.0,100,6.3,26.2,6.6009994261840275,16,25,1
2026-01-25 17:00:00,200.0,85,7.4,24.9,3.7801556588872844,17,25,1
2026-01-25 18:00:00,37.0,95,6.4,24.4,0.5423749997575767,18,25,1
2026-01-25 19:00:00,0.0,98,6.5,23.9,0.0,19,25,1
2026-01-25 20:00:00,0.0,95,7.3,23.1,0.0,20,25,1
2026-01-25 21:00:00,0.0,99,7.4,21.9,0.0,21,25,1
2026-01-25 22:00:00,0.0,100,7.7,20.7,0.0,22,25,1
2026-01-25 23:00:00,0.0,100,7.4,19.8,0.0,23,25,1
2026-01-26 00:00:00,0.0,100,8.0,19.4,0.0,0,26,1
2026-01-26 01:00:00,0.0,100,8.6,18.9,0.0,1,26,1
2026-01-26 02:00:00,0.0,100,9.0,18.6,0.0,2,26,1
2026-01-26 03:00:00,0.0,100,9.1,18.4,0.0,3,26,1
2026-01-26 04:00:00,0.0,100,9.2,18.3,0.0,4,26,1
2026-01-26 05:00:00,0.0,100,10.2,17.8,0.0,5,26,1
2026-01-26 06:00:00,0.0,100,10.3,17.7,0.0,6,26,1
2026-01-26 07:00:00,0.0,100,10.7,17.6,0.0,7,26,1
2026-01-26 08:00:00,65.0,100,8.3,18.2,1.0622440380445801,8,26,1
2026-01-26 09:00:00,235.0,100,8.6,20.0,3.5131188452590565,9,26,1
2026-01-26 10:00:00,415.0,100,8.6,22.5,6.795897114592539,10,26,1
2026-01-26 11:00:00,540.0,100,7.6,25.0,8.420585005337049,11,26,1
2026-01-26 12:00:00,652.0,100,6.1,27.0,10.076690188920596,12,26,1
2026-01-26 13:00:00,671.0,99,6.2,28.5,10.732445024945514,13,26,1
2026-01-26 14:00:00,593.0,100,8.0,29.3,8.624646389235746,14,26,1
2026-01-26 15:00:00,462.0,100,8.1,29.4,7.098232069942542,15,26,1
2026-01-26 16:00:00,304.0,100,7.2,29.2,4.870435170599248,16,26,1
2026-01-26 17:00:00,156.0,100,5.7,28.7,2.4810742395460137,17,26,1
2026-01-26 18:00:00,32.0,100,5.2,27.8,0.5135943874284692,18,26,1
2026-01-26 19:00:00,0.0,100,3.4,27.3,0.0,19,26,1
2026-01-26 20:00:00,0.0,98,3.6,26.5,0.0,20,26,1
2026-01-26 21:00:00,0.0,98,3.7,25.7,0.0,21,26,1
2026-01-26 22:00:00,0.0,95,3.8,25.0,0.0,22,26,1
2026-01-26 23:00:00,0.0,98,4.5,23.6,0.0,23,26,1
2026-01-27 00:00:00,0.0,99,8.6,22.1,0.0,0,27,1
2026-01-27 01:00:00,0.0,95,5.9,21.6,0.0,1,27,1
2026-01-27 02:00:00,0.0,60,5.5,21.2,0.0,2,27,1
2026-01-27 03:00:00,0.0,27,4.8,20.7,0.0,3,27,1
2026-01-27 04:00:00,0.0,5,7.2,19.9,0.0,4,27,1
2026-01-27 05:00:00,0.0,0,8.1,19.3,0.0,5,27,1
2026-01-27 06:00:00,0.0,0,9.1,18.6,0.0,6,27,1
2026-01-27 07:00:00,0.0,0,9.9,18.0,0.0,7,27,1
2026-01-27 08:00:00,75.0,0,7.1,18.5,2.3814481983611158,8,27,1
2026-01-27 09:00:00,263.0,0,6.6,20.4,9.048527764319989,9,27,1
2026-01-27 10:00:00,456.0,3,7.1,22.9,17.257218353070755,10,27,1
2026-01-27 11:00:00,605.0,16,8.2,25.0,18.951411352817292,11,27,1
2026-01-27 12:00:00,671.0,2,8.5,26.2,22.42064402035553,12,27,1
2026-01-27 13:00:00,727.0,0,9.2,27.0,23.44021231427902,13,27,1
2026-01-27 14:00:00,694.0,0,10.8,27.3,25.63274683669857,14,27,1
2026-01-27 15:00:00,583.0,0,12.5,27.1,18.645463316037052,15,27,1
2026-01-27 16:00:00,418.0,0,13.5,26.4,13.46584794337355,16,27,1
2026-01-27 17:00:00,219.0,0,11.8,25.7,8.104830345561302,17,27,1
2026-01-27 18:00:00,43.0,0,10.0,24.6,1.5103716297886831,18,27,1
2026-01-27 19:00:00,0.0,0,8.6,23.2,0.0,19,27,1
2026-01-27 20:00:00,0.0,0,8.7,21.9,0.0,20,27,1
2026-01-27 21:00:00,0.0,0,9.1,20.9,0.0,21,27,1
2026-01-27 22:00:00,0.0,0,10.1,20.2,0.0,22,27,1
2026-01-27 23:00:00,0.0,0,10.6,19.6,0.0,23,27,1
2026-01-28 00:00:00,0.0,0,11.0,18.8,0.0,0,28,1
2026-01-28 01:00:00,0.0,0,10.9,17.9,0.0,1,28,1
2026-01-28 02:00:00,0.0,0,11.4,17.2,0.0,2,28,1
2026-01-28 03:00:00,0.0,0,11.6,16.7,0.0,3,28,1
2026-01-28 04:00:00,0.0,0,11.0,16.0,0.0,4,28,1
2026-01-28 05:00:00,0.0,0,10.1,16.0,0.0,5,28,1
2026-01-28 06:00:00,0.0,0,10.4,15.7,0.0,6,28,1
2026-01-28 07:00:00,0.0,0,9.7,15.3,0.0,7,28,1
2026-01-28 08:00:00,84.0,0,8.1,15.9,2.9792832476652658,8,28,1
2026-01-28 09:00:00,286.0,0,6.5,17.7,9.592636912422456,9,28,1
2026-01-28 10:00:00,489.0,0,5.6,20.1,16.912443225763038,10,28,1
2026-01-28 11:00:00,650.0,0,7.0,22.7,20.57689033950003,11,28,1
2026-01-28 12:00:00,748.0,0,8.2,24.2,26.951337960403887,12,28,1
2026-01-28 13:00:00,777.0,0,8.2,25.1,24.387653007028117,13,28,1
2026-01-28 14:00:00,730.0,0,8.1,25.6,24.129002869844342,14,28,1
2026-01-28 15:00:00,613.0,0,8.5,25.8,20.052659672691945,15,28,1
2026-01-28 16:00:00,438.0,0,8.7,25.6,14.841085507386508,16,28,1
2026-01-28 17:00:00,230.0,0,8.5,25.0,8.20063369533111,17,28,1
2026-01-28 18:00:00,45.0,0,5.9,24.4,1.4624205018150027,18,28,1
2026-01-28 19:00:00,0.0,0,5.7,23.8,0.0,19,28,1
2026-01-28 20:00:00,0.0,0,5.8,22.7,0.0,20,28,1
2026-01-28 21:00:00,0.0,0,7.0,21.4,0.0,21,28,1
2026-01-28 22:00:00,0.0,0,8.8,20.4,0.0,22,28,1
2026-01-28 23:00:00,0.0,1,10.7,19.0,0.0,23,28,1
2026-01-29 00:00:00,0.0,2,11.7,18.1,0.0,0,29,1
2026-01-29 01:00:00,0.0,1,12.3,17.7,0.0,1,29,1
2026-01-29 02:00:00,0.0,23,13.0,17.5,0.0,2,29,1
2026-01-29 03:00:00,0.0,11,13.6,17.0,0.0,3,29,1
2026-01-29 04:00:00,0.0,55,13.4,16.5,0.0,4,29,1
2026-01-29 05:00:00,0.0,12,13.4,15.9,0.0,5,29,1
2026-01-29 06:00:00,0.0,3,13.2,15.5,0.0,6,29,1
2026-01-29 07:00:00,0.0,1,12.9,15.1,0.0,7,29,1
2026-01-29 08:00:00,83.0,0,10.4,15.8,2.7628701888711062,8,29,1
2026-01-29 09:00:00,282.0,13,12.0,17.7,8.618565515570253,9,29,1
2026-01-29 10:00:00,484.0,9,11.9,20.1,16.759296224628454,10,29,1
2026-01-29 11:00:00,644.0,0,12.6,22.4,23.046014921255335,11,29,1
2026-01-29 12:00:00,742.0,30,11.9,24.4,20.1103664687083,12,29,1
2026-01-29 13:00:00,768.0,72,11.3,25.8,16.64888556878124,13,29,1
2026-01-29 14:00:00,721.0,98,10.3,26.7,11.514943970781628,14,29,1
2026-01-29 15:00:00,589.0,100,10.2,27.0,8.098295818032959,15,29,1
2026-01-29 16:00:00,404.0,100,10.2,26.9,6.064909786127682,16,29,1
2026-01-29 17:00:00,216.0,100,12.2,25.6,3.2752737409503663,17,29,1
2026-01-29 18:00:00,42.0,100,10.3,24.9,0.6921611854602885,18,29,1
2026-01-29 19:00:00,0.0,100,10.1,23.9,0.0,19,29,1
2026-01-29 20:00:00,0.0,97,10.8,23.0,0.0,20,29,1
2026-01-29 21:00:00,0.0,89,10.9,22.1,0.0,21,29,1
2026-01-29 22:00:00,0.0,99,11.3,21.3,0.0,22,29,1
2026-01-29 23:00:00,0.0,89,12.3,20.7,0.0,23,29,1
2026-01-30 00:00:00,0.0,100,12.2,20.1,0.0,0,30,1
2026-01-30 01:00:00,0.0,84,12.6,19.6,0.0,1,30,1
2026-01-30 02:00:00,0.0,98,12.7,19.0,0.0,2,30,1
2026-01-30 03:00:00,0.0,60,12.3,18.4,0.0,3,30,1
2026-01-30 04:00:00,0.0,97,12.3,18.0,0.0,4,30,1
2026-01-30 05:00:00,0.0,97,12.3,17.4,0.0,5,30,1
2026-01-30 06:00:00,0.0,100,12.8,17.2,0.0,6,30,1
2026-01-30 07:00:00,0.0,100,12.8,17.0,0.0,7,30,1
2026-01-30 08:00:00,70.0,97,10.1,17.6,1.0970834357485748,8,30,1
2026-01-30 09:00:00,251.0,98,10.6,19.5,4.0995082847310265,9,30,1
2026-01-30 10:00:00,433.0,98,10.3,22.0,6.772487461646018,10,30,1
2026-01-30 11:00:00,506.0,95,8.2,24.2,7.390109880213244,11,30,1
2026-01-30 12:00:00,614.0,100,6.7,26.1,9.60928903815306,12,30,1
2026-01-30 13:00:00,599.0,99,6.1,27.5,8.772290532691812,13,30,1
2026-01-30 14:00:00,593.0,97,5.7,28.5,9.096284082932238,14,30,1
2026-01-30 15:00:00,498.0,96,6.6,28.9,7.898891762253146,15,30,1
2026-01-30 16:00:00,365.0,94,7.7,29.0,5.68133393813339,16,30,1
2026-01-30 17:00:00,208.0,90,8.7,28.5,3.704234915777631,17,30,1
2026-01-30 18:00:00,42.0,94,5.0,27.8,0.7358898265744739,18,30,1
2026-01-30 19:00:00,0.0,100,3.3,27.3,0.0,19,30,1
2026-01-30 20:00:00,0.0,98,4.1,26.6,0.0,20,30,1
2026-01-30 21:00:00,0.0,97,5.8,25.5,0.0,21,30,1
2026-01-30 22:00:00,0.0,77,6.5,24.5,0.0,22,30,1
2026-01-30 23:00:00,0.0,100,9.3,23.2,0.0,23,30,1
2026-01-31 00:00:00,0.0,99,9.2,22.6,0.0,0,31,1
2026-01-31 01:00:00,0.0,100,8.6,22.2,0.0,1,31,1
2026-01-31 02:00:00,0.0,100,10.3,22.0,0.0,2,31,1
2026-01-31 03:00:00,0.0,100,10.3,22.0,0.0,3,31,1
2026-01-31 04:00:00,0.0,100,8.8,21.8,0.0,4,31,1
2026-01-31 05:00:00,0.0,100,9.2,20.8,0.0,5,31,1
2026-01-31 06:00:00,0.0,100,5.8,21.0,0.0,6,31,1
2026-01-31 07:00:00,0.0,100,1.5,20.8,0.0,7,31,1
2026-01-31 08:00:00,65.0,100,1.8,21.3,1.012890346545357,8,31,1
2026-01-31 09:00:00,228.0,100,5.3,22.8,3.6245338728201353,9,31,1
2026-01-31 10:00:00,401.0,100,4.9,24.9,5.705283051655528,10,31,1
2026-01-31 11:00:00,545.0,45,5.9,26.9,13.739201182238451,11,31,1
2026-01-31 12:00:00,661.0,23,6.0,28.4,18.194986524095086,12,31,1
2026-01-31 13:00:00,673.0,17,6.2,29.5,21.44546735049828,13,31,1
2026-01-31 14:00:00,650.0,24,7.8,30.1,19.708077051440103,14,31,1
2026-01-31 15:00:00,536.0,55,7.6,30.2,12.513079051985809,15,31,1
2026-01-31 16:00:00,356.0,70,5.9,29.9,7.655478236031721,16,31,1
2026-01-31 17:00:00,188.0,100,7.1,29.1,2.789503453485116,17,31,1
2026-01-31 18:00:00,35.0,100,5.4,28.3,0.49804333636157844,18,31,1
2026-01-31 19:00:00,0.0,100,3.5,27.9,0.0,19,31,1
2026-01-31 20:00:00,0.0,100,2.2,27.7,0.0,20,31,1
2026-01-31 21:00:00,0.0,100,4.2,27.2,0.0,21,31,1
2026-01-31 22:00:00,0.0,100,4.3,26.6,0.0,22,31,1
2026-01-31 23:00:00,0.0,95,4.0,25.8,0.0,23,31,1
2026-02-01 00:00:00,0.0,48,5.7,25.2,0.0,0,32,2
2026-02-01 01:00:00,0.0,1,5.1,24.4,0.0,1,32,2
2026-02-01 02:00:00,0.0,14,3.9,23.4,0.0,2,32,2
2026-02-01 03:00:00,0.0,21,4.8,22.8,0.0,3,32,2
2026-02-01 04:00:00,0.0,91,5.9,22.2,0.0,4,32,2
2026-02-01 05:00:00,0.0,95,5.3,22.2,0.0,5,32,2
2026-02-01 06:00:00,0.0,98,5.2,22.2,0.0,6,32,2
2026-02-01 07:00:00,0.0,98,4.2,22.2,0.0,7,32,2
2026-02-01 08:00:00,39.0,75,3.9,22.4,0.7933353826308868,8,32,2
2026-02-01 09:00:00,174.0,6,3.7,24.0,5.667388681863166,9,32,2
2026-02-01 10:00:00,432.0,6,3.4,26.7,13.227797284712231,10,32,2
2026-02-01 11:00:00,570.0,14,3.0,27.4,17.555992374641608,11,32,2
2026-02-01 12:00:00,642.0,34,2.2,29.1,16.221710018468606,12,32,2
2026-02-01 13:00:00,661.0,52,3.5,29.8,14.867480133241529,13,32,2
2026-02-01 14:00:00,609.0,25,3.6,30.3,16.43754860856134,14,32,2
2026-02-01 15:00:00,513.0,39,3.5,29.3,13.696992119816237,15,32,2
2026-02-01 16:00:00,367.0,30,3.2,29.1,9.838603776689503,16,32,2
2026-02-01 17:00:00,181.0,17,8.4,28.9,5.598826493810416,17,32,2
2026-02-01 18:00:00,44.0,9,6.9,28.2,1.4041179274659292,18,32,2
2026-02-01 19:00:00,0.0,21,6.4,27.7,0.0,19,32,2
2026-02-01 20:00:00,0.0,8,6.3,27.0,0.0,20,32,2
2026-02-01 21:00:00,0.0,1,6.4,26.5,0.0,21,32,2
2026-02-01 22:00:00,0.0,2,6.5,25.9,0.0,22,32,2
2026-02-01 23:00:00,0.0,2,6.5,25.1,0.0,23,32,2
2026-02-02 00:00:00,0.0,9,8.9,24.3,0.0,0,33,2
2026-02-02 01:00:00,0.0,71,8.7,23.2,0.0,1,33,2
2026-02-02 02:00:00,0.0,91,8.3,22.7,0.0,2,33,2
2026-02-02 03:00:00,0.0,100,7.1,22.3,0.0,3,33,2
2026-02-02 04:00:00,0.0,100,7.8,21.8,0.0,4,33,2
2026-02-02 05:00:00,0.0,96,8.7,20.8,0.0,5,33,2
2026-02-02 06:00:00,0.0,97,8.5,20.9,0.0,6,33,2
2026-02-02 07:00:00,1.0,100,9.1,20.9,0.01399210210545941,7,33,2
2026-02-02 08:00:00,68.0,98,7.2,21.8,1.0159124950633958,8,33,2
2026-02-02 09:00:00,259.0,48,7.1,23.7,6.41062395518416,9,33,2
2026-02-02 10:00:00,465.0,5,6.7,26.2,13.599085586042742,10,33,2
2026-02-02 11:00:00,628.0,20,8.5,28.1,18.00281927736051,11,33,2
2026-02-02 12:00:00,665.0,21,7.8,29.7,21.43957362877668,12,33,2
2026-02-02 13:00:00,676.0,24,6.7,30.5,22.257026871712146,13,33,2
2026-02-02 14:00:00,622.0,52,6.9,30.6,16.187074185200167,14,33,2
2026-02-02 15:00:00,485.0,72,7.1,30.2,8.633917398408292,15,33,2
2026-02-02 16:00:00,264.0,27,7.9,29.0,7.187020702420635,16,33,2
2026-02-02 17:00:00,181.0,33,10.3,29.0,5.108709135215855,17,33,2
2026-02-02 18:00:00,44.0,8,6.7,28.0,1.4790272036729442,18,33,2
2026-02-02 19:00:00,0.0,5,7.6,27.2,0.0,19,33,2
2026-02-02 20:00:00,0.0,2,7.3,26.6,0.0,20,33,2
2026-02-02 21:00:00,0.0,0,6.8,25.9,0.0,21,33,2
2026-02-02 22:00:00,0.0,0,5.4,25.4,0.0,22,33,2
2026-02-02 23:00:00,0.0,5,4.9,24.4,0.0,23,33,2
2026-02-03 00:00:00,0.0,0,10.3,22.8,0.0,0,34,2
2026-02-03 01:00:00,0.0,0,9.6,21.6,0.0,1,34,2
2026-02-03 02:00:00,0.0,0,8.8,20.9,0.0,2,34,2
2026-02-03 03:00:00,0.0,0,8.6,20.3,0.0,3,34,2
2026-02-03 04:00:00,0.0,0,9.7,19.8,0.0,4,34,2
2026-02-03 05:00:00,0.0,3,10.3,20.0,0.0,5,34,2
2026-02-03 06:00:00,0.0,1,10.6,19.9,0.0,6,34,2
2026-02-03 07:00:00,1.0,0,10.4,19.7,0.03432950427189333,7,34,2
2026-02-03 08:00:00,83.0,0,7.9,20.6,2.905635539227538,8,34,2
2026-02-03 09:00:00,276.0,0,8.5,22.4,9.793566805684844,9,34,2
2026-02-03 10:00:00,472.0,0,9.0,24.4,14.031617077087441,10,34,2
2026-02-03 11:00:00,628.0,0,10.8,26.5,23.487822792418772,11,34,2
2026-02-03 12:00:00,727.0,1,10.2,28.3,25.902930587058346,12,34,2
2026-02-03 13:00:00,754.0,23,8.6,29.4,20.898597383748882,13,34,2
2026-02-03 14:00:00,686.0,30,7.1,29.8,19.712250681640406,14,34,2
2026-02-03 15:00:00,537.0,14,6.4,29.9,16.461036356464586,15,34,2
2026-02-03 16:00:00,399.0,16,7.0,29.7,11.69349086915883,16,34,2
2026-02-03 17:00:00,222.0,11,10.2,29.2,6.835399099565885,17,34,2
2026-02-03 18:00:00,49.0,6,7.5,28.3,1.3608385491715955,18,34,2
2026-02-03 19:00:00,0.0,4,7.6,27.4,0.0,19,34,2
2026-02-03 20:00:00,0.0,3,9.1,26.2,0.0,20,34,2
2026-02-03 21:00:00,0.0,2,10.2,25.4,0.0,21,34,2
2026-02-03 22:00:00,0.0,2,10.9,24.8,0.0,22,34,2
2026-02-03 23:00:00,0.0,1,13.9,24.0,0.0,23,34,2
2026-02-04 00:00:00,0.0,0,13.3,23.1,0.0,0,35,2
2026-02-04 01:00:00,0.0,0,13.2,22.4,0.0,1,35,2
2026-02-04 02:00:00,0.0,0,12.7,21.7,0.0,2,35,2
2026-02-04 03:00:00,0.0,0,12.6,21.0,0.0,3,35,2
2026-02-04 04:00:00,0.0,0,13.0,20.4,0.0,4,35,2
2026-02-04 05:00:00,0.0,0,13.4,20.3,0.0,5,35,2
2026-02-04 06:00:00,0.0,2,13.5,20.1,0.0,6,35,2
2026-02-04 07:00:00,1.0,0,13.5,19.8,0.03392162554923701,7,35,2
2026-02-04 08:00:00,84.0,0,10.7,20.5,2.949958038736223,8,35,2
2026-02-04 09:00:00,279.0,0,12.2,22.1,8.535321962265595,9,35,2
2026-02-04 10:00:00,476.0,1,12.2,24.1,17.387917924609834,10,35,2
2026-02-04 11:00:00,634.0,0,12.2,26.1,19.737739772430697,11,35,2
2026-02-04 12:00:00,729.0,2,11.0,27.9,25.435183237778293,12,35,2
2026-02-04 13:00:00,751.0,7,10.3,29.2,26.588765530918018,13,35,2
2026-02-04 14:00:00,710.0,37,9.1,30.1,21.434284695428442,14,35,2
2026-02-04 15:00:00,507.0,11,8.8,30.2,15.23997404793592,15,35,2
2026-02-04 16:00:00,357.0,8,8.8,30.0,12.25872819882224,16,35,2
2026-02-04 17:00:00,211.0,20,12.6,29.2,6.297648621396263,17,35,2
2026-02-04 18:00:00,51.0,3,11.7,28.4,1.7588485853023048,18,35,2
2026-02-04 19:00:00,0.0,4,12.4,27.2,0.0,19,35,2
2026-02-04 20:00:00,0.0,3,12.4,26.3,0.0,20,35,2
2026-02-04 21:00:00,0.0,4,13.5,25.4,0.0,21,35,2
2026-02-04 22:00:00,0.0,3,13.8,24.6,0.0,22,35,2
2026-02-04 23:00:00,0.0,2,14.8,23.7,0.0,23,35,2
2026-02-05 00:00:00,0.0,1,13.8,23.0,0.0,0,36,2
2026-02-05 01:00:00,0.0,0,13.7,22.3,0.0,1,36,2
2026-02-05 02:00:00,0.0,0,14.1,21.7,0.0,2,36,2
2026-02-05 03:00:00,0.0,0,14.1,21.2,0.0,3,36,2
2026-02-05 04:00:00,0.0,0,14.1,20.6,0.0,4,36,2
2026-02-05 05:00:00,0.0,6,13.5,20.1,0.0,5,36,2
2026-02-05 06:00:00,0.0,12,13.2,19.8,0.0,6,36,2
2026-02-05 07:00:00,1.0,28,12.7,19.5,0.026886443669344944,7,36,2
2026-02-05 08:00:00,84.0,5,10.7,20.1,2.81224846687616,8,36,2
2026-02-05 09:00:00,275.0,0,12.0,21.8,8.941714410217102,9,36,2
2026-02-05 10:00:00,480.0,0,11.5,24.0,17.128660143371352,10,36,2
2026-02-05 11:00:00,640.0,0,10.6,26.4,22.083747154249867,11,36,2
2026-02-05 12:00:00,738.0,1,8.9,28.4,25.235055347310002,12,36,2
2026-02-05 13:00:00,768.0,2,6.8,29.9,27.24488832272066,13,36,2
2026-02-05 14:00:00,722.0,22,4.4,31.0,20.3331030640623,14,36,2
2026-02-05 15:00:00,550.0,16,3.4,31.4,16.92178026940982,15,36,2
2026-02-05 16:00:00,397.0,11,4.0,31.4,13.337357616042484,16,36,2
2026-02-05 17:00:00,220.0,2,7.4,30.3,7.854206757650103,17,36,2
2026-02-05 18:00:00,54.0,0,6.5,29.3,1.764528635860612,18,36,2
2026-02-05 19:00:00,0.0,1,5.1,28.5,0.0,19,36,2
2026-02-05 20:00:00,0.0,2,4.4,27.6,0.0,20,36,2
2026-02-05 21:00:00,0.0,0,4.3,26.8,0.0,21,36,2
2026-02-05 22:00:00,0.0,1,4.6,26.5,0.0,22,36,2
2026-02-05 23:00:00,0.0,0,6.6,25.1,0.0,23,36,2
2026-02-06 00:00:00,0.0,0,7.2,24.1,0.0,0,37,2
2026-02-06 01:00:00,0.0,0,7.8,23.2,0.0,1,37,2
2026-02-06 02:00:00,0.0,0,7.2,22.4,0.0,2,37,2
2026-02-06 03:00:00,0.0,0,9.2,21.3,0.0,3,37,2
2026-02-06 04:00:00,0.0,0,9.2,20.4,0.0,4,37,2
2026-02-06 05:00:00,0.0,0,9.5,20.3,0.0,5,37,2
2026-02-06 06:00:00,0.0,0,9.7,20.0,0.0,6,37,2
2026-02-06 07:00:00,1.0,0,9.7,19.7,0.03268608305960221,7,37,2
2026-02-06 08:00:00,89.0,0,8.0,20.5,2.9521195425514613,8,37,2
2026-02-06 09:00:00,286.0,0,7.2,22.7,9.256635867126281,9,37,2
2026-02-06 10:00:00,487.0,0,8.2,25.6,15.17779729264752,10,37,2
2026-02-06 11:00:00,646.0,0,5.8,28.2,20.99385297571862,11,37,2
2026-02-06 12:00:00,746.0,0,4.6,30.0,23.80578663532697,12,37,2
2026-02-06 13:00:00,775.0,0,3.1,31.2,26.771753778196427,13,37,2
2026-02-06 14:00:00,732.0,0,2.1,32.0,23.258035367530287,14,37,2
2026-02-06 15:00:00,619.0,2,2.2,32.3,17.974518295864197,15,37,2
2026-02-06 16:00:00,447.0,4,1.7,32.2,13.396599761160426,16,37,2
2026-02-06 17:00:00,233.0,4,3.8,31.2,6.908301760331069,17,37,2
2026-02-06 18:00:00,56.0,6,0.7,29.8,1.6058873010382881,18,37,2
2026-02-06 19:00:00,0.0,9,3.3,29.0,0.0,19,37,2
2026-02-06 20:00:00,0.0,2,1.3,28.9,0.0,20,37,2
2026-02-06 21:00:00,0.0,0,1.0,28.6,0.0,21,37,2
2026-02-06 22:00:00,0.0,3,4.6,27.7,0.0,22,37,2
2026-02-06 23:00:00,0.0,60,2.2,25.5,0.0,23,37,2
2026-02-07 00:00:00,0.0,34,3.6,25.4,0.0,0,38,2
2026-02-07 01:00:00,0.0,19,4.9,24.3,0.0,1,38,2
2026-02-07 02:00:00,0.0,95,6.6,24.0,0.0,2,38,2
2026-02-07 03:00:00,0.0,100,9.9,23.2,0.0,3,38,2
2026-02-07 04:00:00,0.0,35,8.4,22.7,0.0,4,38,2
2026-02-07 05:00:00,0.0,13,8.6,22.0,0.0,5,38,2
2026-02-07 06:00:00,0.0,3,9.4,21.6,0.0,6,38,2
2026-02-07 07:00:00,1.0,15,7.7,21.0,0.03271439328419593,7,38,2
2026-02-07 08:00:00,91.0,2,4.9,21.2,3.051451542148141,8,38,2
2026-02-07 09:00:00,292.0,5,4.5,23.4,10.526186129482417,9,38,2
2026-02-07 10:00:00,494.0,42,5.7,26.5,13.628171778968348,10,38,2
2026-02-07 11:00:00,654.0,87,7.4,29.5,12.366205606496798,11,38,2
2026-02-07 12:00:00,752.0,52,5.0,30.8,17.395804666572605,12,38,2
2026-02-07 13:00:00,783.0,33,4.4,31.5,20.99154200144921,13,38,2
2026-02-07 14:00:00,735.0,66,6.8,32.0,16.628898500937943,14,38,2
2026-02-07 15:00:00,622.0,66,10.2,31.9,13.141941168893645,15,38,2
2026-02-07 16:00:00,453.0,40,11.6,31.4,11.961154684118993,16,38,2
2026-02-07 17:00:00,244.0,60,11.0,31.0,5.483988729948611,17,38,2
2026-02-07 18:00:00,58.0,49,7.6,30.0,1.437780085538925,18,38,2
2026-02-07 19:00:00,0.0,68,4.0,29.1,0.0,19,38,2
2026-02-07 20:00:00,0.0,6,5.9,27.7,0.0,20,38,2
2026-02-07 21:00:00,0.0,1,5.9,26.6,0.0,21,38,2
2026-02-07 22:00:00,0.0,2,6.0,26.1,0.0,22,38,2
2026-02-07 23:00:00,0.0,0,4.2,24.7,0.0,23,38,2
2026-02-08 00:00:00,0.0,0,5.3,23.9,0.0,0,39,2
2026-02-08 01:00:00,0.0,0,8.3,23.2,0.0,1,39,2
2026-02-08 02:00:00,0.0,0,8.2,22.4,0.0,2,39,2
2026-02-08 03:00:00,0.0,0,7.7,21.3,0.0,3,39,2
2026-02-08 04:00:00,0.0,0,8.3,20.1,0.0,4,39,2
2026-02-08 05:00:00,0.0,0,8.4,19.5,0.0,5,39,2
2026-02-08 06:00:00,0.0,0,8.6,19.2,0.0,6,39,2
2026-02-08 07:00:00,1.0,0,8.8,18.4,0.03201964434628689,7,39,2
2026-02-08 08:00:00,97.0,0,8.4,19.0,2.950630692570974,8,39,2
2026-02-08 09:00:00,305.0,0,5.8,21.5,11.211372643202278,9,39,2
2026-02-08 10:00:00,512.0,0,5.6,25.0,15.781759788989653,10,39,2
2026-02-08 11:00:00,676.0,0,4.0,28.8,21.50074259188489,11,39,2
2026-02-08 12:00:00,778.0,0,1.3,30.6,27.003744545700464,12,39,2
2026-02-08 13:00:00,808.0,0,1.2,31.3,27.398833375808707,13,39,2
2026-02-08 14:00:00,762.0,0,2.1,31.8,24.588438399631737,14,39,2
2026-02-08 15:00:00,645.0,0,3.2,31.9,21.602410163410653,15,39,2
2026-02-08 16:00:00,470.0,0,3.6,31.6,15.150952064897412,16,39,2
2026-02-08 17:00:00,259.0,0,4.5,30.9,8.779561732542206,17,39,2
2026-02-08 18:00:00,63.0,0,0.4,29.2,1.9497500066341806,18,39,2
2026-02-08 19:00:00,0.0,0,4.4,28.0,0.0,19,39,2
2026-02-08 20:00:00,0.0,0,5.1,27.5,0.0,20,39,2
2026-02-08 21:00:00,0.0,0,4.0,27.6,0.0,21,39,2
2026-02-08 22:00:00,0.0,0,5.5,26.9,0.0,22,39,2
2026-02-08 23:00:00,0.0,0,5.8,25.2,0.0,23,39,2
2026-02-09 00:00:00,0.0,0,7.2,23.5,0.0,0,40,2
2026-02-09 01:00:00,0.0,0,6.7,22.2,0.0,1,40,2
2026-02-09 02:00:00,0.0,0,6.8,21.8,0.0,2,40,2
2026-02-09 03:00:00,0.0,0,6.6,21.5,0.0,3,40,2
2026-02-09 04:00:00,0.0,0,6.9,20.9,0.0,4,40,2
2026-02-09 05:00:00,0.0,0,5.2,19.8,0.0,5,40,2
2026-02-09 06:00:00,0.0,0,6.0,18.9,0.0,6,40,2
2026-02-09 07:00:00,1.0,0,4.8,18.2,0.03471227671120231,7,40,2
2026-02-09 08:00:00,97.0,0,1.5,18.9,3.4634035610058205,8,40,2
2026-02-09 09:00:00,303.0,0,1.3,21.6,10.740545891835426,9,40,2
2026-02-09 10:00:00,510.0,0,2.2,25.0,17.148323660767502,10,40,2
2026-02-09 11:00:00,674.0,0,4.0,28.2,22.77621287474278,11,40,2
2026-02-09 12:00:00,775.0,0,5.9,30.2,24.979900723328267,12,40,2
2026-02-09 13:00:00,804.0,0,6.5,31.1,24.878027287989312,13,40,2
2026-02-09 14:00:00,759.0,0,7.4,31.5,25.11023983729336,14,40,2
2026-02-09 15:00:00,644.0,0,8.2,31.5,22.820853263964167,15,40,2
2026-02-09 16:00:00,470.0,0,7.5,31.0,16.368571108802833,16,40,2
2026-02-09 17:00:00,259.0,0,8.2,30.5,8.353343393656958,17,40,2
2026-02-09 18:00:00,63.0,0,4.9,29.5,1.8648228065067052,18,40,2
2026-02-09 19:00:00,0.0,0,3.8,28.5,0.0,19,40,2
2026-02-09 20:00:00,0.0,0,6.4,27.5,0.0,20,40,2
2026-02-09 21:00:00,0.0,0,5.0,27.3,0.0,21,40,2
2026-02-09 22:00:00,0.0,0,6.8,26.2,0.0,22,40,2
2026-02-09 23:00:00,0.0,0,7.3,24.9,0.0,23,40,2
2026-02-10 00:00:00,0.0,0,7.7,23.5,0.0,0,41,2
2026-02-10 01:00:00,0.0,0,8.3,22.5,0.0,1,41,2
2026-02-10 02:00:00,0.0,0,8.4,21.5,0.0,2,41,2
2026-02-10 03:00:00,0.0,0,8.6,20.5,0.0,3,41,2
2026-02-10 04:00:00,0.0,0,8.6,19.7,0.0,4,41,2
2026-02-10 05:00:00,0.0,0,8.9,19.2,0.0,5,41,2
2026-02-10 06:00:00,0.0,0,9.7,19.0,0.0,6,41,2
2026-02-10 07:00:00,2.0,0,10.2,18.7,0.06827123075354093,7,41,2
2026-02-10 08:00:00,98.0,0,8.3,19.4,3.2500224651664573,8,41,2
2026-02-10 09:00:00,303.0,0,6.6,21.5,9.702903842704043,9,41,2
2026-02-10 10:00:00,507.0,0,5.3,24.2,17.228652742726865,10,41,2
2026-02-10 11:00:00,668.0,0,7.5,26.7,21.875575347630487,11,41,2
2026-02-10 12:00:00,768.0,0,7.0,28.2,25.336211024503278,12,41,2
2026-02-10 13:00:00,796.0,0,6.8,29.1,27.059014901055644,13,41,2
2026-02-10 14:00:00,752.0,0,7.6,29.6,25.553830902602453,14,41,2
2026-02-10 15:00:00,637.0,0,8.3,29.8,20.904766933428764,15,41,2
2026-02-10 16:00:00,466.0,0,8.5,29.5,15.868452318601062,16,41,2
2026-02-10 17:00:00,258.0,0,8.9,29.0,8.807339046669783,17,41,2
2026-02-10 18:00:00,64.0,0,8.0,28.4,2.1236882176893053,18,41,2
2026-02-10 19:00:00,0.0,0,6.6,27.7,0.0,19,41,2
2026-02-10 20:00:00,0.0,0,5.6,26.6,0.0,20,41,2
2026-02-10 21:00:00,0.0,0,7.6,25.3,0.0,21,41,2
2026-02-10 22:00:00,0.0,0,7.8,24.1,0.0,22,41,2
2026-02-10 23:00:00,0.0,0,7.4,23.4,0.0,23,41,2
2026-02-11 00:00:00,0.0,0,7.3,23.1,0.0,0,42,2
2026-02-11 01:00:00,0.0,0,6.9,22.5,0.0,1,42,2
2026-02-11 02:00:00,0.0,0,6.8,22.0,0.0,2,42,2
2026-02-11 03:00:00,0.0,0,7.0,21.4,0.0,3,42,2
2026-02-11 04:00:00,0.0,0,7.9,20.8,0.0,4,42,2
2026-02-11 05:00:00,0.0,0,7.1,20.2,0.0,5,42,2
2026-02-11 06:00:00,0.0,0,7.4,19.8,0.0,6,42,2
2026-02-11 07:00:00,2.0,0,7.6,19.6,0.06986463600281369,7,42,2
2026-02-11 08:00:00,100.0,0,6.0,20.5,3.627680818523441,8,42,2
2026-02-11 09:00:00,309.0,0,4.5,22.7,10.03308754419053,9,42,2
2026-02-11 10:00:00,515.0,0,5.9,25.6,17.764160502031864,10,42,2
2026-02-11 11:00:00,678.0,0,8.0,27.7,20.697006837264855,11,42,2
2026-02-11 12:00:00,781.0,0,8.9,29.1,26.78854706791684,12,42,2
2026-02-11 13:00:00,812.0,0,8.4,30.1,28.669882958707646,13,42,2
2026-02-11 14:00:00,768.0,0,7.5,30.8,26.676813436430887,14,42,2
2026-02-11 15:00:00,653.0,22,7.0,31.1,17.594150039895208,15,42,2
2026-02-11 16:00:00,478.0,73,6.8,31.0,10.2878645355307,16,42,2
2026-02-11 17:00:00,265.0,0,7.4,30.4,9.002901041038662,17,42,2
2026-02-11 18:00:00,67.0,0,5.8,29.7,2.4281290641360838,18,42,2
2026-02-11 19:00:00,0.0,0,3.6,29.2,0.0,19,42,2
2026-02-11 20:00:00,0.0,0,1.7,28.7,0.0,20,42,2
2026-02-11 21:00:00,0.0,0,4.6,27.3,0.0,21,42,2
2026-02-11 22:00:00,0.0,0,6.9,26.0,0.0,22,42,2
2026-02-11 23:00:00,0.0,0,7.8,24.6,0.0,23,42,2
2026-02-12 00:00:00,0.0,0,7.3,23.7,0.0,0,43,2
2026-02-12 01:00:00,0.0,0,8.4,22.5,0.0,1,43,2
2026-02-12 02:00:00,0.0,0,9.8,21.4,0.0,2,43,2
2026-02-12 03:00:00,0.0,0,9.5,21.0,0.0,3,43,2
2026-02-12 04:00:00,0.0,0,9.8,20.5,0.0,4,43,2
2026-02-12 05:00:00,0.0,0,10.9,20.7,0.0,5,43,2
2026-02-12 06:00:00,0.0,0,11.4,20.9,0.0,6,43,2
2026-02-12 07:00:00,2.0,0,11.6,20.8,0.0649822269070944,7,43,2
2026-02-12 08:00:00,100.0,0,10.2,21.8,3.412202541376529,8,43,2
2026-02-12 09:00:00,305.0,0,10.6,23.8,10.924690428462357,9,43,2
2026-02-12 10:00:00,509.0,0,10.7,26.3,18.793945794066953,10,43,2
2026-02-12 11:00:00,670.0,1,10.6,29.2,24.672997435269266,11,43,2
2026-02-12 12:00:00,770.0,2,9.9,31.0,26.637349201219003,12,43,2
2026-02-12 13:00:00,798.0,0,8.7,32.3,27.31229303433941,13,43,2
2026-02-12 14:00:00,754.0,2,6.5,33.1,22.563759504865857,14,43,2
2026-02-12 15:00:00,640.0,22,4.2,33.5,20.761663693705213,15,43,2
2026-02-12 16:00:00,450.0,25,4.0,33.5,12.257370589969065,16,43,2
2026-02-12 17:00:00,248.0,10,5.9,32.6,7.365993514686873,17,43,2
2026-02-12 18:00:00,66.0,55,4.5,31.3,1.3914797139308241,18,43,2
2026-02-12 19:00:00,0.0,82,3.1,30.1,0.0,19,43,2
2026-02-12 20:00:00,0.0,63,0.9,29.7,0.0,20,43,2
2026-02-12 21:00:00,0.0,54,1.0,29.0,0.0,21,43,2
2026-02-12 22:00:00,0.0,46,4.0,28.0,0.0,22,43,2
2026-02-12 23:00:00,0.0,77,3.1,26.7,0.0,23,43,2
2026-02-13 00:00:00,0.0,15,5.0,26.0,0.0,0,44,2
2026-02-13 01:00:00,0.0,48,6.2,24.7,0.0,1,44,2
2026-02-13 02:00:00,0.0,63,7.2,23.3,0.0,2,44,2
2026-02-13 03:00:00,0.0,7,8.2,22.6,0.0,3,44,2
2026-02-13 04:00:00,0.0,59,8.9,21.9,0.0,4,44,2
2026-02-13 05:00:00,0.0,27,9.0,21.3,0.0,5,44,2
2026-02-13 06:00:00,0.0,76,9.1,21.3,0.0,6,44,2
2026-02-13 07:00:00,2.0,60,9.4,21.0,0.04564341394509804,7,44,2
2026-02-13 08:00:00,104.0,9,7.5,21.8,3.363334964180706,8,44,2
2026-02-13 09:00:00,311.0,27,6.4,24.0,8.638710971547015,9,44,2
2026-02-13 10:00:00,516.0,8,6.3,27.1,16.843905062741204,10,44,2
2026-02-13 11:00:00,679.0,2,6.1,29.8,22.670227209420123,11,44,2
2026-02-13 12:00:00,779.0,13,4.1,31.6,23.271463971655198,12,44,2
2026-02-13 13:00:00,809.0,17,1.7,32.7,22.79850457420962,13,44,2
2026-02-13 14:00:00,764.0,0,2.9,33.6,23.58134687131533,14,44,2
2026-02-13 15:00:00,651.0,6,6.2,33.9,18.738146242075505,15,44,2
2026-02-13 16:00:00,479.0,36,8.1,33.6,11.725146364530955,16,44,2
2026-02-13 17:00:00,269.0,0,8.3,32.8,8.619405354856179,17,44,2
2026-02-13 18:00:00,70.0,0,6.9,31.4,2.1660943319348105,18,44,2
2026-02-13 19:00:00,0.0,0,3.8,30.3,0.0,19,44,2
2026-02-13 20:00:00,0.0,0,2.5,29.4,0.0,20,44,2
2026-02-13 21:00:00,0.0,0,4.7,28.4,0.0,21,44,2
2026-02-13 22:00:00,0.0,0,6.7,27.2,0.0,22,44,2
2026-02-13 23:00:00,0.0,0,7.1,26.4,0.0,23,44,2
2026-02-14 00:00:00,0.0,0,7.8,25.6,0.0,0,45,2
2026-02-14 01:00:00,0.0,0,8.9,25.0,0.0,1,45,2
2026-02-14 02:00:00,0.0,0,9.1,24.2,0.0,2,45,2
2026-02-14 03:00:00,0.0,5,8.5,23.5,0.0,3,45,2
2026-02-14 04:00:00,0.0,0,7.4,22.5,0.0,4,45,2
2026-02-14 05:00:00,0.0,0,5.6,21.8,0.0,5,45,2
2026-02-14 06:00:00,0.0,0,5.9,21.6,0.0,6,45,2
2026-02-14 07:00:00,2.0,0,6.1,20.7,0.06105509777328094,7,45,2
2026-02-14 08:00:00,108.0,23,2.8,21.2,2.8813668009970477,8,45,2
2026-02-14 09:00:00,321.0,9,1.5,23.8,9.010561763352603,9,45,2
2026-02-14 10:00:00,529.0,14,1.8,27.3,17.093305922511327,10,45,2
2026-02-14 11:00:00,695.0,0,3.8,30.5,19.837725563461714,11,45,2
2026-02-14 12:00:00,797.0,0,6.9,32.0,25.752964077972536,12,45,2
2026-02-14 13:00:00,827.0,0,9.0,32.6,29.471566077783496,13,45,2
2026-02-14 14:00:00,782.0,0,9.6,32.9,23.31800959203315,14,45,2
2026-02-14 15:00:00,665.0,0,9.3,32.9,23.238805045272727,15,45,2
2026-02-14 16:00:00,491.0,0,9.4,32.5,14.137050310649546,16,45,2
2026-02-14 17:00:00,278.0,0,9.3,31.9,9.606236983662793,17,45,2
2026-02-14 18:00:00,74.0,0,8.4,30.8,2.651973316471617,18,45,2
2026-02-14 19:00:00,0.0,0,8.1,29.6,0.0,19,45,2
2026-02-14 20:00:00,0.0,0,7.4,28.8,0.0,20,45,2
2026-02-14 21:00:00,0.0,0,5.8,28.4,0.0,21,45,2
2026-02-14 22:00:00,0.0,0,5.7,27.6,0.0,22,45,2
2026-02-14 23:00:00,0.0,0,4.6,26.1,0.0,23,45,2
2026-02-15 00:00:00,0.0,0,8.0,24.7,0.0,0,46,2
2026-02-15 01:00:00,0.0,0,7.7,23.6,0.0,1,46,2
2026-02-15 02:00:00,0.0,0,8.3,22.6,0.0,2,46,2
2026-02-15 03:00:00,0.0,0,8.2,22.2,0.0,3,46,2
2026-02-15 04:00:00,0.0,0,7.9,21.5,0.0,4,46,2
2026-02-15 05:00:00,0.0,0,5.8,20.7,0.0,5,46,2
2026-02-15 06:00:00,0.0,0,6.5,20.0,0.0,6,46,2
2026-02-15 07:00:00,3.0,0,7.1,18.9,0.10548531557791381,7,46,2
2026-02-15 08:00:00,113.0,0,5.8,19.5,3.9392913068190145,8,46,2
2026-02-15 09:00:00,330.0,0,3.4,22.3,11.052985677650229,9,46,2
2026-02-15 10:00:00,541.0,0,3.4,25.8,18.9338523615571,10,46,2
2026-02-15 11:00:00,707.0,0,2.6,28.8,20.450787727085572,11,46,2
2026-02-15 12:00:00,808.0,0,2.2,31.1,27.438514732171935,12,46,2
2026-02-15 13:00:00,838.0,0,2.9,32.3,28.22545998617269,13,46,2
2026-02-15 14:00:00,792.0,0,2.8,33.0,24.796235950712322,14,46,2
2026-02-15 15:00:00,674.0,0,3.2,33.3,21.158533511440243,15,46,2
2026-02-15 16:00:00,496.0,0,4.1,33.0,16.156397209799167,16,46,2
2026-02-15 17:00:00,281.0,0,2.3,32.2,8.758773636168701,17,46,2
2026-02-15 18:00:00,75.0,0,2.1,30.6,2.5825203912686043,18,46,2
2026-02-15 19:00:00,0.0,0,1.3,29.3,0.0,19,46,2
2026-02-15 20:00:00,0.0,0,2.1,28.8,0.0,20,46,2
2026-02-15 21:00:00,0.0,0,3.1,28.5,0.0,21,46,2
2026-02-15 22:00:00,0.0,0,4.2,28.1,0.0,22,46,2
2026-02-15 23:00:00,0.0,0,4.6,26.6,0.0,23,46,2
2026-02-16 00:00:00,0.0,0,3.6,24.9,0.0,0,47,2
2026-02-16 01:00:00,0.0,0,2.3,23.6,0.0,1,47,2
2026-02-16 02:00:00,0.0,0,2.5,22.7,0.0,2,47,2
2026-02-16 03:00:00,0.0,0,3.4,21.8,0.0,3,47,2
2026-02-16 04:00:00,0.0,0,5.0,20.7,0.0,4,47,2
2026-02-16 05:00:00,0.0,0,7.1,19.6,0.0,5,47,2
2026-02-16 06:00:00,0.0,0,4.9,19.9,0.0,6,47,2
2026-02-16 07:00:00,3.0,0,1.5,19.6,0.10066993074904614,7,47,2
2026-02-16 08:00:00,115.0,0,1.5,20.3,4.114424749998493,8,47,2
2026-02-16 09:00:00,331.0,0,1.0,22.8,11.019050790252361,9,47,2
2026-02-16 10:00:00,540.0,0,1.5,25.8,19.446690399666746,10,47,2
2026-02-16 11:00:00,705.0,0,2.2,28.5,22.30914930309075,11,47,2
2026-02-16 12:00:00,804.0,0,1.8,30.8,24.561299103856403,12,47,2
2026-02-16 13:00:00,833.0,0,1.3,32.0,28.187154335377596,13,47,2
2026-02-16 14:00:00,787.0,0,2.6,32.7,27.605528099715755,14,47,2
2026-02-16 15:00:00,671.0,0,3.9,32.9,20.21406859581269,15,47,2
2026-02-16 16:00:00,495.0,0,4.1,32.8,16.18236706869344,16,47,2
2026-02-16 17:00:00,281.0,0,6.3,31.9,8.378315621091234,17,47,2
2026-02-16 18:00:00,76.0,0,6.1,30.5,2.523706990169835,18,47,2
2026-02-16 19:00:00,0.0,0,3.6,29.4,0.0,19,47,2
2026-02-16 20:00:00,0.0,0,4.0,28.7,0.0,20,47,2
2026-02-16 21:00:00,0.0,0,5.0,28.2,0.0,21,47,2
2026-02-16 22:00:00,0.0,0,5.6,27.3,0.0,22,47,2
2026-02-16 23:00:00,0.0,0,6.9,25.9,0.0,23,47,2
2026-02-17 00:00:00,0.0,4,7.0,25.3,0.0,0,48,2
2026-02-17 01:00:00,0.0,7,5.9,25.0,0.0,1,48,2
2026-02-17 02:00:00,0.0,1,4.5,24.0,0.0,2,48,2
2026-02-17 03:00:00,0.0,10,7.1,22.4,0.0,3,48,2
2026-02-17 04:00:00,0.0,16,8.3,21.1,0.0,4,48,2
2026-02-17 05:00:00,0.0,15,9.5,20.1,0.0,5,48,2
2026-02-17 06:00:00,0.0,19,9.8,19.7,0.0,6,48,2
2026-02-17 07:00:00,3.0,15,10.1,19.4,0.08898006477293673,7,48,2
2026-02-17 08:00:00,107.0,7,7.6,20.3,3.3908977461872984,8,48,2
2026-02-17 09:00:00,319.0,8,7.4,22.2,9.650192602582564,9,48,2
2026-02-17 10:00:00,530.0,2,6.7,24.8,18.19742584559323,10,48,2
2026-02-17 11:00:00,693.0,0,6.3,27.3,22.685412329244237,11,48,2
2026-02-17 12:00:00,797.0,0,4.6,29.2,26.971217140139785,12,48,2
2026-02-17 13:00:00,827.0,1,2.3,30.5,28.98643253727712,13,48,2
2026-02-17 14:00:00,778.0,5,1.4,31.5,26.77594166625165,14,48,2
2026-02-17 15:00:00,664.0,0,3.2,32.0,21.457577072253546,15,48,2
2026-02-17 16:00:00,491.0,0,4.7,31.9,16.98104313093798,16,48,2
2026-02-17 17:00:00,279.0,0,4.0,31.3,9.714523053063031,17,48,2
2026-02-17 18:00:00,76.0,0,7.4,30.0,2.4302167210337244,18,48,2
2026-02-17 19:00:00,0.0,11,7.1,29.0,0.0,19,48,2
2026-02-17 20:00:00,0.0,9,5.8,28.2,0.0,20,48,2
2026-02-17 21:00:00,0.0,4,6.7,27.4,0.0,21,48,2
2026-02-17 22:00:00,0.0,2,6.9,26.7,0.0,22,48,2
2026-02-17 23:00:00,0.0,42,7.6,25.5,0.0,23,48,2
2026-02-18 00:00:00,0.0,73,8.1,25.2,0.0,0,49,2
2026-02-18 01:00:00,0.0,10,7.3,24.1,0.0,1,49,2
2026-02-18 02:00:00,0.0,2,6.9,22.8,0.0,2,49,2
2026-02-18 03:00:00,0.0,24,8.0,22.3,0.0,3,49,2
2026-02-18 04:00:00,0.0,30,8.4,22.0,0.0,4,49,2
2026-02-18 05:00:00,0.0,23,7.4,22.0,0.0,5,49,2
2026-02-18 06:00:00,0.0,32,6.3,21.9,0.0,6,49,2
2026-02-18 07:00:00,3.0,60,5.7,21.5,0.07160865777008657,7,49,2
2026-02-18 08:00:00,98.0,35,3.6,22.3,2.584370642369967,8,49,2
2026-02-18 09:00:00,304.0,26,2.8,24.8,9.131436206014406,9,49,2
2026-02-18 10:00:00,480.0,26,3.2,27.5,14.84015720760947,10,49,2
2026-02-18 11:00:00,673.0,16,6.3,29.2,18.578468591442135,11,49,2
2026-02-18 12:00:00,761.0,33,4.4,30.4,20.373346442672315,12,49,2
2026-02-18 13:00:00,777.0,4,1.5,31.3,24.13018262650726,13,49,2
2026-02-18 14:00:00,754.0,12,1.0,32.1,22.63386325319266,14,49,2
2026-02-18 15:00:00,668.0,10,2.5,32.3,18.583730304373457,15,49,2
2026-02-18 16:00:00,492.0,2,5.8,32.0,13.559662231804085,16,49,2
2026-02-18 17:00:00,279.0,0,10.0,31.1,9.163396454623399,17,49,2
2026-02-18 18:00:00,78.0,0,8.6,30.0,2.687810433658742,18,49,2
2026-02-18 19:00:00,0.0,0,8.0,29.0,0.0,19,49,2
2026-02-18 20:00:00,0.0,0,5.7,28.2,0.0,20,49,2
2026-02-18 21:00:00,0.0,0,6.8,27.2,0.0,21,49,2
2026-02-18 22:00:00,0.0,0,6.7,26.1,0.0,22,49,2
2026-02-18 23:00:00,0.0,0,6.8,25.2,0.0,23,49,2
2026-02-19 00:00:00,0.0,0,8.0,24.9,0.0,0,50,2
2026-02-19 01:00:00,0.0,0,9.8,23.7,0.0,1,50,2
2026-02-19 02:00:00,0.0,0,11.5,21.2,0.0,2,50,2
2026-02-19 03:00:00,0.0,0,11.8,20.7,0.0,3,50,2
2026-02-19 04:00:00,0.0,0,12.3,20.4,0.0,4,50,2
2026-02-19 05:00:00,0.0,0,13.1,19.9,0.0,5,50,2
2026-02-19 06:00:00,0.0,0,13.2,19.8,0.0,6,50,2
2026-02-19 07:00:00,4.0,0,12.4,19.7,0.13118940313184516,7,50,2
2026-02-19 08:00:00,118.0,0,8.8,20.7,4.437057776110051,8,50,2
2026-02-19 09:00:00,332.0,0,9.7,22.9,11.294290069571344,9,50,2
2026-02-19 10:00:00,541.0,0,9.0,25.5,18.0334461715255,10,50,2
2026-02-19 11:00:00,705.0,0,8.1,27.5,23.736799040444605,11,50,2
2026-02-19 12:00:00,807.0,0,7.2,29.5,27.831256381912183,12,50,2
2026-02-19 13:00:00,836.0,16,5.1,30.8,27.129873187197077,13,50,2
2026-02-19 14:00:00,754.0,18,4.3,31.5,24.750984372212134,14,50,2
2026-02-19 15:00:00,645.0,18,4.8,31.9,19.50372890263833,15,50,2
2026-02-19 16:00:00,474.0,19,6.1,31.7,13.135966689787681,16,50,2
2026-02-19 17:00:00,262.0,1,8.5,30.5,8.893409066156652,17,50,2
2026-02-19 18:00:00,77.0,9,7.0,30.0,2.2447534791583754,18,50,2
2026-02-19 19:00:00,0.0,7,6.3,29.5,0.0,19,50,2
2026-02-19 20:00:00,0.0,18,6.7,28.9,0.0,20,50,2
2026-02-19 21:00:00,0.0,48,7.6,28.5,0.0,21,50,2
2026-02-19 22:00:00,0.0,53,8.7,27.7,0.0,22,50,2
2026-02-19 23:00:00,0.0,96,7.9,27.1,0.0,23,50,2
2026-02-20 00:00:00,0.0,59,9.7,25.7,0.0,0,51,2
2026-02-20 01:00:00,0.0,57,9.8,24.5,0.0,1,51,2
2026-02-20 02:00:00,0.0,21,11.6,24.0,0.0,2,51,2
2026-02-20 03:00:00,0.0,1,13.3,23.3,0.0,3,51,2
2026-02-20 04:00:00,0.0,24,13.1,22.8,0.0,4,51,2
2026-02-20 05:00:00,0.0,26,13.1,22.4,0.0,5,51,2
2026-02-20 06:00:00,0.0,23,12.6,22.1,0.0,6,51,2
2026-02-20 07:00:00,4.0,13,13.0,21.9,0.1276146869828125,7,51,2
2026-02-20 08:00:00,109.0,11,10.1,22.7,3.5953506093139795,8,51,2
2026-02-20 09:00:00,309.0,8,11.6,24.5,9.46383873019722,9,51,2
2026-02-20 10:00:00,510.0,23,9.1,26.8,14.081619328985315,10,51,2
2026-02-20 11:00:00,644.0,15,10.7,28.0,18.329124755289346,11,51,2
2026-02-20 12:00:00,758.0,3,10.2,29.5,24.81705837037685,12,51,2
2026-02-20 13:00:00,822.0,0,10.2,30.9,27.628618961160612,13,51,2
2026-02-20 14:00:00,779.0,30,9.2,31.7,20.841500564587673,14,51,2
2026-02-20 15:00:00,635.0,27,8.1,32.0,17.68082601639042,15,51,2
2026-02-20 16:00:00,407.0,32,7.9,31.7,11.81425001935625,16,51,2
2026-02-20 17:00:00,238.0,7,10.4,30.6,7.067586996144418,17,51,2
2026-02-20 18:00:00,74.0,7,10.4,29.9,2.4995387547586896,18,51,2
2026-02-20 19:00:00,0.0,6,10.1,29.1,0.0,19,51,2
2026-02-20 20:00:00,0.0,3,9.7,28.2,0.0,20,51,2
2026-02-20 21:00:00,0.0,2,10.4,27.4,0.0,21,51,2
2026-02-20 22:00:00,0.0,0,9.3,26.5,0.0,22,51,2
2026-02-20 23:00:00,0.0,0,9.8,25.5,0.0,23,51,2
2026-02-21 00:00:00,0.0,0,10.2,24.7,0.0,0,52,2
2026-02-21 01:00:00,0.0,0,10.2,23.9,0.0,1,52,2
2026-02-21 02:00:00,0.0,0,9.7,23.1,0.0,2,52,2
2026-02-21 03:00:00,0.0,0,9.9,22.4,0.0,3,52,2
2026-02-21 04:00:00,0.0,0,9.8,21.8,0.0,4,52,2
2026-02-21 05:00:00,0.0,0,11.2,21.3,0.0,5,52,2
2026-02-21 06:00:00,0.0,0,11.2,21.1,0.0,6,52,2
2026-02-21 07:00:00,5.0,0,10.9,21.0,0.17613235586538262,7,52,2
2026-02-21 08:00:00,120.0,0,9.4,22.0,3.3362230909115103,8,52,2
2026-02-21 09:00:00,332.0,0,8.7,24.1,11.594564413729715,9,52,2
2026-02-21 10:00:00,540.0,0,9.6,26.8,18.526523680979622,10,52,2
2026-02-21 11:00:00,705.0,0,9.4,29.4,22.799609993663733,11,52,2
2026-02-21 12:00:00,810.0,0,7.1,31.3,25.652198812769953,12,52,2
2026-02-21 13:00:00,839.0,0,4.8,32.6,27.03593702602294,13,52,2
2026-02-21 14:00:00,794.0,2,2.9,33.5,25.89617056181919,14,52,2
2026-02-21 15:00:00,669.0,0,4.8,34.0,21.839052401903707,15,52,2
2026-02-21 16:00:00,500.0,0,7.3,33.8,18.004209331028818,16,52,2
2026-02-21 17:00:00,286.0,0,8.4,32.9,8.788491993171318,17,52,2
2026-02-21 18:00:00,83.0,0,8.0,31.7,2.8123498234065427,18,52,2
2026-02-21 19:00:00,0.0,0,5.9,30.5,0.0,19,52,2
2026-02-21 20:00:00,0.0,0,6.1,29.9,0.0,20,52,2
2026-02-21 21:00:00,0.0,0,7.1,29.2,0.0,21,52,2
2026-02-21 22:00:00,0.0,0,5.3,28.7,0.0,22,52,2
2026-02-21 23:00:00,0.0,0,4.8,28.2,0.0,23,52,2
2026-02-22 00:00:00,0.0,0,5.2,27.2,0.0,0,53,2
2026-02-22 01:00:00,0.0,0,6.5,26.0,0.0,1,53,2
2026-02-22 02:00:00,0.0,0,7.3,24.7,0.0,2,53,2
2026-02-22 03:00:00,0.0,0,7.5,23.8,0.0,3,53,2
2026-02-22 04:00:00,0.0,0,6.7,23.0,0.0,4,53,2
2026-02-22 05:00:00,0.0,0,3.5,22.6,0.0,5,53,2
2026-02-22 06:00:00,0.0,0,1.6,22.8,0.0,6,53,2
2026-02-22 07:00:00,5.0,0,2.6,22.2,0.1650044862892543,7,53,2
2026-02-22 08:00:00,127.0,0,2.2,23.2,4.250826215288567,8,53,2
2026-02-22 09:00:00,344.0,0,0.8,25.8,12.54844167296514,9,53,2
2026-02-22 10:00:00,555.0,0,0.9,28.6,17.6292811371256,10,53,2
2026-02-22 11:00:00,721.0,0,1.8,30.8,26.623504250191292,11,53,2
2026-02-22 12:00:00,822.0,0,4.1,32.6,27.651652939052042,12,53,2
2026-02-22 13:00:00,852.0,0,6.7,33.5,25.449322340305372,13,53,2
2026-02-22 14:00:00,805.0,0,8.6,33.9,25.863791445930605,14,53,2
2026-02-22 15:00:00,687.0,0,9.6,33.9,23.118689761667415,15,53,2
2026-02-22 16:00:00,511.0,2,9.2,33.6,17.657101961747827,16,53,2
2026-02-22 17:00:00,288.0,7,7.7,32.8,9.176540532471535,17,53,2
2026-02-22 18:00:00,82.0,1,5.2,32.0,2.5038278660818545,18,53,2
2026-02-22 19:00:00,0.0,1,3.6,30.9,0.0,19,53,2
2026-02-22 20:00:00,0.0,0,4.4,30.0,0.0,20,53,2
2026-02-22 21:00:00,0.0,0,5.1,29.2,0.0,21,53,2
2026-02-22 22:00:00,0.0,3,4.6,28.5,0.0,22,53,2
2026-02-22 23:00:00,0.0,2,0.7,27.2,0.0,23,53,2
2026-02-23 00:00:00,0.0,0,1.0,27.0,0.0,0,54,2
2026-02-23 01:00:00,0.0,4,0.8,26.2,0.0,1,54,2
2026-02-23 02:00:00,0.0,14,5.6,25.4,0.0,2,54,2
2026-02-23 03:00:00,0.0,13,5.9,24.5,0.0,3,54,2
2026-02-23 04:00:00,0.0,8,5.8,24.0,0.0,4,54,2
2026-02-23 05:00:00,0.0,13,7.1,23.6,0.0,5,54,2
2026-02-23 06:00:00,0.0,9,8.6,23.3,0.0,6,54,2
2026-02-23 07:00:00,5.0,49,5.2,22.7,0.12072373193296776,7,54,2
2026-02-23 08:00:00,118.0,80,2.8,23.4,2.227366422580761,8,54,2
2026-02-23 09:00:00,264.0,2,2.7,25.2,9.425074264881015,9,54,2
2026-02-23 10:00:00,560.0,3,3.6,27.6,18.991753610294158,10,54,2
2026-02-23 11:00:00,710.0,20,3.8,29.6,21.526426703717828,11,54,2
2026-02-23 12:00:00,752.0,23,1.7,31.3,22.25543076084971,12,54,2
2026-02-23 13:00:00,805.0,35,0.6,32.5,22.804243615497246,13,54,2
2026-02-23 14:00:00,676.0,38,4.2,32.9,19.335898516913762,14,54,2
2026-02-23 15:00:00,518.0,28,7.8,32.9,14.083753772128611,15,54,2
2026-02-23 16:00:00,408.0,26,11.0,32.7,10.666983322326017,16,54,2
2026-02-23 17:00:00,230.0,33,5.0,32.2,6.0206938409315285,17,54,2
2026-02-23 18:00:00,67.0,16,4.8,31.7,1.9207503893769289,18,54,2
2026-02-23 19:00:00,0.0,8,8.2,30.4,0.0,19,54,2
2026-02-23 20:00:00,0.0,0,8.3,28.9,0.0,20,54,2
2026-02-23 21:00:00,0.0,0,7.9,28.3,0.0,21,54,2
2026-02-23 22:00:00,0.0,1,7.7,27.6,0.0,22,54,2
2026-02-23 23:00:00,0.0,26,3.8,27.0,0.0,23,54,2
2026-02-24 00:00:00,0.0,49,1.0,27.1,0.0,0,55,2
2026-02-24 01:00:00,0.0,41,0.6,26.5,0.0,1,55,2
2026-02-24 02:00:00,0.0,5,2.7,26.0,0.0,2,55,2
2026-02-24 03:00:00,0.0,16,5.2,25.2,0.0,3,55,2
2026-02-24 04:00:00,0.0,5,5.8,24.1,0.0,4,55,2
2026-02-24 05:00:00,0.0,25,8.1,24.0,0.0,5,55,2
2026-02-24 06:00:00,0.0,16,7.6,24.3,0.0,6,55,2
2026-02-24 07:00:00,6.0,4,7.4,24.1,0.2000656918964253,7,55,2
2026-02-24 08:00:00,124.0,5,5.3,24.7,3.5183889976339286,8,55,2
2026-02-24 09:00:00,339.0,3,6.2,25.9,11.492496827568724,9,55,2
2026-02-24 10:00:00,548.0,2,6.7,28.6,17.62156571144277,10,55,2
2026-02-24 11:00:00,715.0,29,7.2,31.5,19.638063914980847,11,55,2
2026-02-24 12:00:00,755.0,36,6.8,32.8,20.984904616403554,12,55,2
2026-02-24 13:00:00,656.0,30,6.0,33.2,19.133003262877658,13,55,2
2026-02-24 14:00:00,641.0,60,4.5,33.8,12.730162546087042,14,55,2
2026-02-24 15:00:00,552.0,25,5.4,34.1,16.34641356676842,15,55,2
2026-02-24 16:00:00,440.0,53,8.7,34.0,10.465728409268866,16,55,2
2026-02-24 17:00:00,242.0,26,6.0,33.4,6.580596713594425,17,55,2
2026-02-24 18:00:00,74.0,23,5.1,32.5,2.1800284084201587,18,55,2
2026-02-24 19:00:00,1.0,12,2.7,31.3,0.03228445139479672,19,55,2
2026-02-24 20:00:00,0.0,5,4.0,30.9,0.0,20,55,2
2026-02-24 21:00:00,0.0,1,6.4,30.2,0.0,21,55,2
2026-02-24 22:00:00,0.0,1,4.1,29.6,0.0,22,55,2
2026-02-24 23:00:00,0.0,2,2.2,28.2,0.0,23,55,2
2026-02-25 00:00:00,0.0,40,7.8,27.2,0.0,0,56,2
2026-02-25 01:00:00,0.0,8,7.3,25.9,0.0,1,56,2
2026-02-25 02:00:00,0.0,46,6.1,25.0,0.0,2,56,2
2026-02-25 03:00:00,0.0,81,5.2,24.2,0.0,3,56,2
2026-02-25 04:00:00,0.0,3,1.6,24.0,0.0,4,56,2
2026-02-25 05:00:00,0.0,82,5.3,24.3,0.0,5,56,2
2026-02-25 06:00:00,0.0,53,6.0,24.8,0.0,6,56,2
2026-02-25 07:00:00,5.0,33,6.4,24.1,0.16238567109633745,7,56,2
2026-02-25 08:00:00,113.0,23,6.9,24.7,3.715087156204244,8,56,2
2026-02-25 09:00:00,330.0,0,6.0,27.2,10.741579168609107,9,56,2
2026-02-25 10:00:00,553.0,0,6.7,29.9,17.475588163440264,10,56,2
2026-02-25 11:00:00,722.0,0,5.1,32.2,23.80292513083986,11,56,2
2026-02-25 12:00:00,821.0,0,5.0,33.8,30.661310514207642,12,56,2
2026-02-25 13:00:00,849.0,23,6.2,34.9,26.1412058324356,13,56,2
2026-02-25 14:00:00,770.0,20,6.3,35.2,23.114832090149232,14,56,2
2026-02-25 15:00:00,634.0,33,7.2,35.2,16.960626528703703,15,56,2
2026-02-25 16:00:00,432.0,100,9.7,34.9,6.32351332896069,16,56,2
2026-02-25 17:00:00,161.0,18,10.0,33.9,4.919147339508847,17,56,2
2026-02-25 18:00:00,80.0,3,10.0,32.8,2.724868706728816,18,56,2
2026-02-25 19:00:00,1.0,4,7.4,32.3,0.03387992481017733,19,56,2
2026-02-25 20:00:00,0.0,2,2.2,32.0,0.0,20,56,2
2026-02-25 21:00:00,0.0,0,0.7,30.7,0.0,21,56,2
2026-02-25 22:00:00,0.0,0,2.5,30.2,0.0,22,56,2
2026-02-25 23:00:00,0.0,0,9.2,28.9,0.0,23,56,2
2026-02-26 00:00:00,0.0,0,9.6,27.2,0.0,0,57,2
2026-02-26 01:00:00,0.0,0,8.9,26.4,0.0,1,57,2
2026-02-26 02:00:00,0.0,0,8.2,25.4,0.0,2,57,2
2026-02-26 03:00:00,0.0,0,8.2,24.7,0.0,3,57,2
2026-02-26 04:00:00,0.0,0,9.4,24.0,0.0,4,57,2
2026-02-26 05:00:00,0.0,0,8.8,23.1,0.0,5,57,2
2026-02-26 06:00:00,0.0,0,7.4,22.5,0.0,6,57,2
2026-02-26 07:00:00,7.0,0,3.7,21.9,0.2560430221837728,7,57,2
2026-02-26 08:00:00,134.0,0,3.8,22.8,4.216681479922877,8,57,2
2026-02-26 09:00:00,351.0,0,4.2,24.7,12.350951010700722,9,57,2
2026-02-26 10:00:00,561.0,0,3.2,27.4,18.81210829366665,10,57,2
2026-02-26 11:00:00,727.0,0,3.6,30.1,23.567588025848924,11,57,2
2026-02-26 12:00:00,828.0,0,7.4,32.0,23.678386464717725,12,57,2
2026-02-26 13:00:00,855.0,0,9.1,32.7,27.913095387122212,13,57,2
2026-02-26 14:00:00,808.0,0,9.1,33.0,26.308966217127242,14,57,2
2026-02-26 15:00:00,689.0,0,8.7,33.1,20.6394756858557,15,57,2
2026-02-26 16:00:00,512.0,0,8.8,32.8,16.779827602079823,16,57,2
2026-02-26 17:00:00,297.0,0,10.4,32.0,9.71805623130996,17,57,2
2026-02-26 18:00:00,89.0,0,11.8,30.9,3.1675844295316073,18,57,2
2026-02-26 19:00:00,1.0,0,11.9,29.6,0.03172595048731193,19,57,2
2026-02-26 20:00:00,0.0,0,9.1,28.8,0.0,20,57,2
2026-02-26 21:00:00,0.0,0,8.0,27.7,0.0,21,57,2
2026-02-26 22:00:00,0.0,0,8.4,26.2,0.0,22,57,2
2026-02-26 23:00:00,0.0,0,8.2,24.9,0.0,23,57,2
2026-02-27 00:00:00,0.0,0,8.1,24.0,0.0,0,58,2
2026-02-27 01:00:00,0.0,0,8.7,23.2,0.0,1,58,2
2026-02-27 02:00:00,0.0,0,8.3,22.3,0.0,2,58,2
2026-02-27 03:00:00,0.0,0,7.9,21.6,0.0,3,58,2
2026-02-27 04:00:00,0.0,0,6.8,20.9,0.0,4,58,2
2026-02-27 05:00:00,0.0,0,6.1,20.3,0.0,5,58,2
2026-02-27 06:00:00,0.0,0,5.7,20.2,0.0,6,58,2
2026-02-27 07:00:00,8.0,0,5.5,20.0,0.27452507605879706,7,58,2
2026-02-27 08:00:00,139.0,0,5.5,21.0,4.513604853799931,8,58,2
2026-02-27 09:00:00,358.0,0,5.9,22.8,11.429956809349655,9,58,2
2026-02-27 10:00:00,568.0,0,5.4,24.9,19.52257388119227,10,58,2
2026-02-27 11:00:00,734.0,0,5.5,27.0,25.933280828262482,11,58,2
2026-02-27 12:00:00,835.0,0,6.6,29.0,27.100702317458058,12,58,2
2026-02-27 13:00:00,865.0,0,8.1,30.0,29.240048037936987,13,58,2
2026-02-27 14:00:00,819.0,0,9.2,30.5,24.572407636010976,14,58,2
2026-02-27 15:00:00,697.0,1,8.9,30.7,21.55008474729822,15,58,2
2026-02-27 16:00:00,520.0,0,8.5,30.6,14.43982399134528,16,58,2
2026-02-27 17:00:00,301.0,0,9.1,29.7,11.970187384040713,17,58,2
2026-02-27 18:00:00,91.0,0,8.4,29.3,3.1395954838455182,18,58,2
2026-02-27 19:00:00,1.0,0,5.0,29.0,0.03515828232183407,19,58,2
2026-02-27 20:00:00,0.0,0,8.2,28.1,0.0,20,58,2
2026-02-27 21:00:00,0.0,0,9.4,26.0,0.0,21,58,2
2026-02-27 22:00:00,0.0,0,8.7,24.3,0.0,22,58,2
2026-02-27 23:00:00,0.0,0,9.1,23.3,0.0,23,58,2
2026-02-28 00:00:00,0.0,0,8.8,23.1,0.0,0,59,2
2026-02-28 01:00:00,0.0,0,7.7,22.7,0.0,1,59,2
2026-02-28 02:00:00,0.0,0,5.9,22.4,0.0,2,59,2
2026-02-28 03:00:00,0.0,0,7.0,22.1,0.0,3,59,2
2026-02-28 04:00:00,0.0,0,6.7,21.7,0.0,4,59,2
2026-02-28 05:00:00,0.0,0,6.7,21.6,0.0,5,59,2
2026-02-28 06:00:00,0.0,0,6.4,21.6,0.0,6,59,2
2026-02-28 07:00:00,8.0,0,5.5,21.5,0.27102018910120096,7,59,2
2026-02-28 08:00:00,140.0,0,3.4,22.5,4.569188996626948,8,59,2
2026-02-28 09:00:00,361.0,0,4.9,24.7,12.203436258967328,9,59,2
2026-02-28 10:00:00,572.0,0,5.9,26.7,19.949866006195215,10,59,2
2026-02-28 11:00:00,738.0,0,5.5,28.6,25.667100329633833,11,59,2
2026-02-28 12:00:00,838.0,0,6.4,30.2,30.905330579752977,12,59,2
2026-02-28 13:00:00,867.0,0,7.9,31.0,29.518721953431534,13,59,2
2026-02-28 14:00:00,818.0,0,7.3,31.4,26.797986362658214,14,59,2
2026-02-28 15:00:00,700.0,0,7.4,31.6,25.210155390109676,15,59,2
2026-02-28 16:00:00,521.0,0,8.0,31.5,16.220802910982492,16,59,2
2026-02-28 17:00:00,304.0,0,8.0,31.1,9.674931414795896,17,59,2
2026-02-28 18:00:00,92.0,0,7.1,30.4,2.881752122930154,18,59,2
2026-02-28 19:00:00,1.0,0,4.7,29.5,0.029242064220603478,19,59,2
2026-02-28 20:00:00,0.0,0,7.0,28.4,0.0,20,59,2
2026-02-28 21:00:00,0.0,0,5.8,27.6,0.0,21,59,2
2026-02-28 22:00:00,0.0,0,6.5,26.8,0.0,22,59,2
2026-02-28 23:00:00,0.0,0,5.6,26.5,0.0,23,59,2
2026-03-01 00:00:00,0.0,0,5.1,26.2,0.0,0,60,3
2026-03-01 01:00:00,0.0,0,5.0,25.8,0.0,1,60,3
2026-03-01 02:00:00,0.0,0,9.3,24.2,0.0,2,60,3
2026-03-01 03:00:00,0.0,0,7.6,23.0,0.0,3,60,3
2026-03-01 04:00:00,0.0,0,7.4,22.3,0.0,4,60,3
2026-03-01 05:00:00,0.0,0,8.1,22.1,0.0,5,60,3
2026-03-01 06:00:00,0.0,0,8.7,21.7,0.0,6,60,3
2026-03-01 07:00:00,9.0,0,7.2,21.3,0.2766779493661954,7,60,3
2026-03-01 08:00:00,142.0,0,4.6,22.4,4.568583805764191,8,60,3
2026-03-01 09:00:00,361.0,0,4.8,24.6,12.99772134624775,9,60,3
2026-03-01 10:00:00,570.0,0,4.3,27.1,18.98533867913796,10,60,3
2026-03-01 11:00:00,735.0,0,5.9,29.5,24.84202954341438,11,60,3
2026-03-01 12:00:00,835.0,0,5.1,31.1,28.258957893843235,12,60,3
2026-03-01 13:00:00,863.0,0,4.2,32.1,28.353248331529226,13,60,3
2026-03-01 14:00:00,816.0,0,3.8,32.8,25.98593584735298,14,60,3
2026-03-01 15:00:00,696.0,0,4.3,33.2,24.243930638046916,15,60,3
2026-03-01 16:00:00,517.0,2,4.8,33.1,18.253025378222965,16,60,3
2026-03-01 17:00:00,300.0,5,2.7,32.6,10.168954466422266,17,60,3
2026-03-01 18:00:00,92.0,7,4.6,31.6,3.0002562501533125,18,60,3
2026-03-01 19:00:00,1.0,0,6.1,30.0,0.03468301295722377,19,60,3
2026-03-01 20:00:00,0.0,0,4.7,29.4,0.0,20,60,3
2026-03-01 21:00:00,0.0,0,6.7,29.0,0.0,21,60,3
2026-03-01 22:00:00,0.0,0,7.7,28.4,0.0,22,60,3
2026-03-01 23:00:00,0.0,0,6.0,27.6,0.0,23,60,3
2026-03-02 00:00:00,0.0,0,6.3,27.3,0.0,0,61,3
2026-03-02 01:00:00,0.0,0,6.1,26.6,0.0,1,61,3
2026-03-02 02:00:00,0.0,0,6.5,25.7,0.0,2,61,3
2026-03-02 03:00:00,0.0,0,7.1,24.9,0.0,3,61,3
2026-03-02 04:00:00,0.0,0,6.4,24.4,0.0,4,61,3
2026-03-02 05:00:00,0.0,0,1.8,23.4,0.0,5,61,3
2026-03-02 06:00:00,0.0,0,3.3,23.6,0.0,6,61,3
2026-03-02 07:00:00,10.0,0,3.3,23.1,0.33628275840739874,7,61,3
2026-03-02 08:00:00,146.0,0,2.9,24.0,5.163782000267364,8,61,3
2026-03-02 09:00:00,367.0,0,1.7,26.5,13.021107887021445,9,61,3
2026-03-02 10:00:00,578.0,0,2.8,29.0,18.76124517540124,10,61,3
2026-03-02 11:00:00,744.0,0,4.7,31.0,24.53952528158092,11,61,3
2026-03-02 12:00:00,847.0,0,1.7,32.6,28.100736858998324,12,61,3
2026-03-02 13:00:00,875.0,0,0.3,33.8,27.769943942863737,13,61,3
2026-03-02 14:00:00,827.0,0,1.2,34.5,26.05362589570435,14,61,3
2026-03-02 15:00:00,707.0,0,2.0,34.8,21.820737611967246,15,61,3
2026-03-02 16:00:00,527.0,0,2.3,34.6,15.316836592560245,16,61,3
2026-03-02 17:00:00,309.0,0,5.2,33.9,9.74032626499604,17,61,3
2026-03-02 18:00:00,96.0,0,4.8,32.7,3.0426906108735357,18,61,3
2026-03-02 19:00:00,1.0,0,5.7,31.3,0.030535924374262436,19,61,3
2026-03-02 20:00:00,0.0,0,5.2,30.8,0.0,20,61,3
2026-03-02 21:00:00,0.0,0,5.3,30.3,0.0,21,61,3
2026-03-02 22:00:00,0.0,0,5.8,29.3,0.0,22,61,3
2026-03-02 23:00:00,0.0,0,3.9,28.6,0.0,23,61,3
2026-03-03 00:00:00,0.0,0,7.1,28.1,0.0,0,62,3
2026-03-03 01:00:00,0.0,0,7.4,26.8,0.0,1,62,3
2026-03-03 02:00:00,0.0,0,7.2,26.2,0.0,2,62,3
2026-03-03 03:00:00,0.0,0,5.8,25.7,0.0,3,62,3
2026-03-03 04:00:00,0.0,0,6.2,25.2,0.0,4,62,3
2026-03-03 05:00:00,0.0,0,6.2,24.3,0.0,5,62,3
2026-03-03 06:00:00,0.0,0,6.7,24.1,0.0,6,62,3
2026-03-03 07:00:00,11.0,0,6.5,23.8,0.3591715107065501,7,62,3
2026-03-03 08:00:00,152.0,0,4.6,25.1,5.1331486535040325,8,62,3
2026-03-03 09:00:00,377.0,0,3.3,27.7,12.363402084435718,9,62,3
2026-03-03 10:00:00,590.0,0,4.4,30.4,16.710077290147268,10,62,3
2026-03-03 11:00:00,757.0,0,5.7,32.6,25.847151211814467,11,62,3
2026-03-03 12:00:00,856.0,0,4.0,34.5,28.43066231922629,12,62,3
2026-03-03 13:00:00,884.0,0,4.2,35.6,25.18881343933002,13,62,3
2026-03-03 14:00:00,836.0,0,6.3,36.4,25.136133893783743,14,62,3
2026-03-03 15:00:00,715.0,0,8.5,36.4,21.4752635240237,15,62,3
2026-03-03 16:00:00,533.0,0,9.1,36.1,18.285207399840402,16,62,3
2026-03-03 17:00:00,313.0,0,8.8,35.5,10.165402559716227,17,62,3
2026-03-03 18:00:00,98.0,0,7.7,34.7,2.957470839286316,18,62,3
2026-03-03 19:00:00,1.0,0,7.5,33.8,0.030513835803355083,19,62,3
2026-03-03 20:00:00,0.0,0,6.1,33.3,0.0,20,62,3
2026-03-03 21:00:00,0.0,0,3.6,32.5,0.0,21,62,3
2026-03-03 22:00:00,0.0,0,6.1,30.8,0.0,22,62,3
2026-03-03 23:00:00,0.0,0,2.8,29.4,0.0,23,62,3
2026-03-04 00:00:00,0.0,0,4.6,29.3,0.0,0,63,3
2026-03-04 01:00:00,0.0,0,5.7,28.3,0.0,1,63,3
2026-03-04 02:00:00,0.0,0,7.4,26.9,0.0,2,63,3
2026-03-04 03:00:00,0.0,0,8.1,26.3,0.0,3,63,3
2026-03-04 04:00:00,0.0,0,8.3,25.9,0.0,4,63,3
2026-03-04 05:00:00,0.0,0,7.8,25.4,0.0,5,63,3
2026-03-04 06:00:00,0.0,0,8.6,25.3,0.0,6,63,3
2026-03-04 07:00:00,11.0,0,7.4,24.6,0.38323272154633586,7,63,3
2026-03-04 08:00:00,155.0,0,6.1,25.6,5.592540367747037,8,63,3
2026-03-04 09:00:00,379.0,0,4.8,28.1,11.942776647958205,9,63,3
2026-03-04 10:00:00,592.0,0,3.4,31.1,20.51101005907151,10,63,3
2026-03-04 11:00:00,760.0,0,4.7,33.7,26.27067741823208,11,63,3
2026-03-04 12:00:00,862.0,0,6.1,35.7,30.39493366402046,12,63,3
2026-03-04 13:00:00,889.0,0,6.7,36.6,29.48842030649804,13,63,3
2026-03-04 14:00:00,839.0,0,8.3,37.0,25.877735324614484,14,63,3
2026-03-04 15:00:00,717.0,0,9.6,37.0,22.24371828308458,15,63,3
2026-03-04 16:00:00,535.0,0,10.0,36.6,17.414056934523686,16,63,3
2026-03-04 17:00:00,314.0,0,10.6,36.1,10.09231014173436,17,63,3
2026-03-04 18:00:00,99.0,0,9.1,35.3,3.4053506146910757,18,63,3
2026-03-04 19:00:00,1.0,0,8.5,34.3,0.03340202816530795,19,63,3
2026-03-04 20:00:00,0.0,0,7.8,33.5,0.0,20,63,3
2026-03-04 21:00:00,0.0,0,8.0,32.2,0.0,21,63,3
2026-03-04 22:00:00,0.0,0,9.3,30.3,0.0,22,63,3
2026-03-04 23:00:00,0.0,0,9.6,29.2,0.0,23,63,3
2026-03-05 00:00:00,0.0,0,10.2,28.5,0.0,0,64,3
2026-03-05 01:00:00,0.0,0,10.2,27.6,0.0,1,64,3
2026-03-05 02:00:00,0.0,0,10.4,26.8,0.0,2,64,3
2026-03-05 03:00:00,0.0,0,11.3,25.9,0.0,3,64,3
2026-03-05 04:00:00,0.0,0,12.0,25.3,0.0,4,64,3
2026-03-05 05:00:00,0.0,0,11.8,24.6,0.0,5,64,3
2026-03-05 06:00:00,0.0,0,11.5,24.1,0.0,6,64,3
2026-03-05 07:00:00,12.0,0,11.0,23.7,0.385797396373564,7,64,3
2026-03-05 08:00:00,158.0,0,7.8,24.6,5.6024742154206395,8,64,3
2026-03-05 09:00:00,385.0,0,7.5,26.8,11.8911167569254,9,64,3
2026-03-05 10:00:00,599.0,0,8.0,29.7,18.50144226560337,10,64,3
2026-03-05 11:00:00,768.0,0,9.2,32.6,26.1691954360156,11,64,3
2026-03-05 12:00:00,871.0,0,10.3,34.5,28.181281925497668,12,64,3
2026-03-05 13:00:00,901.0,0,9.9,35.6,30.05465215777741,13,64,3
2026-03-05 14:00:00,854.0,0,9.3,36.2,25.73932362083916,14,64,3
2026-03-05 15:00:00,732.0,0,9.5,36.3,26.32271541975377,15,64,3
2026-03-05 16:00:00,548.0,0,9.2,36.2,17.708458920597348,16,64,3
2026-03-05 17:00:00,324.0,0,9.4,35.6,10.048200395210909,17,64,3
2026-03-05 18:00:00,104.0,0,7.8,34.5,3.1558260914013143,18,64,3
2026-03-05 19:00:00,2.0,0,8.6,33.0,0.0687483927854357,19,64,3
2026-03-05 20:00:00,0.0,0,9.1,32.1,0.0,20,64,3
2026-03-05 21:00:00,0.0,0,7.6,31.0,0.0,21,64,3
2026-03-05 22:00:00,0.0,0,7.1,29.6,0.0,22,64,3
2026-03-05 23:00:00,0.0,0,8.0,27.9,0.0,23,64,3
2026-03-06 00:00:00,0.0,0,9.7,27.1,0.0,0,65,3
2026-03-06 01:00:00,0.0,0,9.9,26.0,0.0,1,65,3
2026-03-06 02:00:00,0.0,0,10.3,24.8,0.0,2,65,3
2026-03-06 03:00:00,0.0,0,10.1,23.8,0.0,3,65,3
2026-03-06 04:00:00,0.0,0,9.5,23.2,0.0,4,65,3
2026-03-06 05:00:00,0.0,0,9.0,22.3,0.0,5,65,3
2026-03-06 06:00:00,0.0,0,8.6,22.0,0.0,6,65,3
2026-03-06 07:00:00,13.0,0,7.8,21.5,0.44667856837197195,7,65,3
2026-03-06 08:00:00,163.0,0,6.1,22.5,5.395109276445967,8,65,3
2026-03-06 09:00:00,392.0,0,5.1,24.6,14.807605412723742,9,65,3
2026-03-06 10:00:00,606.0,0,4.3,27.1,20.645140268999786,10,65,3
2026-03-06 11:00:00,773.0,0,3.1,29.5,27.251052632815732,11,65,3
2026-03-06 12:00:00,873.0,0,3.8,31.8,27.002481718948133,12,65,3
2026-03-06 13:00:00,901.0,0,5.3,33.2,32.39106581549607,13,65,3
2026-03-06 14:00:00,852.0,0,6.6,34.2,30.48545978648438,14,65,3
2026-03-06 15:00:00,731.0,0,7.3,34.6,25.867481921218104,15,65,3
2026-03-06 16:00:00,547.0,0,7.4,34.4,18.29362251314592,16,65,3
2026-03-06 17:00:00,324.0,0,6.8,33.7,10.452912066744219,17,65,3
2026-03-06 18:00:00,104.0,0,7.1,32.8,3.53685556463514,18,65,3
2026-03-06 19:00:00,2.0,0,7.3,31.8,0.07124890065942888,19,65,3
2026-03-06 20:00:00,0.0,0,7.2,31.2,0.0,20,65,3
2026-03-06 21:00:00,0.0,0,6.2,30.6,0.0,21,65,3
2026-03-06 22:00:00,0.0,0,5.4,30.0,0.0,22,65,3
2026-03-06 23:00:00,0.0,0,3.3,28.5,0.0,23,65,3
2026-03-07 00:00:00,0.0,0,4.7,28.4,0.0,0,66,3
2026-03-07 01:00:00,0.0,0,5.8,27.1,0.0,1,66,3
2026-03-07 02:00:00,0.0,0,8.5,25.5,0.0,2,66,3
2026-03-07 03:00:00,0.0,0,8.1,24.0,0.0,3,66,3
2026-03-07 04:00:00,0.0,0,8.3,22.6,0.0,4,66,3
2026-03-07 05:00:00,0.0,0,8.1,21.6,0.0,5,66,3
2026-03-07 06:00:00,0.0,0,7.5,21.0,0.0,6,66,3
2026-03-07 07:00:00,14.0,0,6.8,20.7,0.4939392814515906,7,66,3
2026-03-07 08:00:00,166.0,0,4.3,22.1,5.234224598893221,8,66,3
2026-03-07 09:00:00,397.0,0,3.7,24.7,14.139462443735646,9,66,3
2026-03-07 10:00:00,608.0,0,3.1,27.8,19.58501176740555,10,66,3
2026-03-07 11:00:00,775.0,0,2.2,30.6,26.613638036075947,11,66,3
2026-03-07 12:00:00,877.0,0,2.7,33.0,29.885946067154524,12,66,3
2026-03-07 13:00:00,904.0,0,3.5,34.7,28.15474212919454,13,66,3
2026-03-07 14:00:00,853.0,0,4.4,35.7,27.99725044093882,14,66,3
2026-03-07 15:00:00,729.0,0,5.5,36.2,25.339623919076352,15,66,3
2026-03-07 16:00:00,546.0,0,5.7,36.1,17.111605887440625,16,66,3
2026-03-07 17:00:00,323.0,0,6.7,35.2,10.426653057224584,17,66,3
2026-03-07 18:00:00,105.0,0,6.7,34.2,3.4819807821201243,18,66,3
2026-03-07 19:00:00,2.0,0,5.6,33.1,0.060774313909549973,19,66,3
2026-03-07 20:00:00,0.0,0,4.5,32.3,0.0,20,66,3
2026-03-07 21:00:00,0.0,0,4.1,31.2,0.0,21,66,3
2026-03-07 22:00:00,0.0,0,3.7,30.4,0.0,22,66,3
2026-03-07 23:00:00,0.0,0,3.0,29.1,0.0,23,66,3
2026-03-08 00:00:00,0.0,0,5.8,28.6,0.0,0,67,3
2026-03-08 01:00:00,0.0,0,7.4,27.4,0.0,1,67,3
2026-03-08 02:00:00,0.0,0,8.6,26.7,0.0,2,67,3
2026-03-08 03:00:00,0.0,0,8.5,26.1,0.0,3,67,3
2026-03-08 04:00:00,0.0,0,8.1,25.3,0.0,4,67,3
2026-03-08 05:00:00,0.0,0,7.7,24.0,0.0,5,67,3
2026-03-08 06:00:00,0.0,0,7.5,23.9,0.0,6,67,3
2026-03-08 07:00:00,15.0,0,6.3,23.5,0.49139221546797773,7,67,3
2026-03-08 08:00:00,170.0,0,3.2,24.8,5.302636841313838,8,67,3
2026-03-08 09:00:00,401.0,0,2.2,27.7,13.204992565080287,9,67,3
2026-03-08 10:00:00,616.0,0,2.9,31.2,17.763804356977243,10,67,3
2026-03-08 11:00:00,783.0,0,5.0,34.0,23.332854973662563,11,67,3
2026-03-08 12:00:00,884.0,0,3.8,36.0,26.81170153935598,12,67,3
2026-03-08 13:00:00,912.0,0,3.1,37.3,29.643913965914265,13,67,3
2026-03-08 14:00:00,862.0,0,3.6,38.3,28.503926635538072,14,67,3
2026-03-08 15:00:00,737.0,0,5.0,38.7,23.863280701465477,15,67,3
2026-03-08 16:00:00,552.0,0,7.6,38.4,15.813964177100766,16,67,3
2026-03-08 17:00:00,327.0,0,8.5,37.7,9.883184802391673,17,67,3
2026-03-08 18:00:00,106.0,0,8.4,36.3,3.117916620720807,18,67,3
2026-03-08 19:00:00,2.0,0,8.3,35.1,0.06235155806033045,19,67,3
2026-03-08 20:00:00,0.0,0,8.9,34.1,0.0,20,67,3
2026-03-08 21:00:00,0.0,0,9.1,33.5,0.0,21,67,3
2026-03-08 22:00:00,0.0,0,9.2,33.1,0.0,22,67,3
2026-03-08 23:00:00,0.0,0,10.2,31.7,0.0,23,67,3
2026-03-09 00:00:00,0.0,0,11.9,29.6,0.0,0,68,3
2026-03-09 01:00:00,0.0,0,13.0,27.9,0.0,1,68,3
2026-03-09 02:00:00,0.0,0,12.0,26.9,0.0,2,68,3
2026-03-09 03:00:00,0.0,0,11.0,26.4,0.0,3,68,3
2026-03-09 04:00:00,0.0,0,11.8,26.0,0.0,4,68,3
2026-03-09 05:00:00,0.0,0,12.0,25.9,0.0,5,68,3
2026-03-09 06:00:00,0.0,0,8.5,25.4,0.0,6,68,3
2026-03-09 07:00:00,16.0,0,6.2,24.8,0.5202620296552085,7,68,3
2026-03-09 08:00:00,172.0,0,6.9,26.4,6.291259539753081,8,68,3
2026-03-09 09:00:00,401.0,0,5.1,29.6,13.72907624357746,9,68,3
2026-03-09 10:00:00,615.0,0,6.3,32.7,21.277202192712153,10,68,3
2026-03-09 11:00:00,781.0,0,7.3,35.5,25.726321825053756,11,68,3
2026-03-09 12:00:00,882.0,0,6.4,37.3,30.940504074155438,12,68,3
2026-03-09 13:00:00,909.0,0,4.5,38.4,26.889849992631806,13,68,3
2026-03-09 14:00:00,857.0,0,3.1,39.3,28.46207169323365,14,68,3
2026-03-09 15:00:00,734.0,0,3.3,39.6,21.377725573702644,15,68,3
2026-03-09 16:00:00,550.0,0,5.1,39.5,16.890680419593856,16,68,3
2026-03-09 17:00:00,326.0,0,6.9,39.0,10.554208579374563,17,68,3
2026-03-09 18:00:00,107.0,0,5.1,37.8,3.677872163657973,18,68,3
2026-03-09 19:00:00,2.0,0,0.6,36.3,0.0640927656765969,19,68,3
2026-03-09 20:00:00,0.0,0,2.2,35.0,0.0,20,68,3
2026-03-09 21:00:00,0.0,0,3.0,34.1,0.0,21,68,3
2026-03-09 22:00:00,0.0,0,3.7,32.8,0.0,22,68,3
2026-03-09 23:00:00,0.0,0,8.3,31.2,0.0,23,68,3
2026-03-10 00:00:00,0.0,0,11.7,30.7,0.0,0,69,3
2026-03-10 01:00:00,0.0,0,9.9,29.9,0.0,1,69,3
2026-03-10 02:00:00,0.0,0,9.8,29.2,0.0,2,69,3
2026-03-10 03:00:00,0.0,0,9.5,28.5,0.0,3,69,3
2026-03-10 04:00:00,0.0,0,9.4,27.7,0.0,4,69,3
2026-03-10 05:00:00,0.0,0,9.6,26.7,0.0,5,69,3
2026-03-10 06:00:00,0.0,0,10.0,26.2,0.0,6,69,3
2026-03-10 07:00:00,17.0,0,10.3,25.9,0.6051151629232852,7,69,3
2026-03-10 08:00:00,176.0,0,7.1,26.9,6.288873157708235,8,69,3
2026-03-10 09:00:00,406.0,0,6.0,29.3,12.547285432271234,9,69,3
2026-03-10 10:00:00,620.0,0,6.2,32.5,18.11286142013451,10,69,3
2026-03-10 11:00:00,787.0,0,5.1,35.9,24.906284443829197,11,69,3
2026-03-10 12:00:00,888.0,0,3.8,38.2,28.056628724428673,12,69,3
2026-03-10 13:00:00,913.0,0,3.6,39.4,27.010155941427346,13,69,3
2026-03-10 14:00:00,862.0,0,3.3,39.9,30.247395095004407,14,69,3
2026-03-10 15:00:00,738.0,0,4.4,40.1,24.120892391099268,15,69,3
2026-03-10 16:00:00,553.0,0,6.0,39.9,16.035418279219893,16,69,3
2026-03-10 17:00:00,329.0,0,8.0,39.1,10.160041394017718,17,69,3
2026-03-10 18:00:00,108.0,0,5.6,38.2,3.312508595851421,18,69,3
2026-03-10 19:00:00,2.0,0,1.1,36.8,0.06725361729385079,19,69,3
2026-03-10 20:00:00,0.0,0,4.4,34.9,0.0,20,69,3
2026-03-10 21:00:00,0.0,0,5.3,34.6,0.0,21,69,3
2026-03-10 22:00:00,0.0,0,7.7,34.1,0.0,22,69,3
2026-03-10 23:00:00,0.0,0,8.1,32.5,0.0,23,69,3
2026-03-11 00:00:00,0.0,0,9.3,30.9,0.0,0,70,3
2026-03-11 01:00:00,0.0,0,11.7,29.3,0.0,1,70,3
2026-03-11 02:00:00,0.0,0,12.4,28.7,0.0,2,70,3
2026-03-11 03:00:00,0.0,0,10.3,27.8,0.0,3,70,3
2026-03-11 04:00:00,0.0,0,9.8,27.0,0.0,4,70,3
2026-03-11 05:00:00,0.0,0,8.1,26.8,0.0,5,70,3
2026-03-11 06:00:00,0.0,0,9.1,26.8,0.0,6,70,3
2026-03-11 07:00:00,18.0,0,9.0,26.7,0.6364651695079341,7,70,3
2026-03-11 08:00:00,179.0,0,7.3,27.2,5.4801384840194425,8,70,3
2026-03-11 09:00:00,409.0,0,5.7,29.7,11.346829507991853,9,70,3
2026-03-11 10:00:00,624.0,0,4.5,32.7,19.60411094805406,10,70,3
2026-03-11 11:00:00,791.0,0,4.2,35.7,23.335817556560016,11,70,3
2026-03-11 12:00:00,892.0,0,3.1,38.1,27.715930510170782,12,70,3
2026-03-11 13:00:00,918.0,0,1.5,39.4,29.66169458826239,13,70,3
2026-03-11 14:00:00,866.0,0,0.6,40.0,25.312736141356503,14,70,3
2026-03-11 15:00:00,741.0,0,3.1,40.3,19.473057697867247,15,70,3
2026-03-11 16:00:00,556.0,0,7.6,39.9,18.665939318369393,16,70,3
2026-03-11 17:00:00,330.0,0,10.4,38.9,9.767823521785571,17,70,3
2026-03-11 18:00:00,109.0,0,8.8,37.4,3.43693996917703,18,70,3
2026-03-11 19:00:00,2.0,0,8.2,36.7,0.06217614645876895,19,70,3
2026-03-11 20:00:00,0.0,0,7.0,35.4,0.0,20,70,3
2026-03-11 21:00:00,0.0,0,10.6,33.1,0.0,21,70,3
2026-03-11 22:00:00,0.0,0,11.7,31.9,0.0,22,70,3
2026-03-11 23:00:00,0.0,0,11.6,31.2,0.0,23,70,3
2026-03-12 00:00:00,0.0,0,11.4,30.8,0.0,0,71,3
2026-03-12 01:00:00,0.0,0,10.5,30.4,0.0,1,71,3
2026-03-12 02:00:00,0.0,0,9.9,29.7,0.0,2,71,3
2026-03-12 03:00:00,0.0,0,10.7,29.1,0.0,3,71,3
2026-03-12 04:00:00,0.0,0,10.8,28.1,0.0,4,71,3
2026-03-12 05:00:00,0.0,0,8.4,27.1,0.0,5,71,3
2026-03-12 06:00:00,0.0,0,7.0,26.6,0.0,6,71,3
2026-03-12 07:00:00,20.0,0,4.8,26.1,0.6563027746656389,7,71,3
2026-03-12 08:00:00,184.0,0,3.5,27.4,5.481998516148414,8,71,3
2026-03-12 09:00:00,415.0,0,3.0,30.1,12.98140281288019,9,71,3
2026-03-12 10:00:00,629.0,0,5.4,32.1,18.9460749437856,10,71,3
2026-03-12 11:00:00,794.0,0,6.2,34.0,26.373615327377017,11,71,3
2026-03-12 12:00:00,893.0,0,7.2,35.6,31.632972816344367,12,71,3
2026-03-12 13:00:00,919.0,0,8.1,36.7,30.429874415113222,13,71,3
2026-03-12 14:00:00,868.0,0,8.6,37.4,27.760444285041956,14,71,3
2026-03-12 15:00:00,745.0,0,9.6,37.9,22.858314191523878,15,71,3
2026-03-12 16:00:00,560.0,0,11.2,37.9,17.464015110497762,16,71,3
2026-03-12 17:00:00,334.0,0,10.8,37.5,11.79239448772576,17,71,3
2026-03-12 18:00:00,111.0,0,9.4,36.4,3.7662230987898018,18,71,3
2026-03-12 19:00:00,3.0,0,7.7,35.4,0.10007585414890129,19,71,3
2026-03-12 20:00:00,0.0,0,4.3,34.7,0.0,20,71,3
2026-03-12 21:00:00,0.0,0,5.0,33.1,0.0,21,71,3
2026-03-12 22:00:00,0.0,0,3.9,32.2,0.0,22,71,3
2026-03-12 23:00:00,0.0,0,2.6,30.6,0.0,23,71,3
2026-03-13 00:00:00,0.0,0,4.7,29.9,0.0,0,72,3
2026-03-13 01:00:00,0.0,0,4.1,28.9,0.0,1,72,3
2026-03-13 02:00:00,0.0,0,4.8,27.6,0.0,2,72,3
2026-03-13 03:00:00,0.0,0,6.8,26.6,0.0,3,72,3
2026-03-13 04:00:00,0.0,0,5.0,26.1,0.0,4,72,3
2026-03-13 05:00:00,0.0,0,3.9,25.3,0.0,5,72,3
2026-03-13 06:00:00,0.0,0,3.6,25.0,0.0,6,72,3
2026-03-13 07:00:00,20.0,0,5.8,24.6,0.6390083962584643,7,72,3
2026-03-13 08:00:00,183.0,0,0.4,26.0,6.522926635396594,8,72,3
2026-03-13 09:00:00,411.0,0,0.4,28.8,12.911510784064905,9,72,3
2026-03-13 10:00:00,623.0,0,0.7,31.8,20.60292851474576,10,72,3
2026-03-13 11:00:00,787.0,0,2.1,34.3,25.606649623806458,11,72,3
2026-03-13 12:00:00,885.0,0,3.1,36.5,27.305188242281428,12,72,3
2026-03-13 13:00:00,909.0,0,6.5,37.6,31.12743600629994,13,72,3
2026-03-13 14:00:00,858.0,0,11.1,38.1,26.890058202983504,14,72,3
2026-03-13 15:00:00,735.0,0,12.5,37.7,21.681809965589085,15,72,3
2026-03-13 16:00:00,551.0,0,10.8,37.7,17.957540187177095,16,72,3
2026-03-13 17:00:00,328.0,0,12.9,36.9,10.649246594593517,17,72,3
2026-03-13 18:00:00,110.0,0,9.0,36.1,3.4698073395868687,18,72,3
2026-03-13 19:00:00,3.0,0,3.7,34.8,0.0899086178258114,19,72,3
2026-03-13 20:00:00,0.0,0,5.5,33.9,0.0,20,72,3
2026-03-13 21:00:00,0.0,0,7.5,33.6,0.0,21,72,3
2026-03-13 22:00:00,0.0,0,10.2,31.9,0.0,22,72,3
2026-03-13 23:00:00,0.0,0,12.4,29.9,0.0,23,72,3
2026-03-14 00:00:00,0.0,0,10.8,28.8,0.0,0,73,3
2026-03-14 01:00:00,0.0,0,7.7,27.6,0.0,1,73,3
2026-03-14 02:00:00,0.0,0,8.7,26.4,0.0,2,73,3
2026-03-14 03:00:00,0.0,0,9.6,25.7,0.0,3,73,3
2026-03-14 04:00:00,0.0,5,9.4,25.0,0.0,4,73,3
2026-03-14 05:00:00,0.0,0,9.8,24.5,0.0,5,73,3
2026-03-14 06:00:00,0.0,0,9.4,24.2,0.0,6,73,3
2026-03-14 07:00:00,22.0,6,8.5,23.9,0.7160590245768976,7,73,3
2026-03-14 08:00:00,189.0,0,5.5,25.1,6.444773665028222,8,73,3
2026-03-14 09:00:00,421.0,0,3.2,27.3,13.520617679441088,9,73,3
2026-03-14 10:00:00,636.0,0,2.8,29.6,21.74902956633546,10,73,3
2026-03-14 11:00:00,803.0,0,4.5,31.9,27.05224943193667,11,73,3
2026-03-14 12:00:00,903.0,0,7.2,34.1,30.498919197173855,12,73,3
2026-03-14 13:00:00,925.0,0,9.7,35.4,29.556211277615148,13,73,3
2026-03-14 14:00:00,870.0,0,10.7,36.1,27.943946515004004,14,73,3
2026-03-14 15:00:00,742.0,0,11.0,36.6,23.25967689361925,15,73,3
2026-03-14 16:00:00,554.0,0,11.7,36.5,15.869235455563443,16,73,3
2026-03-14 17:00:00,329.0,0,11.5,35.9,9.846134625202135,17,73,3
2026-03-14 18:00:00,111.0,0,7.8,35.4,3.6535066533954574,18,73,3
2026-03-14 19:00:00,3.0,0,8.1,34.2,0.09033482977034525,19,73,3
2026-03-14 20:00:00,0.0,0,12.4,32.9,0.0,20,73,3
2026-03-14 21:00:00,0.0,0,13.1,31.8,0.0,21,73,3
2026-03-14 22:00:00,0.0,0,14.2,30.9,0.0,22,73,3
2026-03-14 23:00:00,0.0,0,11.7,29.6,0.0,23,73,3
2026-03-15 00:00:00,0.0,0,9.2,28.3,0.0,0,74,3
2026-03-15 01:00:00,0.0,0,8.6,27.1,0.0,1,74,3
2026-03-15 02:00:00,0.0,0,8.0,26.2,0.0,2,74,3
2026-03-15 03:00:00,0.0,0,8.4,25.5,0.0,3,74,3
2026-03-15 04:00:00,0.0,0,8.7,24.8,0.0,4,74,3
2026-03-15 05:00:00,0.0,0,7.9,24.6,0.0,5,74,3
2026-03-15 06:00:00,0.0,0,8.5,24.4,0.0,6,74,3
2026-03-15 07:00:00,22.0,0,7.9,24.1,0.7463116008714232,7,74,3
2026-03-15 08:00:00,186.0,0,7.0,25.4,6.557097099593446,8,74,3
2026-03-15 09:00:00,412.0,0,7.4,27.6,15.709157563441343,9,74,3
2026-03-15 10:00:00,623.0,0,6.8,30.0,19.29337825431435,10,74,3
2026-03-15 11:00:00,787.0,0,6.3,32.2,24.22986919054,11,74,3
2026-03-15 12:00:00,887.0,0,6.8,34.3,28.285635715243675,12,74,3
2026-03-15 13:00:00,913.0,0,8.3,35.7,30.05245490017083,13,74,3
2026-03-15 14:00:00,859.0,1,10.3,36.7,27.41149099966596,14,74,3
2026-03-15 15:00:00,733.0,1,11.9,37.0,23.99259973449253,15,74,3
2026-03-15 16:00:00,550.0,5,12.6,36.9,17.062852739272024,16,74,3
2026-03-15 17:00:00,331.0,98,11.9,36.2,4.902355500590513,17,74,3
2026-03-15 18:00:00,107.0,100,11.3,35.2,1.510842884676845,18,74,3
2026-03-15 19:00:00,3.0,59,10.8,34.6,0.06263936719541245,19,74,3
2026-03-15 20:00:00,0.0,100,9.2,34.3,0.0,20,74,3
2026-03-15 21:00:00,0.0,100,9.7,33.1,0.0,21,74,3
2026-03-15 22:00:00,0.0,100,8.5,31.1,0.0,22,74,3
2026-03-15 23:00:00,0.0,0,10.2,28.7,0.0,23,74,3
2026-03-16 00:00:00,0.0,0,9.0,28.1,0.0,0,75,3
2026-03-16 01:00:00,0.0,0,7.3,27.2,0.0,1,75,3
2026-03-16 02:00:00,0.0,0,6.9,26.3,0.0,2,75,3
2026-03-16 03:00:00,0.0,0,6.8,25.8,0.0,3,75,3
2026-03-16 04:00:00,0.0,0,7.8,25.2,0.0,4,75,3
2026-03-16 05:00:00,0.0,0,9.1,25.3,0.0,5,75,3
2026-03-16 06:00:00,0.0,0,8.8,24.3,0.0,6,75,3
2026-03-16 07:00:00,24.0,0,8.3,23.7,0.8397097831426303,7,75,3
2026-03-16 08:00:00,194.0,0,6.9,24.8,6.6872717954217915,8,75,3
2026-03-16 09:00:00,425.0,0,6.9,27.1,13.579804570944903,9,75,3
2026-03-16 10:00:00,639.0,0,6.0,29.7,21.81472882307806,10,75,3
2026-03-16 11:00:00,805.0,0,6.3,32.0,25.653285445102426,11,75,3
2026-03-16 12:00:00,905.0,0,7.9,34.1,29.163909815836995,12,75,3
2026-03-16 13:00:00,932.0,0,11.1,35.4,31.669715351496116,13,75,3
2026-03-16 14:00:00,882.0,0,12.3,35.7,29.48649980534249,14,75,3
2026-03-16 15:00:00,757.0,0,12.3,36.1,23.800475440137003,15,75,3
2026-03-16 16:00:00,570.0,0,13.0,36.1,17.93757383831421,16,75,3
2026-03-16 17:00:00,343.0,0,10.8,35.3,10.033779023244012,17,75,3
2026-03-16 18:00:00,117.0,0,7.9,34.7,3.627655225128475,18,75,3
2026-03-16 19:00:00,3.0,0,4.2,33.6,0.10541352291579087,19,75,3
2026-03-16 20:00:00,0.0,0,12.5,31.2,0.0,20,75,3
2026-03-16 21:00:00,0.0,0,11.0,28.3,0.0,21,75,3
2026-03-16 22:00:00,0.0,0,11.4,27.5,0.0,22,75,3
2026-03-16 23:00:00,0.0,0,10.7,26.9,0.0,23,75,3
2026-03-17 00:00:00,0.0,0,9.5,26.4,0.0,0,76,3
2026-03-17 01:00:00,0.0,0,8.1,25.6,0.0,1,76,3
2026-03-17 02:00:00,0.0,0,8.7,25.1,0.0,2,76,3
2026-03-17 03:00:00,0.0,0,8.8,24.9,0.0,3,76,3
2026-03-17 04:00:00,0.0,0,8.5,24.4,0.0,4,76,3
2026-03-17 05:00:00,0.0,0,7.7,24.0,0.0,5,76,3
2026-03-17 06:00:00,0.0,0,7.1,24.0,0.0,6,76,3
2026-03-17 07:00:00,25.0,0,5.6,23.6,0.8962563627237151,7,76,3
2026-03-17 08:00:00,194.0,0,3.9,24.6,6.764303155993915,8,76,3
2026-03-17 09:00:00,422.0,0,4.5,26.5,14.03472402125376,9,76,3
2026-03-17 10:00:00,633.0,0,5.1,28.8,20.251590485881938,10,76,3
2026-03-17 11:00:00,797.0,0,5.7,30.7,23.87373415466098,11,76,3
2026-03-17 12:00:00,897.0,0,6.4,32.8,29.849125001110192,12,76,3
2026-03-17 13:00:00,920.0,4,7.7,34.2,30.93105558610567,13,76,3
2026-03-17 14:00:00,867.0,77,9.9,35.0,16.730591408676318,14,76,3
2026-03-17 15:00:00,740.0,38,10.1,35.3,17.68620025784698,15,76,3
2026-03-17 16:00:00,556.0,64,9.8,35.2,13.629616363147532,16,76,3
2026-03-17 17:00:00,331.0,95,7.6,34.3,5.468845284550457,17,76,3
2026-03-17 18:00:00,112.0,99,7.1,33.8,1.666722167031186,18,76,3
2026-03-17 19:00:00,3.0,88,6.2,32.6,0.04784555802371352,19,76,3
2026-03-17 20:00:00,0.0,3,4.5,32.3,0.0,20,76,3
2026-03-17 21:00:00,0.0,0,9.4,31.0,0.0,21,76,3
2026-03-17 22:00:00,0.0,61,8.9,29.3,0.0,22,76,3
2026-03-17 23:00:00,0.0,51,9.7,27.4,0.0,23,76,3
2026-03-18 00:00:00,0.0,0,9.3,26.7,0.0,0,77,3
2026-03-18 01:00:00,0.0,0,9.5,26.3,0.0,1,77,3
2026-03-18 02:00:00,0.0,0,9.8,25.8,0.0,2,77,3
2026-03-18 03:00:00,0.0,0,8.8,25.3,0.0,3,77,3
2026-03-18 04:00:00,0.0,0,8.1,24.5,0.0,4,77,3
2026-03-18 05:00:00,0.0,0,9.2,24.6,0.0,5,77,3
2026-03-18 06:00:00,0.0,0,10.3,24.5,0.0,6,77,3
2026-03-18 07:00:00,26.0,0,8.8,23.9,0.9029565101943278,7,77,3
2026-03-18 08:00:00,196.0,0,4.3,24.9,7.144875179566537,8,77,3
2026-03-18 09:00:00,423.0,9,2.3,27.0,13.715495209922627,9,77,3
2026-03-18 10:00:00,633.0,0,1.5,29.5,19.831772977775234,10,77,3
2026-03-18 11:00:00,795.0,0,1.8,31.2,26.45055117203579,11,77,3
2026-03-18 12:00:00,889.0,15,3.8,33.3,27.15954645609683,12,77,3
2026-03-18 13:00:00,911.0,34,6.0,34.4,23.843265902965143,13,77,3
2026-03-18 14:00:00,815.0,57,8.0,34.8,17.80542080134757,14,77,3
2026-03-18 15:00:00,571.0,77,8.0,34.6,11.1211052314154,15,77,3
2026-03-18 16:00:00,466.0,58,7.9,34.7,10.14503821684477,16,77,3
2026-03-18 17:00:00,284.0,20,8.5,34.2,7.804707042919108,17,77,3
2026-03-18 18:00:00,111.0,26,8.5,33.6,3.1572020406289645,18,77,3
2026-03-18 19:00:00,3.0,73,9.0,32.3,0.057349024710409244,19,77,3
2026-03-18 20:00:00,0.0,91,10.2,30.6,0.0,20,77,3
2026-03-18 21:00:00,0.0,57,10.5,29.2,0.0,21,77,3
2026-03-18 22:00:00,0.0,3,9.6,28.1,0.0,22,77,3
2026-03-18 23:00:00,0.0,2,9.5,27.7,0.0,23,77,3
2026-03-19 00:00:00,0.0,17,9.5,26.6,0.0,0,78,3
2026-03-19 01:00:00,0.0,38,8.2,25.7,0.0,1,78,3
2026-03-19 02:00:00,0.0,0,8.0,25.0,0.0,2,78,3
2026-03-19 03:00:00,0.0,1,5.5,24.2,0.0,3,78,3
2026-03-19 04:00:00,0.0,86,3.8,23.7,0.0,4,78,3
2026-03-19 05:00:00,0.0,87,12.6,24.9,0.0,5,78,3
2026-03-19 06:00:00,0.0,100,15.5,24.5,0.0,6,78,3
2026-03-19 07:00:00,26.0,98,11.3,24.1,0.41032840610193827,7,78,3
2026-03-19 08:00:00,181.0,16,10.6,24.8,5.7961001565324,8,78,3
2026-03-19 09:00:00,417.0,86,3.0,26.5,7.520250603066176,9,78,3
2026-03-19 10:00:00,580.0,77,0.7,28.6,11.282090262267113,10,78,3
2026-03-19 11:00:00,770.0,97,5.3,30.9,10.971567331495798,11,78,3
2026-03-19 12:00:00,807.0,99,4.7,32.8,12.116751835908556,12,78,3
2026-03-19 13:00:00,856.0,95,5.5,34.0,13.722320335276537,13,78,3
2026-03-19 14:00:00,715.0,48,3.4,34.5,17.629855673574394,14,78,3
2026-03-19 15:00:00,619.0,86,5.9,34.8,10.966639804608485,15,78,3
2026-03-19 16:00:00,414.0,99,10.8,34.6,6.9144916864727355,16,78,3
2026-03-19 17:00:00,154.0,100,20.4,32.2,2.362785793070171,17,78,3
2026-03-19 18:00:00,60.0,100,28.2,27.5,0.8918871072219732,18,78,3
2026-03-19 19:00:00,2.0,100,23.6,24.4,0.028451486302777235,19,78,3
2026-03-19 20:00:00,0.0,100,9.0,23.2,0.0,20,78,3
2026-03-19 21:00:00,0.0,100,6.7,22.6,0.0,21,78,3
2026-03-19 22:00:00,0.0,100,3.8,22.9,0.0,22,78,3
2026-03-19 23:00:00,0.0,100,7.9,22.2,0.0,23,78,3
2026-03-20 00:00:00,0.0,13,3.8,21.7,0.0,0,79,3
2026-03-20 01:00:00,0.0,4,3.5,21.6,0.0,1,79,3
2026-03-20 02:00:00,0.0,2,8.0,20.9,0.0,2,79,3
2026-03-20 03:00:00,0.0,2,6.7,20.4,0.0,3,79,3
2026-03-20 04:00:00,0.0,26,1.1,20.4,0.0,4,79,3
2026-03-20 05:00:00,0.0,25,1.9,20.6,0.0,5,79,3
2026-03-20 06:00:00,0.0,4,1.5,20.8,0.0,6,79,3
2026-03-20 07:00:00,28.0,18,1.9,20.9,0.8805083030103428,7,79,3
2026-03-20 08:00:00,179.0,0,1.1,22.3,5.697035265522431,8,79,3
2026-03-20 09:00:00,419.0,0,1.6,24.5,15.485798391571706,9,79,3
2026-03-20 10:00:00,627.0,0,5.2,26.4,21.627426057306597,10,79,3
2026-03-20 11:00:00,789.0,6,7.3,27.3,28.0923412438151,11,79,3
2026-03-20 12:00:00,875.0,4,7.2,28.5,28.867043750540077,12,79,3
2026-03-20 13:00:00,912.0,7,10.1,29.8,30.872109049151994,13,79,3
2026-03-20 14:00:00,830.0,33,11.2,30.7,20.802002398105564,14,79,3
2026-03-20 15:00:00,711.0,7,12.1,31.2,25.490482871858102,15,79,3
2026-03-20 16:00:00,546.0,8,12.2,31.2,17.120470700405104,16,79,3
2026-03-20 17:00:00,317.0,9,9.5,30.2,9.703419201597576,17,79,3
2026-03-20 18:00:00,112.0,2,8.7,29.8,3.474368864479103,18,79,3
2026-03-20 19:00:00,4.0,2,5.7,29.4,0.12954463024094282,19,79,3
2026-03-20 20:00:00,0.0,1,4.0,29.3,0.0,20,79,3
2026-03-20 21:00:00,0.0,0,3.9,28.5,0.0,21,79,3
2026-03-20 22:00:00,0.0,0,6.1,27.0,0.0,22,79,3
2026-03-20 23:00:00,0.0,0,5.1,26.4,0.0,23,79,3
2026-03-21 00:00:00,0.0,0,5.9,25.9,0.0,0,80,3
2026-03-21 01:00:00,0.0,0,8.4,24.8,0.0,1,80,3
2026-03-21 02:00:00,0.0,0,8.7,24.1,0.0,2,80,3
2026-03-21 03:00:00,0.0,0,9.1,23.6,0.0,3,80,3
2026-03-21 04:00:00,0.0,0,8.5,23.1,0.0,4,80,3
2026-03-21 05:00:00,0.0,0,5.4,22.8,0.0,5,80,3
2026-03-21 06:00:00,0.0,0,5.6,23.2,0.0,6,80,3
2026-03-21 07:00:00,31.0,0,5.9,22.8,1.0891848267245936,7,80,3
2026-03-21 08:00:00,209.0,98,5.0,23.8,3.010570929911912,8,80,3
2026-03-21 09:00:00,433.0,91,3.4,26.8,7.073835288584207,9,80,3
2026-03-21 10:00:00,637.0,84,4.3,29.4,10.336852418606378,10,80,3
2026-03-21 11:00:00,798.0,96,5.2,30.8,12.271205614109506,11,80,3
2026-03-21 12:00:00,865.0,100,3.3,32.0,11.644629081737868,12,80,3
2026-03-21 13:00:00,855.0,100,3.1,32.8,12.906817385183752,13,80,3
2026-03-21 14:00:00,854.0,54,3.4,33.5,19.16504681093631,14,80,3
2026-03-21 15:00:00,741.0,63,4.6,33.8,15.808678083539936,15,80,3
2026-03-21 16:00:00,553.0,2,5.3,33.7,18.703591004146926,16,80,3
2026-03-21 17:00:00,332.0,100,6.7,32.7,5.288812029820687,17,80,3
2026-03-21 18:00:00,106.0,100,6.1,32.3,1.542474562256618,18,80,3
2026-03-21 19:00:00,4.0,98,3.4,31.5,0.061656685715121465,19,80,3
2026-03-21 20:00:00,0.0,31,3.5,30.8,0.0,20,80,3
2026-03-21 21:00:00,0.0,5,4.3,29.7,0.0,21,80,3
2026-03-21 22:00:00,0.0,2,3.3,29.0,0.0,22,80,3
2026-03-21 23:00:00,0.0,2,3.6,28.5,0.0,23,80,3
2026-03-22 00:00:00,0.0,94,6.4,27.6,0.0,0,81,3
2026-03-22 01:00:00,0.0,98,7.4,27.2,0.0,1,81,3
2026-03-22 02:00:00,0.0,100,7.4,26.3,0.0,2,81,3
2026-03-22 03:00:00,0.0,98,6.5,25.2,0.0,3,81,3
2026-03-22 04:00:00,0.0,11,6.5,24.9,0.0,4,81,3
2026-03-22 05:00:00,0.0,0,6.4,23.9,0.0,5,81,3
2026-03-22 06:00:00,0.0,3,8.3,23.9,0.0,6,81,3
2026-03-22 07:00:00,32.0,3,3.6,23.7,1.0316591156606516,7,81,3
2026-03-22 08:00:00,206.0,2,3.5,25.3,6.378766982249089,8,81,3
2026-03-22 09:00:00,432.0,10,1.0,28.4,13.744416590052907,9,81,3
2026-03-22 10:00:00,638.0,38,2.4,31.1,18.529321796189617,10,81,3
2026-03-22 11:00:00,799.0,34,4.2,32.6,19.989775648909802,11,81,3
2026-03-22 12:00:00,893.0,97,5.5,33.8,13.984389815099682,12,81,3
2026-03-22 13:00:00,900.0,59,7.3,34.6,18.894451807453564,13,81,3
2026-03-22 14:00:00,859.0,9,8.9,35.0,27.246269463259306,14,81,3
2026-03-22 15:00:00,732.0,83,8.6,35.0,12.672596343685168,15,81,3
2026-03-22 16:00:00,543.0,41,8.2,34.7,14.02608716029957,16,81,3
2026-03-22 17:00:00,325.0,15,7.9,34.6,8.925234229040644,17,81,3
2026-03-22 18:00:00,115.0,76,10.1,34.1,2.1795398969833455,18,81,3
2026-03-22 19:00:00,3.0,12,6.5,33.8,0.08482078215639952,19,81,3
2026-03-22 20:00:00,0.0,84,3.7,33.4,0.0,20,81,3
2026-03-22 21:00:00,0.0,20,6.7,32.1,0.0,21,81,3
2026-03-22 22:00:00,0.0,96,7.8,30.8,0.0,22,81,3
2026-03-22 23:00:00,0.0,77,5.2,30.4,0.0,23,81,3
2026-03-23 00:00:00,0.0,100,5.3,30.0,0.0,0,82,3
2026-03-23 01:00:00,0.0,100,5.9,29.0,0.0,1,82,3
2026-03-23 02:00:00,0.0,100,6.4,28.3,0.0,2,82,3
2026-03-23 03:00:00,0.0,66,7.3,27.6,0.0,3,82,3
2026-03-23 04:00:00,0.0,31,8.0,26.6,0.0,4,82,3
2026-03-23 05:00:00,0.0,38,10.1,26.4,0.0,5,82,3
2026-03-23 06:00:00,0.0,0,10.2,26.3,0.0,6,82,3
2026-03-23 07:00:00,33.0,2,8.7,26.4,1.1345086988871467,7,82,3
2026-03-23 08:00:00,207.0,4,6.9,27.6,6.265163386440939,8,82,3
2026-03-23 09:00:00,429.0,8,8.5,29.8,12.769369912848934,9,82,3
2026-03-23 10:00:00,634.0,21,11.5,31.8,18.92385259500833,10,82,3
2026-03-23 11:00:00,791.0,10,10.1,33.1,23.132517485782724,11,82,3
2026-03-23 12:00:00,890.0,6,10.2,34.5,27.52144606620258,12,82,3
2026-03-23 13:00:00,910.0,5,9.6,35.4,27.678173456194497,13,82,3
2026-03-23 14:00:00,847.0,2,11.2,36.0,27.329293622451484,14,82,3
2026-03-23 15:00:00,726.0,28,12.1,36.1,19.798315370676413,15,82,3
2026-03-23 16:00:00,527.0,60,13.0,35.8,11.53729053359001,16,82,3
2026-03-23 17:00:00,331.0,0,9.4,35.0,11.198932702784466,17,82,3
2026-03-23 18:00:00,117.0,12,11.0,34.4,3.8759208705562584,18,82,3
2026-03-23 19:00:00,4.0,77,10.2,33.3,0.0787774948530224,19,82,3
2026-03-23 20:00:00,0.0,6,8.3,32.7,0.0,20,82,3
2026-03-23 21:00:00,0.0,19,7.7,31.7,0.0,21,82,3
2026-03-23 22:00:00,0.0,2,7.9,30.6,0.0,22,82,3
2026-03-23 23:00:00,0.0,2,8.5,29.9,0.0,23,82,3
2026-03-24 00:00:00,0.0,0,8.8,29.3,0.0,0,83,3
2026-03-24 01:00:00,0.0,0,8.6,28.9,0.0,1,83,3
2026-03-24 02:00:00,0.0,0,8.2,28.7,0.0,2,83,3
2026-03-24 03:00:00,0.0,97,8.5,28.0,0.0,3,83,3
2026-03-24 04:00:00,0.0,100,7.6,26.7,0.0,4,83,3
2026-03-24 05:00:00,0.0,3,6.8,26.0,0.0,5,83,3
2026-03-24 06:00:00,0.0,9,5.6,26.0,0.0,6,83,3
2026-03-24 07:00:00,35.0,57,4.8,26.0,0.7032587475820159,7,83,3
2026-03-24 08:00:00,209.0,97,3.2,27.2,2.9964545415334767,8,83,3
2026-03-24 09:00:00,429.0,100,3.0,29.3,7.16698714731188,9,83,3
2026-03-24 10:00:00,611.0,96,3.4,31.5,9.92735711495458,10,83,3
2026-03-24 11:00:00,752.0,46,3.8,33.2,16.20255896574053,11,83,3
2026-03-24 12:00:00,887.0,55,2.6,34.8,17.929639107528693,12,83,3
2026-03-24 13:00:00,907.0,99,3.2,35.7,13.960483389003466,13,83,3
2026-03-24 14:00:00,724.0,92,5.4,35.9,11.413839388352905,14,83,3
2026-03-24 15:00:00,532.0,35,8.0,35.7,14.440590650388263,15,83,3
2026-03-24 16:00:00,512.0,100,8.3,35.6,7.134163296206311,16,83,3
2026-03-24 17:00:00,282.0,100,7.0,35.3,4.291448089376049,17,83,3
2026-03-24 18:00:00,87.0,100,6.5,34.7,1.2028708350036792,18,83,3
2026-03-24 19:00:00,3.0,100,4.7,33.7,0.04421478149472555,19,83,3
2026-03-24 20:00:00,0.0,100,7.6,33.3,0.0,20,83,3
2026-03-24 21:00:00,0.0,98,8.3,33.1,0.0,21,83,3
2026-03-24 22:00:00,0.0,94,6.8,32.8,0.0,22,83,3
2026-03-24 23:00:00,0.0,96,9.6,32.1,0.0,23,83,3
2026-03-25 00:00:00,0.0,34,7.9,31.1,0.0,0,84,3
2026-03-25 01:00:00,0.0,98,6.6,30.0,0.0,1,84,3
2026-03-25 02:00:00,0.0,32,7.6,29.6,0.0,2,84,3
2026-03-25 03:00:00,0.0,48,9.2,28.0,0.0,3,84,3
2026-03-25 04:00:00,0.0,14,9.6,27.2,0.0,4,84,3
2026-03-25 05:00:00,0.0,11,8.9,26.7,0.0,5,84,3
2026-03-25 06:00:00,0.0,17,8.3,26.6,0.0,6,84,3
2026-03-25 07:00:00,36.0,17,7.5,26.5,1.0786724769985772,7,84,3
2026-03-25 08:00:00,213.0,40,8.1,27.6,5.725493669956912,8,84,3
2026-03-25 09:00:00,437.0,55,8.3,29.6,11.000649348174703,9,84,3
2026-03-25 10:00:00,642.0,86,9.7,31.9,10.789204697383699,10,84,3
2026-03-25 11:00:00,793.0,100,6.1,33.3,11.915644704088743,11,84,3
2026-03-25 12:00:00,527.0,24,2.7,33.6,15.938330502858985,12,84,3
2026-03-25 13:00:00,925.0,100,1.2,35.6,11.46566845466178,13,84,3
2026-03-25 14:00:00,584.0,1,3.8,35.7,19.00445421795175,14,84,3
2026-03-25 15:00:00,746.0,7,7.4,36.6,22.1280245140459,15,84,3
2026-03-25 16:00:00,553.0,59,9.5,36.5,11.458554572469502,16,84,3
2026-03-25 17:00:00,305.0,45,8.4,35.7,7.281039910721305,17,84,3
2026-03-25 18:00:00,117.0,23,8.7,35.3,3.4188229299216397,18,84,3
2026-03-25 19:00:00,5.0,4,3.7,34.4,0.15675964679682666,19,84,3
2026-03-25 20:00:00,0.0,4,1.1,33.8,0.0,20,84,3
2026-03-25 21:00:00,0.0,41,2.1,32.9,0.0,21,84,3
2026-03-25 22:00:00,0.0,48,4.4,31.8,0.0,22,84,3
2026-03-25 23:00:00,0.0,100,6.2,30.9,0.0,23,84,3
2026-03-26 00:00:00,0.0,66,8.3,30.1,0.0,0,85,3
2026-03-26 01:00:00,0.0,45,8.0,29.0,0.0,1,85,3
2026-03-26 02:00:00,0.0,50,8.4,27.9,0.0,2,85,3
2026-03-26 03:00:00,0.0,2,8.4,27.1,0.0,3,85,3
2026-03-26 04:00:00,0.0,0,9.1,26.7,0.0,4,85,3
2026-03-26 05:00:00,0.0,0,8.9,26.5,0.0,5,85,3
2026-03-26 06:00:00,0.0,0,9.8,26.0,0.0,6,85,3
2026-03-26 07:00:00,38.0,0,9.0,26.1,1.2736103928832503,7,85,3
2026-03-26 08:00:00,219.0,0,7.2,27.7,7.568458425688573,8,85,3
2026-03-26 09:00:00,446.0,0,7.7,30.0,13.379992358900623,9,85,3
2026-03-26 10:00:00,653.0,0,7.6,32.4,19.65893978580074,10,85,3
2026-03-26 11:00:00,813.0,0,7.7,34.4,23.608845165411765,11,85,3
2026-03-26 12:00:00,907.0,0,6.6,35.8,29.697449968763834,12,85,3
2026-03-26 13:00:00,927.0,0,7.4,36.8,31.233389147092424,13,85,3
2026-03-26 14:00:00,872.0,2,9.4,37.2,27.564110823040522,14,85,3
2026-03-26 15:00:00,746.0,0,9.4,37.4,24.212960890531914,15,85,3
2026-03-26 16:00:00,562.0,0,8.1,37.3,18.008770214541475,16,85,3
2026-03-26 17:00:00,340.0,95,7.8,36.7,5.354750437342834,17,85,3
2026-03-26 18:00:00,118.0,100,8.1,36.1,1.7367990123821495,18,85,3
2026-03-26 19:00:00,5.0,98,6.1,35.0,0.08104632218221036,19,85,3
2026-03-26 20:00:00,0.0,6,6.8,33.9,0.0,20,85,3
2026-03-26 21:00:00,0.0,13,7.0,32.8,0.0,21,85,3
2026-03-26 22:00:00,0.0,1,6.9,31.7,0.0,22,85,3
2026-03-26 23:00:00,0.0,15,8.7,30.4,0.0,23,85,3
2026-03-27 00:00:00,0.0,2,9.6,29.6,0.0,0,86,3
2026-03-27 01:00:00,0.0,9,9.3,28.8,0.0,1,86,3
2026-03-27 02:00:00,0.0,1,10.4,27.9,0.0,2,86,3
2026-03-27 03:00:00,0.0,0,8.4,27.4,0.0,3,86,3
2026-03-27 04:00:00,0.0,0,6.8,26.9,0.0,4,86,3
2026-03-27 05:00:00,0.0,0,7.9,26.5,0.0,5,86,3
2026-03-27 06:00:00,0.0,0,7.8,26.3,0.0,6,86,3
2026-03-27 07:00:00,41.0,0,7.7,26.3,1.3925992281473687,7,86,3
2026-03-27 08:00:00,224.0,0,6.8,27.8,7.465346647495708,8,86,3
2026-03-27 09:00:00,449.0,0,7.5,30.1,16.24086430613774,9,86,3
2026-03-27 10:00:00,655.0,0,8.5,32.5,20.37414512168843,10,86,3
2026-03-27 11:00:00,813.0,0,9.7,34.2,27.71752817219064,11,86,3
2026-03-27 12:00:00,906.0,0,9.9,35.7,32.9947982448655,12,86,3
2026-03-27 13:00:00,926.0,0,10.2,36.8,30.640766224813927,13,86,3
2026-03-27 14:00:00,870.0,0,11.4,37.4,26.064008464380112,14,86,3
2026-03-27 15:00:00,744.0,0,12.3,37.6,23.056978615146708,15,86,3
2026-03-27 16:00:00,559.0,0,12.7,37.4,18.105126787508972,16,86,3
2026-03-27 17:00:00,338.0,0,12.0,36.6,11.12973748362258,17,86,3
2026-03-27 18:00:00,120.0,0,13.1,36.0,3.579086691147792,18,86,3
2026-03-27 19:00:00,5.0,0,9.4,35.0,0.17385186177996337,19,86,3
2026-03-27 20:00:00,0.0,0,8.9,34.0,0.0,20,86,3
2026-03-27 21:00:00,0.0,0,10.8,32.9,0.0,21,86,3
2026-03-27 22:00:00,0.0,3,9.5,31.9,0.0,22,86,3
2026-03-27 23:00:00,0.0,0,11.4,30.8,0.0,23,86,3
2026-03-28 00:00:00,0.0,35,10.3,29.9,0.0,0,87,3
2026-03-28 01:00:00,0.0,74,10.5,29.0,0.0,1,87,3
2026-03-28 02:00:00,0.0,0,10.7,28.1,0.0,2,87,3
2026-03-28 03:00:00,0.0,0,11.1,27.4,0.0,3,87,3
2026-03-28 04:00:00,0.0,0,11.2,26.7,0.0,4,87,3
2026-03-28 05:00:00,0.0,0,8.6,26.7,0.0,5,87,3
2026-03-28 06:00:00,0.0,0,8.5,26.7,0.0,6,87,3
2026-03-28 07:00:00,43.0,0,7.0,26.6,1.4483347806820142,7,87,3
2026-03-28 08:00:00,228.0,0,8.2,27.9,6.732720517374961,8,87,3
2026-03-28 09:00:00,455.0,0,10.0,29.7,15.134386466472503,9,87,3
2026-03-28 10:00:00,661.0,0,12.9,31.6,21.737607627618395,10,87,3
2026-03-28 11:00:00,818.0,0,10.7,33.1,24.63544027887799,11,87,3
2026-03-28 12:00:00,908.0,0,11.2,34.6,30.98925660895603,12,87,3
2026-03-28 13:00:00,925.0,2,13.1,35.6,28.952079351679433,13,87,3
2026-03-28 14:00:00,863.0,29,15.0,36.3,24.039455454595245,14,87,3
2026-03-28 15:00:00,713.0,37,15.5,36.8,16.914161145095868,15,87,3
2026-03-28 16:00:00,529.0,25,18.9,36.1,13.444780612750318,16,87,3
2026-03-28 17:00:00,291.0,9,14.4,35.5,9.34037738407637,17,87,3
2026-03-28 18:00:00,115.0,5,13.8,34.5,3.676626054380649,18,87,3
2026-03-28 19:00:00,5.0,2,11.4,33.9,0.15424742919386403,19,87,3
2026-03-28 20:00:00,0.0,5,10.4,33.2,0.0,20,87,3
2026-03-28 21:00:00,0.0,3,12.0,32.3,0.0,21,87,3
2026-03-28 22:00:00,0.0,1,9.8,30.8,0.0,22,87,3
2026-03-28 23:00:00,0.0,26,9.9,30.3,0.0,23,87,3
2026-03-29 00:00:00,0.0,48,9.3,29.7,0.0,0,88,3
2026-03-29 01:00:00,0.0,0,9.3,28.8,0.0,1,88,3
2026-03-29 02:00:00,0.0,0,9.5,28.0,0.0,2,88,3
2026-03-29 03:00:00,0.0,0,9.4,27.3,0.0,3,88,3
2026-03-29 04:00:00,0.0,0,10.1,26.6,0.0,4,88,3
2026-03-29 05:00:00,0.0,20,8.4,26.4,0.0,5,88,3
2026-03-29 06:00:00,0.0,28,8.6,26.1,0.0,6,88,3
2026-03-29 07:00:00,43.0,45,7.9,26.0,1.0534327183341692,7,88,3
2026-03-29 08:00:00,219.0,83,9.0,26.9,3.2741916564137976,8,88,3
2026-03-29 09:00:00,428.0,99,11.5,28.7,7.021237349857735,9,88,3
2026-03-29 10:00:00,577.0,99,10.6,30.3,8.126749330241038,10,88,3
2026-03-29 11:00:00,737.0,100,9.0,31.8,11.900220081623896,11,88,3
2026-03-29 12:00:00,797.0,100,7.8,33.3,11.186347093880077,12,88,3
2026-03-29 13:00:00,800.0,100,9.1,34.3,11.731076764319724,13,88,3
2026-03-29 14:00:00,706.0,90,13.4,34.2,12.347614344486018,14,88,3
2026-03-29 15:00:00,392.0,77,12.3,33.7,7.303295211356726,15,88,3
2026-03-29 16:00:00,432.0,96,13.5,34.0,6.535966779467157,16,88,3
2026-03-29 17:00:00,227.0,90,15.0,34.4,3.6717113341438945,17,88,3
2026-03-29 18:00:00,85.0,16,13.0,32.5,2.590805934734591,18,88,3
2026-03-29 19:00:00,5.0,10,7.8,31.9,0.1375330567023432,19,88,3
2026-03-29 20:00:00,0.0,11,6.5,31.8,0.0,20,88,3
2026-03-29 21:00:00,0.0,0,8.8,31.5,0.0,21,88,3
2026-03-29 22:00:00,0.0,0,7.6,30.6,0.0,22,88,3
2026-03-29 23:00:00,0.0,58,6.6,30.3,0.0,23,88,3
2026-03-30 00:00:00,0.0,97,8.3,29.4,0.0,0,89,3
2026-03-30 01:00:00,0.0,93,8.1,28.7,0.0,1,89,3
2026-03-30 02:00:00,0.0,80,8.0,28.1,0.0,2,89,3
2026-03-30 03:00:00,0.0,70,8.2,27.6,0.0,3,89,3
2026-03-30 04:00:00,0.0,86,8.2,27.0,0.0,4,89,3
2026-03-30 05:00:00,0.0,100,5.8,27.0,0.0,5,89,3
2026-03-30 06:00:00,0.0,99,6.2,27.1,0.0,6,89,3
2026-03-30 07:00:00,37.0,52,5.1,27.3,0.8529513644518266,7,89,3
2026-03-30 08:00:00,191.0,93,10.3,28.3,3.029955316879541,8,89,3
2026-03-30 09:00:00,335.0,54,8.4,29.7,7.235357502410722,9,89,3
2026-03-30 10:00:00,552.0,72,6.4,31.6,10.985630862685658,10,89,3
2026-03-30 11:00:00,695.0,32,5.9,33.3,19.259267698318986,11,89,3
2026-03-30 12:00:00,828.0,36,6.7,34.5,21.76596889403721,12,89,3
2026-03-30 13:00:00,776.0,64,9.7,34.6,18.734194796155247,13,89,3
2026-03-30 14:00:00,665.0,97,8.6,33.9,10.85474282911893,14,89,3
2026-03-30 15:00:00,296.0,71,6.0,32.2,5.836880175280236,15,89,3
2026-03-30 16:00:00,412.0,98,8.8,31.9,6.977809669011209,16,89,3
2026-03-30 17:00:00,204.0,95,6.2,35.1,3.126389460975927,17,89,3
2026-03-30 18:00:00,75.0,100,8.9,34.3,1.0538005615233388,18,89,3
2026-03-30 19:00:00,5.0,2,5.6,33.9,0.14915959757836936,19,89,3
2026-03-30 20:00:00,0.0,2,1.2,33.4,0.0,20,89,3
2026-03-30 21:00:00,0.0,0,8.8,32.1,0.0,21,89,3
2026-03-30 22:00:00,0.0,0,8.5,30.2,0.0,22,89,3
2026-03-30 23:00:00,0.0,3,4.4,30.1,0.0,23,89,3
2026-03-31 00:00:00,0.0,0,5.1,29.9,0.0,0,90,3
2026-03-31 01:00:00,0.0,38,8.3,29.1,0.0,1,90,3
2026-03-31 02:00:00,0.0,4,9.0,28.8,0.0,2,90,3
2026-03-31 03:00:00,0.0,0,11.4,27.7,0.0,3,90,3
2026-03-31 04:00:00,0.0,0,10.9,26.7,0.0,4,90,3
2026-03-31 05:00:00,0.0,15,10.2,26.4,0.0,5,90,3
2026-03-31 06:00:00,0.0,13,10.1,26.4,0.0,6,90,3
2026-03-31 07:00:00,47.0,13,8.2,26.7,1.3812729663968413,7,90,3
2026-03-31 08:00:00,222.0,3,8.6,28.0,7.109899780677564,8,90,3
2026-03-31 09:00:00,456.0,1,8.3,29.7,15.085218483322041,9,90,3
2026-03-31 10:00:00,660.0,81,5.1,31.4,12.766083352059216,10,90,3
2026-03-31 11:00:00,809.0,91,4.0,32.2,12.235361576133847,11,90,3
2026-03-31 12:00:00,779.0,98,5.6,33.4,11.280684935077597,12,90,3
2026-03-31 13:00:00,832.0,100,7.4,34.4,12.20950595183011,13,90,3
2026-03-31 14:00:00,761.0,98,8.9,34.7,11.44966937440916,14,90,3
2026-03-31 15:00:00,637.0,95,8.7,34.8,9.435910572756276,15,90,3
2026-03-31 16:00:00,479.0,97,9.5,34.8,7.191734466952819,16,90,3
2026-03-31 17:00:00,288.0,99,9.9,33.9,4.4177714436969895,17,90,3
2026-03-31 18:00:00,102.0,99,5.9,33.9,1.582973931644643,18,90,3
2026-03-31 19:00:00,6.0,23,7.0,33.9,0.18326353994423744,19,90,3
2026-03-31 20:00:00,0.0,98,5.8,33.0,0.0,20,90,3
2026-03-31 21:00:00,0.0,100,5.7,32.0,0.0,21,90,3
2026-03-31 22:00:00,0.0,100,6.7,31.1,0.0,22,90,3
2026-03-31 23:00:00,0.0,100,5.6,30.4,0.0,23,90,3
2026-04-01 00:00:00,0.0,100,6.9,29.8,0.0,0,91,4
2026-04-01 01:00:00,0.0,100,8.1,29.0,0.0,1,91,4
2026-04-01 02:00:00,0.0,100,9.3,28.2,0.0,2,91,4
2026-04-01 03:00:00,0.0,17,7.6,27.6,0.0,3,91,4
2026-04-01 04:00:00,0.0,31,7.6,26.7,0.0,4,91,4
2026-04-01 05:00:00,0.0,33,8.9,25.8,0.0,5,91,4
2026-04-01 06:00:00,0.0,98,8.8,25.4,0.0,6,91,4
2026-04-01 07:00:00,48.0,9,7.9,25.3,1.6560748616694443,7,91,4
2026-04-01 08:00:00,238.0,1,7.4,26.3,7.894172352638946,8,91,4
2026-04-01 09:00:00,462.0,1,6.7,28.4,14.1500694385661,9,91,4
2026-04-01 10:00:00,670.0,31,5.0,30.6,17.69180246321124,10,91,4
2026-04-01 11:00:00,826.0,0,2.8,31.9,25.864713311921452,11,91,4
2026-04-01 12:00:00,916.0,11,3.1,33.6,26.476719183163624,12,91,4
2026-04-01 13:00:00,934.0,87,6.5,34.7,16.40268332174565,13,91,4
2026-04-01 14:00:00,877.0,100,9.4,35.2,13.616781941287492,14,91,4
2026-04-01 15:00:00,737.0,100,9.9,35.3,10.34802741811874,15,91,4
2026-04-01 16:00:00,531.0,100,10.2,35.2,8.336225511911922,16,91,4
2026-04-01 17:00:00,325.0,100,9.8,34.6,4.858634302180575,17,91,4
2026-04-01 18:00:00,111.0,100,11.4,33.9,1.7587142296156053,18,91,4
2026-04-01 19:00:00,6.0,98,7.6,33.2,0.08974164988052986,19,91,4
2026-04-01 20:00:00,0.0,100,5.5,33.0,0.0,20,91,4
2026-04-01 21:00:00,0.0,99,9.0,31.7,0.0,21,91,4
2026-04-01 22:00:00,0.0,100,10.4,30.5,0.0,22,91,4
2026-04-01 23:00:00,0.0,100,9.7,29.4,0.0,23,91,4
2026-04-02 00:00:00,0.0,100,7.6,29.1,0.0,0,92,4
2026-04-02 01:00:00,0.0,100,5.5,28.5,0.0,1,92,4
2026-04-02 02:00:00,0.0,99,5.4,27.8,0.0,2,92,4
2026-04-02 03:00:00,0.0,100,6.2,27.0,0.0,3,92,4
2026-04-02 04:00:00,0.0,100,7.2,26.1,0.0,4,92,4
2026-04-02 05:00:00,0.0,100,8.4,24.8,0.0,5,92,4
2026-04-02 06:00:00,0.0,100,7.1,24.7,0.0,6,92,4
2026-04-02 07:00:00,33.0,100,6.4,24.8,0.44799026798451763,7,92,4
2026-04-02 08:00:00,212.0,90,4.8,25.9,3.4804432251254265,8,92,4
2026-04-02 09:00:00,465.0,27,3.2,27.9,13.40719373442775,9,92,4
2026-04-02 10:00:00,676.0,24,0.3,30.1,20.688781586338326,10,92,4
2026-04-02 11:00:00,836.0,14,4.3,31.8,25.17190435051214,11,92,4
2026-04-02 12:00:00,922.0,9,6.9,33.7,26.339022824404697,12,92,4
2026-04-02 13:00:00,937.0,45,9.6,34.7,21.312123394818226,13,92,4
2026-04-02 14:00:00,879.0,8,11.1,35.1,24.51444157103826,14,92,4
2026-04-02 15:00:00,742.0,13,12.8,35.3,23.695166706972618,15,92,4
2026-04-02 16:00:00,558.0,21,14.0,34.9,16.9420676176215,16,92,4
2026-04-02 17:00:00,335.0,15,13.5,34.1,9.112292965924725,17,92,4
2026-04-02 18:00:00,118.0,12,15.8,33.3,3.6176777433260288,18,92,4
2026-04-02 19:00:00,6.0,1,16.5,31.1,0.19335519219779335,19,92,4
2026-04-02 20:00:00,0.0,3,11.7,30.4,0.0,20,92,4
2026-04-02 21:00:00,0.0,15,9.3,29.7,0.0,21,92,4
2026-04-02 22:00:00,0.0,21,7.5,28.9,0.0,22,92,4
2026-04-02 23:00:00,0.0,95,4.9,28.9,0.0,23,92,4
2026-04-03 00:00:00,0.0,43,3.9,28.5,0.0,0,93,4
2026-04-03 01:00:00,0.0,9,3.4,28.4,0.0,1,93,4
2026-04-03 02:00:00,0.0,23,4.0,26.5,0.0,2,93,4
2026-04-03 03:00:00,0.0,52,4.2,26.0,0.0,3,93,4
2026-04-03 04:00:00,0.0,23,2.7,25.8,0.0,4,93,4
2026-04-03 05:00:00,0.0,20,4.0,25.9,0.0,5,93,4
2026-04-03 06:00:00,0.0,28,4.7,25.7,0.0,6,93,4
2026-04-03 07:00:00,48.0,41,3.5,25.9,1.2910008953454346,7,93,4
2026-04-03 08:00:00,213.0,95,5.4,27.2,3.2572196634581783,8,93,4
2026-04-03 09:00:00,416.0,98,6.3,28.6,6.005369187515999,9,93,4
2026-04-03 10:00:00,475.0,99,7.3,29.6,7.267608038477269,10,93,4
2026-04-03 11:00:00,686.0,95,8.8,31.5,11.07918016840962,11,93,4
2026-04-03 12:00:00,640.0,100,9.1,32.0,8.34252244447939,12,93,4
2026-04-03 13:00:00,732.0,66,15.4,32.9,15.140532718048782,13,93,4
2026-04-03 14:00:00,628.0,76,18.5,31.7,11.640299323150414,14,93,4
2026-04-03 15:00:00,604.0,100,21.6,30.3,9.037369322660705,15,93,4
2026-04-03 16:00:00,186.0,98,14.1,27.5,2.774122841816061,16,93,4
2026-04-03 17:00:00,238.0,100,13.1,29.8,3.629452666401103,17,93,4
2026-04-03 18:00:00,47.0,40,9.6,29.0,1.2310147558904172,18,93,4
2026-04-03 19:00:00,6.0,58,6.9,27.4,0.15108738037476266,19,93,4
2026-04-03 20:00:00,0.0,95,5.0,26.8,0.0,20,93,4
2026-04-03 21:00:00,0.0,100,4.9,26.7,0.0,21,93,4
2026-04-03 22:00:00,0.0,99,5.3,26.4,0.0,22,93,4
2026-04-03 23:00:00,0.0,83,7.0,26.7,0.0,23,93,4
2026-04-04 00:00:00,0.0,69,7.2,26.2,0.0,0,94,4
2026-04-04 01:00:00,0.0,98,6.2,25.9,0.0,1,94,4
2026-04-04 02:00:00,0.0,99,7.0,25.5,0.0,2,94,4
2026-04-04 03:00:00,0.0,73,6.6,25.0,0.0,3,94,4
2026-04-04 04:00:00,0.0,99,6.7,24.3,0.0,4,94,4
2026-04-04 05:00:00,0.0,95,8.6,24.6,0.0,5,94,4
2026-04-04 06:00:00,0.0,74,8.8,24.5,0.0,6,94,4
2026-04-04 07:00:00,48.0,23,6.6,24.6,1.335432978392759,7,94,4
2026-04-04 08:00:00,240.0,18,8.2,25.8,7.5510595501185165,8,94,4
2026-04-04 09:00:00,474.0,9,8.7,27.5,17.421468324896384,9,94,4
2026-04-04 10:00:00,681.0,10,8.1,29.0,20.974589894158562,10,94,4
2026-04-04 11:00:00,836.0,13,6.9,30.2,26.633222167983682,11,94,4
2026-04-04 12:00:00,883.0,57,7.9,31.0,19.933610859659254,12,94,4
2026-04-04 13:00:00,883.0,55,8.0,31.7,21.68774710837557,13,94,4
2026-04-04 14:00:00,826.0,16,8.8,32.4,25.762974528329153,14,94,4
2026-04-04 15:00:00,731.0,3,10.3,32.7,23.11569122229139,15,94,4
2026-04-04 16:00:00,573.0,2,10.7,32.6,19.51590857335396,16,94,4
2026-04-04 17:00:00,352.0,2,12.2,32.1,12.03453737311448,17,94,4
2026-04-04 18:00:00,132.0,0,11.4,31.2,4.5113411571898565,18,94,4
2026-04-04 19:00:00,7.0,0,9.0,30.4,0.23933543773072363,19,94,4
2026-04-04 20:00:00,0.0,0,10.1,30.0,0.0,20,94,4
2026-04-04 21:00:00,0.0,0,8.4,29.2,0.0,21,94,4
2026-04-04 22:00:00,0.0,0,6.1,28.4,0.0,22,94,4
2026-04-04 23:00:00,0.0,0,5.9,27.5,0.0,23,94,4
2026-04-05 00:00:00,0.0,100,5.3,26.6,0.0,0,95,4
2026-04-05 01:00:00,0.0,99,5.9,26.1,0.0,1,95,4
2026-04-05 02:00:00,0.0,100,5.4,25.7,0.0,2,95,4
2026-04-05 03:00:00,0.0,96,6.6,25.4,0.0,3,95,4
2026-04-05 04:00:00,0.0,63,8.4,24.6,0.0,4,95,4
2026-04-05 05:00:00,0.0,38,10.1,23.7,0.0,5,95,4
2026-04-05 06:00:00,0.0,0,9.6,23.5,0.0,6,95,4
2026-04-05 07:00:00,58.0,3,7.7,24.0,1.9853147185884183,7,95,4
2026-04-05 08:00:00,254.0,6,7.0,25.9,8.235930071808458,8,95,4
2026-04-05 09:00:00,483.0,83,7.8,27.8,9.125732240523057,9,95,4
2026-04-05 10:00:00,687.0,68,7.3,29.7,12.51337978528816,10,95,4
2026-04-05 11:00:00,826.0,86,4.5,30.9,14.306395545992146,11,95,4
2026-04-05 12:00:00,869.0,11,3.2,31.9,25.216933784116968,12,95,4
2026-04-05 13:00:00,909.0,2,4.4,32.7,29.41312729987768,13,95,4
2026-04-05 14:00:00,884.0,2,5.7,33.4,29.04890990972101,14,95,4
2026-04-05 15:00:00,754.0,9,6.7,33.7,23.536451757995234,15,95,4
2026-04-05 16:00:00,570.0,98,7.8,33.6,7.478320849765134,16,95,4
2026-04-05 17:00:00,335.0,100,8.3,33.0,5.219375166004639,17,95,4
2026-04-05 18:00:00,101.0,99,7.0,32.6,1.5871277217028672,18,95,4
2026-04-05 19:00:00,6.0,100,6.3,31.9,0.08408061141587675,19,95,4
2026-04-05 20:00:00,0.0,100,6.7,30.7,0.0,20,95,4
2026-04-05 21:00:00,0.0,99,7.0,29.8,0.0,21,95,4
2026-04-05 22:00:00,0.0,82,6.6,29.5,0.0,22,95,4
2026-04-05 23:00:00,0.0,19,6.9,28.8,0.0,23,95,4
2026-04-06 00:00:00,0.0,25,6.7,28.5,0.0,0,96,4
2026-04-06 01:00:00,0.0,7,7.8,26.7,0.0,1,96,4
2026-04-06 02:00:00,0.0,37,10.2,24.9,0.0,2,96,4
2026-04-06 03:00:00,0.0,0,10.3,24.3,0.0,3,96,4
2026-04-06 04:00:00,0.0,0,10.8,23.9,0.0,4,96,4
2026-04-06 05:00:00,0.0,0,10.2,23.9,0.0,5,96,4
2026-04-06 06:00:00,0.0,0,10.4,23.9,0.0,6,96,4
2026-04-06 07:00:00,60.0,0,8.0,24.2,2.0876927194348687,7,96,4
2026-04-06 08:00:00,256.0,0,8.5,25.5,8.847687210413634,8,96,4
2026-04-06 09:00:00,483.0,0,8.2,27.4,15.828738424825687,9,96,4
2026-04-06 10:00:00,688.0,0,7.7,29.7,24.268618038727592,10,96,4
2026-04-06 11:00:00,843.0,0,5.8,31.7,26.17008674511561,11,96,4
2026-04-06 12:00:00,935.0,0,4.7,33.3,30.760823988972362,12,96,4
2026-04-06 13:00:00,948.0,0,7.0,34.3,30.805018317586462,13,96,4
2026-04-06 14:00:00,888.0,5,9.2,34.8,26.884211895262712,14,96,4
2026-04-06 15:00:00,739.0,5,10.0,34.9,26.409314374604932,15,96,4
2026-04-06 16:00:00,562.0,70,12.3,34.8,10.433017732886467,16,96,4
2026-04-06 17:00:00,304.0,0,7.7,34.3,9.537798236144328,17,96,4
2026-04-06 18:00:00,132.0,1,3.6,34.2,4.022078518816959,18,96,4
2026-04-06 19:00:00,7.0,6,7.8,33.2,0.22417974179388148,19,96,4
2026-04-06 20:00:00,0.0,4,14.4,30.4,0.0,20,96,4
2026-04-06 21:00:00,0.0,0,12.5,28.6,0.0,21,96,4
2026-04-06 22:00:00,0.0,0,12.5,28.4,0.0,22,96,4
2026-04-06 23:00:00,0.0,0,11.0,28.0,0.0,23,96,4
2026-04-07 00:00:00,0.0,0,10.1,27.5,0.0,0,97,4
2026-04-07 01:00:00,0.0,0,11.8,26.7,0.0,1,97,4
2026-04-07 02:00:00,0.0,0,9.5,25.9,0.0,2,97,4
2026-04-07 03:00:00,0.0,0,8.2,25.4,0.0,3,97,4
2026-04-07 04:00:00,0.0,0,7.7,25.0,0.0,4,97,4
2026-04-07 05:00:00,0.0,0,7.9,24.8,0.0,5,97,4
2026-04-07 06:00:00,0.0,0,7.8,24.9,0.0,6,97,4
2026-04-07 07:00:00,61.0,5,8.6,25.2,1.949391633892629,7,97,4
2026-04-07 08:00:00,250.0,45,13.0,26.4,6.191562161335538,8,97,4
2026-04-07 09:00:00,436.0,6,12.9,28.0,14.146282732856859,9,97,4
2026-04-07 10:00:00,666.0,37,12.5,29.9,16.38754467599087,10,97,4
2026-04-07 11:00:00,749.0,15,14.3,31.3,22.791055050376855,11,97,4
2026-04-07 12:00:00,843.0,30,14.6,32.9,23.982508799853488,12,97,4
2026-04-07 13:00:00,821.0,100,17.0,33.6,12.59186037951683,13,97,4
2026-04-07 14:00:00,125.0,31,12.3,27.1,3.461507547788778,14,97,4
2026-04-07 15:00:00,494.0,37,13.1,28.1,14.017002979940715,15,97,4
2026-04-07 16:00:00,405.0,51,11.8,28.4,10.205113015910571,16,97,4
2026-04-07 17:00:00,236.0,11,15.5,30.1,7.227372056119445,17,97,4
2026-04-07 18:00:00,110.0,42,13.1,29.8,3.041140816225803,18,97,4
2026-04-07 19:00:00,6.0,51,11.9,28.6,0.1408460236623015,19,97,4
2026-04-07 20:00:00,0.0,44,5.2,24.3,0.0,20,97,4
2026-04-07 21:00:00,0.0,5,8.4,23.3,0.0,21,97,4
2026-04-07 22:00:00,0.0,13,8.3,24.5,0.0,22,97,4
2026-04-07 23:00:00,0.0,25,14.9,27.4,0.0,23,97,4
2026-04-08 00:00:00,0.0,14,14.1,26.8,0.0,0,98,4
2026-04-08 01:00:00,0.0,5,12.6,26.3,0.0,1,98,4
2026-04-08 02:00:00,0.0,9,12.0,25.8,0.0,2,98,4
2026-04-08 03:00:00,0.0,2,11.3,25.5,0.0,3,98,4
2026-04-08 04:00:00,0.0,2,9.4,24.9,0.0,4,98,4
2026-04-08 05:00:00,0.0,16,8.1,25.0,0.0,5,98,4
2026-04-08 06:00:00,0.0,24,8.0,25.2,0.0,6,98,4
2026-04-08 07:00:00,59.0,53,10.8,25.4,1.2422211985576392,7,98,4
2026-04-08 08:00:00,182.0,45,11.6,25.5,5.301641922739262,8,98,4
2026-04-08 09:00:00,417.0,24,10.4,27.5,12.560697261103993,9,98,4
2026-04-08 10:00:00,615.0,18,10.0,29.1,18.38511715373717,10,98,4
2026-04-08 11:00:00,748.0,22,8.8,30.2,20.196862804951014,11,98,4
2026-04-08 12:00:00,817.0,24,11.3,31.1,25.192138568238384,12,98,4
2026-04-08 13:00:00,835.0,18,12.5,32.5,22.841206896242095,13,98,4
2026-04-08 14:00:00,803.0,18,15.5,33.3,22.945760131534495,14,98,4
2026-04-08 15:00:00,704.0,5,13.0,33.5,21.75274882676562,15,98,4
2026-04-08 16:00:00,554.0,1,11.7,34.1,15.648681087514213,16,98,4
2026-04-08 17:00:00,347.0,35,8.5,34.2,9.01371206304477,17,98,4
2026-04-08 18:00:00,108.0,8,7.3,32.9,3.4843485623972934,18,98,4
2026-04-08 19:00:00,7.0,20,4.8,31.8,0.19547943634250275,19,98,4
2026-04-08 20:00:00,0.0,16,9.7,29.8,0.0,20,98,4
2026-04-08 21:00:00,0.0,2,6.9,28.7,0.0,21,98,4
2026-04-08 22:00:00,0.0,7,7.6,27.9,0.0,22,98,4
2026-04-08 23:00:00,0.0,6,7.4,27.3,0.0,23,98,4
2026-04-09 00:00:00,0.0,0,6.0,27.1,0.0,0,99,4
2026-04-09 01:00:00,0.0,0,6.0,26.6,0.0,1,99,4
2026-04-09 02:00:00,0.0,0,7.8,26.1,0.0,2,99,4
2026-04-09 03:00:00,0.0,0,8.3,25.4,0.0,3,99,4
2026-04-09 04:00:00,0.0,0,7.8,24.5,0.0,4,99,4
2026-04-09 05:00:00,0.0,0,8.4,24.1,0.0,5,99,4
2026-04-09 06:00:00,0.0,0,9.0,24.0,0.0,6,99,4
2026-04-09 07:00:00,66.0,0,7.2,24.3,2.188967747488636,7,99,4
2026-04-09 08:00:00,262.0,0,5.1,25.8,8.292072082491437,8,99,4
2026-04-09 09:00:00,488.0,0,2.4,27.9,16.28602321577874,9,99,4
2026-04-09 10:00:00,690.0,0,1.5,30.3,21.82726029527195,10,99,4
2026-04-09 11:00:00,842.0,11,0.6,31.5,24.535586026895935,11,99,4
2026-04-09 12:00:00,894.0,9,1.9,33.2,28.116760239573903,12,99,4
2026-04-09 13:00:00,912.0,7,4.3,34.3,28.31763976524379,13,99,4
2026-04-09 14:00:00,829.0,5,4.9,34.7,27.177436170676362,14,99,4
2026-04-09 15:00:00,679.0,8,3.6,35.0,21.759129372535718,15,99,4
2026-04-09 16:00:00,510.0,3,1.8,35.0,18.68301267311885,16,99,4
2026-04-09 17:00:00,336.0,1,3.9,34.1,10.682295184618676,17,99,4
2026-04-09 18:00:00,132.0,0,4.0,33.8,4.449233226799651,18,99,4
2026-04-09 19:00:00,8.0,0,3.9,33.5,0.27302551632898125,19,99,4
2026-04-09 20:00:00,0.0,0,3.8,33.4,0.0,20,99,4
2026-04-09 21:00:00,0.0,0,9.4,31.5,0.0,21,99,4
2026-04-09 22:00:00,0.0,0,6.9,30.0,0.0,22,99,4
2026-04-09 23:00:00,0.0,0,6.6,29.8,0.0,23,99,4
2026-04-10 00:00:00,0.0,0,6.4,29.2,0.0,0,100,4
2026-04-10 01:00:00,0.0,0,7.6,28.0,0.0,1,100,4
2026-04-10 02:00:00,0.0,0,8.7,26.9,0.0,2,100,4
2026-04-10 03:00:00,0.0,0,8.4,26.4,0.0,3,100,4
2026-04-10 04:00:00,0.0,0,7.3,26.3,0.0,4,100,4
2026-04-10 05:00:00,0.0,0,8.6,26.0,0.0,5,100,4
2026-04-10 06:00:00,0.0,0,9.4,26.1,0.0,6,100,4
2026-04-10 07:00:00,69.0,0,8.8,26.3,2.389397543420785,7,100,4
2026-04-10 08:00:00,271.0,0,8.8,28.0,9.242227171119698,8,100,4
2026-04-10 09:00:00,500.0,0,10.3,30.4,14.470367166246563,9,100,4
2026-04-10 10:00:00,704.0,0,11.4,33.0,25.271904113173292,10,100,4
2026-04-10 11:00:00,858.0,0,13.3,35.1,28.187783096943626,11,100,4
2026-04-10 12:00:00,945.0,0,12.1,36.0,32.382748975414785,12,100,4
2026-04-10 13:00:00,958.0,0,10.9,36.9,31.966727968505385,13,100,4
2026-04-10 14:00:00,896.0,0,9.9,37.4,32.02966394721402,14,100,4
2026-04-10 15:00:00,766.0,0,9.0,37.6,22.659983344395833,15,100,4
2026-04-10 16:00:00,579.0,0,8.4,37.5,20.285667413343525,16,100,4
2026-04-10 17:00:00,358.0,0,9.0,36.8,10.866715529259725,17,100,4
2026-04-10 18:00:00,137.0,0,7.7,36.3,4.059466246272156,18,100,4
2026-04-10 19:00:00,8.0,0,5.7,35.9,0.25831436538768504,19,100,4
2026-04-10 20:00:00,0.0,0,2.8,35.4,0.0,20,100,4
2026-04-10 21:00:00,0.0,0,7.0,33.8,0.0,21,100,4
2026-04-10 22:00:00,0.0,0,6.5,32.9,0.0,22,100,4
2026-04-10 23:00:00,0.0,0,3.5,31.5,0.0,23,100,4
2026-04-11 00:00:00,0.0,0,6.2,31.1,0.0,0,101,4
2026-04-11 01:00:00,0.0,0,6.6,29.8,0.0,1,101,4
2026-04-11 02:00:00,0.0,0,7.4,28.2,0.0,2,101,4
2026-04-11 03:00:00,0.0,0,7.7,27.1,0.0,3,101,4
2026-04-11 04:00:00,0.0,0,9.1,25.8,0.0,4,101,4
2026-04-11 05:00:00,0.0,0,8.2,26.4,0.0,5,101,4
2026-04-11 06:00:00,0.0,0,9.0,26.4,0.0,6,101,4
2026-04-11 07:00:00,72.0,0,5.4,26.5,2.4081109828357063,7,101,4
2026-04-11 08:00:00,276.0,0,3.8,28.0,9.308234226260172,8,101,4
2026-04-11 09:00:00,507.0,0,1.1,30.6,17.492343368036927,9,101,4
2026-04-11 10:00:00,711.0,0,1.1,33.4,24.70120016753458,10,101,4
2026-04-11 11:00:00,866.0,0,2.7,35.4,26.915365732114815,11,101,4
2026-04-11 12:00:00,953.0,0,2.1,37.2,26.034995597059307,12,101,4
2026-04-11 13:00:00,966.0,0,3.0,38.2,34.88689975741272,13,101,4
2026-04-11 14:00:00,904.0,0,5.3,38.7,27.327359568689804,14,101,4
2026-04-11 15:00:00,772.0,0,6.5,38.8,26.020519852734182,15,101,4
2026-04-11 16:00:00,582.0,0,4.7,38.7,16.316254257932286,16,101,4
2026-04-11 17:00:00,357.0,0,4.9,38.2,11.886522151321145,17,101,4
2026-04-11 18:00:00,136.0,0,6.0,38.0,4.644873915972717,18,101,4
2026-04-11 19:00:00,8.0,0,6.2,36.4,0.25762519197066674,19,101,4
2026-04-11 20:00:00,0.0,0,1.0,35.6,0.0,20,101,4
2026-04-11 21:00:00,0.0,0,3.4,34.6,0.0,21,101,4
2026-04-11 22:00:00,0.0,0,6.7,33.4,0.0,22,101,4
2026-04-11 23:00:00,0.0,0,8.6,32.5,0.0,23,101,4
2026-04-12 00:00:00,0.0,0,9.3,32.1,0.0,0,102,4
2026-04-12 01:00:00,0.0,0,6.8,30.5,0.0,1,102,4
2026-04-12 02:00:00,0.0,0,7.0,29.3,0.0,2,102,4
2026-04-12 03:00:00,0.0,0,8.1,28.7,0.0,3,102,4
2026-04-12 04:00:00,0.0,0,9.2,27.9,0.0,4,102,4
2026-04-12 05:00:00,0.0,0,7.3,27.7,0.0,5,102,4
2026-04-12 06:00:00,0.0,0,6.5,27.6,0.0,6,102,4
2026-04-12 07:00:00,74.0,0,4.3,28.0,2.483502947012037,7,102,4
2026-04-12 08:00:00,276.0,0,2.4,29.9,9.443144254714047,8,102,4
2026-04-12 09:00:00,504.0,0,3.6,32.3,15.569274578507022,9,102,4
2026-04-12 10:00:00,708.0,0,3.7,34.7,22.629439466889796,10,102,4
2026-04-12 11:00:00,861.0,0,2.8,36.7,26.96578267602845,11,102,4
2026-04-12 12:00:00,946.0,0,3.4,38.4,29.535935301665805,12,102,4
2026-04-12 13:00:00,960.0,0,5.1,39.1,26.47837474624264,13,102,4
2026-04-12 14:00:00,899.0,0,7.2,39.5,29.19812902038648,14,102,4
2026-04-12 15:00:00,768.0,0,8.7,39.6,24.924843161072694,15,102,4
2026-04-12 16:00:00,580.0,0,9.5,39.3,18.697542965337252,16,102,4
2026-04-12 17:00:00,358.0,0,8.4,38.9,11.32846520929145,17,102,4
2026-04-12 18:00:00,137.0,0,9.9,38.3,4.1455422291154305,18,102,4
2026-04-12 19:00:00,9.0,0,10.6,37.4,0.28429769692870155,19,102,4
2026-04-12 20:00:00,0.0,0,10.6,37.0,0.0,20,102,4
2026-04-12 21:00:00,0.0,0,10.7,35.4,0.0,21,102,4
2026-04-12 22:00:00,0.0,0,9.5,34.1,0.0,22,102,4
2026-04-12 23:00:00,0.0,0,9.3,32.6,0.0,23,102,4
2026-04-13 00:00:00,0.0,0,9.9,31.8,0.0,0,103,4
2026-04-13 01:00:00,0.0,0,9.0,31.2,0.0,1,103,4
2026-04-13 02:00:00,0.0,0,8.2,30.1,0.0,2,103,4
2026-04-13 03:00:00,0.0,0,2.8,29.3,0.0,3,103,4
2026-04-13 04:00:00,0.0,0,1.0,28.7,0.0,4,103,4
2026-04-13 05:00:00,0.0,0,8.5,27.8,0.0,5,103,4
2026-04-13 06:00:00,0.0,0,5.7,26.9,0.0,6,103,4
2026-04-13 07:00:00,77.0,0,4.5,27.0,2.5914040168724792,7,103,4
2026-04-13 08:00:00,284.0,0,3.1,29.3,8.990850154744633,8,103,4
2026-04-13 09:00:00,515.0,0,3.6,32.1,17.88865931307329,9,103,4
2026-04-13 10:00:00,720.0,0,3.7,34.5,23.309995004053604,10,103,4
2026-04-13 11:00:00,872.0,0,3.6,36.4,28.294265612893994,11,103,4
2026-04-13 12:00:00,960.0,0,3.1,38.5,30.268607818989164,12,103,4
2026-04-13 13:00:00,974.0,0,3.9,39.3,31.693736448032627,13,103,4
2026-04-13 14:00:00,910.0,0,5.5,39.8,29.290818442414118,14,103,4
2026-04-13 15:00:00,778.0,0,5.7,40.0,22.27261940333867,15,103,4
2026-04-13 16:00:00,588.0,0,4.8,40.1,18.96958406835499,16,103,4
2026-04-13 17:00:00,363.0,0,4.5,39.7,11.526615252961442,17,103,4
2026-04-13 18:00:00,140.0,0,3.9,39.3,4.664906966757004,18,103,4
2026-04-13 19:00:00,9.0,0,5.2,37.7,0.293133330685,19,103,4
2026-04-13 20:00:00,0.0,0,3.6,36.9,0.0,20,103,4
2026-04-13 21:00:00,0.0,0,3.1,36.2,0.0,21,103,4
2026-04-13 22:00:00,0.0,0,6.7,34.9,0.0,22,103,4
2026-04-13 23:00:00,0.0,0,9.2,33.5,0.0,23,103,4
2026-04-14 00:00:00,0.0,0,10.2,31.7,0.0,0,104,4
2026-04-14 01:00:00,0.0,0,9.2,30.9,0.0,1,104,4
2026-04-14 02:00:00,0.0,0,8.0,30.2,0.0,2,104,4
2026-04-14 03:00:00,0.0,0,7.9,29.4,0.0,3,104,4
2026-04-14 04:00:00,0.0,0,9.2,28.7,0.0,4,104,4
2026-04-14 05:00:00,0.0,0,9.9,28.2,0.0,5,104,4
2026-04-14 06:00:00,0.0,0,9.2,28.0,0.0,6,104,4
2026-04-14 07:00:00,78.0,0,7.1,28.4,2.5200614186238792,7,104,4
2026-04-14 08:00:00,282.0,0,7.2,29.8,8.884672294899143,8,104,4
2026-04-14 09:00:00,510.0,0,6.0,31.6,15.558149123882174,9,104,4
2026-04-14 10:00:00,714.0,0,5.2,34.0,25.47721052476978,10,104,4
2026-04-14 11:00:00,867.0,0,5.8,35.9,28.808244805790945,11,104,4
2026-04-14 12:00:00,956.0,0,7.4,37.8,30.013183257730894,12,104,4
2026-04-14 13:00:00,970.0,0,10.2,39.1,28.187035149196607,13,104,4
2026-04-14 14:00:00,908.0,0,12.5,40.1,32.111559106793145,14,104,4
2026-04-14 15:00:00,777.0,1,14.1,40.5,24.129444376807573,15,104,4
2026-04-14 16:00:00,588.0,30,14.7,40.3,15.567426871883159,16,104,4
2026-04-14 17:00:00,362.0,7,12.0,39.8,10.378035712071968,17,104,4
2026-04-14 18:00:00,141.0,2,11.6,39.3,3.842671694862638,18,104,4
2026-04-14 19:00:00,9.0,0,8.5,37.8,0.30285106193493794,19,104,4
2026-04-14 20:00:00,0.0,0,9.5,36.4,0.0,20,104,4
2026-04-14 21:00:00,0.0,0,11.1,33.5,0.0,21,104,4
2026-04-14 22:00:00,0.0,0,9.2,31.9,0.0,22,104,4
2026-04-14 23:00:00,0.0,0,8.3,31.0,0.0,23,104,4
2026-04-15 00:00:00,0.0,0,8.4,30.5,0.0,0,105,4
2026-04-15 01:00:00,0.0,0,9.0,30.3,0.0,1,105,4
2026-04-15 02:00:00,0.0,0,10.1,29.7,0.0,2,105,4
2026-04-15 03:00:00,0.0,0,10.7,28.8,0.0,3,105,4
2026-04-15 04:00:00,0.0,0,9.7,28.0,0.0,4,105,4
2026-04-15 05:00:00,0.0,0,9.3,27.6,0.0,5,105,4
2026-04-15 06:00:00,1.0,0,8.3,27.3,0.02928620283755721,6,105,4
2026-04-15 07:00:00,79.0,0,6.0,27.6,2.7625762031646284,7,105,4
2026-04-15 08:00:00,280.0,0,5.1,29.2,10.01194364618908,8,105,4
2026-04-15 09:00:00,505.0,0,4.2,31.4,16.851099274223873,9,105,4
2026-04-15 10:00:00,706.0,0,4.5,33.8,24.72955331313335,10,105,4
2026-04-15 11:00:00,857.0,0,4.8,35.6,27.576521902393107,11,105,4
2026-04-15 12:00:00,941.0,0,5.7,37.7,30.226259945063585,12,105,4
2026-04-15 13:00:00,954.0,0,6.9,38.9,34.10053580847415,13,105,4
2026-04-15 14:00:00,893.0,0,7.4,39.6,28.074677001629052,14,105,4
2026-04-15 15:00:00,764.0,0,7.4,39.9,23.810322651048008,15,105,4
2026-04-15 16:00:00,578.0,0,8.0,39.9,19.182694123101978,16,105,4
2026-04-15 17:00:00,358.0,0,8.3,39.0,12.096803287544123,17,105,4
2026-04-15 18:00:00,140.0,0,8.1,38.6,4.681020953329165,18,105,4
2026-04-15 19:00:00,10.0,0,9.0,37.4,0.30746641482161985,19,105,4
2026-04-15 20:00:00,0.0,0,10.1,36.8,0.0,20,105,4
2026-04-15 21:00:00,0.0,0,11.3,32.4,0.0,21,105,4
2026-04-15 22:00:00,0.0,0,11.1,31.3,0.0,22,105,4
2026-04-15 23:00:00,0.0,0,11.4,30.5,0.0,23,105,4
2026-04-16 00:00:00,0.0,0,9.9,30.1,0.0,0,106,4
2026-04-16 01:00:00,0.0,0,8.7,29.4,0.0,1,106,4
2026-04-16 02:00:00,0.0,0,7.7,28.8,0.0,2,106,4
2026-04-16 03:00:00,0.0,0,7.6,28.3,0.0,3,106,4
2026-04-16 04:00:00,0.0,0,7.0,27.5,0.0,4,106,4
2026-04-16 05:00:00,0.0,0,5.6,26.7,0.0,5,106,4
2026-04-16 06:00:00,1.0,0,3.3,26.7,0.034534083125034636,6,106,4
2026-04-16 07:00:00,81.0,0,3.3,27.0,2.623101239605898,7,106,4
2026-04-16 08:00:00,284.0,10,3.5,28.4,9.177312933594996,8,106,4
2026-04-16 09:00:00,510.0,8,3.5,30.6,16.067441872790514,9,106,4
2026-04-16 10:00:00,711.0,5,3.5,33.0,22.711025126516034,10,106,4
2026-04-16 11:00:00,862.0,31,4.3,34.9,23.990753303503453,11,106,4
2026-04-16 12:00:00,945.0,61,5.5,37.2,21.251964640443877,12,106,4
2026-04-16 13:00:00,955.0,91,6.6,38.5,14.52970109409218,13,106,4
2026-04-16 14:00:00,890.0,93,7.0,39.2,14.321833593561108,14,106,4
2026-04-16 15:00:00,761.0,89,7.3,39.6,11.482986298022947,15,106,4
2026-04-16 16:00:00,573.0,85,7.7,39.6,9.550412576107773,16,106,4
2026-04-16 17:00:00,351.0,98,7.7,38.8,5.028971989971112,17,106,4
2026-04-16 18:00:00,138.0,60,7.4,38.4,3.2080217878732906,18,106,4
2026-04-16 19:00:00,10.0,96,6.4,37.8,0.1485017680786548,19,106,4
2026-04-16 20:00:00,0.0,99,5.6,37.3,0.0,20,106,4
2026-04-16 21:00:00,0.0,100,8.2,35.4,0.0,21,106,4
2026-04-16 22:00:00,0.0,100,11.9,32.2,0.0,22,106,4
2026-04-16 23:00:00,0.0,44,10.8,30.9,0.0,23,106,4
2026-04-17 00:00:00,0.0,54,9.9,30.6,0.0,0,107,4
2026-04-17 01:00:00,0.0,100,9.9,30.0,0.0,1,107,4
2026-04-17 02:00:00,0.0,99,10.3,29.5,0.0,2,107,4
2026-04-17 03:00:00,0.0,91,10.4,28.9,0.0,3,107,4
2026-04-17 04:00:00,0.0,98,10.6,28.0,0.0,4,107,4
2026-04-17 05:00:00,0.0,100,8.2,27.2,0.0,5,107,4
2026-04-17 06:00:00,1.0,100,7.2,27.0,0.015072374963764764,6,107,4
2026-04-17 07:00:00,78.0,100,5.9,27.3,1.1168176813255597,7,107,4
2026-04-17 08:00:00,251.0,100,5.5,28.7,3.7115570626325454,8,107,4
2026-04-17 09:00:00,452.0,100,4.7,30.8,6.8709141623438885,9,107,4
2026-04-17 10:00:00,634.0,100,4.2,33.2,9.129220181116505,10,107,4
2026-04-17 11:00:00,729.0,100,3.2,34.6,10.745480819694938,11,107,4
2026-04-17 12:00:00,793.0,100,4.9,36.8,11.575259659890005,12,107,4
2026-04-17 13:00:00,842.0,100,7.1,38.2,10.163572996697068,13,107,4
2026-04-17 14:00:00,798.0,100,8.1,39.2,11.167065424061699,14,107,4
2026-04-17 15:00:00,708.0,100,8.9,40.0,10.350374446364555,15,107,4
2026-04-17 16:00:00,553.0,79,9.4,40.2,9.642135043965126,16,107,4
2026-04-17 17:00:00,356.0,0,8.6,39.3,10.820517047744394,17,107,4
2026-04-17 18:00:00,147.0,0,6.2,38.9,4.301247365682658,18,107,4
2026-04-17 19:00:00,11.0,0,2.7,37.7,0.3358903027453175,19,107,4
2026-04-17 20:00:00,0.0,0,4.4,36.5,0.0,20,107,4
2026-04-17 21:00:00,0.0,0,5.8,35.6,0.0,21,107,4
2026-04-17 22:00:00,0.0,0,9.7,34.7,0.0,22,107,4
2026-04-17 23:00:00,0.0,0,11.2,33.3,0.0,23,107,4
2026-04-18 00:00:00,0.0,0,12.3,31.9,0.0,0,108,4
2026-04-18 01:00:00,0.0,0,11.7,30.7,0.0,1,108,4
2026-04-18 02:00:00,0.0,0,11.8,29.6,0.0,2,108,4
2026-04-18 03:00:00,0.0,20,10.3,28.9,0.0,3,108,4
2026-04-18 04:00:00,0.0,89,9.7,28.4,0.0,4,108,4
2026-04-18 05:00:00,0.0,55,9.3,28.0,0.0,5,108,4
2026-04-18 06:00:00,1.0,2,9.1,27.8,0.03400895638779576,6,108,4
2026-04-18 07:00:00,87.0,0,7.6,28.3,3.03954652918485,7,108,4
2026-04-18 08:00:00,294.0,0,8.2,30.2,9.736524641203943,8,108,4
2026-04-18 09:00:00,523.0,0,8.4,32.8,20.350773345083283,9,108,4
2026-04-18 10:00:00,726.0,0,8.8,35.5,18.828896630015915,10,108,4
2026-04-18 11:00:00,879.0,0,9.1,37.1,28.3540133812063,11,108,4
2026-04-18 12:00:00,963.0,0,8.1,38.8,32.1429339269775,12,108,4
2026-04-18 13:00:00,977.0,0,7.3,40.0,30.615613859321723,13,108,4
2026-04-18 14:00:00,915.0,0,6.3,40.7,28.065095406531828,14,108,4
2026-04-18 15:00:00,782.0,0,5.7,41.1,24.784724074935788,15,108,4
2026-04-18 16:00:00,590.0,0,6.0,41.1,18.62771743379883,16,108,4
2026-04-18 17:00:00,364.0,0,5.6,40.5,11.603342355035906,17,108,4
2026-04-18 18:00:00,143.0,0,4.3,39.9,4.310174519621497,18,108,4
2026-04-18 19:00:00,10.0,0,3.8,38.4,0.32387055175743873,19,108,4
2026-04-18 20:00:00,0.0,0,5.1,37.7,0.0,20,108,4
2026-04-18 21:00:00,0.0,0,4.8,36.9,0.0,21,108,4
2026-04-18 22:00:00,0.0,5,5.7,35.9,0.0,22,108,4
2026-04-18 23:00:00,0.0,23,7.3,34.2,0.0,23,108,4
2026-04-19 00:00:00,0.0,5,9.3,32.3,0.0,0,109,4
2026-04-19 01:00:00,0.0,4,9.7,30.9,0.0,1,109,4
2026-04-19 02:00:00,0.0,0,11.1,29.8,0.0,2,109,4
2026-04-19 03:00:00,0.0,38,11.5,28.8,0.0,3,109,4
2026-04-19 04:00:00,0.0,48,11.9,28.0,0.0,4,109,4
2026-04-19 05:00:00,0.0,29,12.1,27.2,0.0,5,109,4
2026-04-19 06:00:00,1.0,91,11.6,26.8,0.016372892308031847,6,109,4
2026-04-19 07:00:00,85.0,92,8.9,27.3,1.3985090090552568,7,109,4
2026-04-19 08:00:00,286.0,52,7.9,28.9,7.16139345102163,8,109,4
2026-04-19 09:00:00,507.0,55,7.1,31.3,11.379233543794163,9,109,4
2026-04-19 10:00:00,703.0,88,7.0,34.0,13.542018033935832,10,109,4
2026-04-19 11:00:00,847.0,76,6.3,35.8,16.997818680013005,11,109,4
2026-04-19 12:00:00,934.0,78,6.1,37.5,18.112392315206865,12,109,4
2026-04-19 13:00:00,939.0,81,6.8,38.7,17.808033606197192,13,109,4
2026-04-19 14:00:00,885.0,99,8.2,39.5,13.15277901903257,14,109,4
2026-04-19 15:00:00,746.0,91,10.4,40.0,11.56373407974882,15,109,4
2026-04-19 16:00:00,573.0,98,11.1,39.9,8.740510716430963,16,109,4
2026-04-19 17:00:00,349.0,8,10.6,38.3,11.006961079384547,17,109,4
2026-04-19 18:00:00,144.0,1,10.1,37.7,4.232251499735106,18,109,4
2026-04-19 19:00:00,11.0,1,6.0,36.7,0.378211863049151,19,109,4
2026-04-19 20:00:00,0.0,7,7.3,36.0,0.0,20,109,4
2026-04-19 21:00:00,0.0,6,9.4,34.8,0.0,21,109,4
2026-04-19 22:00:00,0.0,8,10.3,33.6,0.0,22,109,4
2026-04-19 23:00:00,0.0,3,10.9,32.2,0.0,23,109,4
2026-04-20 00:00:00,0.0,0,11.7,31.5,0.0,0,110,4
2026-04-20 01:00:00,0.0,0,8.9,30.3,0.0,1,110,4
2026-04-20 02:00:00,0.0,0,6.7,29.0,0.0,2,110,4
2026-04-20 03:00:00,0.0,0,8.5,27.8,0.0,3,110,4
2026-04-20 04:00:00,0.0,0,9.3,27.0,0.0,4,110,4
2026-04-20 05:00:00,0.0,2,8.0,26.5,0.0,5,110,4
2026-04-20 06:00:00,1.0,1,5.4,26.5,0.032315929065055406,6,110,4
2026-04-20 07:00:00,89.0,0,3.6,26.9,3.045906833413495,7,110,4
2026-04-20 08:00:00,293.0,0,4.6,28.6,9.869769087584787,8,110,4
2026-04-20 09:00:00,517.0,0,3.8,31.1,16.97477544962893,9,110,4
2026-04-20 10:00:00,715.0,0,2.8,33.9,24.026849196987406,10,110,4
2026-04-20 11:00:00,864.0,0,4.6,35.4,28.27506006824475,11,110,4
2026-04-20 12:00:00,946.0,0,5.7,37.3,31.046805459241337,12,110,4
2026-04-20 13:00:00,958.0,0,5.9,38.5,29.71338447183061,13,110,4
2026-04-20 14:00:00,896.0,0,6.8,39.2,30.90812383418966,14,110,4
2026-04-20 15:00:00,766.0,0,8.4,39.6,25.48576032615065,15,110,4
2026-04-20 16:00:00,580.0,2,9.5,39.7,18.15344652342003,16,110,4
2026-04-20 17:00:00,360.0,0,8.8,38.9,11.464551923627205,17,110,4
2026-04-20 18:00:00,144.0,0,8.7,38.5,5.107924158236162,18,110,4
2026-04-20 19:00:00,11.0,0,7.4,37.5,0.3604737072545827,19,110,4
2026-04-20 20:00:00,0.0,0,5.2,36.6,0.0,20,110,4
2026-04-20 21:00:00,0.0,1,8.5,35.8,0.0,21,110,4
2026-04-20 22:00:00,0.0,0,10.1,34.4,0.0,22,110,4
2026-04-20 23:00:00,0.0,0,7.9,33.4,0.0,23,110,4
2026-04-21 00:00:00,0.0,0,8.7,32.2,0.0,0,111,4
2026-04-21 01:00:00,0.0,0,9.5,31.0,0.0,1,111,4
2026-04-21 02:00:00,0.0,0,9.6,29.9,0.0,2,111,4
2026-04-21 03:00:00,0.0,0,9.5,28.7,0.0,3,111,4
2026-04-21 04:00:00,0.0,0,9.8,27.8,0.0,4,111,4
2026-04-21 05:00:00,0.0,0,9.9,27.5,0.0,5,111,4
2026-04-21 06:00:00,2.0,0,10.4,27.5,0.06289564293420939,6,111,4
2026-04-21 07:00:00,92.0,0,9.2,27.9,3.115817285923298,7,111,4
2026-04-21 08:00:00,298.0,0,9.3,29.6,10.030546913083676,8,111,4
2026-04-21 09:00:00,524.0,0,8.8,31.8,18.085552107875415,9,111,4
2026-04-21 10:00:00,723.0,0,9.3,34.5,23.389576973244928,10,111,4
2026-04-21 11:00:00,872.0,0,7.9,36.6,24.86899497320466,11,111,4
2026-04-21 12:00:00,955.0,0,7.3,38.3,30.19231376881346,12,111,4
2026-04-21 13:00:00,965.0,0,7.7,39.6,32.366977804867894,13,111,4
2026-04-21 14:00:00,903.0,0,10.8,40.4,31.050094670024137,14,111,4
2026-04-21 15:00:00,775.0,0,13.4,40.6,23.36192964184791,15,111,4
2026-04-21 16:00:00,590.0,0,15.6,40.0,18.824676989794515,16,111,4
2026-04-21 17:00:00,367.0,0,14.7,38.8,12.222463545183352,17,111,4
2026-04-21 18:00:00,146.0,0,11.8,38.3,5.049857755952216,18,111,4
2026-04-21 19:00:00,12.0,0,9.2,37.6,0.3538766693838708,19,111,4
2026-04-21 20:00:00,0.0,0,9.8,36.5,0.0,20,111,4
2026-04-21 21:00:00,0.0,0,10.0,35.4,0.0,21,111,4
2026-04-21 22:00:00,0.0,0,9.0,34.3,0.0,22,111,4
2026-04-21 23:00:00,0.0,0,7.6,33.1,0.0,23,111,4
2026-04-22 00:00:00,0.0,0,9.7,31.4,0.0,0,112,4
2026-04-22 01:00:00,0.0,0,9.0,30.6,0.0,1,112,4
2026-04-22 02:00:00,0.0,0,7.9,29.8,0.0,2,112,4
2026-04-22 03:00:00,0.0,0,9.6,28.7,0.0,3,112,4
2026-04-22 04:00:00,0.0,0,10.0,27.8,0.0,4,112,4
2026-04-22 05:00:00,0.0,0,9.5,26.6,0.0,5,112,4
2026-04-22 06:00:00,2.0,0,9.6,26.3,0.06568725823406991,6,112,4
2026-04-22 07:00:00,95.0,0,7.3,26.8,3.315314405504626,7,112,4
2026-04-22 08:00:00,304.0,0,8.4,28.6,10.74894788925545,8,112,4
2026-04-22 09:00:00,530.0,0,7.9,31.1,17.707150205327924,9,112,4
2026-04-22 10:00:00,730.0,0,7.7,33.8,25.78928875975808,10,112,4
2026-04-22 11:00:00,881.0,0,5.9,35.5,30.4775029700823,11,112,4
2026-04-22 12:00:00,963.0,0,6.1,37.5,31.630568662583222,12,112,4
2026-04-22 13:00:00,974.0,0,8.1,38.8,31.547490097051558,13,112,4
2026-04-22 14:00:00,909.0,0,10.6,39.4,28.32447149817022,14,112,4
2026-04-22 15:00:00,773.0,0,10.7,39.6,21.25086226305487,15,112,4
2026-04-22 16:00:00,584.0,0,9.6,39.5,17.753162103788565,16,112,4
2026-04-22 17:00:00,364.0,0,7.3,38.4,11.756694216996749,17,112,4
2026-04-22 18:00:00,147.0,0,3.1,38.5,4.733665011623447,18,112,4
2026-04-22 19:00:00,12.0,0,2.1,37.6,0.40181678983299185,19,112,4
2026-04-22 20:00:00,0.0,0,3.0,36.2,0.0,20,112,4
2026-04-22 21:00:00,0.0,0,9.9,35.1,0.0,21,112,4
2026-04-22 22:00:00,0.0,0,10.3,34.0,0.0,22,112,4
2026-04-22 23:00:00,0.0,0,11.3,32.9,0.0,23,112,4
2026-04-23 00:00:00,0.0,0,9.9,31.5,0.0,0,113,4
2026-04-23 01:00:00,0.0,0,10.1,30.5,0.0,1,113,4
2026-04-23 02:00:00,0.0,0,11.0,29.5,0.0,2,113,4
2026-04-23 03:00:00,0.0,0,10.9,28.4,0.0,3,113,4
2026-04-23 04:00:00,0.0,0,10.4,27.2,0.0,4,113,4
2026-04-23 05:00:00,0.0,0,8.9,26.5,0.0,5,113,4
2026-04-23 06:00:00,2.0,0,8.1,26.1,0.06366105506177522,6,113,4
2026-04-23 07:00:00,97.0,0,6.1,26.5,3.2242476641024584,7,113,4
2026-04-23 08:00:00,305.0,0,6.2,28.2,9.76034680049059,8,113,4
2026-04-23 09:00:00,530.0,0,6.0,30.7,18.336862633215926,9,113,4
2026-04-23 10:00:00,728.0,0,5.1,33.3,22.3985456845645,10,113,4
2026-04-23 11:00:00,876.0,0,3.2,34.8,31.144691867888177,11,113,4
2026-04-23 12:00:00,959.0,0,3.8,37.0,32.577888260612376,12,113,4
2026-04-23 13:00:00,970.0,0,5.2,38.4,28.283145005694482,13,113,4
2026-04-23 14:00:00,907.0,0,7.0,39.5,28.9997704319238,14,113,4
2026-04-23 15:00:00,775.0,0,9.9,40.5,25.207498240593743,15,113,4
2026-04-23 16:00:00,589.0,0,13.5,40.8,18.713924380896085,16,113,4
2026-04-23 17:00:00,369.0,0,12.8,40.0,11.077891687646547,17,113,4
2026-04-23 18:00:00,152.0,0,10.0,39.7,4.652866829651568,18,113,4
2026-04-23 19:00:00,13.0,0,7.6,38.6,0.4239989915089597,19,113,4
2026-04-23 20:00:00,0.0,0,10.2,37.7,0.0,20,113,4
2026-04-23 21:00:00,0.0,0,11.7,37.1,0.0,21,113,4
2026-04-23 22:00:00,0.0,0,10.5,36.3,0.0,22,113,4
2026-04-23 23:00:00,0.0,0,12.2,34.1,0.0,23,113,4
2026-04-24 00:00:00,0.0,0,7.1,32.2,0.0,0,114,4
2026-04-24 01:00:00,0.0,0,6.9,31.5,0.0,1,114,4
2026-04-24 02:00:00,0.0,0,9.4,30.9,0.0,2,114,4
2026-04-24 03:00:00,0.0,0,9.0,29.9,0.0,3,114,4
2026-04-24 04:00:00,0.0,0,9.2,28.9,0.0,4,114,4
2026-04-24 05:00:00,0.0,0,9.2,28.2,0.0,5,114,4
2026-04-24 06:00:00,2.0,0,8.7,28.0,0.07405102207475472,6,114,4
2026-04-24 07:00:00,98.0,0,7.1,28.4,3.4243475224436373,7,114,4
2026-04-24 08:00:00,305.0,0,7.6,30.1,10.280851572186842,8,114,4
2026-04-24 09:00:00,531.0,0,6.3,32.4,16.155555546220278,9,114,4
2026-04-24 10:00:00,731.0,0,5.9,35.2,22.69768631548131,10,114,4
2026-04-24 11:00:00,880.0,0,6.4,37.3,27.14452582202428,11,114,4
2026-04-24 12:00:00,968.0,0,7.7,39.5,28.338159382115638,12,114,4
2026-04-24 13:00:00,976.0,0,8.8,40.8,28.963262846765293,13,114,4
2026-04-24 14:00:00,910.0,0,9.5,41.6,27.065863447671497,14,114,4
2026-04-24 15:00:00,776.0,0,9.7,41.9,23.11237038591229,15,114,4
2026-04-24 16:00:00,587.0,0,10.4,41.9,16.23188473055174,16,114,4
2026-04-24 17:00:00,366.0,0,10.6,41.0,11.331540272402723,17,114,4
2026-04-24 18:00:00,147.0,0,10.1,40.5,4.967403415036677,18,114,4
2026-04-24 19:00:00,12.0,4,8.1,39.3,0.3716698560238934,19,114,4
2026-04-24 20:00:00,0.0,0,10.3,38.1,0.0,20,114,4
2026-04-24 21:00:00,0.0,0,11.2,37.2,0.0,21,114,4
2026-04-24 22:00:00,0.0,0,11.7,35.9,0.0,22,114,4
2026-04-24 23:00:00,0.0,0,11.7,34.9,0.0,23,114,4
2026-04-25 00:00:00,0.0,0,10.9,34.0,0.0,0,115,4
2026-04-25 01:00:00,0.0,0,9.9,33.0,0.0,1,115,4
2026-04-25 02:00:00,0.0,0,8.1,31.9,0.0,2,115,4
2026-04-25 03:00:00,0.0,0,9.1,30.9,0.0,3,115,4
2026-04-25 04:00:00,0.0,0,9.8,30.1,0.0,4,115,4
2026-04-25 05:00:00,0.0,0,10.1,29.5,0.0,5,115,4
2026-04-25 06:00:00,3.0,0,7.6,29.2,0.09462351880419814,6,115,4
2026-04-25 07:00:00,100.0,0,6.2,29.7,3.2823953753085235,7,115,4
2026-04-25 08:00:00,306.0,0,7.7,31.4,10.024153262051431,8,115,4
2026-04-25 09:00:00,529.0,0,7.4,33.7,17.91254644222888,9,115,4
2026-04-25 10:00:00,726.0,0,6.9,36.2,22.589433548053805,10,115,4
2026-04-25 11:00:00,872.0,0,6.0,38.2,27.09483727496502,11,115,4
2026-04-25 12:00:00,952.0,0,4.6,40.2,31.564984347984844,12,115,4
2026-04-25 13:00:00,961.0,12,3.8,41.5,23.742142726062028,13,115,4
2026-04-25 14:00:00,887.0,17,2.4,42.6,25.36375041066254,14,115,4
2026-04-25 15:00:00,732.0,22,3.5,43.1,19.29220563714956,15,115,4
2026-04-25 16:00:00,543.0,17,4.4,43.3,15.247718970901817,16,115,4
2026-04-25 17:00:00,351.0,27,1.8,42.3,8.785742569157454,17,115,4
2026-04-25 18:00:00,143.0,6,1.4,41.7,4.601461982121628,18,115,4
2026-04-25 19:00:00,12.0,4,3.3,40.0,0.4035956361000247,19,115,4
2026-04-25 20:00:00,0.0,5,6.4,39.3,0.0,20,115,4
2026-04-25 21:00:00,0.0,2,6.5,38.9,0.0,21,115,4
2026-04-25 22:00:00,0.0,1,7.8,37.9,0.0,22,115,4
2026-04-25 23:00:00,0.0,0,11.5,35.8,0.0,23,115,4
2026-04-26 00:00:00,0.0,0,11.5,33.8,0.0,0,116,4
2026-04-26 01:00:00,0.0,0,10.9,32.9,0.0,1,116,4
2026-04-26 02:00:00,0.0,0,11.7,31.7,0.0,2,116,4
2026-04-26 03:00:00,0.0,0,11.7,30.4,0.0,3,116,4
2026-04-26 04:00:00,0.0,0,10.8,29.4,0.0,4,116,4
2026-04-26 05:00:00,0.0,0,10.1,28.9,0.0,5,116,4
2026-04-26 06:00:00,3.0,0,9.8,28.8,0.09932307699381852,6,116,4
2026-04-26 07:00:00,102.0,0,8.3,29.4,3.2683703292301076,7,116,4
2026-04-26 08:00:00,309.0,0,8.4,31.2,8.72807560997798,8,116,4
2026-04-26 09:00:00,532.0,0,5.8,33.8,16.793507729425638,9,116,4
2026-04-26 10:00:00,727.0,0,5.6,36.7,24.562328920683573,10,116,4
2026-04-26 11:00:00,872.0,0,6.6,39.1,29.210328639953612,11,116,4
2026-04-26 12:00:00,956.0,0,5.9,41.3,32.39711103705631,12,116,4
2026-04-26 13:00:00,966.0,0,6.8,42.9,30.178144683037956,13,116,4
2026-04-26 14:00:00,902.0,0,9.3,43.8,27.532687437417916,14,116,4
2026-04-26 15:00:00,772.0,0,12.1,44.1,22.400760933147765,15,116,4
2026-04-26 16:00:00,588.0,0,14.4,43.7,17.509663414195522,16,116,4
2026-04-26 17:00:00,368.0,0,13.9,42.4,11.621904142811003,17,116,4
2026-04-26 18:00:00,150.0,0,8.5,42.1,4.688224556939827,18,116,4
2026-04-26 19:00:00,13.0,0,6.6,40.8,0.4041457372977405,19,116,4
2026-04-26 20:00:00,0.0,0,8.5,39.3,0.0,20,116,4
2026-04-26 21:00:00,0.0,0,10.0,38.2,0.0,21,116,4
2026-04-26 22:00:00,0.0,0,12.6,37.4,0.0,22,116,4
2026-04-26 23:00:00,0.0,0,12.3,36.0,0.0,23,116,4
2026-04-27 00:00:00,0.0,0,11.9,35.1,0.0,0,117,4
2026-04-27 01:00:00,0.0,0,12.2,34.3,0.0,1,117,4
2026-04-27 02:00:00,0.0,0,10.3,33.3,0.0,2,117,4
2026-04-27 03:00:00,0.0,0,9.8,32.0,0.0,3,117,4
2026-04-27 04:00:00,0.0,0,10.7,31.1,0.0,4,117,4
2026-04-27 05:00:00,0.0,0,10.9,30.3,0.0,5,117,4
2026-04-27 06:00:00,3.0,0,11.0,30.0,0.0994509072379554,6,117,4
2026-04-27 07:00:00,104.0,0,7.9,30.4,3.293653042039539,7,117,4
2026-04-27 08:00:00,313.0,0,8.0,32.0,10.169553858596515,8,117,4
2026-04-27 09:00:00,538.0,0,8.1,34.3,17.280648024815093,9,117,4
2026-04-27 10:00:00,734.0,0,7.6,36.7,24.04196513186618,10,117,4
2026-04-27 11:00:00,880.0,0,7.1,38.5,23.529685528939964,11,117,4
2026-04-27 12:00:00,959.0,0,8.0,40.6,30.34310790152762,12,117,4
2026-04-27 13:00:00,967.0,0,9.9,42.1,32.65527391827544,13,117,4
2026-04-27 14:00:00,902.0,0,14.2,43.0,27.17215512018448,14,117,4
2026-04-27 15:00:00,770.0,1,15.3,43.0,24.456064827335535,15,117,4
2026-04-27 16:00:00,584.0,0,16.8,43.5,18.226931802437342,16,117,4
2026-04-27 17:00:00,367.0,0,15.4,42.6,11.605080418442679,17,117,4
2026-04-27 18:00:00,149.0,0,18.2,41.6,4.6370488487119745,18,117,4
2026-04-27 19:00:00,13.0,0,18.0,39.5,0.41492053660789224,19,117,4
2026-04-27 20:00:00,0.0,0,13.0,38.4,0.0,20,117,4
2026-04-27 21:00:00,0.0,0,13.2,35.7,0.0,21,117,4
2026-04-27 22:00:00,0.0,0,11.0,34.5,0.0,22,117,4
2026-04-27 23:00:00,0.0,0,8.5,33.3,0.0,23,117,4
2026-04-28 00:00:00,0.0,0,8.4,32.9,0.0,0,118,4
2026-04-28 01:00:00,0.0,0,9.2,32.3,0.0,1,118,4
2026-04-28 02:00:00,0.0,0,9.6,31.5,0.0,2,118,4
2026-04-28 03:00:00,0.0,0,9.2,30.4,0.0,3,118,4
2026-04-28 04:00:00,0.0,0,6.8,29.5,0.0,4,118,4
2026-04-28 05:00:00,0.0,0,6.1,28.7,0.0,5,118,4
2026-04-28 06:00:00,4.0,0,5.1,28.7,0.1411087296455471,6,118,4
2026-04-28 07:00:00,105.0,0,3.3,29.1,3.637912274385925,7,118,4
2026-04-28 08:00:00,312.0,0,4.0,30.6,10.824083891448536,8,118,4
2026-04-28 09:00:00,534.0,0,5.3,32.7,17.41326177290001,9,118,4
2026-04-28 10:00:00,731.0,0,5.7,35.2,24.53006312788819,10,118,4
2026-04-28 11:00:00,877.0,0,5.8,36.6,29.051658531729856,11,118,4
2026-04-28 12:00:00,955.0,0,7.7,38.7,32.045984951506654,12,118,4
2026-04-28 13:00:00,964.0,0,10.1,40.5,28.735425192613857,13,118,4
2026-04-28 14:00:00,865.0,19,13.0,41.3,23.481535375381917,14,118,4
2026-04-28 15:00:00,725.0,5,11.6,42.3,24.00086999326536,15,118,4
2026-04-28 16:00:00,578.0,5,17.2,42.8,21.22951106397511,16,118,4
2026-04-28 17:00:00,364.0,0,16.8,41.8,10.748909318157114,17,118,4
2026-04-28 18:00:00,150.0,0,16.5,41.5,4.947803155951021,18,118,4
2026-04-28 19:00:00,14.0,0,14.9,38.0,0.4934628481462988,19,118,4
2026-04-28 20:00:00,0.0,1,12.1,35.3,0.0,20,118,4
2026-04-28 21:00:00,0.0,0,11.5,34.1,0.0,21,118,4
2026-04-28 22:00:00,0.0,0,10.2,32.8,0.0,22,118,4
2026-04-28 23:00:00,0.0,0,10.3,32.3,0.0,23,118,4
2026-04-29 00:00:00,0.0,0,10.1,32.2,0.0,0,119,4
2026-04-29 01:00:00,0.0,0,9.5,31.1,0.0,1,119,4
2026-04-29 02:00:00,0.0,0,9.5,30.1,0.0,2,119,4
2026-04-29 03:00:00,0.0,0,9.4,29.3,0.0,3,119,4
2026-04-29 04:00:00,0.0,0,8.6,28.5,0.0,4,119,4
2026-04-29 05:00:00,0.0,0,7.1,28.5,0.0,5,119,4
2026-04-29 06:00:00,4.0,0,6.2,28.4,0.13582260228236,6,119,4
2026-04-29 07:00:00,106.0,0,5.0,29.0,3.227133678984208,7,119,4
2026-04-29 08:00:00,312.0,0,6.9,30.8,10.071466137768322,8,119,4
2026-04-29 09:00:00,531.0,0,8.5,32.7,16.706018776048786,9,119,4
2026-04-29 10:00:00,725.0,0,8.6,34.8,20.530105842127487,10,119,4
2026-04-29 11:00:00,870.0,0,9.0,36.4,28.432811454520724,11,119,4
2026-04-29 12:00:00,950.0,0,9.9,38.4,30.86130913995491,12,119,4
2026-04-29 13:00:00,960.0,0,12.0,39.9,32.22794247514799,13,119,4
2026-04-29 14:00:00,895.0,15,14.2,40.7,25.141337336484913,14,119,4
2026-04-29 15:00:00,738.0,7,13.8,41.9,23.716238426187115,15,119,4
2026-04-29 16:00:00,566.0,62,19.5,41.9,10.680359243083672,16,119,4
2026-04-29 17:00:00,324.0,5,20.1,41.4,10.114836407844999,17,119,4
2026-04-29 18:00:00,148.0,0,19.2,36.6,4.488912096935749,18,119,4
2026-04-29 19:00:00,14.0,1,12.9,34.3,0.4678077703500269,19,119,4
2026-04-29 20:00:00,0.0,0,13.5,33.0,0.0,20,119,4
2026-04-29 21:00:00,0.0,0,9.6,31.9,0.0,21,119,4
2026-04-29 22:00:00,0.0,0,8.2,31.5,0.0,22,119,4
2026-04-29 23:00:00,0.0,0,10.0,31.4,0.0,23,119,4
2026-04-30 00:00:00,0.0,0,10.6,31.7,0.0,0,120,4
2026-04-30 01:00:00,0.0,0,10.6,31.1,0.0,1,120,4
2026-04-30 02:00:00,0.0,0,9.7,30.2,0.0,2,120,4
2026-04-30 03:00:00,0.0,0,8.6,29.4,0.0,3,120,4
2026-04-30 04:00:00,0.0,0,8.6,28.7,0.0,4,120,4
2026-04-30 05:00:00,0.0,0,8.4,28.2,0.0,5,120,4
2026-04-30 06:00:00,4.0,0,7.1,28.1,0.14182722713593154,6,120,4
2026-04-30 07:00:00,105.0,0,7.5,28.6,3.4777201419806936,7,120,4
2026-04-30 08:00:00,308.0,0,8.7,30.1,10.25995785480358,8,120,4
2026-04-30 09:00:00,526.0,0,8.7,32.0,16.03582640003501,9,120,4
2026-04-30 10:00:00,718.0,0,9.3,34.0,22.206984034562907,10,120,4
2026-04-30 11:00:00,861.0,0,10.2,35.4,30.015176613418962,11,120,4
2026-04-30 12:00:00,940.0,0,11.0,37.4,32.3965642609242,12,120,4
2026-04-30 13:00:00,949.0,0,12.3,39.0,30.994837287564255,13,120,4
2026-04-30 14:00:00,887.0,0,12.4,40.1,27.83152816159417,14,120,4
2026-04-30 15:00:00,757.0,21,13.0,40.8,22.84239737363106,15,120,4
2026-04-30 16:00:00,544.0,24,14.0,40.9,14.393190607397965,16,120,4
2026-04-30 17:00:00,319.0,21,15.0,39.1,8.298761669384932,17,120,4
2026-04-30 18:00:00,136.0,19,17.2,36.6,4.34466993259041,18,120,4
2026-04-30 19:00:00,13.0,1,15.7,33.5,0.39207252874930243,19,120,4
2026-04-30 20:00:00,0.0,0,12.5,32.4,0.0,20,120,4
2026-04-30 21:00:00,0.0,0,10.8,31.7,0.0,21,120,4
2026-04-30 22:00:00,0.0,0,6.8,31.4,0.0,22,120,4
2026-04-30 23:00:00,0.0,0,7.4,30.9,0.0,23,120,4
2026-05-01 00:00:00,0.0,0,7.7,30.9,0.0,0,121,5
2026-05-01 01:00:00,0.0,0,7.4,30.5,0.0,1,121,5
2026-05-01 02:00:00,0.0,0,7.5,30.0,0.0,2,121,5
2026-05-01 03:00:00,0.0,0,9.4,29.4,0.0,3,121,5
2026-05-01 04:00:00,0.0,0,10.9,28.9,0.0,4,121,5
2026-05-01 05:00:00,0.0,0,9.6,28.2,0.0,5,121,5
2026-05-01 06:00:00,4.0,0,8.2,28.1,0.12595613645140502,6,121,5
2026-05-01 07:00:00,107.0,0,8.2,28.6,3.68568342562317,7,121,5
2026-05-01 08:00:00,309.0,0,9.7,30.1,9.68424512930639,8,121,5
2026-05-01 09:00:00,526.0,0,9.1,32.0,17.03082177251992,9,121,5
2026-05-01 10:00:00,717.0,0,8.6,34.2,21.79749272908307,10,121,5
2026-05-01 11:00:00,859.0,0,8.9,36.0,29.308155036254373,11,121,5
2026-05-01 12:00:00,937.0,0,9.7,38.3,28.482936643166987,12,121,5
2026-05-01 13:00:00,945.0,0,10.6,40.2,31.097542394418845,13,121,5
2026-05-01 14:00:00,884.0,16,12.8,41.4,21.945325800459496,14,121,5
2026-05-01 15:00:00,705.0,23,13.7,41.9,17.661000837088658,15,121,5
2026-05-01 16:00:00,521.0,31,12.8,42.3,14.044914074479163,16,121,5
2026-05-01 17:00:00,324.0,5,17.4,42.1,11.580853583321966,17,121,5
2026-05-01 18:00:00,145.0,2,20.2,34.9,4.18349348478963,18,121,5
2026-05-01 19:00:00,14.0,5,16.3,33.0,0.4301486817843485,19,121,5
2026-05-01 20:00:00,0.0,1,13.6,31.6,0.0,20,121,5
2026-05-01 21:00:00,0.0,0,10.7,30.7,0.0,21,121,5
2026-05-01 22:00:00,0.0,0,9.8,30.2,0.0,22,121,5
2026-05-01 23:00:00,0.0,0,7.6,30.2,0.0,23,121,5
2026-05-02 00:00:00,0.0,0,6.5,30.1,0.0,0,122,5
2026-05-02 01:00:00,0.0,0,5.9,29.8,0.0,1,122,5
2026-05-02 02:00:00,0.0,0,6.1,29.6,0.0,2,122,5
2026-05-02 03:00:00,0.0,0,9.4,29.6,0.0,3,122,5
2026-05-02 04:00:00,0.0,0,9.8,29.2,0.0,4,122,5
2026-05-02 05:00:00,0.0,0,10.3,28.2,0.0,5,122,5
2026-05-02 06:00:00,5.0,0,9.8,28.1,0.1563978479649436,6,122,5
2026-05-02 07:00:00,109.0,0,9.6,28.8,3.5316384523834032,7,122,5
2026-05-02 08:00:00,312.0,0,10.5,30.6,10.413310894331817,8,122,5
2026-05-02 09:00:00,531.0,0,10.5,32.7,17.030545493574937,9,122,5
2026-05-02 10:00:00,723.0,0,10.6,35.0,22.737193056440688,10,122,5
2026-05-02 11:00:00,866.0,0,11.7,36.6,27.641552915514765,11,122,5
2026-05-02 12:00:00,947.0,0,12.2,38.9,31.00253992822921,12,122,5
2026-05-02 13:00:00,956.0,22,14.2,40.8,25.761230762991975,13,122,5
2026-05-02 14:00:00,796.0,33,16.3,41.7,20.532432557644064,14,122,5
2026-05-02 15:00:00,679.0,2,15.7,43.3,19.214223751931193,15,122,5
2026-05-02 16:00:00,571.0,14,20.8,43.5,17.718394083912347,16,122,5
2026-05-02 17:00:00,349.0,15,18.2,38.7,9.863980003904365,17,122,5
2026-05-02 18:00:00,145.0,0,19.2,35.6,4.801774710220816,18,122,5
2026-05-02 19:00:00,15.0,0,15.3,33.4,0.5076335769423372,19,122,5
2026-05-02 20:00:00,0.0,0,14.5,31.8,0.0,20,122,5
2026-05-02 21:00:00,0.0,0,11.1,31.0,0.0,21,122,5
2026-05-02 22:00:00,0.0,0,8.9,30.6,0.0,22,122,5
2026-05-02 23:00:00,0.0,0,9.1,29.8,0.0,23,122,5
2026-05-03 00:00:00,0.0,0,10.7,30.4,0.0,0,123,5
2026-05-03 01:00:00,0.0,0,11.4,30.5,0.0,1,123,5
2026-05-03 02:00:00,0.0,0,11.2,29.8,0.0,2,123,5
2026-05-03 03:00:00,0.0,0,9.9,29.1,0.0,3,123,5
2026-05-03 04:00:00,0.0,0,9.6,28.7,0.0,4,123,5
2026-05-03 05:00:00,0.0,0,9.1,28.3,0.0,5,123,5
2026-05-03 06:00:00,5.0,0,9.2,28.0,0.18155086509436655,6,123,5
2026-05-03 07:00:00,115.0,0,8.8,28.6,3.7318773053672474,7,123,5
2026-05-03 08:00:00,323.0,0,11.3,30.3,9.372015501022918,8,123,5
2026-05-03 09:00:00,544.0,0,11.0,32.2,17.178622585233185,9,123,5
2026-05-03 10:00:00,737.0,0,11.2,34.4,25.583533323504906,10,123,5
2026-05-03 11:00:00,881.0,0,11.8,35.6,26.261765738926616,11,123,5
2026-05-03 12:00:00,956.0,0,13.1,37.9,30.213253292763703,12,123,5
2026-05-03 13:00:00,962.0,0,13.8,39.6,32.9628651495451,13,123,5
2026-05-03 14:00:00,896.0,0,14.4,40.7,28.521360805620123,14,123,5
2026-05-03 15:00:00,766.0,5,13.3,41.8,24.450028736464674,15,123,5
2026-05-03 16:00:00,586.0,20,15.2,42.0,15.426297476771378,16,123,5
2026-05-03 17:00:00,345.0,9,19.1,37.9,10.508605765945962,17,123,5
2026-05-03 18:00:00,142.0,2,18.0,34.8,4.685791927013274,18,123,5
2026-05-03 19:00:00,15.0,0,14.9,32.4,0.5014829708022497,19,123,5
2026-05-03 20:00:00,0.0,0,13.9,31.4,0.0,20,123,5
2026-05-03 21:00:00,0.0,0,8.5,30.7,0.0,21,123,5
2026-05-03 22:00:00,0.0,0,5.8,30.6,0.0,22,123,5
2026-05-03 23:00:00,0.0,0,5.4,30.3,0.0,23,123,5
2026-05-04 00:00:00,0.0,0,5.4,30.4,0.0,0,124,5
2026-05-04 01:00:00,0.0,0,5.2,29.8,0.0,1,124,5
2026-05-04 02:00:00,0.0,0,8.0,29.6,0.0,2,124,5
2026-05-04 03:00:00,0.0,0,7.8,29.1,0.0,3,124,5
2026-05-04 04:00:00,0.0,0,9.3,28.7,0.0,4,124,5
2026-05-04 05:00:00,0.0,28,8.6,28.5,0.0,5,124,5
2026-05-04 06:00:00,5.0,3,10.1,28.5,0.1739623851706573,6,124,5
2026-05-04 07:00:00,108.0,41,11.1,28.8,3.0363636704058794,7,124,5
2026-05-04 08:00:00,291.0,25,9.0,29.9,7.797757485403076,8,124,5
2026-05-04 09:00:00,486.0,9,8.3,31.4,16.21526419315693,9,124,5
2026-05-04 10:00:00,693.0,5,8.0,33.1,24.037566330249188,10,124,5
2026-05-04 11:00:00,845.0,1,9.4,34.2,24.989996216103144,11,124,5
2026-05-04 12:00:00,928.0,1,10.2,36.2,27.042364225212868,12,124,5
2026-05-04 13:00:00,939.0,0,10.9,37.6,31.168865719612207,13,124,5
2026-05-04 14:00:00,878.0,26,11.3,38.9,24.12138906271941,14,124,5
2026-05-04 15:00:00,702.0,34,11.0,39.6,17.596761477375846,15,124,5
2026-05-04 16:00:00,503.0,33,11.8,40.0,13.520266304990974,16,124,5
2026-05-04 17:00:00,284.0,55,14.6,37.5,5.925019463659634,17,124,5
2026-05-04 18:00:00,107.0,52,16.2,35.9,2.396645111704974,18,124,5
2026-05-04 19:00:00,13.0,8,16.2,34.0,0.4061007987088713,19,124,5
2026-05-04 20:00:00,0.0,4,16.6,31.4,0.0,20,124,5
2026-05-04 21:00:00,0.0,0,13.4,30.3,0.0,21,124,5
2026-05-04 22:00:00,0.0,0,12.9,29.8,0.0,22,124,5
2026-05-04 23:00:00,0.0,0,10.3,29.4,0.0,23,124,5
2026-05-05 00:00:00,0.0,0,9.9,29.3,0.0,0,125,5
2026-05-05 01:00:00,0.0,0,9.4,29.0,0.0,1,125,5
2026-05-05 02:00:00,0.0,0,7.9,28.9,0.0,2,125,5
2026-05-05 03:00:00,0.0,0,9.4,28.8,0.0,3,125,5
2026-05-05 04:00:00,0.0,0,10.1,28.4,0.0,4,125,5
2026-05-05 05:00:00,0.0,0,10.3,27.9,0.0,5,125,5
2026-05-05 06:00:00,6.0,0,9.5,27.8,0.20669399659830023,6,125,5
2026-05-05 07:00:00,111.0,0,8.7,28.3,3.826437889881255,7,125,5
2026-05-05 08:00:00,312.0,0,9.8,29.6,9.8569272472153,8,125,5
2026-05-05 09:00:00,529.0,0,9.9,31.3,19.222444449120765,9,125,5
2026-05-05 10:00:00,721.0,0,7.7,33.2,23.175880296853716,10,125,5
2026-05-05 11:00:00,863.0,11,7.0,34.0,25.350602449850797,11,125,5
2026-05-05 12:00:00,919.0,16,7.2,35.7,27.1105349164179,12,125,5
2026-05-05 13:00:00,882.0,18,9.0,36.9,23.575430973493603,13,125,5
2026-05-05 14:00:00,841.0,23,7.6,38.2,23.662866878101735,14,125,5
2026-05-05 15:00:00,665.0,25,5.6,38.9,20.74433293277079,15,125,5
2026-05-05 16:00:00,462.0,27,4.8,39.3,13.286042771683785,16,125,5
2026-05-05 17:00:00,326.0,9,7.6,38.9,9.828507201126953,17,125,5
2026-05-05 18:00:00,149.0,5,6.1,38.9,4.507787543740086,18,125,5
2026-05-05 19:00:00,16.0,4,5.8,37.7,0.5250496494029699,19,125,5
2026-05-05 20:00:00,0.0,0,6.4,36.6,0.0,20,125,5
2026-05-05 21:00:00,0.0,0,9.0,33.8,0.0,21,125,5
2026-05-05 22:00:00,0.0,0,10.9,31.1,0.0,22,125,5
2026-05-05 23:00:00,0.0,0,6.4,30.4,0.0,23,125,5
2026-05-06 00:00:00,0.0,0,2.3,29.4,0.0,0,126,5
2026-05-06 01:00:00,0.0,0,3.2,29.1,0.0,1,126,5
2026-05-06 02:00:00,0.0,0,3.2,28.6,0.0,2,126,5
2026-05-06 03:00:00,0.0,0,5.5,28.2,0.0,3,126,5
2026-05-06 04:00:00,0.0,0,5.9,27.6,0.0,4,126,5
2026-05-06 05:00:00,0.0,0,5.6,27.2,0.0,5,126,5
2026-05-06 06:00:00,6.0,3,5.2,27.4,0.19579131640231057,6,126,5
2026-05-06 07:00:00,112.0,13,5.9,28.2,3.359563013567651,7,126,5
2026-05-06 08:00:00,296.0,5,7.2,29.9,8.130497248785444,8,126,5
2026-05-06 09:00:00,511.0,2,6.6,31.9,16.59582904160463,9,126,5
2026-05-06 10:00:00,713.0,0,5.8,34.4,24.86142382520155,10,126,5
2026-05-06 11:00:00,853.0,10,4.2,35.6,26.418535871363982,11,126,5
2026-05-06 12:00:00,877.0,24,2.5,37.3,23.66493358360541,12,126,5
2026-05-06 13:00:00,879.0,31,4.2,38.6,22.696233221245436,13,126,5
2026-05-06 14:00:00,641.0,34,6.5,38.5,17.173498887907982,14,126,5
2026-05-06 15:00:00,632.0,27,4.1,39.0,17.777616613518525,15,126,5
2026-05-06 16:00:00,444.0,12,1.8,39.3,12.911186523968937,16,126,5
2026-05-06 17:00:00,338.0,14,1.1,39.3,9.967285121671203,17,126,5
2026-05-06 18:00:00,145.0,33,1.1,39.3,3.7307118973967213,18,126,5
2026-05-06 19:00:00,15.0,19,3.7,38.2,0.4178243438541387,19,126,5
2026-05-06 20:00:00,0.0,28,5.2,37.5,0.0,20,126,5
2026-05-06 21:00:00,0.0,10,4.2,36.8,0.0,21,126,5
2026-05-06 22:00:00,0.0,5,8.7,35.5,0.0,22,126,5
2026-05-06 23:00:00,0.0,7,5.0,34.7,0.0,23,126,5
2026-05-07 00:00:00,0.0,1,8.2,33.4,0.0,0,127,5
2026-05-07 01:00:00,0.0,0,7.0,32.2,0.0,1,127,5
2026-05-07 02:00:00,0.0,0,5.6,31.8,0.0,2,127,5
2026-05-07 03:00:00,0.0,0,6.1,31.2,0.0,3,127,5
2026-05-07 04:00:00,0.0,0,8.1,30.7,0.0,4,127,5
2026-05-07 05:00:00,0.0,0,9.2,30.0,0.0,5,127,5
2026-05-07 06:00:00,7.0,0,7.9,30.1,0.23821175259270894,6,127,5
2026-05-07 07:00:00,116.0,0,8.3,30.4,3.7876507435230304,7,127,5
2026-05-07 08:00:00,319.0,0,8.2,31.5,10.582775790886545,8,127,5
2026-05-07 09:00:00,534.0,0,6.3,33.6,15.693754844865184,9,127,5
2026-05-07 10:00:00,723.0,0,5.1,36.0,21.36062490325208,10,127,5
2026-05-07 11:00:00,864.0,9,3.9,37.8,26.32378558961824,11,127,5
2026-05-07 12:00:00,915.0,12,5.0,39.9,28.00650463009588,12,127,5
2026-05-07 13:00:00,920.0,11,6.8,40.9,28.862175982081087,13,127,5
2026-05-07 14:00:00,843.0,2,8.5,41.2,27.556542324845573,14,127,5
2026-05-07 15:00:00,764.0,1,8.6,41.5,25.520909796881714,15,127,5
2026-05-07 16:00:00,582.0,0,7.6,41.4,19.181597288163243,16,127,5
2026-05-07 17:00:00,369.0,0,4.9,40.9,11.735464225988752,17,127,5
2026-05-07 18:00:00,158.0,0,5.2,40.8,4.84239976991917,18,127,5
2026-05-07 19:00:00,17.0,0,7.1,40.1,0.5215133510994082,19,127,5
2026-05-07 20:00:00,0.0,0,6.5,39.2,0.0,20,127,5
2026-05-07 21:00:00,0.0,0,6.7,38.2,0.0,21,127,5
2026-05-07 22:00:00,0.0,0,11.8,35.1,0.0,22,127,5
2026-05-07 23:00:00,0.0,0,9.8,33.6,0.0,23,127,5
2026-05-08 00:00:00,0.0,0,11.9,34.0,0.0,0,128,5
2026-05-08 01:00:00,0.0,0,10.9,33.0,0.0,1,128,5
2026-05-08 02:00:00,0.0,0,9.4,31.8,0.0,2,128,5
2026-05-08 03:00:00,0.0,0,8.5,30.8,0.0,3,128,5
2026-05-08 04:00:00,0.0,0,8.1,30.0,0.0,4,128,5
2026-05-08 05:00:00,0.0,0,8.6,30.3,0.0,5,128,5
2026-05-08 06:00:00,7.0,0,8.7,29.9,0.21748323285887322,6,128,5
2026-05-08 07:00:00,121.0,0,7.9,30.4,3.9840074298657973,7,128,5
2026-05-08 08:00:00,330.0,0,8.7,32.1,11.184519197867626,8,128,5
2026-05-08 09:00:00,551.0,0,6.4,34.2,19.545145493931763,9,128,5
2026-05-08 10:00:00,744.0,0,4.5,36.6,24.68045520639826,10,128,5
2026-05-08 11:00:00,885.0,0,4.5,38.1,29.16077871962046,11,128,5
2026-05-08 12:00:00,960.0,0,4.9,40.1,34.00022803570617,12,128,5
2026-05-08 13:00:00,967.0,0,5.5,41.3,33.70126133616618,13,128,5
2026-05-08 14:00:00,903.0,0,7.0,42.0,27.316219337264116,14,128,5
2026-05-08 15:00:00,774.0,0,7.7,42.2,23.06625494592654,15,128,5
2026-05-08 16:00:00,590.0,0,7.6,42.1,17.748880939214192,16,128,5
2026-05-08 17:00:00,374.0,0,9.0,41.4,11.698107105994685,17,128,5
2026-05-08 18:00:00,161.0,0,9.3,40.9,4.989802465254871,18,128,5
2026-05-08 19:00:00,18.0,0,9.3,39.9,0.5970695759720723,19,128,5
2026-05-08 20:00:00,0.0,0,10.3,39.1,0.0,20,128,5
2026-05-08 21:00:00,0.0,0,6.5,38.8,0.0,21,128,5
2026-05-08 22:00:00,0.0,0,6.1,37.2,0.0,22,128,5
2026-05-08 23:00:00,0.0,0,12.9,35.0,0.0,23,128,5
2026-05-09 00:00:00,0.0,0,13.8,34.2,0.0,0,129,5
2026-05-09 01:00:00,0.0,0,13.7,32.5,0.0,1,129,5
2026-05-09 02:00:00,0.0,0,11.3,31.1,0.0,2,129,5
2026-05-09 03:00:00,0.0,0,10.6,30.3,0.0,3,129,5
2026-05-09 04:00:00,0.0,0,10.5,29.7,0.0,4,129,5
2026-05-09 05:00:00,0.0,0,10.5,29.5,0.0,5,129,5
2026-05-09 06:00:00,7.0,0,9.7,29.4,0.2451682708433444,6,129,5
2026-05-09 07:00:00,120.0,0,7.8,29.9,3.8698900025755125,7,129,5
2026-05-09 08:00:00,326.0,0,8.1,31.7,10.576940122003357,8,129,5
2026-05-09 09:00:00,544.0,0,9.1,34.2,16.107869599273698,9,129,5
2026-05-09 10:00:00,734.0,0,9.3,36.7,23.11488631355379,10,129,5
2026-05-09 11:00:00,874.0,0,9.4,38.7,30.5014922968798,11,129,5
2026-05-09 12:00:00,952.0,8,8.4,40.8,30.68655428641225,12,129,5
2026-05-09 13:00:00,911.0,4,8.3,42.0,28.1049332708414,13,129,5
2026-05-09 14:00:00,858.0,0,9.8,42.7,28.915237396997565,14,129,5
2026-05-09 15:00:00,772.0,5,11.1,43.0,23.26617521780099,15,129,5
2026-05-09 16:00:00,583.0,1,11.1,43.0,16.778579321532334,16,129,5
2026-05-09 17:00:00,355.0,0,11.0,42.2,10.097574838607315,17,129,5
2026-05-09 18:00:00,158.0,0,9.8,41.6,4.875867535069337,18,129,5
2026-05-09 19:00:00,18.0,0,8.2,40.3,0.5339239186433901,19,129,5
2026-05-09 20:00:00,0.0,0,10.2,39.5,0.0,20,129,5
2026-05-09 21:00:00,0.0,0,9.0,38.0,0.0,21,129,5
2026-05-09 22:00:00,0.0,0,9.7,37.0,0.0,22,129,5
2026-05-09 23:00:00,0.0,0,8.7,35.7,0.0,23,129,5
2026-05-10 00:00:00,0.0,0,11.6,34.4,0.0,0,130,5
2026-05-10 01:00:00,0.0,0,12.8,33.7,0.0,1,130,5
2026-05-10 02:00:00,0.0,0,12.6,32.3,0.0,2,130,5
2026-05-10 03:00:00,0.0,7,12.8,31.3,0.0,3,130,5
2026-05-10 04:00:00,0.0,7,13.0,30.7,0.0,4,130,5
2026-05-10 05:00:00,0.0,0,10.8,30.4,0.0,5,130,5
2026-05-10 06:00:00,7.0,0,9.3,30.2,0.20840270892840285,6,130,5
2026-05-10 07:00:00,120.0,0,7.6,30.5,3.6549457096319817,7,130,5
2026-05-10 08:00:00,323.0,0,5.4,31.7,10.904723884189865,8,130,5
2026-05-10 09:00:00,536.0,0,5.3,33.5,17.822626139550543,9,130,5
2026-05-10 10:00:00,726.0,0,5.5,35.7,21.201432349839816,10,130,5
2026-05-10 11:00:00,868.0,0,4.2,37.4,28.347308513296344,11,130,5
2026-05-10 12:00:00,947.0,0,5.3,39.8,30.721115463475833,12,130,5
2026-05-10 13:00:00,955.0,0,6.3,41.5,31.752077971870005,13,130,5
2026-05-10 14:00:00,887.0,20,6.8,42.7,26.178694250945423,14,130,5
2026-05-10 15:00:00,676.0,13,7.4,43.0,19.944418524827746,15,130,5
2026-05-10 16:00:00,562.0,2,8.3,43.1,17.917173709761553,16,130,5
2026-05-10 17:00:00,363.0,0,7.4,42.2,11.488803507186585,17,130,5
2026-05-10 18:00:00,159.0,0,5.2,42.1,4.719832788977329,18,130,5
2026-05-10 19:00:00,18.0,0,0.9,41.4,0.5338272121338727,19,130,5
2026-05-10 20:00:00,0.0,0,7.0,40.3,0.0,20,130,5
2026-05-10 21:00:00,0.0,0,10.5,39.1,0.0,21,130,5
2026-05-10 22:00:00,0.0,0,12.4,38.1,0.0,22,130,5
2026-05-10 23:00:00,0.0,0,13.8,36.4,0.0,23,130,5
2026-05-11 00:00:00,0.0,0,14.2,35.5,0.0,0,131,5
2026-05-11 01:00:00,0.0,0,15.2,34.6,0.0,1,131,5
2026-05-11 02:00:00,0.0,0,12.8,34.1,0.0,2,131,5
2026-05-11 03:00:00,0.0,0,11.5,33.3,0.0,3,131,5
2026-05-11 04:00:00,0.0,0,11.4,32.4,0.0,4,131,5
2026-05-11 05:00:00,0.0,0,12.0,31.5,0.0,5,131,5
2026-05-11 06:00:00,8.0,0,9.9,31.2,0.2443865997162202,6,131,5
2026-05-11 07:00:00,121.0,0,7.6,31.7,3.5357317838967326,7,131,5
2026-05-11 08:00:00,325.0,0,6.1,33.3,10.904660022622553,8,131,5
2026-05-11 09:00:00,540.0,0,5.3,35.3,18.484561352478984,9,131,5
2026-05-11 10:00:00,728.0,0,6.0,37.6,23.835841862025976,10,131,5
2026-05-11 11:00:00,867.0,0,6.5,39.6,26.626628730572865,11,131,5
2026-05-11 12:00:00,943.0,0,7.3,41.7,25.63479698976649,12,131,5
2026-05-11 13:00:00,956.0,2,7.0,43.1,26.793101539801107,13,131,5
2026-05-11 14:00:00,879.0,5,5.5,44.0,25.432068633852207,14,131,5
2026-05-11 15:00:00,743.0,5,5.2,44.4,23.128861458506737,15,131,5
2026-05-11 16:00:00,572.0,55,3.6,44.6,11.827580240202046,16,131,5
2026-05-11 17:00:00,338.0,0,6.3,43.6,9.94528441377818,17,131,5
2026-05-11 18:00:00,159.0,0,5.5,43.4,5.40761777260736,18,131,5
2026-05-11 19:00:00,19.0,0,3.5,42.0,0.6079736258160395,19,131,5
2026-05-11 20:00:00,0.0,0,4.6,41.0,0.0,20,131,5
2026-05-11 21:00:00,0.0,0,8.4,40.0,0.0,21,131,5
2026-05-11 22:00:00,0.0,0,12.6,38.8,0.0,22,131,5
2026-05-11 23:00:00,0.0,0,10.8,37.1,0.0,23,131,5
2026-05-12 00:00:00,0.0,0,11.0,35.5,0.0,0,132,5
2026-05-12 01:00:00,0.0,0,11.7,34.3,0.0,1,132,5
2026-05-12 02:00:00,0.0,0,12.8,33.1,0.0,2,132,5
2026-05-12 03:00:00,0.0,0,13.6,32.0,0.0,3,132,5
2026-05-12 04:00:00,0.0,0,11.5,31.2,0.0,4,132,5
2026-05-12 05:00:00,0.0,0,9.2,30.9,0.0,5,132,5
2026-05-12 06:00:00,8.0,0,8.2,30.6,0.27984875600810594,6,132,5
2026-05-12 07:00:00,120.0,0,7.3,31.0,4.190901933687896,7,132,5
2026-05-12 08:00:00,322.0,0,6.6,32.6,10.54712636883088,8,132,5
2026-05-12 09:00:00,536.0,0,6.8,34.9,16.43463664795472,9,132,5
2026-05-12 10:00:00,724.0,0,7.7,37.5,21.71711442673612,10,132,5
2026-05-12 11:00:00,865.0,0,6.7,39.6,26.869694714176568,11,132,5
2026-05-12 12:00:00,953.0,0,7.0,41.6,32.56006331359816,12,132,5
2026-05-12 13:00:00,961.0,0,7.7,42.9,27.146623207842893,13,132,5
2026-05-12 14:00:00,899.0,0,8.5,43.6,26.989009254412842,14,132,5
2026-05-12 15:00:00,775.0,0,8.5,43.9,23.80664255875865,15,132,5
2026-05-12 16:00:00,594.0,1,8.5,43.7,19.368388053402146,16,132,5
2026-05-12 17:00:00,378.0,1,7.9,43.4,13.211889368707972,17,132,5
2026-05-12 18:00:00,164.0,1,9.0,42.5,4.608379344054416,18,132,5
2026-05-12 19:00:00,20.0,1,9.0,41.5,0.5954343423947998,19,132,5
2026-05-12 20:00:00,0.0,2,6.0,41.4,0.0,20,132,5
2026-05-12 21:00:00,0.0,2,3.7,40.7,0.0,21,132,5
2026-05-12 22:00:00,0.0,1,6.1,39.3,0.0,22,132,5
2026-05-12 23:00:00,0.0,0,10.6,36.9,0.0,23,132,5
2026-05-13 00:00:00,0.0,1,10.6,35.6,0.0,0,133,5
2026-05-13 01:00:00,0.0,5,11.1,34.3,0.0,1,133,5
2026-05-13 02:00:00,0.0,0,10.9,33.2,0.0,2,133,5
2026-05-13 03:00:00,0.0,0,10.2,32.3,0.0,3,133,5
2026-05-13 04:00:00,0.0,0,9.8,31.5,0.0,4,133,5
2026-05-13 05:00:00,0.0,0,8.4,30.8,0.0,5,133,5
2026-05-13 06:00:00,9.0,8,7.0,30.2,0.27158417907684185,6,133,5
2026-05-13 07:00:00,124.0,6,5.7,30.7,3.989301828731414,7,133,5
2026-05-13 08:00:00,328.0,1,4.2,32.2,9.632544026358524,8,133,5
2026-05-13 09:00:00,539.0,0,5.3,34.5,16.691809439613287,9,133,5
2026-05-13 10:00:00,726.0,1,6.8,36.9,24.950500934464074,10,133,5
2026-05-13 11:00:00,872.0,24,7.1,39.1,24.432378434780322,11,133,5
2026-05-13 12:00:00,880.0,12,8.2,40.8,26.753299898019137,12,133,5
2026-05-13 13:00:00,924.0,20,8.9,42.4,24.934156192270205,13,133,5
2026-05-13 14:00:00,863.0,36,10.8,43.3,22.154907680452073,14,133,5
2026-05-13 15:00:00,686.0,34,12.0,43.5,17.79272878027333,15,133,5
2026-05-13 16:00:00,482.0,16,11.6,43.3,12.097183835512862,16,133,5
2026-05-13 17:00:00,333.0,12,11.0,43.0,8.484641158534297,17,133,5
2026-05-13 18:00:00,161.0,4,11.7,42.4,4.792979299058674,18,133,5
2026-05-13 19:00:00,20.0,0,15.3,39.9,0.6682482818425649,19,133,5
2026-05-13 20:00:00,0.0,0,13.9,36.3,0.0,20,133,5
2026-05-13 21:00:00,0.0,0,11.5,34.9,0.0,21,133,5
2026-05-13 22:00:00,0.0,0,10.7,33.9,0.0,22,133,5
2026-05-13 23:00:00,0.0,1,8.3,33.6,0.0,23,133,5
2026-05-14 00:00:00,0.0,1,9.4,33.7,0.0,0,134,5
2026-05-14 01:00:00,0.0,0,9.8,33.2,0.0,1,134,5
2026-05-14 02:00:00,0.0,0,9.4,32.5,0.0,2,134,5
2026-05-14 03:00:00,0.0,0,8.9,31.8,0.0,3,134,5
2026-05-14 04:00:00,0.0,0,9.2,31.4,0.0,4,134,5
2026-05-14 05:00:00,0.0,0,9.9,31.1,0.0,5,134,5
2026-05-14 06:00:00,9.0,0,9.0,30.6,0.28487095788578726,6,134,5
2026-05-14 07:00:00,130.0,0,7.9,31.3,4.428314365168587,7,134,5
2026-05-14 08:00:00,338.0,0,8.7,32.9,10.356851096314356,8,134,5
2026-05-14 09:00:00,556.0,0,8.6,35.0,19.014212726522278,9,134,5
2026-05-14 10:00:00,748.0,0,8.7,37.4,23.667121163451004,10,134,5
2026-05-14 11:00:00,889.0,0,8.3,39.6,26.004474039881405,11,134,5
2026-05-14 12:00:00,963.0,0,11.2,41.7,29.54062271026025,12,134,5
2026-05-14 13:00:00,970.0,0,13.4,42.3,30.037220758972992,13,134,5
2026-05-14 14:00:00,902.0,31,12.4,43.0,21.69966095447973,14,134,5
2026-05-14 15:00:00,680.0,25,12.4,43.5,16.633288692270334,15,134,5
2026-05-14 16:00:00,503.0,12,13.2,43.4,14.351765506315541,16,134,5
2026-05-14 17:00:00,352.0,4,14.7,43.1,10.681098050981081,17,134,5
2026-05-14 18:00:00,165.0,2,14.5,41.9,5.2905105059931055,18,134,5
2026-05-14 19:00:00,21.0,2,13.8,40.6,0.6226292730776053,19,134,5
2026-05-14 20:00:00,0.0,1,13.3,39.2,0.0,20,134,5
2026-05-14 21:00:00,0.0,0,18.0,37.0,0.0,21,134,5
2026-05-14 22:00:00,0.0,0,17.0,35.4,0.0,22,134,5
2026-05-14 23:00:00,0.0,0,14.3,34.2,0.0,23,134,5
2026-05-15 00:00:00,0.0,0,13.6,33.2,0.0,0,135,5
2026-05-15 01:00:00,0.0,0,13.2,32.3,0.0,1,135,5
2026-05-15 02:00:00,0.0,0,12.5,31.0,0.0,2,135,5
2026-05-15 03:00:00,0.0,0,12.1,29.9,0.0,3,135,5
2026-05-15 04:00:00,0.0,0,11.2,29.0,0.0,4,135,5
2026-05-15 05:00:00,0.0,0,9.6,28.5,0.0,5,135,5
2026-05-15 06:00:00,9.0,0,10.1,28.1,0.3119581124097893,6,135,5
2026-05-15 07:00:00,129.0,0,9.8,28.7,4.627428905978446,7,135,5
2026-05-15 08:00:00,335.0,0,7.9,30.2,11.835991137993181,8,135,5
2026-05-15 09:00:00,552.0,0,6.6,32.3,17.761208698407934,9,135,5
2026-05-15 10:00:00,742.0,0,6.3,34.6,23.914953244781458,10,135,5
2026-05-15 11:00:00,882.0,0,6.0,36.1,30.546149091228795,11,135,5
2026-05-15 12:00:00,958.0,0,7.8,37.9,33.260374533087884,12,135,5
2026-05-15 13:00:00,965.0,0,9.4,39.0,27.86013089581346,13,135,5
2026-05-15 14:00:00,903.0,0,10.6,39.7,26.827461397236302,14,135,5
2026-05-15 15:00:00,776.0,0,11.6,40.0,25.24299601061516,15,135,5
2026-05-15 16:00:00,596.0,15,12.0,39.9,19.784240506844657,16,135,5
2026-05-15 17:00:00,382.0,48,12.1,39.7,8.619911154481064,17,135,5
2026-05-15 18:00:00,167.0,41,9.4,39.1,4.048467157156731,18,135,5
2026-05-15 19:00:00,21.0,2,5.1,38.5,0.6647416199850273,19,135,5
2026-05-15 20:00:00,0.0,0,11.0,37.7,0.0,20,135,5
2026-05-15 21:00:00,0.0,0,9.8,35.9,0.0,21,135,5
2026-05-15 22:00:00,0.0,0,10.6,33.1,0.0,22,135,5
2026-05-15 23:00:00,0.0,1,9.6,31.5,0.0,23,135,5
2026-05-16 00:00:00,0.0,0,8.6,31.4,0.0,0,136,5
2026-05-16 01:00:00,0.0,0,9.1,31.4,0.0,1,136,5
2026-05-16 02:00:00,0.0,0,9.7,30.8,0.0,2,136,5
2026-05-16 03:00:00,0.0,0,10.0,30.0,0.0,3,136,5
2026-05-16 04:00:00,0.0,0,9.8,29.3,0.0,4,136,5
2026-05-16 05:00:00,0.0,0,8.6,29.2,0.0,5,136,5
2026-05-16 06:00:00,10.0,0,8.7,28.8,0.3286135330232925,6,136,5
2026-05-16 07:00:00,128.0,0,8.2,29.5,4.318572856122734,7,136,5
2026-05-16 08:00:00,332.0,0,7.7,31.1,10.877637359166709,8,136,5
2026-05-16 09:00:00,548.0,0,7.0,33.1,17.692008695892422,9,136,5
2026-05-16 10:00:00,738.0,0,6.2,35.3,22.891450993050718,10,136,5
2026-05-16 11:00:00,877.0,11,7.2,37.0,25.265135432809856,11,136,5
2026-05-16 12:00:00,923.0,1,7.4,38.8,30.003913406900264,12,136,5
2026-05-16 13:00:00,962.0,0,8.9,40.2,33.07604203964065,13,136,5
2026-05-16 14:00:00,905.0,8,9.7,40.9,27.8546242956991,14,136,5
2026-05-16 15:00:00,780.0,67,10.5,41.1,16.693944848679884,15,136,5
2026-05-16 16:00:00,599.0,9,10.6,40.9,16.23417136307846,16,136,5
2026-05-16 17:00:00,385.0,0,9.4,40.8,12.093390673842434,17,136,5
2026-05-16 18:00:00,170.0,0,10.6,40.0,5.733572009045017,18,136,5
2026-05-16 19:00:00,22.0,2,10.7,39.2,0.7507105128938267,19,136,5
2026-05-16 20:00:00,0.0,0,8.6,38.4,0.0,20,136,5
2026-05-16 21:00:00,0.0,0,5.4,37.4,0.0,21,136,5
2026-05-16 22:00:00,0.0,0,8.4,36.6,0.0,22,136,5
2026-05-16 23:00:00,0.0,0,10.3,35.6,0.0,23,136,5
2026-05-17 00:00:00,0.0,0,11.1,34.3,0.0,0,137,5
2026-05-17 01:00:00,0.0,0,10.9,33.1,0.0,1,137,5
2026-05-17 02:00:00,0.0,0,9.6,32.2,0.0,2,137,5
2026-05-17 03:00:00,0.0,1,9.6,31.6,0.0,3,137,5
2026-05-17 04:00:00,0.0,0,11.4,31.1,0.0,4,137,5
2026-05-17 05:00:00,0.0,0,10.3,30.4,0.0,5,137,5
2026-05-17 06:00:00,10.0,0,10.3,30.2,0.3096893863489276,6,137,5
2026-05-17 07:00:00,130.0,0,10.2,31.0,4.641213627470799,7,137,5
2026-05-17 08:00:00,333.0,34,9.9,32.8,9.07319864272941,8,137,5
2026-05-17 09:00:00,546.0,63,9.8,35.0,11.653967639687815,9,137,5
2026-05-17 10:00:00,732.0,59,9.6,37.4,16.160991889820387,10,137,5
2026-05-17 11:00:00,868.0,59,9.9,39.1,18.720376869841743,11,137,5
2026-05-17 12:00:00,861.0,51,8.3,40.3,17.572443550020726,12,137,5
2026-05-17 13:00:00,879.0,26,7.9,41.1,24.281666223305827,13,137,5
2026-05-17 14:00:00,827.0,4,7.3,41.7,26.17455038670218,14,137,5
2026-05-17 15:00:00,746.0,2,7.1,42.1,21.145347985126435,15,137,5
2026-05-17 16:00:00,576.0,27,8.0,41.9,13.415115671853181,16,137,5
2026-05-17 17:00:00,363.0,6,9.9,42.0,9.548546678438095,17,137,5
2026-05-17 18:00:00,168.0,2,10.2,41.2,5.140981471762035,18,137,5
2026-05-17 19:00:00,22.0,0,10.0,40.5,0.7493394570769484,19,137,5
2026-05-17 20:00:00,0.0,0,11.1,39.7,0.0,20,137,5
2026-05-17 21:00:00,0.0,0,11.1,38.8,0.0,21,137,5
2026-05-17 22:00:00,0.0,0,9.2,37.9,0.0,22,137,5
2026-05-17 23:00:00,0.0,0,12.5,37.1,0.0,23,137,5
2026-05-18 00:00:00,0.0,0,13.8,34.9,0.0,0,138,5
2026-05-18 01:00:00,0.0,0,14.4,33.4,0.0,1,138,5
2026-05-18 02:00:00,0.0,0,13.8,32.6,0.0,2,138,5
2026-05-18 03:00:00,0.0,0,14.7,32.3,0.0,3,138,5
2026-05-18 04:00:00,0.0,0,13.5,32.0,0.0,4,138,5
2026-05-18 05:00:00,0.0,0,12.9,31.6,0.0,5,138,5
2026-05-18 06:00:00,10.0,7,12.0,31.3,0.28286868163013906,6,138,5
2026-05-18 07:00:00,132.0,16,9.9,32.1,3.8509610024947354,7,138,5
2026-05-18 08:00:00,337.0,50,9.7,33.7,8.742992049385082,8,138,5
2026-05-18 09:00:00,552.0,77,9.1,35.9,9.600458481891646,9,138,5
2026-05-18 10:00:00,739.0,93,10.0,38.2,11.877781713499866,10,138,5
2026-05-18 11:00:00,877.0,100,10.8,40.0,12.507320672662678,11,138,5
2026-05-18 12:00:00,948.0,50,10.7,41.4,23.7681119592475,12,138,5
2026-05-18 13:00:00,958.0,66,11.0,42.5,19.29157996687664,13,138,5
2026-05-18 14:00:00,897.0,98,11.7,43.1,12.537315749396056,14,138,5
2026-05-18 15:00:00,746.0,100,12.7,43.0,11.65138922134039,15,138,5
2026-05-18 16:00:00,565.0,59,12.6,42.7,11.902468662414169,16,138,5
2026-05-18 17:00:00,381.0,91,11.4,42.4,6.194968236614605,17,138,5
2026-05-18 18:00:00,164.0,69,12.1,41.5,3.2291048106193587,18,138,5
2026-05-18 19:00:00,23.0,18,12.4,40.4,0.6233421653411908,19,138,5
2026-05-18 20:00:00,0.0,0,10.3,39.4,0.0,20,138,5
2026-05-18 21:00:00,0.0,3,11.6,38.0,0.0,21,138,5
2026-05-18 22:00:00,0.0,3,12.3,36.8,0.0,22,138,5
2026-05-18 23:00:00,0.0,0,11.6,35.2,0.0,23,138,5
2026-05-19 00:00:00,0.0,0,12.1,33.9,0.0,0,139,5
2026-05-19 01:00:00,0.0,0,12.8,32.9,0.0,1,139,5
2026-05-19 02:00:00,0.0,0,11.7,31.9,0.0,2,139,5
2026-05-19 03:00:00,0.0,0,12.4,31.0,0.0,3,139,5
2026-05-19 04:00:00,0.0,0,12.2,30.2,0.0,4,139,5
2026-05-19 05:00:00,0.0,12,11.1,29.7,0.0,5,139,5
2026-05-19 06:00:00,11.0,15,11.1,29.0,0.2891039628397961,6,139,5
2026-05-19 07:00:00,137.0,19,9.8,29.2,3.899709760834403,7,139,5
2026-05-19 08:00:00,348.0,5,7.8,30.6,11.105838438838553,8,139,5
2026-05-19 09:00:00,569.0,0,6.7,32.8,19.136057639897786,9,139,5
2026-05-19 10:00:00,759.0,22,8.0,35.3,20.783951706839815,10,139,5
2026-05-19 11:00:00,898.0,0,9.4,37.9,27.639212707219965,11,139,5
2026-05-19 12:00:00,974.0,82,9.9,39.8,15.990809163806551,12,139,5
2026-05-19 13:00:00,981.0,93,10.3,41.3,14.55268786756625,13,139,5
2026-05-19 14:00:00,916.0,83,11.0,42.1,13.456913884207061,14,139,5
2026-05-19 15:00:00,786.0,99,10.8,42.2,11.939902856634102,15,139,5
2026-05-19 16:00:00,594.0,100,11.2,41.9,7.854675307752902,16,139,5
2026-05-19 17:00:00,372.0,86,11.2,41.8,5.744101514046999,17,139,5
2026-05-19 18:00:00,173.0,98,10.2,41.0,2.416475355900079,18,139,5
2026-05-19 19:00:00,24.0,99,11.8,40.3,0.3338263506792874,19,139,5
2026-05-19 20:00:00,0.0,99,13.8,35.8,0.0,20,139,5
2026-05-19 21:00:00,0.0,87,10.7,33.5,0.0,21,139,5
2026-05-19 22:00:00,0.0,64,10.8,32.7,0.0,22,139,5
2026-05-19 23:00:00,0.0,9,9.9,32.2,0.0,23,139,5
2026-05-20 00:00:00,0.0,23,8.5,31.5,0.0,0,140,5
2026-05-20 01:00:00,0.0,0,8.7,31.1,0.0,1,140,5
2026-05-20 02:00:00,0.0,0,9.4,31.1,0.0,2,140,5
2026-05-20 03:00:00,0.0,0,9.8,30.5,0.0,3,140,5
2026-05-20 04:00:00,0.0,0,9.2,29.6,0.0,4,140,5
2026-05-20 05:00:00,0.0,0,9.0,29.3,0.0,5,140,5
2026-05-20 06:00:00,11.0,0,8.7,28.7,0.37754236977985367,6,140,5
2026-05-20 07:00:00,134.0,0,8.5,29.2,4.630224508025146,7,140,5
2026-05-20 08:00:00,339.0,5,7.6,30.5,10.831138007723924,8,140,5
2026-05-20 09:00:00,544.0,2,6.5,32.3,17.658660928863505,9,140,5
2026-05-20 10:00:00,735.0,0,6.1,34.5,24.0188176813609,10,140,5
2026-05-20 11:00:00,875.0,0,6.7,37.0,26.492062199199847,11,140,5
2026-05-20 12:00:00,950.0,12,9.5,39.6,28.967587923312127,12,140,5
2026-05-20 13:00:00,859.0,16,12.2,40.7,26.16072765431093,13,140,5
2026-05-20 14:00:00,827.0,7,12.3,41.4,27.16434482091326,14,140,5
2026-05-20 15:00:00,746.0,4,12.4,41.9,19.659558686213465,15,140,5
2026-05-20 16:00:00,576.0,7,12.3,42.1,16.041244731261497,16,140,5
2026-05-20 17:00:00,376.0,1,11.6,41.9,12.410386473244936,17,140,5
2026-05-20 18:00:00,171.0,1,13.6,41.1,4.963662212462765,18,140,5
2026-05-20 19:00:00,24.0,1,14.6,39.4,0.6655252132388965,19,140,5
2026-05-20 20:00:00,0.0,1,13.5,34.1,0.0,20,140,5
2026-05-20 21:00:00,0.0,1,11.1,32.8,0.0,21,140,5
2026-05-20 22:00:00,0.0,0,11.0,31.6,0.0,22,140,5
2026-05-20 23:00:00,0.0,0,9.5,31.3,0.0,23,140,5
2026-05-21 00:00:00,0.0,0,9.0,31.0,0.0,0,141,5
2026-05-21 01:00:00,0.0,0,7.9,30.8,0.0,1,141,5
2026-05-21 02:00:00,0.0,0,8.7,31.0,0.0,2,141,5
2026-05-21 03:00:00,0.0,0,9.0,30.8,0.0,3,141,5
2026-05-21 04:00:00,0.0,0,8.1,29.9,0.0,4,141,5
2026-05-21 05:00:00,0.0,0,7.2,29.7,0.0,5,141,5
2026-05-21 06:00:00,11.0,0,7.9,28.9,0.35702936937515406,6,141,5
2026-05-21 07:00:00,134.0,0,8.4,29.3,4.926705998185744,7,141,5
2026-05-21 08:00:00,339.0,1,8.3,30.8,11.392784371550505,8,141,5
2026-05-21 09:00:00,549.0,0,6.8,32.8,18.596952053825966,9,141,5
2026-05-21 10:00:00,736.0,0,5.4,35.0,24.364884420574437,10,141,5
2026-05-21 11:00:00,875.0,0,4.5,36.4,28.76897215471501,11,141,5
2026-05-21 12:00:00,951.0,0,4.6,38.5,34.50744414124137,12,141,5
2026-05-21 13:00:00,958.0,0,5.2,39.8,33.58870373531641,13,141,5
2026-05-21 14:00:00,896.0,0,6.8,40.7,26.27054955293338,14,141,5
2026-05-21 15:00:00,770.0,0,8.5,41.1,26.138424814326275,15,141,5
2026-05-21 16:00:00,593.0,0,10.1,41.0,18.886786756198976,16,141,5
2026-05-21 17:00:00,383.0,0,9.5,40.7,12.69489070821621,17,141,5
2026-05-21 18:00:00,171.0,1,9.9,40.0,5.56052953660579,18,141,5
2026-05-21 19:00:00,24.0,2,5.1,39.4,0.7445678516949976,19,141,5
2026-05-21 20:00:00,0.0,0,10.2,38.8,0.0,20,141,5
2026-05-21 21:00:00,0.0,1,12.1,35.6,0.0,21,141,5
2026-05-21 22:00:00,0.0,1,11.8,34.1,0.0,22,141,5
2026-05-21 23:00:00,0.0,0,10.5,33.5,0.0,23,141,5
2026-05-22 00:00:00,0.0,0,9.7,33.4,0.0,0,142,5
2026-05-22 01:00:00,0.0,3,8.8,33.1,0.0,1,142,5
2026-05-22 02:00:00,0.0,4,12.5,32.7,0.0,2,142,5
2026-05-22 03:00:00,0.0,0,11.0,31.5,0.0,3,142,5
2026-05-22 04:00:00,0.0,0,9.9,30.6,0.0,4,142,5
2026-05-22 05:00:00,0.0,0,8.7,30.4,0.0,5,142,5
2026-05-22 06:00:00,11.0,0,8.8,29.9,0.3424801883855146,6,142,5
2026-05-22 07:00:00,132.0,0,7.9,30.4,3.752576592047639,7,142,5
2026-05-22 08:00:00,334.0,0,6.5,31.8,11.35103747999397,8,142,5
2026-05-22 09:00:00,544.0,0,5.2,34.0,17.03034807604267,9,142,5
2026-05-22 10:00:00,728.0,0,5.0,36.3,21.251513781383135,10,142,5
2026-05-22 11:00:00,863.0,0,5.7,37.9,29.707351584184934,11,142,5
2026-05-22 12:00:00,938.0,0,7.2,39.5,28.654251442953374,12,142,5
2026-05-22 13:00:00,945.0,0,8.8,40.7,29.602929491317713,13,142,5
2026-05-22 14:00:00,887.0,0,9.9,41.5,28.38533486057012,14,142,5
2026-05-22 15:00:00,768.0,0,10.8,41.9,21.715446128746215,15,142,5
2026-05-22 16:00:00,593.0,0,11.0,41.8,18.57838948903616,16,142,5
2026-05-22 17:00:00,383.0,0,10.4,41.5,13.036238968322062,17,142,5
2026-05-22 18:00:00,173.0,0,9.6,40.9,5.506135243807989,18,142,5
2026-05-22 19:00:00,25.0,0,11.0,39.5,0.8576978095859965,19,142,5
2026-05-22 20:00:00,0.0,0,13.4,35.2,0.0,20,142,5
2026-05-22 21:00:00,0.0,0,11.3,33.8,0.0,21,142,5
2026-05-22 22:00:00,0.0,0,10.3,33.0,0.0,22,142,5
2026-05-22 23:00:00,0.0,0,11.0,32.9,0.0,23,142,5
2026-05-23 00:00:00,0.0,0,9.7,32.6,0.0,0,143,5
2026-05-23 01:00:00,0.0,0,13.2,33.0,0.0,1,143,5
2026-05-23 02:00:00,0.0,0,13.7,31.9,0.0,2,143,5
2026-05-23 03:00:00,0.0,0,13.0,31.2,0.0,3,143,5
2026-05-23 04:00:00,0.0,0,11.7,30.5,0.0,4,143,5
2026-05-23 05:00:00,0.0,0,9.2,30.2,0.0,5,143,5
2026-05-23 06:00:00,11.0,0,8.5,29.7,0.3513751852103151,6,143,5
2026-05-23 07:00:00,131.0,0,9.0,30.3,4.170361222470142,7,143,5
2026-05-23 08:00:00,332.0,3,9.5,31.5,10.069703936467027,8,143,5
2026-05-23 09:00:00,536.0,4,8.7,33.2,17.429457173790837,9,143,5
2026-05-23 10:00:00,721.0,2,7.6,35.2,24.63306619021225,10,143,5
2026-05-23 11:00:00,860.0,0,7.2,37.0,25.98049404026864,11,143,5
2026-05-23 12:00:00,939.0,0,7.7,39.0,29.75198243875113,12,143,5
2026-05-23 13:00:00,947.0,14,9.3,40.6,26.241692620923583,13,143,5
2026-05-23 14:00:00,839.0,9,10.0,41.5,24.93712360936991,14,143,5
2026-05-23 15:00:00,699.0,14,10.7,41.9,20.33899649746618,15,143,5
2026-05-23 16:00:00,557.0,5,11.0,42.1,15.853340210586545,16,143,5
2026-05-23 17:00:00,384.0,3,12.2,41.9,12.006835219389098,17,143,5
2026-05-23 18:00:00,173.0,1,11.1,41.0,5.006784811797343,18,143,5
2026-05-23 19:00:00,26.0,0,9.2,40.2,0.8011115552881182,19,143,5
2026-05-23 20:00:00,0.0,0,15.9,36.7,0.0,20,143,5
2026-05-23 21:00:00,0.0,0,11.1,34.3,0.0,21,143,5
2026-05-23 22:00:00,0.0,0,9.8,34.2,0.0,22,143,5
2026-05-23 23:00:00,0.0,0,9.2,33.5,0.0,23,143,5
2026-05-24 00:00:00,0.0,0,7.3,32.9,0.0,0,144,5
2026-05-24 01:00:00,0.0,0,11.4,33.2,0.0,1,144,5
2026-05-24 02:00:00,0.0,0,12.8,32.7,0.0,2,144,5
2026-05-24 03:00:00,0.0,0,12.1,31.7,0.0,3,144,5
2026-05-24 04:00:00,0.0,0,11.7,30.9,0.0,4,144,5
2026-05-24 05:00:00,0.0,0,11.4,30.4,0.0,5,144,5
2026-05-24 06:00:00,12.0,0,11.8,29.8,0.43973137048452104,6,144,5
2026-05-24 07:00:00,133.0,0,11.1,30.4,4.239908585927663,7,144,5
2026-05-24 08:00:00,332.0,1,10.8,31.7,10.391587034765701,8,144,5
2026-05-24 09:00:00,539.0,2,10.8,33.3,17.4732466572169,9,144,5
2026-05-24 10:00:00,721.0,0,11.2,35.2,22.253570891652505,10,144,5
2026-05-24 11:00:00,858.0,0,10.1,36.9,28.392439255401534,11,144,5
2026-05-24 12:00:00,932.0,8,10.8,38.7,26.606909880601112,12,144,5
2026-05-24 13:00:00,897.0,14,11.7,39.9,21.709507402050974,13,144,5
2026-05-24 14:00:00,843.0,8,12.7,40.7,28.82573753299612,14,144,5
2026-05-24 15:00:00,734.0,19,13.2,41.1,21.51201975470997,15,144,5
2026-05-24 16:00:00,538.0,13,13.2,41.0,15.834705293002294,16,144,5
2026-05-24 17:00:00,327.0,15,12.9,40.9,9.901168110771899,17,144,5
2026-05-24 18:00:00,156.0,8,13.3,40.1,4.674816485915877,18,144,5
2026-05-24 19:00:00,25.0,7,13.9,39.2,0.7534106714939628,19,144,5
2026-05-24 20:00:00,0.0,2,12.2,37.6,0.0,20,144,5
2026-05-24 21:00:00,0.0,1,10.1,35.7,0.0,21,144,5
2026-05-24 22:00:00,0.0,0,8.2,34.2,0.0,22,144,5
2026-05-24 23:00:00,0.0,0,7.7,34.0,0.0,23,144,5
2026-05-25 00:00:00,0.0,0,11.2,33.9,0.0,0,145,5
2026-05-25 01:00:00,0.0,0,11.8,32.3,0.0,1,145,5
2026-05-25 02:00:00,0.0,0,11.9,31.1,0.0,2,145,5
2026-05-25 03:00:00,0.0,0,11.2,29.7,0.0,3,145,5
2026-05-25 04:00:00,0.0,0,10.5,28.8,0.0,4,145,5
2026-05-25 05:00:00,0.0,2,11.9,28.5,0.0,5,145,5
2026-05-25 06:00:00,12.0,2,11.7,28.1,0.3895801099103455,6,145,5
2026-05-25 07:00:00,133.0,15,10.8,28.9,3.4065985851325506,7,145,5
2026-05-25 08:00:00,330.0,10,10.4,30.2,10.320489415535091,8,145,5
2026-05-25 09:00:00,530.0,10,9.6,32.0,16.47988097313246,9,145,5
2026-05-25 10:00:00,723.0,4,8.3,34.1,24.55988646194995,10,145,5
2026-05-25 11:00:00,868.0,0,8.1,36.6,25.8612506325781,11,145,5
2026-05-25 12:00:00,944.0,0,10.0,38.9,30.123286017785574,12,145,5
2026-05-25 13:00:00,954.0,0,11.3,40.3,29.378898987205314,13,145,5
2026-05-25 14:00:00,895.0,0,11.8,41.3,25.82055634675244,14,145,5
2026-05-25 15:00:00,772.0,0,11.8,41.9,23.835024757610498,15,145,5
2026-05-25 16:00:00,598.0,0,12.1,42.1,19.59534363805261,16,145,5
2026-05-25 17:00:00,389.0,0,11.6,41.9,11.094678039707619,17,145,5
2026-05-25 18:00:00,178.0,0,12.9,41.4,5.630119496308168,18,145,5
2026-05-25 19:00:00,27.0,0,14.4,37.8,0.849340949481443,19,145,5
2026-05-25 20:00:00,0.0,0,12.5,35.3,0.0,20,145,5
2026-05-25 21:00:00,0.0,0,11.2,34.7,0.0,21,145,5
2026-05-25 22:00:00,0.0,0,9.8,34.9,0.0,22,145,5
2026-05-25 23:00:00,0.0,0,12.5,34.5,0.0,23,145,5
2026-05-26 00:00:00,0.0,0,13.4,32.3,0.0,0,146,5
2026-05-26 01:00:00,0.0,0,13.5,31.1,0.0,1,146,5
2026-05-26 02:00:00,0.0,0,12.6,30.0,0.0,2,146,5
2026-05-26 03:00:00,0.0,0,11.9,29.5,0.0,3,146,5
2026-05-26 04:00:00,0.0,35,13.1,29.3,0.0,4,146,5
2026-05-26 05:00:00,0.0,15,10.4,28.9,0.0,5,146,5
2026-05-26 06:00:00,12.0,18,10.7,29.0,0.3109467837227663,6,146,5
2026-05-26 07:00:00,120.0,22,10.3,29.8,3.101240548355381,7,146,5
2026-05-26 08:00:00,303.0,22,10.1,31.0,8.388755427080499,8,146,5
2026-05-26 09:00:00,514.0,7,9.5,32.5,16.951751253043643,9,146,5
2026-05-26 10:00:00,723.0,4,8.9,34.3,21.716948160352334,10,146,5
2026-05-26 11:00:00,862.0,2,8.5,36.0,26.33109229189518,11,146,5
2026-05-26 12:00:00,941.0,0,9.1,38.1,31.67081007181901,12,146,5
2026-05-26 13:00:00,954.0,0,10.4,39.9,32.45219798141243,13,146,5
2026-05-26 14:00:00,894.0,0,11.1,41.0,24.401437067197932,14,146,5
2026-05-26 15:00:00,772.0,0,11.3,41.8,24.76622389629391,15,146,5
2026-05-26 16:00:00,596.0,0,11.0,42.0,17.59583173547712,16,146,5
2026-05-26 17:00:00,388.0,0,11.3,42.1,11.055729138123523,17,146,5
2026-05-26 18:00:00,178.0,0,11.3,41.1,5.615907529041908,18,146,5
2026-05-26 19:00:00,27.0,0,14.5,37.0,0.8872860011402619,19,146,5
2026-05-26 20:00:00,0.0,0,11.7,34.9,0.0,20,146,5
2026-05-26 21:00:00,0.0,0,11.0,33.8,0.0,21,146,5
2026-05-26 22:00:00,0.0,0,10.4,33.0,0.0,22,146,5
2026-05-26 23:00:00,0.0,0,8.8,32.4,0.0,23,146,5
2026-05-27 00:00:00,0.0,0,8.2,32.1,0.0,0,147,5
2026-05-27 01:00:00,0.0,0,11.1,32.2,0.0,1,147,5
2026-05-27 02:00:00,0.0,0,11.6,31.3,0.0,2,147,5
2026-05-27 03:00:00,0.0,0,11.9,30.2,0.0,3,147,5
2026-05-27 04:00:00,0.0,1,11.4,29.4,0.0,4,147,5
2026-05-27 05:00:00,0.0,2,12.5,29.0,0.0,5,147,5
2026-05-27 06:00:00,12.0,2,11.8,28.9,0.36152954021691713,6,147,5
2026-05-27 07:00:00,135.0,8,12.9,29.7,4.292579807008446,7,147,5
2026-05-27 08:00:00,336.0,3,11.0,31.0,11.054368701410205,8,147,5
2026-05-27 09:00:00,547.0,2,9.9,32.8,18.194840582977704,9,147,5
2026-05-27 10:00:00,729.0,0,10.0,34.7,23.743025933560084,10,147,5
2026-05-27 11:00:00,866.0,0,7.5,36.4,29.418769821192676,11,147,5
2026-05-27 12:00:00,943.0,0,7.6,38.5,29.330845731173866,12,147,5
2026-05-27 13:00:00,953.0,0,8.9,40.1,30.331736054614577,13,147,5
2026-05-27 14:00:00,895.0,0,10.3,41.3,25.899536823652603,14,147,5
2026-05-27 15:00:00,773.0,0,10.8,42.1,25.616315462463785,15,147,5
2026-05-27 16:00:00,599.0,0,11.1,42.2,19.383021317701036,16,147,5
2026-05-27 17:00:00,391.0,0,13.4,42.6,11.87914403665929,17,147,5
2026-05-27 18:00:00,182.0,0,11.4,42.0,6.043231290783652,18,147,5
2026-05-27 19:00:00,28.0,0,15.1,37.5,0.9456437119302644,19,147,5
2026-05-27 20:00:00,0.0,0,12.8,34.8,0.0,20,147,5
2026-05-27 21:00:00,0.0,0,11.1,33.7,0.0,21,147,5
2026-05-27 22:00:00,0.0,0,9.7,32.7,0.0,22,147,5
2026-05-27 23:00:00,0.0,0,8.0,32.2,0.0,23,147,5
2026-05-28 00:00:00,0.0,0,5.6,31.6,0.0,0,148,5
2026-05-28 01:00:00,0.0,0,12.0,32.0,0.0,1,148,5
2026-05-28 02:00:00,0.0,0,11.9,30.8,0.0,2,148,5
2026-05-28 03:00:00,0.0,0,11.3,30.2,0.0,3,148,5
2026-05-28 04:00:00,0.0,0,10.4,29.9,0.0,4,148,5
2026-05-28 05:00:00,0.0,0,11.2,29.7,0.0,5,148,5
2026-05-28 06:00:00,12.0,38,11.9,29.1,0.29432565062418853,6,148,5
2026-05-28 07:00:00,130.0,26,11.4,29.8,3.8001917526488396,7,148,5
2026-05-28 08:00:00,317.0,21,10.2,30.9,9.605868665179006,8,148,5
2026-05-28 09:00:00,538.0,6,9.9,32.5,14.9015381999025,9,148,5
2026-05-28 10:00:00,726.0,7,10.4,34.6,23.249878157929547,10,148,5
2026-05-28 11:00:00,869.0,0,11.1,36.8,29.414239237108358,11,148,5
2026-05-28 12:00:00,946.0,0,12.2,38.9,27.54697856582318,12,148,5
2026-05-28 13:00:00,954.0,0,13.7,40.5,28.929560223507334,13,148,5
2026-05-28 14:00:00,893.0,0,14.5,41.7,26.13029036349762,14,148,5
2026-05-28 15:00:00,770.0,0,15.2,42.5,24.882509267935866,15,148,5
2026-05-28 16:00:00,594.0,0,16.1,43.1,18.148947084932917,16,148,5
2026-05-28 17:00:00,388.0,0,16.0,41.0,10.28896399536808,17,148,5
2026-05-28 18:00:00,179.0,0,15.0,38.4,5.637738834416375,18,148,5
2026-05-28 19:00:00,28.0,0,14.2,36.8,0.8447957935138021,19,148,5
2026-05-28 20:00:00,0.0,0,12.0,34.3,0.0,20,148,5
2026-05-28 21:00:00,0.0,0,8.3,33.4,0.0,21,148,5
2026-05-28 22:00:00,0.0,0,7.6,33.3,0.0,22,148,5
2026-05-28 23:00:00,0.0,0,8.2,32.9,0.0,23,148,5
2026-05-29 00:00:00,0.0,0,9.4,32.5,0.0,0,149,5
2026-05-29 01:00:00,0.0,0,8.0,31.9,0.0,1,149,5
2026-05-29 02:00:00,0.0,0,11.0,31.4,0.0,2,149,5
2026-05-29 03:00:00,0.0,0,12.4,30.9,0.0,3,149,5
2026-05-29 04:00:00,0.0,0,14.4,29.9,0.0,4,149,5
2026-05-29 05:00:00,0.0,1,13.2,29.2,0.0,5,149,5
2026-05-29 06:00:00,12.0,4,13.0,28.9,0.4231688532736488,6,149,5
2026-05-29 07:00:00,134.0,33,16.1,29.8,3.425004855652029,7,149,5
2026-05-29 08:00:00,292.0,3,15.4,31.1,9.292883986573871,8,149,5
2026-05-29 09:00:00,539.0,2,14.8,32.9,17.838225137170546,9,149,5
2026-05-29 10:00:00,723.0,2,14.2,34.9,20.29418400742917,10,149,5
2026-05-29 11:00:00,860.0,0,13.3,37.1,28.596198220519216,11,149,5
2026-05-29 12:00:00,932.0,0,14.8,38.8,27.671440832693847,12,149,5
2026-05-29 13:00:00,939.0,0,15.9,40.5,29.600279581501958,13,149,5
2026-05-29 14:00:00,880.0,0,17.0,41.8,27.083802038023613,14,149,5
2026-05-29 15:00:00,759.0,0,18.1,42.3,24.25747626572911,15,149,5
2026-05-29 16:00:00,586.0,2,17.9,42.4,18.07481476453331,16,149,5
2026-05-29 17:00:00,377.0,1,15.9,41.4,12.552866285152323,17,149,5
2026-05-29 18:00:00,176.0,4,17.2,38.0,5.703788115671253,18,149,5
2026-05-29 19:00:00,28.0,3,16.1,34.8,0.9346375571543157,19,149,5
2026-05-29 20:00:00,0.0,2,8.9,34.1,0.0,20,149,5
2026-05-29 21:00:00,0.0,1,6.7,33.9,0.0,21,149,5
2026-05-29 22:00:00,0.0,0,7.4,34.3,0.0,22,149,5
2026-05-29 23:00:00,0.0,0,9.2,33.5,0.0,23,149,5
2026-05-30 00:00:00,0.0,0,10.6,32.2,0.0,0,150,5
2026-05-30 01:00:00,0.0,1,9.1,31.3,0.0,1,150,5
2026-05-30 02:00:00,0.0,9,6.4,30.9,0.0,2,150,5
2026-05-30 03:00:00,0.0,25,10.2,30.7,0.0,3,150,5
2026-05-30 04:00:00,0.0,17,14.1,30.1,0.0,4,150,5
2026-05-30 05:00:00,0.0,16,11.7,29.8,0.0,5,150,5
2026-05-30 06:00:00,12.0,28,5.9,29.8,0.353434954598276,6,150,5
2026-05-30 07:00:00,113.0,48,6.3,30.3,2.918830620244313,7,150,5
2026-05-30 08:00:00,320.0,22,9.6,31.4,8.94533946846167,8,150,5
2026-05-30 09:00:00,507.0,2,12.2,32.9,15.32886717444854,9,150,5
2026-05-30 10:00:00,718.0,2,13.5,34.6,23.41384248799845,10,150,5
2026-05-30 11:00:00,859.0,1,14.7,36.2,25.718413073933963,11,150,5
2026-05-30 12:00:00,932.0,0,16.2,37.5,28.85003704802179,12,150,5
2026-05-30 13:00:00,943.0,0,16.9,38.6,26.980241500982807,13,150,5
2026-05-30 14:00:00,885.0,1,16.3,39.3,27.196825110880155,14,150,5
2026-05-30 15:00:00,760.0,1,14.9,40.1,25.25526216436155,15,150,5
2026-05-30 16:00:00,584.0,3,15.2,40.7,17.80102475755023,16,150,5
2026-05-30 17:00:00,377.0,0,15.1,38.6,13.016808322675551,17,150,5
2026-05-30 18:00:00,177.0,1,17.7,36.7,5.596607620682997,18,150,5
2026-05-30 19:00:00,28.0,0,16.7,33.7,0.9527157681663788,19,150,5
2026-05-30 20:00:00,0.0,3,14.2,33.0,0.0,20,150,5
2026-05-30 21:00:00,0.0,9,9.5,32.9,0.0,21,150,5
2026-05-30 22:00:00,0.0,19,9.4,32.9,0.0,22,150,5
2026-05-30 23:00:00,0.0,100,17.7,27.6,0.0,23,150,5
2026-05-31 00:00:00,0.0,97,7.6,26.6,0.0,0,151,5
2026-05-31 01:00:00,0.0,84,7.9,27.7,0.0,1,151,5
2026-05-31 02:00:00,0.0,33,7.7,27.6,0.0,2,151,5
2026-05-31 03:00:00,0.0,8,5.8,27.6,0.0,3,151,5
2026-05-31 04:00:00,0.0,4,3.6,27.9,0.0,4,151,5
2026-05-31 05:00:00,0.0,1,7.1,25.0,0.0,5,151,5
2026-05-31 06:00:00,12.0,6,5.5,25.7,0.38676194876847675,6,151,5
2026-05-31 07:00:00,129.0,2,6.1,27.4,4.515966004474953,7,151,5
2026-05-31 08:00:00,327.0,1,6.3,29.8,10.95934012175712,8,151,5
2026-05-31 09:00:00,535.0,0,9.6,32.0,17.65844976423856,9,151,5
2026-05-31 10:00:00,719.0,3,9.3,33.6,22.474140497385548,10,151,5
2026-05-31 11:00:00,848.0,3,8.3,35.2,28.920333813997086,11,151,5
2026-05-31 12:00:00,923.0,8,8.8,36.5,27.570943891129755,12,151,5
2026-05-31 13:00:00,917.0,1,10.9,37.4,30.709016003814604,13,151,5
2026-05-31 14:00:00,876.0,1,10.5,38.2,26.1701300936467,14,151,5
2026-05-31 15:00:00,754.0,7,8.3,38.7,22.700339137710674,15,151,5
2026-05-31 16:00:00,551.0,23,5.4,39.2,15.46843737370545,16,151,5
2026-05-31 17:00:00,325.0,37,13.0,38.7,7.809722912768816,17,151,5
2026-05-31 18:00:00,155.0,50,14.1,35.4,3.953623447742787,18,151,5
2026-05-31 19:00:00,26.0,9,13.0,34.1,0.9704157339556717,19,151,5
2026-05-31 20:00:00,0.0,5,13.2,32.9,0.0,20,151,5
2026-05-31 21:00:00,0.0,2,11.5,31.8,0.0,21,151,5
2026-05-31 22:00:00,0.0,34,9.8,31.3,0.0,22,151,5
2026-05-31 23:00:00,0.0,0,6.2,31.0,0.0,23,151,5
2026-06-01 00:00:00,0.0,0,4.1,30.7,0.0,0,152,6
2026-06-01 01:00:00,0.0,0,8.9,30.8,0.0,1,152,6
2026-06-01 02:00:00,0.0,0,10.8,30.7,0.0,2,152,6
2026-06-01 03:00:00,0.0,0,8.9,30.1,0.0,3,152,6
2026-06-01 04:00:00,0.0,0,9.0,29.8,0.0,4,152,6
2026-06-01 05:00:00,0.0,2,6.9,29.7,0.0,5,152,6
2026-06-01 06:00:00,12.0,6,6.0,29.8,0.3793591431220765,6,152,6
2026-06-01 07:00:00,126.0,5,7.3,30.8,4.167139529279385,7,152,6
2026-06-01 08:00:00,319.0,39,6.7,32.1,8.98309738581424,8,152,6
2026-06-01 09:00:00,495.0,16,5.4,33.4,14.817339886398486,9,152,6
2026-06-01 10:00:00,684.0,13,5.1,34.9,21.706720662584686,10,152,6
2026-06-01 11:00:00,813.0,7,6.9,35.9,24.8804089153455,11,152,6
2026-06-01 12:00:00,885.0,5,8.5,36.3,26.505148330319017,12,152,6
2026-06-01 13:00:00,928.0,13,8.2,37.6,26.16792462391992,13,152,6
2026-06-01 14:00:00,841.0,21,9.8,38.6,24.63568043056406,14,152,6
2026-06-01 15:00:00,722.0,13,10.0,39.1,23.4242204588736,15,152,6
2026-06-01 16:00:00,560.0,32,9.4,39.3,12.844765697789882,16,152,6
2026-06-01 17:00:00,328.0,16,13.7,39.9,10.436996980192392,17,152,6
2026-06-01 18:00:00,175.0,12,15.3,38.0,5.341395934640516,18,152,6
2026-06-01 19:00:00,29.0,5,14.4,35.3,0.8712584917189781,19,152,6
2026-06-01 20:00:00,0.0,13,13.3,34.3,0.0,20,152,6
2026-06-01 21:00:00,0.0,78,10.6,33.5,0.0,21,152,6
2026-06-01 22:00:00,0.0,99,13.2,28.7,0.0,22,152,6
2026-06-01 23:00:00,0.0,32,13.2,26.4,0.0,23,152,6
2026-06-02 00:00:00,0.0,98,12.4,26.1,0.0,0,153,6
2026-06-02 01:00:00,0.0,100,10.8,26.2,0.0,1,153,6
2026-06-02 02:00:00,0.0,97,6.7,26.2,0.0,2,153,6
2026-06-02 03:00:00,0.0,98,8.9,25.9,0.0,3,153,6
2026-06-02 04:00:00,0.0,100,7.8,26.0,0.0,4,153,6
2026-06-02 05:00:00,0.0,100,12.9,24.1,0.0,5,153,6
2026-06-02 06:00:00,4.0,100,4.6,24.1,0.055005573531113974,6,153,6
2026-06-02 07:00:00,44.0,100,3.5,24.7,0.6947859998170448,7,153,6
2026-06-02 08:00:00,198.0,3,3.6,26.3,6.777278382263016,8,153,6
2026-06-02 09:00:00,531.0,23,4.1,29.1,13.730813476978952,9,153,6
2026-06-02 10:00:00,711.0,61,4.0,31.2,13.147630354291366,10,153,6
2026-06-02 11:00:00,828.0,83,9.5,33.2,13.929423660170158,11,153,6
2026-06-02 12:00:00,789.0,70,6.8,34.3,14.756678643171748,12,153,6
2026-06-02 13:00:00,881.0,70,5.1,35.4,17.27370262307279,13,153,6
2026-06-02 14:00:00,846.0,72,4.4,36.1,15.864216069478166,14,153,6
2026-06-02 15:00:00,744.0,26,3.2,36.7,21.421704722308775,15,153,6
2026-06-02 16:00:00,573.0,18,2.4,37.0,16.87620605191662,16,153,6
2026-06-02 17:00:00,374.0,7,3.9,36.7,12.21702935978326,17,153,6
2026-06-02 18:00:00,174.0,18,1.3,36.3,4.884198783897309,18,153,6
2026-06-02 19:00:00,27.0,27,1.5,35.7,0.8021113469600122,19,153,6
2026-06-02 20:00:00,0.0,18,3.6,35.5,0.0,20,153,6
2026-06-02 21:00:00,0.0,3,8.6,33.8,0.0,21,153,6
2026-06-02 22:00:00,0.0,2,8.8,32.1,0.0,22,153,6
2026-06-02 23:00:00,0.0,13,11.4,31.1,0.0,23,153,6
2026-06-03 00:00:00,0.0,5,10.7,30.5,0.0,0,154,6
2026-06-03 01:00:00,0.0,2,8.6,30.1,0.0,1,154,6
2026-06-03 02:00:00,0.0,2,6.1,29.9,0.0,2,154,6
2026-06-03 03:00:00,0.0,10,7.0,29.6,0.0,3,154,6
2026-06-03 04:00:00,0.0,33,7.6,29.4,0.0,4,154,6
2026-06-03 05:00:00,0.0,0,6.3,29.5,0.0,5,154,6
2026-06-03 06:00:00,13.0,0,4.7,29.3,0.4855667547382637,6,154,6
2026-06-03 07:00:00,132.0,6,7.6,30.7,4.094082193262714,7,154,6
2026-06-03 08:00:00,319.0,2,8.2,32.0,10.041915109694354,8,154,6
2026-06-03 09:00:00,529.0,0,3.6,33.6,17.9474268849095,9,154,6
2026-06-03 10:00:00,713.0,4,4.6,35.5,24.47461185832885,10,154,6
2026-06-03 11:00:00,822.0,11,5.3,36.6,21.455915943246726,11,154,6
2026-06-03 12:00:00,874.0,12,5.4,37.4,24.52053065478629,12,154,6
2026-06-03 13:00:00,890.0,23,4.5,38.4,24.334406745807495,13,154,6
2026-06-03 14:00:00,792.0,19,5.1,39.0,22.43355748749972,14,154,6
2026-06-03 15:00:00,723.0,23,4.9,39.4,20.12834774153047,15,154,6
2026-06-03 16:00:00,549.0,24,7.1,38.9,14.155698345069236,16,154,6
2026-06-03 17:00:00,362.0,20,7.0,39.4,10.351320366608508,17,154,6
2026-06-03 18:00:00,175.0,46,7.2,37.1,4.529623250504865,18,154,6
2026-06-03 19:00:00,26.0,9,12.0,36.1,0.7773404128570337,19,154,6
2026-06-03 20:00:00,0.0,1,15.0,34.2,0.0,20,154,6
2026-06-03 21:00:00,0.0,4,11.2,32.8,0.0,21,154,6
2026-06-03 22:00:00,0.0,2,9.6,32.4,0.0,22,154,6
2026-06-03 23:00:00,0.0,0,11.0,31.9,0.0,23,154,6
2026-06-04 00:00:00,0.0,0,9.6,31.5,0.0,0,155,6
2026-06-04 01:00:00,0.0,1,7.9,31.2,0.0,1,155,6
2026-06-04 02:00:00,0.0,0,7.1,31.1,0.0,2,155,6
2026-06-04 03:00:00,0.0,0,5.6,30.8,0.0,3,155,6
2026-06-04 04:00:00,0.0,0,3.6,30.4,0.0,4,155,6
2026-06-04 05:00:00,0.0,0,6.2,30.8,0.0,5,155,6
2026-06-04 06:00:00,13.0,0,6.3,30.6,0.46170350037456837,6,155,6
2026-06-04 07:00:00,132.0,0,9.8,31.5,4.085032339405896,7,155,6
2026-06-04 08:00:00,326.0,0,9.0,32.6,11.241919703409295,8,155,6
2026-06-04 09:00:00,532.0,0,8.9,34.1,16.2421614574784,9,155,6
2026-06-04 10:00:00,712.0,0,9.6,35.9,23.441303477363142,10,155,6
2026-06-04 11:00:00,846.0,5,9.9,37.1,21.70620206659453,11,155,6
2026-06-04 12:00:00,912.0,29,11.3,37.9,25.86204920380081,12,155,6
2026-06-04 13:00:00,861.0,25,11.5,38.6,21.27617146567082,13,155,6
2026-06-04 14:00:00,825.0,27,11.5,39.2,21.85509693850128,14,155,6
2026-06-04 15:00:00,682.0,27,13.0,39.4,18.939509093698486,15,155,6
2026-06-04 16:00:00,526.0,38,13.5,38.6,13.911920347866557,16,155,6
2026-06-04 17:00:00,334.0,59,12.5,38.2,6.502709322208755,17,155,6
2026-06-04 18:00:00,148.0,18,10.9,37.8,4.547934769349903,18,155,6
2026-06-04 19:00:00,31.0,5,15.5,36.3,0.9228326183190078,19,155,6
2026-06-04 20:00:00,0.0,2,16.0,34.6,0.0,20,155,6
2026-06-04 21:00:00,0.0,2,16.7,33.6,0.0,21,155,6
2026-06-04 22:00:00,0.0,5,14.4,32.9,0.0,22,155,6
2026-06-04 23:00:00,0.0,6,8.4,33.3,0.0,23,155,6
2026-06-05 00:00:00,0.0,16,7.9,33.0,0.0,0,156,6
2026-06-05 01:00:00,0.0,8,8.9,32.5,0.0,1,156,6
2026-06-05 02:00:00,0.0,2,12.9,31.8,0.0,2,156,6
2026-06-05 03:00:00,0.0,8,11.6,31.1,0.0,3,156,6
2026-06-05 04:00:00,0.0,26,11.0,30.5,0.0,4,156,6
2026-06-05 05:00:00,0.0,7,10.2,30.2,0.0,5,156,6
2026-06-05 06:00:00,13.0,13,7.9,29.8,0.4157633148924054,6,156,6
2026-06-05 07:00:00,129.0,48,10.5,30.3,3.2570848982955383,7,156,6
2026-06-05 08:00:00,269.0,100,8.2,31.6,4.370537501951403,8,156,6
2026-06-05 09:00:00,395.0,100,3.7,32.4,5.3711434379943075,9,156,6
2026-06-05 10:00:00,414.0,9,6.9,32.9,12.81166894092649,10,156,6
2026-06-05 11:00:00,736.0,10,9.7,34.8,23.600676582581315,11,156,6
2026-06-05 12:00:00,895.0,1,11.8,36.4,29.024854059135986,12,156,6
2026-06-05 13:00:00,922.0,2,11.0,37.6,28.140491785478233,13,156,6
2026-06-05 14:00:00,874.0,18,12.4,38.7,22.932052706329962,14,156,6
2026-06-05 15:00:00,690.0,11,12.2,38.8,19.6138953772331,15,156,6
2026-06-05 16:00:00,548.0,21,10.5,39.3,15.576403826690685,16,156,6
2026-06-05 17:00:00,351.0,22,12.6,38.9,9.930969015275924,17,156,6
2026-06-05 18:00:00,167.0,27,12.6,37.1,4.729674244541512,18,156,6
2026-06-05 19:00:00,29.0,7,12.4,35.8,0.8894725401171695,19,156,6
2026-06-05 20:00:00,0.0,3,12.6,34.3,0.0,20,156,6
2026-06-05 21:00:00,0.0,1,10.2,33.4,0.0,21,156,6
2026-06-05 22:00:00,0.0,0,8.5,33.0,0.0,22,156,6
2026-06-05 23:00:00,0.0,1,6.5,32.8,0.0,23,156,6
2026-06-06 00:00:00,0.0,1,4.1,32.3,0.0,0,157,6
2026-06-06 01:00:00,0.0,0,6.6,32.3,0.0,1,157,6
2026-06-06 02:00:00,0.0,0,10.0,32.0,0.0,2,157,6
2026-06-06 03:00:00,0.0,0,9.2,31.3,0.0,3,157,6
2026-06-06 04:00:00,0.0,0,9.2,30.8,0.0,4,157,6
2026-06-06 05:00:00,0.0,0,10.2,31.0,0.0,5,157,6
2026-06-06 06:00:00,13.0,1,10.2,30.8,0.38597755917218535,6,157,6
2026-06-06 07:00:00,132.0,0,9.7,31.4,4.552732650299993,7,157,6
2026-06-06 08:00:00,328.0,0,7.8,32.5,10.227758214332598,8,157,6
2026-06-06 09:00:00,533.0,2,7.3,33.9,18.738422022484777,9,157,6
2026-06-06 10:00:00,714.0,3,7.6,35.5,21.43709853996036,10,157,6
2026-06-06 11:00:00,850.0,38,10.8,37.4,21.655641021727664,11,157,6
2026-06-06 12:00:00,832.0,23,10.6,38.5,22.89741203975276,12,157,6
2026-06-06 13:00:00,859.0,9,10.9,39.3,27.131833549168906,13,157,6
2026-06-06 14:00:00,836.0,21,10.6,40.0,23.009436973773102,14,157,6
2026-06-06 15:00:00,724.0,10,10.3,40.3,21.251403870310067,15,157,6
2026-06-06 16:00:00,562.0,12,9.4,40.5,15.271803366378563,16,157,6
2026-06-06 17:00:00,348.0,7,10.7,40.0,10.65091876541613,17,157,6
2026-06-06 18:00:00,172.0,2,12.2,39.0,5.678402794484523,18,157,6
2026-06-06 19:00:00,33.0,0,14.8,36.4,1.0561907407758309,19,157,6
2026-06-06 20:00:00,0.0,0,12.7,34.7,0.0,20,157,6
2026-06-06 21:00:00,0.0,0,11.8,33.7,0.0,21,157,6
2026-06-06 22:00:00,0.0,1,7.0,33.3,0.0,22,157,6
2026-06-06 23:00:00,0.0,2,4.5,32.9,0.0,23,157,6
2026-06-07 00:00:00,0.0,1,10.1,33.1,0.0,0,158,6
2026-06-07 01:00:00,0.0,0,12.1,32.2,0.0,1,158,6
2026-06-07 02:00:00,0.0,1,10.3,31.4,0.0,2,158,6
2026-06-07 03:00:00,0.0,3,7.6,31.0,0.0,3,158,6
2026-06-07 04:00:00,0.0,0,6.3,30.7,0.0,4,158,6
2026-06-07 05:00:00,0.0,2,5.8,31.0,0.0,5,158,6
2026-06-07 06:00:00,13.0,14,6.0,30.9,0.3857722255845867,6,158,6
2026-06-07 07:00:00,120.0,22,7.5,31.5,3.2785192933206764,7,158,6
2026-06-07 08:00:00,310.0,0,8.9,32.6,9.769619607627122,8,158,6
2026-06-07 09:00:00,533.0,2,8.7,33.9,15.503110178625885,9,158,6
2026-06-07 10:00:00,714.0,4,8.8,35.3,22.707900186795065,10,158,6
2026-06-07 11:00:00,851.0,10,10.9,36.7,24.966562749187858,11,158,6
2026-06-07 12:00:00,907.0,7,11.3,37.9,28.741013819684717,12,158,6
2026-06-07 13:00:00,919.0,2,11.3,38.9,27.852412951482417,13,158,6
2026-06-07 14:00:00,873.0,2,10.6,39.7,24.37965077126914,14,158,6
2026-06-07 15:00:00,758.0,0,10.8,40.4,23.634166078445073,15,158,6
2026-06-07 16:00:00,592.0,0,10.3,40.6,18.3920261072856,16,158,6
2026-06-07 17:00:00,390.0,20,10.0,41.4,10.62809885530668,17,158,6
2026-06-07 18:00:00,180.0,26,16.2,38.6,5.083884135785002,18,158,6
2026-06-07 19:00:00,30.0,0,14.6,35.4,0.9185662077996278,19,158,6
2026-06-07 20:00:00,0.0,1,13.6,33.9,0.0,20,158,6
2026-06-07 21:00:00,0.0,0,10.2,33.1,0.0,21,158,6
2026-06-07 22:00:00,0.0,1,8.8,32.9,0.0,22,158,6
2026-06-07 23:00:00,0.0,0,6.8,32.7,0.0,23,158,6
2026-06-08 00:00:00,0.0,5,8.8,32.9,0.0,0,159,6
2026-06-08 01:00:00,0.0,81,13.9,32.2,0.0,1,159,6
2026-06-08 02:00:00,0.0,55,12.6,30.9,0.0,2,159,6
2026-06-08 03:00:00,0.0,80,12.2,30.7,0.0,3,159,6
2026-06-08 04:00:00,0.0,57,11.4,30.4,0.0,4,159,6
2026-06-08 05:00:00,0.0,93,9.2,30.9,0.0,5,159,6
2026-06-08 06:00:00,13.0,76,8.7,30.8,0.23173716483994777,6,159,6
2026-06-08 07:00:00,134.0,5,8.8,31.5,4.3385509708958105,7,159,6
2026-06-08 08:00:00,325.0,16,9.7,32.7,9.068441853603165,8,159,6
2026-06-08 09:00:00,515.0,28,10.9,34.5,13.826863857124732,9,159,6
2026-06-08 10:00:00,681.0,9,10.9,35.7,21.14804030501951,10,159,6
2026-06-08 11:00:00,839.0,11,12.2,37.0,25.675749137485305,11,159,6
2026-06-08 12:00:00,909.0,9,12.9,38.3,25.79062464726936,12,159,6
2026-06-08 13:00:00,929.0,5,12.9,39.4,30.183895902474763,13,159,6
2026-06-08 14:00:00,871.0,23,12.0,40.4,21.562654166615353,14,159,6
2026-06-08 15:00:00,709.0,20,10.9,41.1,21.034357251965783,15,159,6
2026-06-08 16:00:00,528.0,18,11.4,41.5,14.513162686576194,16,159,6
2026-06-08 17:00:00,335.0,55,16.1,39.7,6.739151116789201,17,159,6
2026-06-08 18:00:00,178.0,99,16.3,37.8,2.6274687663115883,18,159,6
2026-06-08 19:00:00,34.0,97,15.4,35.3,0.5547926302583303,19,159,6
2026-06-08 20:00:00,0.0,93,16.2,33.8,0.0,20,159,6
2026-06-08 21:00:00,0.0,59,10.7,32.8,0.0,21,159,6
2026-06-08 22:00:00,0.0,16,6.8,32.4,0.0,22,159,6
2026-06-08 23:00:00,0.0,3,4.2,32.5,0.0,23,159,6
2026-06-09 00:00:00,0.0,56,10.6,32.8,0.0,0,160,6
2026-06-09 01:00:00,0.0,22,11.0,31.9,0.0,1,160,6
2026-06-09 02:00:00,0.0,23,9.8,31.4,0.0,2,160,6
2026-06-09 03:00:00,0.0,2,10.6,31.0,0.0,3,160,6
2026-06-09 04:00:00,0.0,5,8.7,30.7,0.0,4,160,6
2026-06-09 05:00:00,0.0,11,8.9,30.7,0.0,5,160,6
2026-06-09 06:00:00,13.0,12,9.2,30.6,0.4228036038713174,6,160,6
2026-06-09 07:00:00,132.0,25,11.5,31.3,3.9091365859455927,7,160,6
2026-06-09 08:00:00,313.0,13,10.4,32.4,8.45806032773943,8,160,6
2026-06-09 09:00:00,521.0,19,9.8,33.9,16.0071758471889,9,160,6
2026-06-09 10:00:00,696.0,16,9.4,35.3,20.297528665680375,10,160,6
2026-06-09 11:00:00,827.0,16,11.9,36.9,18.928186487716967,11,160,6
2026-06-09 12:00:00,826.0,61,12.0,37.7,16.51216800293382,12,160,6
2026-06-09 13:00:00,845.0,38,11.7,39.1,21.35903844735844,13,160,6
2026-06-09 14:00:00,835.0,19,12.7,39.9,24.590800038483874,14,160,6
2026-06-09 15:00:00,731.0,21,10.8,41.0,21.515428004317226,15,160,6
2026-06-09 16:00:00,545.0,20,12.0,41.3,13.910226568647692,16,160,6
2026-06-09 17:00:00,362.0,6,15.8,39.1,10.846630944049682,17,160,6
2026-06-09 18:00:00,179.0,3,17.0,37.3,5.547038525565766,18,160,6
2026-06-09 19:00:00,34.0,6,16.9,35.2,1.027667041053097,19,160,6
2026-06-09 20:00:00,0.0,8,12.1,34.1,0.0,20,160,6
2026-06-09 21:00:00,0.0,5,8.5,33.5,0.0,21,160,6
2026-06-09 22:00:00,0.0,17,10.0,34.0,0.0,22,160,6
2026-06-09 23:00:00,0.0,1,9.6,33.8,0.0,23,160,6
2026-06-10 00:00:00,0.0,3,11.0,33.3,0.0,0,161,6
2026-06-10 01:00:00,0.0,2,12.6,32.5,0.0,1,161,6
2026-06-10 02:00:00,0.0,5,9.4,32.0,0.0,2,161,6
2026-06-10 03:00:00,0.0,14,12.2,31.8,0.0,3,161,6
2026-06-10 04:00:00,0.0,22,12.9,31.3,0.0,4,161,6
2026-06-10 05:00:00,0.0,34,12.0,30.7,0.0,5,161,6
2026-06-10 06:00:00,11.0,22,12.4,30.6,0.296245943442545,6,161,6
2026-06-10 07:00:00,127.0,42,12.4,31.3,3.2466602740814308,7,161,6
2026-06-10 08:00:00,311.0,15,11.6,32.4,9.761453520498662,8,161,6
2026-06-10 09:00:00,521.0,12,11.7,33.9,15.18444077588217,9,161,6
2026-06-10 10:00:00,688.0,2,11.8,35.5,22.2578760280333,10,161,6
2026-06-10 11:00:00,836.0,1,12.3,36.7,26.928854182614344,11,161,6
2026-06-10 12:00:00,924.0,1,10.2,38.1,30.723792614308888,12,161,6
2026-06-10 13:00:00,936.0,2,10.0,39.3,29.624395394520505,13,161,6
2026-06-10 14:00:00,883.0,0,10.5,40.4,29.214049998165034,14,161,6
2026-06-10 15:00:00,766.0,0,12.1,41.2,22.660814292471112,15,161,6
2026-06-10 16:00:00,595.0,0,13.7,41.5,19.403895002804692,16,161,6
2026-06-10 17:00:00,395.0,0,15.8,40.6,11.49419260327176,17,161,6
2026-06-10 18:00:00,189.0,0,19.2,36.9,5.879939665853838,18,161,6
2026-06-10 19:00:00,35.0,0,17.7,35.0,1.0331422069729959,19,161,6
2026-06-10 20:00:00,0.0,0,15.5,33.8,0.0,20,161,6
2026-06-10 21:00:00,0.0,0,12.2,32.8,0.0,21,161,6
2026-06-10 22:00:00,0.0,0,6.2,32.5,0.0,22,161,6
2026-06-10 23:00:00,0.0,2,3.9,32.6,0.0,23,161,6
2026-06-11 00:00:00,0.0,10,8.7,32.7,0.0,0,162,6
2026-06-11 01:00:00,0.0,0,13.5,32.7,0.0,1,162,6
2026-06-11 02:00:00,0.0,0,15.7,31.8,0.0,2,162,6
2026-06-11 03:00:00,0.0,0,13.8,30.9,0.0,3,162,6
2026-06-11 04:00:00,0.0,1,12.7,30.4,0.0,4,162,6
2026-06-11 05:00:00,0.0,63,13.3,30.3,0.0,5,162,6
2026-06-11 06:00:00,12.0,92,13.3,30.2,0.19748264893735457,6,162,6
2026-06-11 07:00:00,105.0,68,13.5,30.8,2.0217442684028892,7,162,6
2026-06-11 08:00:00,278.0,8,13.1,31.9,9.539925538190957,8,162,6
2026-06-11 09:00:00,518.0,33,13.5,33.9,13.172046854622085,9,162,6
2026-06-11 10:00:00,661.0,9,12.9,35.3,19.270212290728956,10,162,6
2026-06-11 11:00:00,842.0,6,12.2,37.1,23.490169416297434,11,162,6
2026-06-11 12:00:00,915.0,5,12.6,38.6,27.643848239643575,12,162,6
2026-06-11 13:00:00,926.0,2,13.6,39.9,29.673795753044224,13,162,6
2026-06-11 14:00:00,871.0,3,14.5,40.9,27.25601059965683,14,162,6
2026-06-11 15:00:00,755.0,2,15.2,41.6,23.489162312503943,15,162,6
2026-06-11 16:00:00,587.0,33,16.5,41.2,15.113014560844974,16,162,6
2026-06-11 17:00:00,371.0,0,17.1,39.1,11.824869731008764,17,162,6
2026-06-11 18:00:00,186.0,0,18.0,35.7,6.006332991336906,18,162,6
2026-06-11 19:00:00,35.0,0,17.1,34.9,1.2232043703296123,19,162,6
2026-06-11 20:00:00,0.0,0,16.0,33.4,0.0,20,162,6
2026-06-11 21:00:00,0.0,0,14.1,32.3,0.0,21,162,6
2026-06-11 22:00:00,0.0,0,14.7,31.7,0.0,22,162,6
2026-06-11 23:00:00,0.0,0,10.5,31.5,0.0,23,162,6
2026-06-12 00:00:00,0.0,1,8.3,31.4,0.0,0,163,6
2026-06-12 01:00:00,0.0,1,9.8,31.8,0.0,1,163,6
2026-06-12 02:00:00,0.0,1,14.2,32.1,0.0,2,163,6
2026-06-12 03:00:00,0.0,0,14.9,31.4,0.0,3,163,6
2026-06-12 04:00:00,0.0,0,13.9,30.7,0.0,4,163,6
2026-06-12 05:00:00,0.0,29,12.4,30.1,0.0,5,163,6
2026-06-12 06:00:00,12.0,31,15.2,29.8,0.32393676935814,6,163,6
2026-06-12 07:00:00,118.0,16,14.6,30.5,3.8109056704341393,7,163,6
2026-06-12 08:00:00,324.0,13,14.1,31.8,9.612672005279034,8,163,6
2026-06-12 09:00:00,510.0,15,13.9,33.2,13.968176552095057,9,163,6
2026-06-12 10:00:00,691.0,13,13.9,34.9,19.169504438011298,10,163,6
2026-06-12 11:00:00,834.0,16,14.4,36.5,25.379272281143855,11,163,6
2026-06-12 12:00:00,896.0,9,14.2,38.2,27.383024360173746,12,163,6
2026-06-12 13:00:00,920.0,4,13.7,39.9,27.510576671210845,13,163,6
2026-06-12 14:00:00,870.0,1,14.1,40.9,28.084236110284063,14,163,6
2026-06-12 15:00:00,760.0,0,14.1,41.6,24.612936929380272,15,163,6
2026-06-12 16:00:00,585.0,2,15.7,42.1,17.649194413907892,16,163,6
2026-06-12 17:00:00,388.0,8,17.7,38.8,11.29971878920095,17,163,6
2026-06-12 18:00:00,181.0,2,18.7,37.4,5.756029199378326,18,163,6
2026-06-12 19:00:00,35.0,1,17.8,34.3,1.19711008358746,19,163,6
2026-06-12 20:00:00,0.0,0,13.8,33.0,0.0,20,163,6
2026-06-12 21:00:00,0.0,0,10.2,32.4,0.0,21,163,6
2026-06-12 22:00:00,0.0,2,9.9,32.0,0.0,22,163,6
2026-06-12 23:00:00,0.0,2,10.1,31.6,0.0,23,163,6
2026-06-13 00:00:00,0.0,52,5.8,31.7,0.0,0,164,6
2026-06-13 01:00:00,0.0,7,13.2,32.4,0.0,1,164,6
2026-06-13 02:00:00,0.0,0,15.1,31.0,0.0,2,164,6
2026-06-13 03:00:00,0.0,0,13.3,30.2,0.0,3,164,6
2026-06-13 04:00:00,0.0,16,11.8,29.8,0.0,4,164,6
2026-06-13 05:00:00,0.0,20,10.0,29.8,0.0,5,164,6
2026-06-13 06:00:00,12.0,14,8.2,29.7,0.3313239787340413,6,164,6
2026-06-13 07:00:00,128.0,5,9.8,30.6,4.008691203344575,7,164,6
2026-06-13 08:00:00,320.0,25,11.1,32.0,9.354743078673426,8,164,6
2026-06-13 09:00:00,457.0,42,11.2,33.4,10.304681770669713,9,164,6
2026-06-13 10:00:00,597.0,46,10.2,35.1,14.445535836766435,10,164,6
2026-06-13 11:00:00,717.0,75,10.2,37.0,13.254631382116871,11,164,6
2026-06-13 12:00:00,756.0,17,11.4,37.9,19.809306871537885,12,164,6
2026-06-13 13:00:00,863.0,20,11.0,39.0,23.39298877014037,13,164,6
2026-06-13 14:00:00,829.0,22,12.3,40.0,24.421960925567827,14,164,6
2026-06-13 15:00:00,678.0,30,14.3,40.1,18.16599669395921,15,164,6
2026-06-13 16:00:00,536.0,29,12.5,40.4,13.233716898645161,16,164,6
2026-06-13 17:00:00,327.0,9,16.6,40.3,10.035105884511541,17,164,6
2026-06-13 18:00:00,185.0,3,17.8,39.5,5.724790683037577,18,164,6
2026-06-13 19:00:00,36.0,1,13.5,37.1,1.1994513488376892,19,164,6
2026-06-13 20:00:00,0.0,2,11.4,34.6,0.0,20,164,6
2026-06-13 21:00:00,0.0,3,8.8,33.2,0.0,21,164,6
2026-06-13 22:00:00,0.0,1,8.1,33.7,0.0,22,164,6
2026-06-13 23:00:00,0.0,0,11.9,34.0,0.0,23,164,6
2026-06-14 00:00:00,0.0,1,14.5,32.7,0.0,0,165,6
2026-06-14 01:00:00,0.0,0,14.3,31.4,0.0,1,165,6
2026-06-14 02:00:00,0.0,0,13.7,30.5,0.0,2,165,6
2026-06-14 03:00:00,0.0,2,13.2,29.9,0.0,3,165,6
2026-06-14 04:00:00,0.0,3,14.5,29.7,0.0,4,165,6
2026-06-14 05:00:00,0.0,64,14.2,29.5,0.0,5,165,6
2026-06-14 06:00:00,12.0,53,12.6,29.6,0.28052751785978713,6,165,6
2026-06-14 07:00:00,119.0,100,12.7,30.4,1.7289726966860386,7,165,6
2026-06-14 08:00:00,274.0,40,10.4,31.5,6.86100196710967,8,165,6
2026-06-14 09:00:00,438.0,100,9.6,33.1,6.3182055005078315,9,165,6
2026-06-14 10:00:00,506.0,47,10.4,34.3,10.51090966680174,10,165,6
2026-06-14 11:00:00,759.0,26,9.8,36.2,23.51246584389082,11,165,6
2026-06-14 12:00:00,845.0,27,12.0,37.5,25.597761892756804,12,165,6
2026-06-14 13:00:00,820.0,28,13.3,37.6,21.902047458819464,13,165,6
2026-06-14 14:00:00,773.0,34,12.8,38.4,19.449295852936437,14,165,6
2026-06-14 15:00:00,704.0,40,13.1,39.2,16.001206532735523,15,165,6
2026-06-14 16:00:00,468.0,16,15.9,39.7,13.193548414794744,16,165,6
2026-06-14 17:00:00,351.0,35,17.3,38.9,9.397741399486126,17,165,6
2026-06-14 18:00:00,160.0,2,15.9,37.8,4.6578910821249675,18,165,6
2026-06-14 19:00:00,37.0,5,14.4,37.0,1.13316324926741,19,165,6
2026-06-14 20:00:00,0.0,0,15.7,35.7,0.0,20,165,6
2026-06-14 21:00:00,0.0,0,17.5,33.9,0.0,21,165,6
2026-06-14 22:00:00,0.0,1,19.0,32.4,0.0,22,165,6
2026-06-14 23:00:00,0.0,0,18.8,31.7,0.0,23,165,6
2026-06-15 00:00:00,0.0,0,16.4,31.3,0.0,0,166,6
2026-06-15 01:00:00,0.0,2,16.0,30.8,0.0,1,166,6
2026-06-15 02:00:00,0.0,3,15.8,30.3,0.0,2,166,6
2026-06-15 03:00:00,0.0,9,13.3,29.9,0.0,3,166,6
2026-06-15 04:00:00,0.0,13,9.9,29.7,0.0,4,166,6
2026-06-15 05:00:00,0.0,11,9.2,29.8,0.0,5,166,6
2026-06-15 06:00:00,10.0,21,11.5,30.3,0.2778835543354885,6,166,6
2026-06-15 07:00:00,115.0,100,14.8,31.1,1.6419196787576638,7,166,6
2026-06-15 08:00:00,230.0,10,15.4,31.7,6.79974487690528,8,166,6
2026-06-15 09:00:00,510.0,41,15.5,33.4,12.284190736265666,9,166,6
2026-06-15 10:00:00,646.0,77,15.5,35.0,12.344734200326185,10,166,6
2026-06-15 11:00:00,635.0,59,15.6,34.6,12.765927141520075,11,166,6
2026-06-15 12:00:00,692.0,16,14.2,35.6,17.40653890914288,12,166,6
2026-06-15 13:00:00,862.0,16,13.5,37.5,25.844946508347125,13,166,6
2026-06-15 14:00:00,852.0,21,13.3,38.6,22.785852293746522,14,166,6
2026-06-15 15:00:00,722.0,91,13.4,39.0,10.259639283375908,15,166,6
2026-06-15 16:00:00,497.0,81,14.8,39.1,8.838207147082981,16,166,6
2026-06-15 17:00:00,288.0,16,14.4,39.6,8.711893512272074,17,166,6
2026-06-15 18:00:00,186.0,28,14.9,39.1,4.7347184447284105,18,166,6
2026-06-15 19:00:00,33.0,41,10.2,36.3,0.7253715082472492,19,166,6
2026-06-15 20:00:00,0.0,34,10.0,34.8,0.0,20,166,6
2026-06-15 21:00:00,0.0,14,9.9,34.1,0.0,21,166,6
2026-06-15 22:00:00,0.0,12,12.4,33.1,0.0,22,166,6
2026-06-15 23:00:00,0.0,5,11.4,32.4,0.0,23,166,6
2026-06-16 00:00:00,0.0,8,13.2,31.9,0.0,0,167,6
2026-06-16 01:00:00,0.0,2,13.2,31.1,0.0,1,167,6
2026-06-16 02:00:00,0.0,0,12.5,30.5,0.0,2,167,6
2026-06-16 03:00:00,0.0,1,11.6,30.2,0.0,3,167,6
2026-06-16 04:00:00,0.0,2,11.8,29.9,0.0,4,167,6
2026-06-16 05:00:00,0.0,0,10.0,30.0,0.0,5,167,6
2026-06-16 06:00:00,12.0,1,8.4,29.9,0.40472254659317586,6,167,6
2026-06-16 07:00:00,131.0,2,10.5,30.6,4.059367821550889,7,167,6
2026-06-16 08:00:00,326.0,16,11.1,32.0,9.780901605147799,8,167,6
2026-06-16 09:00:00,471.0,73,11.2,33.2,8.704733716844489,9,167,6
2026-06-16 10:00:00,489.0,63,11.6,34.1,11.03684246219272,10,167,6
2026-06-16 11:00:00,634.0,27,12.7,35.5,16.88873555437064,11,167,6
2026-06-16 12:00:00,587.0,95,12.4,36.1,8.699172398618646,12,167,6
2026-06-16 13:00:00,449.0,65,11.8,36.9,9.006476298475755,13,167,6
2026-06-16 14:00:00,597.0,38,10.4,38.3,15.628792979676112,14,167,6
2026-06-16 15:00:00,667.0,30,11.1,39.0,16.239144229658294,15,167,6
2026-06-16 16:00:00,512.0,26,11.5,38.4,13.588694460575999,16,167,6
2026-06-16 17:00:00,350.0,4,14.5,38.6,11.156328054143948,17,167,6
2026-06-16 18:00:00,186.0,35,14.9,38.2,4.914575899461837,18,167,6
2026-06-16 19:00:00,26.0,7,18.3,35.2,0.762845660689875,19,167,6
2026-06-16 20:00:00,0.0,20,13.4,33.1,0.0,20,167,6
2026-06-16 21:00:00,0.0,28,10.2,32.6,0.0,21,167,6
2026-06-16 22:00:00,0.0,22,6.9,32.3,0.0,22,167,6
2026-06-16 23:00:00,0.0,13,3.0,32.5,0.0,23,167,6
2026-06-17 00:00:00,0.0,13,10.4,32.7,0.0,0,168,6
2026-06-17 01:00:00,0.0,27,14.9,31.8,0.0,1,168,6
2026-06-17 02:00:00,0.0,15,11.2,30.8,0.0,2,168,6
2026-06-17 03:00:00,0.0,2,9.4,30.4,0.0,3,168,6
2026-06-17 04:00:00,0.0,2,9.2,30.4,0.0,4,168,6
2026-06-17 05:00:00,0.0,31,7.6,30.6,0.0,5,168,6
2026-06-17 06:00:00,11.0,13,9.3,30.1,0.30417160298694174,6,168,6
2026-06-17 07:00:00,123.0,7,10.4,30.6,3.8047323535917834,7,168,6
2026-06-17 08:00:00,314.0,23,11.6,31.8,7.8813519023918595,8,168,6
2026-06-17 09:00:00,484.0,33,11.8,33.0,12.650022076258958,9,168,6
2026-06-17 10:00:00,608.0,30,12.4,33.1,17.545107790938268,10,168,6
2026-06-17 11:00:00,748.0,20,11.7,35.5,18.67936088009,11,168,6
2026-06-17 12:00:00,819.0,19,12.0,36.8,23.939783618043567,12,168,6
2026-06-17 13:00:00,849.0,16,11.1,37.9,23.10918179388691,13,168,6
2026-06-17 14:00:00,832.0,11,11.3,38.7,25.033397731027165,14,168,6
2026-06-17 15:00:00,750.0,9,11.7,39.1,21.260778966688388,15,168,6
2026-06-17 16:00:00,573.0,32,12.7,39.1,14.7208130072267,16,168,6
2026-06-17 17:00:00,311.0,23,14.5,35.0,8.361316487621165,17,168,6
2026-06-17 18:00:00,153.0,44,12.6,34.8,3.2563097914180963,18,168,6
2026-06-17 19:00:00,30.0,59,13.4,33.5,0.6507617910421734,19,168,6
2026-06-17 20:00:00,0.0,59,3.5,31.5,0.0,20,168,6
2026-06-17 21:00:00,0.0,60,5.9,30.7,0.0,21,168,6
2026-06-17 22:00:00,0.0,75,13.8,27.1,0.0,22,168,6
2026-06-17 23:00:00,0.0,80,2.8,29.1,0.0,23,168,6
2026-06-18 00:00:00,0.0,70,7.1,29.0,0.0,0,169,6
2026-06-18 01:00:00,0.0,80,6.4,28.8,0.0,1,169,6
2026-06-18 02:00:00,0.0,100,8.3,27.0,0.0,2,169,6
2026-06-18 03:00:00,0.0,100,11.3,25.8,0.0,3,169,6
2026-06-18 04:00:00,0.0,85,5.1,26.2,0.0,4,169,6
2026-06-18 05:00:00,0.0,98,11.9,24.3,0.0,5,169,6
2026-06-18 06:00:00,4.0,27,5.5,24.9,0.12186622752600418,6,169,6
2026-06-18 07:00:00,117.0,19,6.3,26.1,3.8286497931375365,7,169,6
2026-06-18 08:00:00,300.0,2,6.7,28.1,10.467914978195017,8,169,6
2026-06-18 09:00:00,513.0,2,6.2,30.3,18.529981714177016,9,169,6
2026-06-18 10:00:00,691.0,10,6.7,32.3,21.967620851187874,10,169,6
2026-06-18 11:00:00,807.0,34,9.8,33.3,20.40433842793406,11,169,6
2026-06-18 12:00:00,775.0,20,8.4,33.9,22.39905463598422,12,169,6
2026-06-18 13:00:00,803.0,22,7.0,34.8,22.41494516852403,13,169,6
2026-06-18 14:00:00,790.0,32,7.7,36.0,20.718288833770536,14,169,6
2026-06-18 15:00:00,711.0,35,8.6,36.0,14.599012159001518,15,169,6
2026-06-18 16:00:00,516.0,74,9.6,35.8,9.408789669779654,16,169,6
2026-06-18 17:00:00,333.0,77,5.4,36.8,5.451778777887245,17,169,6
2026-06-18 18:00:00,184.0,70,13.5,30.8,3.538138238601909,18,169,6
2026-06-18 19:00:00,29.0,66,9.6,30.3,0.6109666496578086,19,169,6
2026-06-18 20:00:00,0.0,8,11.9,30.6,0.0,20,169,6
2026-06-18 21:00:00,0.0,34,8.3,30.3,0.0,21,169,6
2026-06-18 22:00:00,0.0,29,7.3,30.0,0.0,22,169,6
2026-06-18 23:00:00,0.0,10,7.3,29.6,0.0,23,169,6
2026-06-19 00:00:00,0.0,15,7.1,29.2,0.0,0,170,6
2026-06-19 01:00:00,0.0,32,10.7,28.8,0.0,1,170,6
2026-06-19 02:00:00,0.0,20,7.7,27.6,0.0,2,170,6
2026-06-19 03:00:00,0.0,25,8.0,27.7,0.0,3,170,6
2026-06-19 04:00:00,0.0,52,7.3,27.7,0.0,4,170,6
2026-06-19 05:00:00,0.0,76,4.5,27.5,0.0,5,170,6
2026-06-19 06:00:00,7.0,60,1.6,27.1,0.15328155080994071,6,170,6
2026-06-19 07:00:00,83.0,99,14.4,24.5,1.3384226204942686,7,170,6
2026-06-19 08:00:00,111.0,87,2.9,24.5,1.9471531275897866,8,170,6
2026-06-19 09:00:00,316.0,16,4.8,27.5,9.533364253308552,9,170,6
2026-06-19 10:00:00,669.0,25,5.4,31.0,19.846328541335453,10,170,6
2026-06-19 11:00:00,795.0,12,8.7,33.9,24.93697986018951,11,170,6
2026-06-19 12:00:00,888.0,16,9.9,34.9,27.555876672263793,12,170,6
2026-06-19 13:00:00,893.0,5,9.9,35.6,30.58372509784676,13,170,6
2026-06-19 14:00:00,857.0,59,9.5,36.3,15.770708971877898,14,170,6
2026-06-19 15:00:00,664.0,98,8.2,36.5,9.877743171894794,15,170,6
2026-06-19 16:00:00,329.0,54,15.0,33.8,7.041910924886973,16,170,6
2026-06-19 17:00:00,323.0,52,15.8,35.4,8.104413761322856,17,170,6
2026-06-19 18:00:00,146.0,17,15.2,35.4,4.255835115553738,18,170,6
2026-06-19 19:00:00,34.0,23,14.1,32.7,0.9806723997469815,19,170,6
2026-06-19 20:00:00,0.0,13,14.6,32.8,0.0,20,170,6
2026-06-19 21:00:00,0.0,32,11.1,32.5,0.0,21,170,6
2026-06-19 22:00:00,0.0,24,10.1,32.6,0.0,22,170,6
2026-06-19 23:00:00,0.0,8,9.5,32.5,0.0,23,170,6
2026-06-20 00:00:00,0.0,72,9.3,32.2,0.0,0,171,6
2026-06-20 01:00:00,0.0,82,12.6,31.8,0.0,1,171,6
2026-06-20 02:00:00,0.0,30,12.3,31.0,0.0,2,171,6
2026-06-20 03:00:00,0.0,15,10.5,30.3,0.0,3,171,6
2026-06-20 04:00:00,0.0,21,8.9,30.0,0.0,4,171,6
2026-06-20 05:00:00,0.0,21,7.4,29.8,0.0,5,171,6
2026-06-20 06:00:00,11.0,9,8.7,29.8,0.3752509061254435,6,171,6
2026-06-20 07:00:00,123.0,2,10.6,30.3,4.257672172074635,7,171,6
2026-06-20 08:00:00,314.0,6,10.7,31.5,10.669566581275923,8,171,6
2026-06-20 09:00:00,507.0,13,8.7,32.9,14.74914743093028,9,171,6
2026-06-20 10:00:00,686.0,5,8.1,34.6,22.80864163365864,10,171,6
2026-06-20 11:00:00,816.0,9,9.0,36.0,23.27835650845931,11,171,6
2026-06-20 12:00:00,897.0,9,8.8,37.3,25.18584176004829,12,171,6
2026-06-20 13:00:00,918.0,48,8.6,38.4,22.45921412027133,13,171,6
2026-06-20 14:00:00,837.0,50,9.0,39.1,19.81611398467141,14,171,6
2026-06-20 15:00:00,607.0,64,9.8,38.8,11.848884636971107,15,171,6
2026-06-20 16:00:00,498.0,51,11.7,37.9,11.50820848719888,16,171,6
2026-06-20 17:00:00,334.0,25,9.5,36.3,9.211174748200103,17,171,6
2026-06-20 18:00:00,169.0,19,11.8,36.7,4.831599967827942,18,171,6
2026-06-20 19:00:00,35.0,19,14.8,34.6,0.9486472522721524,19,171,6
2026-06-20 20:00:00,0.0,15,12.0,34.3,0.0,20,171,6
2026-06-20 21:00:00,0.0,10,10.4,33.9,0.0,21,171,6
2026-06-20 22:00:00,0.0,9,9.7,33.5,0.0,22,171,6
2026-06-20 23:00:00,0.0,13,8.9,33.7,0.0,23,171,6
2026-06-21 00:00:00,0.0,21,13.9,33.0,0.0,0,172,6
2026-06-21 01:00:00,0.0,23,13.9,31.7,0.0,1,172,6
2026-06-21 02:00:00,0.0,25,11.2,31.3,0.0,2,172,6
2026-06-21 03:00:00,0.0,63,12.6,30.9,0.0,3,172,6
2026-06-21 04:00:00,0.0,46,12.1,30.5,0.0,4,172,6
2026-06-21 05:00:00,0.0,45,10.7,30.2,0.0,5,172,6
2026-06-21 06:00:00,10.0,27,10.4,30.0,0.25978126253941913,6,172,6
2026-06-21 07:00:00,123.0,5,11.2,30.6,4.0713003306437505,7,172,6
2026-06-21 08:00:00,314.0,6,10.9,31.7,10.291627318079135,8,172,6
2026-06-21 09:00:00,509.0,32,10.9,33.1,12.915270087984005,9,172,6
2026-06-21 10:00:00,682.0,34,10.4,34.5,18.68107412376147,10,172,6
2026-06-21 11:00:00,831.0,39,9.8,35.6,18.284946626951445,11,172,6
2026-06-21 12:00:00,876.0,60,10.4,36.9,17.94440350860495,12,172,6
2026-06-21 13:00:00,912.0,25,10.4,38.0,23.1357939404061,13,172,6
2026-06-21 14:00:00,806.0,17,9.8,38.7,25.367325881049155,14,172,6
2026-06-21 15:00:00,740.0,4,10.1,39.2,23.053743901914995,15,172,6
2026-06-21 16:00:00,582.0,15,10.0,39.0,17.48727024525057,16,172,6
2026-06-21 17:00:00,360.0,8,11.0,39.6,10.082781761370661,17,172,6
2026-06-21 18:00:00,180.0,11,15.2,36.4,5.542424134698015,18,172,6
2026-06-21 19:00:00,37.0,5,14.8,35.5,1.1243794151756223,19,172,6
2026-06-21 20:00:00,0.0,8,12.9,33.1,0.0,20,172,6
2026-06-21 21:00:00,0.0,13,10.5,32.7,0.0,21,172,6
2026-06-21 22:00:00,0.0,13,10.7,32.3,0.0,22,172,6
2026-06-21 23:00:00,0.0,28,10.3,32.5,0.0,23,172,6
2026-06-22 00:00:00,0.0,22,10.2,32.8,0.0,0,173,6
2026-06-22 01:00:00,0.0,16,12.6,32.5,0.0,1,173,6
2026-06-22 02:00:00,0.0,5,12.9,31.5,0.0,2,173,6
2026-06-22 03:00:00,0.0,2,12.5,30.7,0.0,3,173,6
2026-06-22 04:00:00,0.0,8,10.7,30.1,0.0,4,173,6
2026-06-22 05:00:00,0.0,1,7.9,30.1,0.0,5,173,6
2026-06-22 06:00:00,11.0,1,7.4,30.1,0.32254634082200356,6,173,6
2026-06-22 07:00:00,124.0,2,10.3,30.8,3.773782008169735,7,173,6
2026-06-22 08:00:00,313.0,3,10.5,31.9,10.307256791131817,8,173,6
2026-06-22 09:00:00,516.0,8,9.4,33.2,14.902828147317981,9,173,6
2026-06-22 10:00:00,685.0,16,8.0,34.6,19.02157972917588,10,173,6
2026-06-22 11:00:00,804.0,21,8.0,35.6,23.435923710078598,11,173,6
2026-06-22 12:00:00,875.0,13,7.8,36.9,25.4499992646341,12,173,6
2026-06-22 13:00:00,860.0,11,8.1,38.2,27.07745194787412,13,173,6
2026-06-22 14:00:00,837.0,25,8.7,39.0,23.752339388484906,14,173,6
2026-06-22 15:00:00,689.0,31,12.5,38.3,16.92734945895101,15,173,6
2026-06-22 16:00:00,526.0,52,15.7,35.6,11.54628903181055,16,173,6
2026-06-22 17:00:00,306.0,30,13.3,38.0,8.723855824503683,17,173,6
2026-06-22 18:00:00,183.0,7,12.5,36.7,6.215487329412551,18,173,6
2026-06-22 19:00:00,38.0,6,15.7,34.3,1.021635446845332,19,173,6
2026-06-22 20:00:00,0.0,5,14.4,32.6,0.0,20,173,6
2026-06-22 21:00:00,0.0,2,13.5,31.6,0.0,21,173,6
2026-06-22 22:00:00,0.0,2,12.9,31.2,0.0,22,173,6
2026-06-22 23:00:00,0.0,5,11.9,31.4,0.0,23,173,6
2026-06-23 00:00:00,0.0,5,10.5,31.0,0.0,0,174,6
2026-06-23 01:00:00,0.0,8,6.5,30.8,0.0,1,174,6
2026-06-23 02:00:00,0.0,1,3.1,30.9,0.0,2,174,6
2026-06-23 03:00:00,0.0,0,7.6,30.9,0.0,3,174,6
2026-06-23 04:00:00,0.0,2,9.0,30.4,0.0,4,174,6
2026-06-23 05:00:00,0.0,67,11.7,26.5,0.0,5,174,6
2026-06-23 06:00:00,9.0,41,8.9,24.4,0.21770912456017663,6,174,6
2026-06-23 07:00:00,103.0,11,4.7,27.0,3.483594325870392,7,174,6
2026-06-23 08:00:00,307.0,5,5.4,29.5,9.437935026078309,8,174,6
2026-06-23 09:00:00,505.0,23,8.1,31.4,14.784499419222053,9,174,6
2026-06-23 10:00:00,651.0,13,8.5,32.9,19.19628674721019,10,174,6
2026-06-23 11:00:00,804.0,27,8.3,34.2,22.234900097326914,11,174,6
2026-06-23 12:00:00,788.0,13,8.1,35.2,22.61747428824089,12,174,6
2026-06-23 13:00:00,856.0,9,8.3,36.3,25.251906396126948,13,174,6
2026-06-23 14:00:00,833.0,13,8.2,37.1,24.618161312797113,14,174,6
2026-06-23 15:00:00,726.0,5,7.5,38.0,21.49362714792983,15,174,6
2026-06-23 16:00:00,586.0,3,7.8,38.4,17.19125147196028,16,174,6
2026-06-23 17:00:00,389.0,12,10.3,38.8,12.682646122820485,17,174,6
2026-06-23 18:00:00,169.0,22,12.2,38.0,4.762058987580666,18,174,6
2026-06-23 19:00:00,36.0,15,12.4,36.9,0.9428691379897236,19,174,6
2026-06-23 20:00:00,0.0,8,16.8,33.6,0.0,20,174,6
2026-06-23 21:00:00,0.0,5,14.4,32.5,0.0,21,174,6
2026-06-23 22:00:00,0.0,2,13.6,31.8,0.0,22,174,6
2026-06-23 23:00:00,0.0,2,10.4,32.3,0.0,23,174,6
2026-06-24 00:00:00,0.0,1,9.9,32.4,0.0,0,175,6
2026-06-24 01:00:00,0.0,1,13.0,31.9,0.0,1,175,6
2026-06-24 02:00:00,0.0,1,12.6,30.8,0.0,2,175,6
2026-06-24 03:00:00,0.0,1,13.6,30.1,0.0,3,175,6
2026-06-24 04:00:00,0.0,1,11.8,29.7,0.0,4,175,6
2026-06-24 05:00:00,0.0,2,10.2,29.8,0.0,5,175,6
2026-06-24 06:00:00,11.0,5,11.2,29.8,0.32917319166648296,6,175,6
2026-06-24 07:00:00,121.0,27,13.5,30.4,3.388228633522115,7,175,6
2026-06-24 08:00:00,285.0,12,13.9,31.6,9.177730114653032,8,175,6
2026-06-24 09:00:00,498.0,9,12.7,33.3,13.8522250079437,9,175,6
2026-06-24 10:00:00,686.0,9,12.1,35.0,20.188339215937088,10,175,6
2026-06-24 11:00:00,789.0,7,10.8,36.5,24.436899479666568,11,175,6
2026-06-24 12:00:00,863.0,7,10.3,37.6,26.235055429420793,12,175,6
2026-06-24 13:00:00,890.0,13,11.3,38.2,27.317148942832084,13,175,6
2026-06-24 14:00:00,828.0,4,12.5,38.5,28.09041534598587,14,175,6
2026-06-24 15:00:00,728.0,4,11.9,38.6,24.543257896820574,15,175,6
2026-06-24 16:00:00,564.0,17,12.4,38.6,18.241003604343163,16,175,6
2026-06-24 17:00:00,369.0,11,12.3,39.0,10.20092045778202,17,175,6
2026-06-24 18:00:00,185.0,49,13.0,37.8,4.238926630843659,18,175,6
2026-06-24 19:00:00,34.0,14,16.3,33.9,1.1395088389341232,19,175,6
2026-06-24 20:00:00,0.0,19,14.8,32.1,0.0,20,175,6
2026-06-24 21:00:00,0.0,7,10.7,31.4,0.0,21,175,6
2026-06-24 22:00:00,0.0,2,10.2,31.5,0.0,22,175,6
2026-06-24 23:00:00,0.0,12,8.1,31.9,0.0,23,175,6
2026-06-25 00:00:00,0.0,23,14.1,32.5,0.0,0,176,6
2026-06-25 01:00:00,0.0,29,13.5,31.4,0.0,1,176,6
2026-06-25 02:00:00,0.0,63,15.2,30.6,0.0,2,176,6
2026-06-25 03:00:00,0.0,60,13.2,30.2,0.0,3,176,6
2026-06-25 04:00:00,0.0,98,11.0,30.0,0.0,4,176,6
2026-06-25 05:00:00,0.0,96,11.3,29.8,0.0,5,176,6
2026-06-25 06:00:00,10.0,55,10.9,29.8,0.21342296994950877,6,176,6
2026-06-25 07:00:00,121.0,67,12.0,30.6,2.3356082741077886,7,176,6
2026-06-25 08:00:00,310.0,70,11.7,31.7,6.2378432639639785,8,176,6
2026-06-25 09:00:00,517.0,81,11.7,33.2,9.47998967244058,9,176,6
2026-06-25 10:00:00,667.0,63,10.0,34.6,13.710085823935069,10,176,6
2026-06-25 11:00:00,773.0,33,10.3,35.7,21.401212956752275,11,176,6
2026-06-25 12:00:00,890.0,32,9.2,36.5,25.34092760847618,12,176,6
2026-06-25 13:00:00,809.0,47,9.3,37.3,20.873945279364587,13,176,6
2026-06-25 14:00:00,812.0,66,10.8,38.2,15.426988543480814,14,176,6
2026-06-25 15:00:00,742.0,84,12.4,38.6,12.075204437101782,15,176,6
2026-06-25 16:00:00,564.0,52,11.4,38.1,11.969759400502255,16,176,6
2026-06-25 17:00:00,353.0,93,10.2,38.7,5.513939239072346,17,176,6
2026-06-25 18:00:00,163.0,66,10.5,38.0,3.3575780406483102,18,176,6
2026-06-25 19:00:00,33.0,60,11.8,36.6,0.6493446246559094,19,176,6
2026-06-25 20:00:00,0.0,35,12.9,34.7,0.0,20,176,6
2026-06-25 21:00:00,0.0,13,12.0,33.1,0.0,21,176,6
2026-06-25 22:00:00,0.0,11,8.2,32.7,0.0,22,176,6
2026-06-25 23:00:00,0.0,39,11.6,33.4,0.0,23,176,6
2026-06-26 00:00:00,0.0,9,12.8,32.5,0.0,0,177,6
2026-06-26 01:00:00,0.0,5,13.0,31.7,0.0,1,177,6
2026-06-26 02:00:00,0.0,9,12.6,31.2,0.0,2,177,6
2026-06-26 03:00:00,0.0,45,11.7,30.6,0.0,3,177,6
2026-06-26 04:00:00,0.0,25,11.2,30.1,0.0,4,177,6
2026-06-26 05:00:00,0.0,2,10.7,30.1,0.0,5,177,6
2026-06-26 06:00:00,10.0,2,10.3,30.0,0.2772511623419004,6,177,6
2026-06-26 07:00:00,119.0,4,10.3,30.7,4.045488938784171,7,177,6
2026-06-26 08:00:00,300.0,5,10.4,31.9,10.008433233853989,8,177,6
2026-06-26 09:00:00,501.0,11,10.4,33.5,13.93451439361708,9,177,6
2026-06-26 10:00:00,673.0,9,9.9,35.1,19.434583468972935,10,177,6
2026-06-26 11:00:00,779.0,11,9.5,36.3,26.11192594027242,11,177,6
2026-06-26 12:00:00,866.0,8,9.3,37.3,25.73602548408702,12,177,6
2026-06-26 13:00:00,882.0,3,9.5,38.4,27.414220923838936,13,177,6
2026-06-26 14:00:00,856.0,6,10.5,38.9,26.301269853242164,14,177,6
2026-06-26 15:00:00,758.0,21,9.7,39.3,22.806222577920007,15,177,6
2026-06-26 16:00:00,602.0,3,11.0,39.3,18.697990078466965,16,177,6
2026-06-26 17:00:00,403.0,5,8.9,38.9,11.335894331036899,17,177,6
2026-06-26 18:00:00,195.0,8,9.5,38.2,5.670742394961734,18,177,6
2026-06-26 19:00:00,40.0,45,10.7,38.1,0.9906898679176177,19,177,6
2026-06-26 20:00:00,0.0,68,14.5,34.3,0.0,20,177,6
2026-06-26 21:00:00,0.0,87,9.9,33.8,0.0,21,177,6
2026-06-26 22:00:00,0.0,94,10.3,33.4,0.0,22,177,6
2026-06-26 23:00:00,0.0,91,8.0,33.1,0.0,23,177,6
2026-06-27 00:00:00,0.0,61,9.6,33.0,0.0,0,178,6
2026-06-27 01:00:00,0.0,25,12.7,32.9,0.0,1,178,6
2026-06-27 02:00:00,0.0,77,13.7,32.0,0.0,2,178,6
2026-06-27 03:00:00,0.0,98,13.5,31.3,0.0,3,178,6
2026-06-27 04:00:00,0.0,12,12.5,30.7,0.0,4,178,6
2026-06-27 05:00:00,0.0,9,10.6,30.3,0.0,5,178,6
2026-06-27 06:00:00,10.0,20,10.1,30.1,0.31713853562906047,6,178,6
2026-06-27 07:00:00,97.0,15,9.8,30.6,2.875979444479023,7,178,6
2026-06-27 08:00:00,301.0,10,9.6,31.8,10.117689271470955,8,178,6
2026-06-27 09:00:00,490.0,14,9.8,33.4,15.109229412555996,9,178,6
2026-06-27 10:00:00,666.0,5,9.2,35.2,22.05336716724327,10,178,6
2026-06-27 11:00:00,804.0,17,7.7,36.6,22.76922352951689,11,178,6
2026-06-27 12:00:00,859.0,16,9.5,37.8,23.132245509430305,12,178,6
2026-06-27 13:00:00,849.0,18,9.6,38.7,22.388838561656378,13,178,6
2026-06-27 14:00:00,797.0,16,9.7,39.2,21.103732272357124,14,178,6
2026-06-27 15:00:00,708.0,25,8.6,39.5,19.193882949121335,15,178,6
2026-06-27 16:00:00,552.0,35,7.9,39.3,14.730059195869552,16,178,6
2026-06-27 17:00:00,380.0,31,9.5,39.7,9.94016781119733,17,178,6
2026-06-27 18:00:00,177.0,50,10.9,38.8,3.83584150170776,18,178,6
2026-06-27 19:00:00,35.0,45,11.1,38.2,0.7996872686001588,19,178,6
2026-06-27 20:00:00,0.0,98,10.2,38.0,0.0,20,178,6
2026-06-27 21:00:00,0.0,98,12.6,35.5,0.0,21,178,6
2026-06-27 22:00:00,0.0,99,10.5,34.3,0.0,22,178,6
2026-06-27 23:00:00,0.0,87,11.4,33.8,0.0,23,178,6
2026-06-28 00:00:00,0.0,98,9.3,33.4,0.0,0,179,6
2026-06-28 01:00:00,0.0,73,11.2,33.5,0.0,1,179,6
2026-06-28 02:00:00,0.0,73,14.2,32.3,0.0,2,179,6
2026-06-28 03:00:00,0.0,88,12.6,31.6,0.0,3,179,6
2026-06-28 04:00:00,0.0,98,11.1,30.9,0.0,4,179,6
2026-06-28 05:00:00,0.0,78,10.0,29.6,0.0,5,179,6
2026-06-28 06:00:00,9.0,74,10.9,29.2,0.1864979851300867,6,179,6
2026-06-28 07:00:00,110.0,97,10.9,29.7,1.6232752909012524,7,179,6
2026-06-28 08:00:00,268.0,98,10.8,30.7,4.089399803440843,8,179,6
2026-06-28 09:00:00,473.0,17,10.4,32.1,14.471011377707976,9,179,6
2026-06-28 10:00:00,676.0,0,9.5,33.7,23.36081102991268,10,179,6
2026-06-28 11:00:00,821.0,18,8.4,35.3,25.912914984594554,11,179,6
2026-06-28 12:00:00,897.0,43,8.1,36.9,21.27709385448303,12,179,6
2026-06-28 13:00:00,909.0,15,7.8,37.9,25.052713770796398,13,179,6
2026-06-28 14:00:00,857.0,2,7.7,38.4,24.829968876748897,14,179,6
2026-06-28 15:00:00,741.0,4,8.3,38.8,24.105311073844437,15,179,6
2026-06-28 16:00:00,579.0,34,9.0,39.0,14.006812887683076,16,179,6
2026-06-28 17:00:00,389.0,67,9.8,38.8,7.57548595595481,17,179,6
2026-06-28 18:00:00,189.0,31,9.5,38.0,5.147930940798595,18,179,6
2026-06-28 19:00:00,40.0,59,7.9,37.7,0.8965296894716532,19,179,6
2026-06-28 20:00:00,0.0,51,13.1,34.7,0.0,20,179,6
2026-06-28 21:00:00,0.0,23,10.8,33.4,0.0,21,179,6
2026-06-28 22:00:00,0.0,18,9.8,33.0,0.0,22,179,6
2026-06-28 23:00:00,0.0,38,7.1,31.6,0.0,23,179,6
2026-06-29 00:00:00,0.0,76,8.3,31.4,0.0,0,180,6
2026-06-29 01:00:00,0.0,78,9.5,31.1,0.0,1,180,6
2026-06-29 02:00:00,0.0,37,12.4,30.7,0.0,2,180,6
2026-06-29 03:00:00,0.0,77,12.3,29.8,0.0,3,180,6
2026-06-29 04:00:00,0.0,94,11.2,29.4,0.0,4,180,6
2026-06-29 05:00:00,0.0,74,12.0,30.0,0.0,5,180,6
2026-06-29 06:00:00,8.0,57,11.9,29.9,0.1886198910731661,6,180,6
2026-06-29 07:00:00,105.0,73,10.8,30.4,2.251747460074295,7,180,6
2026-06-29 08:00:00,219.0,28,10.5,31.2,6.822386844371821,8,180,6
2026-06-29 09:00:00,458.0,53,10.3,32.6,9.616824483846692,9,180,6
2026-06-29 10:00:00,555.0,61,9.4,34.1,10.984490435885283,10,180,6
2026-06-29 11:00:00,732.0,59,10.0,35.6,14.841310917465247,11,180,6
2026-06-29 12:00:00,731.0,44,10.3,36.7,18.011033325917207,12,180,6
2026-06-29 13:00:00,789.0,26,9.4,37.6,23.654536289472695,13,180,6
2026-06-29 14:00:00,748.0,21,8.4,38.3,19.685096057957203,14,180,6
2026-06-29 15:00:00,714.0,26,7.9,39.1,17.742981473410833,15,180,6
2026-06-29 16:00:00,570.0,97,10.6,39.3,7.623561982355581,16,180,6
2026-06-29 17:00:00,332.0,89,10.5,38.7,5.151587253838619,17,180,6
2026-06-29 18:00:00,147.0,70,15.3,37.6,2.8085802601987275,18,180,6
2026-06-29 19:00:00,31.0,50,15.9,34.1,0.7306822333035982,19,180,6
2026-06-29 20:00:00,0.0,87,13.6,33.5,0.0,20,180,6
2026-06-29 21:00:00,0.0,100,13.2,32.6,0.0,21,180,6
2026-06-29 22:00:00,0.0,100,12.4,32.2,0.0,22,180,6
2026-06-29 23:00:00,0.0,98,8.6,32.2,0.0,23,180,6
2026-06-30 00:00:00,0.0,92,8.5,32.9,0.0,0,181,6
2026-06-30 01:00:00,0.0,62,12.5,32.7,0.0,1,181,6
2026-06-30 02:00:00,0.0,84,12.7,31.8,0.0,2,181,6
2026-06-30 03:00:00,0.0,85,14.8,30.8,0.0,3,181,6
2026-06-30 04:00:00,0.0,22,12.4,30.2,0.0,4,181,6
2026-06-30 05:00:00,0.0,20,10.1,30.6,0.0,5,181,6
2026-06-30 06:00:00,9.0,15,11.5,30.6,0.24789982107802847,6,181,6
2026-06-30 07:00:00,113.0,9,12.2,31.0,3.1007870059261378,7,181,6
2026-06-30 08:00:00,297.0,77,13.4,32.2,5.561982347761015,8,181,6
2026-06-30 09:00:00,427.0,39,12.2,33.5,12.213351266196774,9,181,6
2026-06-30 10:00:00,628.0,27,10.6,34.9,16.92422277387753,10,181,6
2026-06-30 11:00:00,796.0,16,10.1,35.8,21.77889115892573,11,181,6
2026-06-30 12:00:00,878.0,20,9.9,36.7,22.15865432133164,12,181,6
2026-06-30 13:00:00,871.0,13,8.9,37.6,26.535246566548313,13,181,6
2026-06-30 14:00:00,839.0,9,9.3,38.3,25.060372404586857,14,181,6
2026-06-30 15:00:00,743.0,9,9.5,38.9,22.760752142263982,15,181,6
2026-06-30 16:00:00,579.0,5,11.2,38.7,17.359064733940606,16,181,6
2026-06-30 17:00:00,387.0,14,18.6,35.8,11.360426055466295,17,181,6
2026-06-30 18:00:00,175.0,27,16.7,34.4,4.654752365804091,18,181,6
2026-06-30 19:00:00,38.0,25,14.1,33.2,1.084448197916386,19,181,6
2026-06-30 20:00:00,0.0,80,16.2,31.7,0.0,20,181,6
2026-06-30 21:00:00,0.0,99,14.5,31.4,0.0,21,181,6
2026-06-30 22:00:00,0.0,96,13.7,31.1,0.0,22,181,6
2026-06-30 23:00:00,0.0,99,8.7,30.6,0.0,23,181,6
2026-07-01 00:00:00,0.0,95,11.0,29.0,0.0,0,182,7
2026-07-01 01:00:00,0.0,86,10.4,28.4,0.0,1,182,7
2026-07-01 02:00:00,0.0,70,8.2,28.3,0.0,2,182,7
2026-07-01 03:00:00,0.0,83,6.2,28.3,0.0,3,182,7
2026-07-01 04:00:00,0.0,85,5.9,28.3,0.0,4,182,7
2026-07-01 05:00:00,0.0,83,11.3,30.6,0.0,5,182,7
2026-07-01 06:00:00,9.0,84,9.4,29.7,0.1636924737955894,6,182,7
2026-07-01 07:00:00,102.0,76,8.8,30.3,2.299622870834671,7,182,7
2026-07-01 08:00:00,284.0,16,9.7,31.6,7.845588177655298,8,182,7
2026-07-01 09:00:00,482.0,84,7.5,33.0,9.006039017538832,9,182,7
2026-07-01 10:00:00,637.0,100,6.1,34.3,8.838436397185502,10,182,7
2026-07-01 11:00:00,757.0,95,7.0,35.0,11.439552063654915,11,182,7
2026-07-01 12:00:00,800.0,95,5.6,36.1,12.49602542473318,12,182,7
2026-07-01 13:00:00,813.0,87,4.4,36.8,13.685310405246822,13,182,7
2026-07-01 14:00:00,758.0,100,6.6,37.3,10.45468667350168,14,182,7
2026-07-01 15:00:00,328.0,98,6.7,36.7,5.1802489845394595,15,182,7
2026-07-01 16:00:00,401.0,36,13.9,32.2,11.144364804409944,16,182,7
2026-07-01 17:00:00,306.0,23,12.2,37.6,7.414662811865198,17,182,7
2026-07-01 18:00:00,165.0,60,18.8,34.8,3.397338661555855,18,182,7
2026-07-01 19:00:00,27.0,91,15.6,32.2,0.4024540989081008,19,182,7
2026-07-01 20:00:00,0.0,80,13.8,31.8,0.0,20,182,7
2026-07-01 21:00:00,0.0,85,13.9,30.8,0.0,21,182,7
2026-07-01 22:00:00,0.0,70,10.7,29.5,0.0,22,182,7
2026-07-01 23:00:00,0.0,100,12.6,26.8,0.0,23,182,7
2026-07-02 00:00:00,0.0,100,6.1,28.1,0.0,0,183,7
2026-07-02 01:00:00,0.0,99,17.0,26.4,0.0,1,183,7
2026-07-02 02:00:00,0.0,90,10.7,25.8,0.0,2,183,7
2026-07-02 03:00:00,0.0,77,8.4,25.9,0.0,3,183,7
2026-07-02 04:00:00,0.0,95,5.9,26.3,0.0,4,183,7
2026-07-02 05:00:00,0.0,59,7.5,27.3,0.0,5,183,7
2026-07-02 06:00:00,9.0,91,4.6,27.6,0.15650409599424214,6,183,7
2026-07-02 07:00:00,103.0,84,5.5,28.9,2.09254312397885,7,183,7
2026-07-02 08:00:00,280.0,52,7.3,30.9,6.241846211268527,8,183,7
2026-07-02 09:00:00,474.0,17,8.4,32.3,13.742772725819576,9,183,7
2026-07-02 10:00:00,635.0,40,6.6,33.1,16.63582268158806,10,183,7
2026-07-02 11:00:00,733.0,12,3.1,34.7,23.16736971581092,11,183,7
2026-07-02 12:00:00,850.0,20,5.0,35.1,23.312199328286884,12,183,7
2026-07-02 13:00:00,822.0,100,5.8,35.7,12.630081254842741,13,183,7
2026-07-02 14:00:00,444.0,98,3.3,35.4,6.2714609929500345,14,183,7
2026-07-02 15:00:00,399.0,55,12.1,33.3,8.912212487719948,15,183,7
2026-07-02 16:00:00,429.0,96,13.9,31.6,7.07541683511735,16,183,7
2026-07-02 17:00:00,298.0,48,13.6,32.3,7.130387721000477,17,183,7
2026-07-02 18:00:00,150.0,34,12.1,31.0,3.8996230172147683,18,183,7
2026-07-02 19:00:00,38.0,38,11.1,30.4,0.958842189423926,19,183,7
2026-07-02 20:00:00,0.0,77,10.1,30.0,0.0,20,183,7
2026-07-02 21:00:00,0.0,37,11.1,29.4,0.0,21,183,7
2026-07-02 22:00:00,0.0,77,8.9,29.0,0.0,22,183,7
2026-07-02 23:00:00,0.0,100,7.4,28.7,0.0,23,183,7
2026-07-03 00:00:00,0.0,99,6.1,28.5,0.0,0,184,7
2026-07-03 01:00:00,0.0,99,6.4,28.4,0.0,1,184,7
2026-07-03 02:00:00,0.0,93,4.5,28.3,0.0,2,184,7
2026-07-03 03:00:00,0.0,95,4.0,28.3,0.0,3,184,7
2026-07-03 04:00:00,0.0,95,3.3,28.2,0.0,4,184,7
2026-07-03 05:00:00,0.0,100,3.6,28.6,0.0,5,184,7
2026-07-03 06:00:00,4.0,99,4.8,28.6,0.06418358889924254,6,184,7
2026-07-03 07:00:00,51.0,86,4.5,29.2,0.911892550633465,7,184,7
2026-07-03 08:00:00,189.0,100,5.7,30.3,2.7639976141539586,8,184,7
2026-07-03 09:00:00,282.0,100,6.0,31.2,3.8249701577346364,9,184,7
2026-07-03 10:00:00,224.0,97,4.7,31.5,3.506982393038072,10,184,7
2026-07-03 11:00:00,365.0,99,4.2,29.6,5.039665871415028,11,184,7
2026-07-03 12:00:00,325.0,100,4.3,29.3,4.623661445377013,12,184,7
2026-07-03 13:00:00,171.0,100,1.5,28.9,2.752633935156577,13,184,7
2026-07-03 14:00:00,291.0,99,7.3,29.8,3.853856273331112,14,184,7
2026-07-03 15:00:00,380.0,100,10.2,30.9,5.472016642609652,15,184,7
2026-07-03 16:00:00,206.0,100,11.3,30.3,2.651225745852239,16,184,7
2026-07-03 17:00:00,64.0,96,12.0,30.2,1.072381756582271,17,184,7
2026-07-03 18:00:00,107.0,95,11.6,29.6,1.6155298024494935,18,184,7
2026-07-03 19:00:00,34.0,95,13.4,29.1,0.49319297349489566,19,184,7
2026-07-03 20:00:00,0.0,100,10.6,28.3,0.0,20,184,7
2026-07-03 21:00:00,0.0,100,9.4,28.1,0.0,21,184,7
2026-07-03 22:00:00,0.0,99,8.7,28.1,0.0,22,184,7
2026-07-03 23:00:00,0.0,100,7.6,26.3,0.0,23,184,7
2026-07-04 00:00:00,0.0,100,6.8,26.0,0.0,0,185,7
2026-07-04 01:00:00,0.0,100,4.7,25.9,0.0,1,185,7
2026-07-04 02:00:00,0.0,100,4.6,25.7,0.0,2,185,7
2026-07-04 03:00:00,0.0,100,4.8,25.7,0.0,3,185,7
2026-07-04 04:00:00,0.0,100,4.7,25.8,0.0,4,185,7
2026-07-04 05:00:00,0.0,100,6.7,26.2,0.0,5,185,7
2026-07-04 06:00:00,2.0,100,5.3,26.2,0.02780139835117109,6,185,7
2026-07-04 07:00:00,52.0,100,4.0,26.7,0.868951048173831,7,185,7
2026-07-04 08:00:00,144.0,100,4.0,27.6,1.9179721510271341,8,185,7
2026-07-04 09:00:00,203.0,100,4.4,28.6,3.103712720240064,9,185,7
2026-07-04 10:00:00,179.0,100,3.7,29.3,2.417154407502344,10,185,7
2026-07-04 11:00:00,250.0,100,9.2,29.6,3.760381415052653,11,185,7
2026-07-04 12:00:00,267.0,100,8.9,30.3,3.694056858961431,12,185,7
2026-07-04 13:00:00,244.0,100,7.6,30.5,3.5725474635909085,13,185,7
2026-07-04 14:00:00,214.0,99,8.5,30.6,2.5881258267946117,14,185,7
2026-07-04 15:00:00,484.0,100,8.8,32.0,6.630139529829853,15,185,7
2026-07-04 16:00:00,263.0,100,8.3,31.7,3.2371545562215984,16,185,7
2026-07-04 17:00:00,221.0,99,7.8,31.2,3.1541277828825116,17,185,7
2026-07-04 18:00:00,127.0,99,5.8,30.5,1.833544035412304,18,185,7
2026-07-04 19:00:00,28.0,100,7.7,29.6,0.4492667448071014,19,185,7
2026-07-04 20:00:00,0.0,100,8.0,29.1,0.0,20,185,7
2026-07-04 21:00:00,0.0,99,12.5,28.6,0.0,21,185,7
2026-07-04 22:00:00,0.0,99,10.6,27.8,0.0,22,185,7
2026-07-04 23:00:00,0.0,99,10.0,27.3,0.0,23,185,7
2026-07-05 00:00:00,0.0,100,8.1,26.9,0.0,0,186,7
2026-07-05 01:00:00,0.0,100,10.3,26.5,0.0,1,186,7
2026-07-05 02:00:00,0.0,99,8.3,26.4,0.0,2,186,7
2026-07-05 03:00:00,0.0,88,8.1,26.1,0.0,3,186,7
2026-07-05 04:00:00,0.0,89,4.8,25.9,0.0,4,186,7
2026-07-05 05:00:00,0.0,99,5.5,25.4,0.0,5,186,7
2026-07-05 06:00:00,3.0,91,6.3,25.7,0.04919729312421783,6,186,7
2026-07-05 07:00:00,84.0,99,9.4,26.9,1.36622866825759,7,186,7
2026-07-05 08:00:00,127.0,99,8.3,27.8,1.9432372016610038,8,186,7
2026-07-05 09:00:00,192.0,100,6.6,27.1,2.9074219950739506,9,186,7
2026-07-05 10:00:00,196.0,100,3.1,27.6,2.748100294091919,10,186,7
2026-07-05 11:00:00,444.0,99,8.9,30.0,7.193668685405708,11,186,7
2026-07-05 12:00:00,576.0,99,9.0,31.2,9.375175189798464,12,186,7
2026-07-05 13:00:00,629.0,96,6.7,32.1,9.82878066729756,13,186,7
2026-07-05 14:00:00,732.0,95,5.6,32.6,9.980206913953147,14,186,7
2026-07-05 15:00:00,590.0,93,4.5,33.0,9.092851181606948,15,186,7
2026-07-05 16:00:00,501.0,98,4.1,32.9,8.349344625810362,16,186,7
2026-07-05 17:00:00,318.0,91,3.3,33.1,5.404466001471927,17,186,7
2026-07-05 18:00:00,169.0,91,3.9,31.1,2.8850441221284884,18,186,7
2026-07-05 19:00:00,21.0,80,3.6,29.8,0.3803221820700108,19,186,7
2026-07-05 20:00:00,0.0,53,1.4,29.2,0.0,20,186,7
2026-07-05 21:00:00,0.0,64,5.4,28.7,0.0,21,186,7
2026-07-05 22:00:00,0.0,68,3.2,28.6,0.0,22,186,7
2026-07-05 23:00:00,0.0,91,4.5,27.3,0.0,23,186,7
2026-07-06 00:00:00,0.0,91,5.3,27.3,0.0,0,187,7
2026-07-06 01:00:00,0.0,81,4.8,27.2,0.0,1,187,7
2026-07-06 02:00:00,0.0,76,6.3,26.9,0.0,2,187,7
2026-07-06 03:00:00,0.0,56,5.9,26.8,0.0,3,187,7
2026-07-06 04:00:00,0.0,20,4.5,26.7,0.0,4,187,7
2026-07-06 05:00:00,0.0,95,6.8,27.1,0.0,5,187,7
2026-07-06 06:00:00,7.0,99,6.6,27.4,0.11273217928581768,6,187,7
2026-07-06 07:00:00,87.0,100,5.5,28.3,1.3207144230965904,7,187,7
2026-07-06 08:00:00,173.0,99,4.7,29.3,2.8109922872829283,8,187,7
2026-07-06 09:00:00,386.0,100,5.6,30.8,5.424080605216475,9,187,7
2026-07-06 10:00:00,445.0,99,6.4,31.7,6.180156082499482,10,187,7
2026-07-06 11:00:00,561.0,88,10.4,31.4,8.705426129194153,11,187,7
2026-07-06 12:00:00,723.0,93,10.7,32.2,10.658571201098377,12,187,7
2026-07-06 13:00:00,810.0,91,9.4,32.8,12.416285437057477,13,187,7
2026-07-06 14:00:00,747.0,48,8.9,33.4,19.40601965391818,14,187,7
2026-07-06 15:00:00,739.0,100,6.6,34.0,10.847140467487453,15,187,7
2026-07-06 16:00:00,314.0,100,10.1,30.1,4.224092256014616,16,187,7
2026-07-06 17:00:00,64.0,100,6.5,30.8,0.9117108329547745,17,187,7
2026-07-06 18:00:00,32.0,100,2.8,29.5,0.4538313000642414,18,187,7
2026-07-06 19:00:00,15.0,100,4.5,29.3,0.22800292552592458,19,187,7
2026-07-06 20:00:00,0.0,100,4.8,29.0,0.0,20,187,7
2026-07-06 21:00:00,0.0,100,5.8,28.5,0.0,21,187,7
2026-07-06 22:00:00,0.0,100,6.5,28.1,0.0,22,187,7
2026-07-06 23:00:00,0.0,100,8.4,27.5,0.0,23,187,7
2026-07-07 00:00:00,0.0,100,2.6,26.6,0.0,0,188,7
2026-07-07 01:00:00,0.0,100,3.1,26.4,0.0,1,188,7
2026-07-07 02:00:00,0.0,100,7.1,26.3,0.0,2,188,7
2026-07-07 03:00:00,0.0,100,9.3,26.2,0.0,3,188,7
2026-07-07 04:00:00,0.0,100,8.6,26.1,0.0,4,188,7
2026-07-07 05:00:00,0.0,100,8.5,25.5,0.0,5,188,7
2026-07-07 06:00:00,5.0,100,7.7,25.6,0.06804853315558086,6,188,7
2026-07-07 07:00:00,72.0,95,12.2,26.2,1.0827170896352167,7,188,7
2026-07-07 08:00:00,151.0,100,9.8,27.1,2.3633719966010003,8,188,7
2026-07-07 09:00:00,225.0,100,14.9,28.6,3.0785885034991707,9,188,7
2026-07-07 10:00:00,376.0,100,14.4,29.9,4.738327488724668,10,188,7
2026-07-07 11:00:00,231.0,100,10.6,30.1,3.835546211362017,11,188,7
2026-07-07 12:00:00,289.0,100,6.2,29.0,4.338805491405711,12,188,7
2026-07-07 13:00:00,105.0,100,7.1,27.9,1.6471268465651976,13,188,7
2026-07-07 14:00:00,65.0,100,7.8,27.7,0.9182394561794555,14,188,7
2026-07-07 15:00:00,61.0,100,5.6,27.7,0.8504054811546757,15,188,7
2026-07-07 16:00:00,76.0,100,7.5,27.5,1.1657478515837179,16,188,7
2026-07-07 17:00:00,67.0,100,9.7,30.9,0.9657189564563728,17,188,7
2026-07-07 18:00:00,32.0,100,9.1,29.5,0.4711367635647885,18,188,7
2026-07-07 19:00:00,22.0,100,8.5,28.7,0.3144144215170385,19,188,7
2026-07-07 20:00:00,0.0,100,6.6,28.7,0.0,20,188,7
2026-07-07 21:00:00,0.0,100,4.5,27.8,0.0,21,188,7
2026-07-07 22:00:00,0.0,100,6.1,26.9,0.0,22,188,7
2026-07-07 23:00:00,0.0,100,8.1,28.0,0.0,23,188,7
2026-07-08 00:00:00,0.0,100,10.3,28.0,0.0,0,189,7
2026-07-08 01:00:00,0.0,100,5.5,27.6,0.0,1,189,7
2026-07-08 02:00:00,0.0,100,6.1,27.4,0.0,2,189,7
2026-07-08 03:00:00,0.0,100,8.6,27.7,0.0,3,189,7
2026-07-08 04:00:00,0.0,100,8.8,27.6,0.0,4,189,7
2026-07-08 05:00:00,0.0,99,9.2,27.4,0.0,5,189,7
2026-07-08 06:00:00,4.0,100,7.7,27.5,0.06375907429071102,6,189,7
2026-07-08 07:00:00,50.0,100,8.6,28.1,0.7596023503563579,7,189,7
2026-07-08 08:00:00,120.0,100,9.0,28.6,1.5561140441828218,8,189,7
2026-07-08 09:00:00,222.0,100,11.1,29.6,2.9248673537808725,9,189,7
2026-07-08 10:00:00,300.0,100,10.4,30.4,4.723415657592838,10,189,7
2026-07-08 11:00:00,456.0,99,10.3,31.3,6.99601544128007,11,189,7
2026-07-08 12:00:00,608.0,100,9.5,32.1,8.645688260216717,12,189,7
2026-07-08 13:00:00,516.0,100,10.2,32.4,7.39649357589164,13,189,7
2026-07-08 14:00:00,549.0,97,12.8,33.1,8.330172244552017,14,189,7
2026-07-08 15:00:00,565.0,94,14.4,33.0,8.620265155213342,15,189,7
2026-07-08 16:00:00,424.0,100,12.3,32.9,5.875967345082117,16,189,7
2026-07-08 17:00:00,252.0,97,10.6,32.8,4.050023288198538,17,189,7
2026-07-08 18:00:00,152.0,99,8.5,32.2,2.3461274106908663,18,189,7
2026-07-08 19:00:00,29.0,100,7.0,31.3,0.4551428643978546,19,189,7
2026-07-08 20:00:00,0.0,100,8.1,30.9,0.0,20,189,7
2026-07-08 21:00:00,0.0,100,7.4,30.6,0.0,21,189,7
2026-07-08 22:00:00,0.0,99,7.5,30.3,0.0,22,189,7
2026-07-08 23:00:00,0.0,98,11.8,29.6,0.0,23,189,7
2026-07-09 00:00:00,0.0,100,9.6,29.2,0.0,0,190,7
2026-07-09 01:00:00,0.0,98,11.1,28.9,0.0,1,190,7
2026-07-09 02:00:00,0.0,93,12.1,28.5,0.0,2,190,7
2026-07-09 03:00:00,0.0,75,11.5,27.9,0.0,3,190,7
2026-07-09 04:00:00,0.0,74,12.2,27.5,0.0,4,190,7
2026-07-09 05:00:00,0.0,97,11.5,27.6,0.0,5,190,7
2026-07-09 06:00:00,7.0,87,11.2,27.5,0.13139013726171858,6,190,7
2026-07-09 07:00:00,89.0,52,10.2,28.2,2.07516556662655,7,190,7
2026-07-09 08:00:00,275.0,98,12.9,29.0,3.8440828008697387,8,190,7
2026-07-09 09:00:00,417.0,91,11.4,30.0,6.989535192934644,9,190,7
2026-07-09 10:00:00,648.0,92,12.7,31.2,10.116970748486217,10,190,7
2026-07-09 11:00:00,710.0,84,13.0,31.6,11.652209277558795,11,190,7
2026-07-09 12:00:00,714.0,48,13.9,32.7,18.49374178230519,12,190,7
2026-07-09 13:00:00,806.0,27,14.9,34.0,22.364422516540834,13,190,7
2026-07-09 14:00:00,766.0,41,15.3,34.6,19.032469195404417,14,190,7
2026-07-09 15:00:00,695.0,36,14.7,35.1,18.29564037242369,15,190,7
2026-07-09 16:00:00,560.0,78,13.9,35.3,10.399876793684259,16,190,7
2026-07-09 17:00:00,367.0,20,8.7,34.8,9.606743919659118,17,190,7
2026-07-09 18:00:00,189.0,30,10.1,33.7,4.824415568305902,18,190,7
2026-07-09 19:00:00,38.0,34,12.6,31.1,1.036679484706327,19,190,7
2026-07-09 20:00:00,0.0,91,10.4,30.2,0.0,20,190,7
2026-07-09 21:00:00,0.0,87,11.2,30.9,0.0,21,190,7
2026-07-09 22:00:00,0.0,96,14.0,30.2,0.0,22,190,7
2026-07-09 23:00:00,0.0,89,13.2,29.4,0.0,23,190,7
2026-07-10 00:00:00,0.0,94,12.9,29.2,0.0,0,191,7
2026-07-10 01:00:00,0.0,27,14.7,28.8,0.0,1,191,7
2026-07-10 02:00:00,0.0,98,13.2,28.1,0.0,2,191,7
2026-07-10 03:00:00,0.0,95,12.4,27.6,0.0,3,191,7
2026-07-10 04:00:00,0.0,97,11.2,27.2,0.0,4,191,7
2026-07-10 05:00:00,0.0,100,12.5,27.6,0.0,5,191,7
2026-07-10 06:00:00,5.0,100,11.7,27.6,0.07448274084035165,6,191,7
2026-07-10 07:00:00,76.0,98,12.5,28.0,1.0937412064378675,7,191,7
2026-07-10 08:00:00,264.0,58,12.4,28.8,6.110793360668764,8,191,7
2026-07-10 09:00:00,459.0,80,14.1,30.0,8.820106386803511,9,191,7
2026-07-10 10:00:00,606.0,95,14.5,31.2,8.268468504636157,10,191,7
2026-07-10 11:00:00,769.0,97,16.5,32.3,12.545226397284921,11,191,7
2026-07-10 12:00:00,727.0,99,16.7,33.2,11.528517025788322,12,191,7
2026-07-10 13:00:00,812.0,99,16.9,34.2,11.332934777421839,13,191,7
2026-07-10 14:00:00,744.0,97,16.1,35.2,10.001013199687112,14,191,7
2026-07-10 15:00:00,670.0,98,16.3,35.7,10.036933351538622,15,191,7
2026-07-10 16:00:00,475.0,98,13.3,35.5,6.210992277757552,16,191,7
2026-07-10 17:00:00,322.0,100,11.5,34.8,4.611835527865681,17,191,7
2026-07-10 18:00:00,158.0,100,10.8,33.7,2.036165910217406,18,191,7
2026-07-10 19:00:00,35.0,100,11.4,32.5,0.497743332172394,19,191,7
2026-07-10 20:00:00,0.0,98,14.3,32.0,0.0,20,191,7
2026-07-10 21:00:00,0.0,100,11.8,31.2,0.0,21,191,7
2026-07-10 22:00:00,0.0,100,10.5,30.0,0.0,22,191,7
2026-07-10 23:00:00,0.0,99,16.3,30.0,0.0,23,191,7
2026-07-11 00:00:00,0.0,99,19.0,29.1,0.0,0,192,7
2026-07-11 01:00:00,0.0,78,16.6,28.3,0.0,1,192,7
2026-07-11 02:00:00,0.0,91,15.2,27.8,0.0,2,192,7
2026-07-11 03:00:00,0.0,100,13.5,27.5,0.0,3,192,7
2026-07-11 04:00:00,0.0,100,13.0,27.4,0.0,4,192,7
2026-07-11 05:00:00,0.0,100,12.4,27.4,0.0,5,192,7
2026-07-11 06:00:00,4.0,100,13.5,27.7,0.056550088624428244,6,192,7
2026-07-11 07:00:00,61.0,98,13.9,28.1,0.9656402568759013,7,192,7
2026-07-11 08:00:00,232.0,55,18.2,29.0,5.66742887086631,8,192,7
2026-07-11 09:00:00,396.0,66,18.4,30.1,8.508417748957596,9,192,7
2026-07-11 10:00:00,570.0,42,19.0,31.4,13.223639622556526,10,192,7
2026-07-11 11:00:00,711.0,84,19.5,32.7,12.103911759222582,11,192,7
2026-07-11 12:00:00,847.0,88,19.3,33.9,14.80858467067666,12,192,7
2026-07-11 13:00:00,812.0,80,18.2,34.7,14.587232518186482,13,192,7
2026-07-11 14:00:00,697.0,13,17.6,35.5,20.690872104153236,14,192,7
2026-07-11 15:00:00,752.0,45,19.4,36.4,17.303601947820837,15,192,7
2026-07-11 16:00:00,535.0,87,17.1,36.1,9.515966925057059,16,192,7
2026-07-11 17:00:00,311.0,19,14.1,35.3,8.998173245738947,17,192,7
2026-07-11 18:00:00,183.0,94,14.2,34.4,2.9456321743411986,18,192,7
2026-07-11 19:00:00,39.0,88,14.3,33.1,0.6235377052478824,19,192,7
2026-07-11 20:00:00,0.0,66,18.2,32.0,0.0,20,192,7
2026-07-11 21:00:00,0.0,63,20.3,30.9,0.0,21,192,7
2026-07-11 22:00:00,0.0,89,19.6,30.0,0.0,22,192,7
2026-07-11 23:00:00,0.0,91,17.2,29.8,0.0,23,192,7
2026-07-12 00:00:00,0.0,70,16.5,29.1,0.0,0,193,7
2026-07-12 01:00:00,0.0,100,15.4,28.5,0.0,1,193,7
2026-07-12 02:00:00,0.0,100,14.4,28.2,0.0,2,193,7
2026-07-12 03:00:00,0.0,100,13.6,28.0,0.0,3,193,7
2026-07-12 04:00:00,0.0,100,12.9,27.8,0.0,4,193,7
2026-07-12 05:00:00,0.0,100,12.4,27.7,0.0,5,193,7
2026-07-12 06:00:00,5.0,95,12.5,27.8,0.07526613849368498,6,193,7
2026-07-12 07:00:00,86.0,29,13.9,28.4,2.3866368970293346,7,193,7
2026-07-12 08:00:00,277.0,43,17.2,29.6,6.953731406728128,8,193,7
2026-07-12 09:00:00,441.0,34,18.6,30.8,11.445503559483502,9,193,7
2026-07-12 10:00:00,619.0,91,18.8,32.3,10.0523785331553,10,193,7
2026-07-12 11:00:00,636.0,46,19.6,33.8,14.029546858367203,11,193,7
2026-07-12 12:00:00,870.0,13,19.2,35.4,22.654297557396944,12,193,7
2026-07-12 13:00:00,940.0,95,20.4,36.6,12.576643300987492,13,193,7
2026-07-12 14:00:00,574.0,97,20.3,36.8,7.978203185252889,14,193,7
2026-07-12 15:00:00,579.0,100,20.8,37.4,8.583020726101276,15,193,7
2026-07-12 16:00:00,507.0,99,19.8,37.3,7.9504478194775325,16,193,7
2026-07-12 17:00:00,319.0,98,16.1,36.4,5.114829570688521,17,193,7
2026-07-12 18:00:00,173.0,100,14.0,34.8,2.358623417939052,18,193,7
2026-07-12 19:00:00,37.0,99,13.4,33.2,0.5322824209757773,19,193,7
2026-07-12 20:00:00,0.0,82,17.4,32.7,0.0,20,193,7
2026-07-12 21:00:00,0.0,100,19.2,31.7,0.0,21,193,7
2026-07-12 22:00:00,0.0,95,18.6,30.7,0.0,22,193,7
2026-07-12 23:00:00,0.0,100,17.9,30.3,0.0,23,193,7
2026-07-13 00:00:00,0.0,97,17.2,29.5,0.0,0,194,7
2026-07-13 01:00:00,0.0,92,16.2,28.9,0.0,1,194,7
2026-07-13 02:00:00,0.0,77,15.2,28.5,0.0,2,194,7
2026-07-13 03:00:00,0.0,95,14.7,28.2,0.0,3,194,7
2026-07-13 04:00:00,0.0,99,13.9,27.8,0.0,4,194,7
2026-07-13 05:00:00,0.0,99,12.4,27.8,0.0,5,194,7
2026-07-13 06:00:00,6.0,99,12.0,27.7,0.09216870083640388,6,194,7
2026-07-13 07:00:00,103.0,85,11.5,28.3,1.709094419445997,7,194,7
2026-07-13 08:00:00,285.0,59,15.8,29.5,6.299138972259383,8,194,7
2026-07-13 09:00:00,477.0,87,16.7,30.9,8.144063746898082,9,194,7
2026-07-13 10:00:00,663.0,98,16.9,32.4,9.939682753051446,10,194,7
2026-07-13 11:00:00,764.0,100,16.0,33.7,10.845845792569262,11,194,7
2026-07-13 12:00:00,876.0,89,16.7,34.8,13.851541689789567,12,194,7
2026-07-13 13:00:00,914.0,90,18.8,36.1,14.747614569833779,13,194,7
2026-07-13 14:00:00,721.0,91,19.0,36.7,10.97635571650484,14,194,7
2026-07-13 15:00:00,744.0,92,18.9,37.5,12.660588639833453,15,194,7
2026-07-13 16:00:00,543.0,88,19.3,37.1,9.071930671107971,16,194,7
2026-07-13 17:00:00,324.0,85,16.3,36.7,6.112791012669924,17,194,7
2026-07-13 18:00:00,182.0,93,15.4,36.2,2.7354398905640456,18,194,7
2026-07-13 19:00:00,37.0,96,15.4,34.9,0.6039749945937182,19,194,7
2026-07-13 20:00:00,0.0,60,17.4,33.5,0.0,20,194,7
2026-07-13 21:00:00,0.0,4,16.5,32.2,0.0,21,194,7
2026-07-13 22:00:00,0.0,77,17.2,31.1,0.0,22,194,7
2026-07-13 23:00:00,0.0,88,16.5,30.4,0.0,23,194,7
2026-07-14 00:00:00,0.0,98,16.8,29.5,0.0,0,195,7
2026-07-14 01:00:00,0.0,100,15.4,28.7,0.0,1,195,7
2026-07-14 02:00:00,0.0,100,14.9,28.1,0.0,2,195,7
2026-07-14 03:00:00,0.0,100,13.8,27.8,0.0,3,195,7
2026-07-14 04:00:00,0.0,99,13.0,27.4,0.0,4,195,7
2026-07-14 05:00:00,0.0,100,11.2,27.7,0.0,5,195,7
2026-07-14 06:00:00,5.0,94,10.7,27.6,0.0699596599350389,6,195,7
2026-07-14 07:00:00,83.0,88,10.6,28.2,1.366706139375045,7,195,7
2026-07-14 08:00:00,286.0,98,15.2,29.3,4.178719799385144,8,195,7
2026-07-14 09:00:00,428.0,97,16.5,30.4,6.304734615627241,9,195,7
2026-07-14 10:00:00,596.0,84,17.0,32.0,10.409595429569334,10,195,7
2026-07-14 11:00:00,688.0,57,16.7,33.5,16.301661249027877,11,195,7
2026-07-14 12:00:00,790.0,33,15.9,34.7,21.827070622032345,12,195,7
2026-07-14 13:00:00,871.0,16,15.6,35.6,22.969563440549358,13,195,7
2026-07-14 14:00:00,825.0,52,16.1,36.3,20.636116863841853,14,195,7
2026-07-14 15:00:00,742.0,78,15.0,36.6,12.534827257640634,15,195,7
2026-07-14 16:00:00,527.0,94,14.4,36.2,8.235491760388694,16,195,7
2026-07-14 17:00:00,328.0,85,13.0,36.3,5.052217981911453,17,195,7
2026-07-14 18:00:00,167.0,31,13.0,35.1,4.203664008455229,18,195,7
2026-07-14 19:00:00,35.0,76,15.3,31.9,0.6415836973447705,19,195,7
2026-07-14 20:00:00,0.0,89,10.8,31.1,0.0,20,195,7
2026-07-14 21:00:00,0.0,93,10.4,31.4,0.0,21,195,7
2026-07-14 22:00:00,0.0,98,12.3,31.2,0.0,22,195,7
2026-07-14 23:00:00,0.0,99,7.4,29.3,0.0,23,195,7
2026-07-15 00:00:00,0.0,90,4.6,28.8,0.0,0,196,7
2026-07-15 01:00:00,0.0,80,10.3,29.2,0.0,1,196,7
2026-07-15 02:00:00,0.0,73,11.1,29.0,0.0,2,196,7
2026-07-15 03:00:00,0.0,67,10.1,28.4,0.0,3,196,7
2026-07-15 04:00:00,0.0,60,9.6,28.0,0.0,4,196,7
2026-07-15 05:00:00,0.0,18,9.3,28.0,0.0,5,196,7
2026-07-15 06:00:00,6.0,66,9.3,27.8,0.13552386393121763,6,196,7
2026-07-15 07:00:00,99.0,93,8.3,28.6,1.5071778842596804,7,196,7
2026-07-15 08:00:00,289.0,98,10.8,29.8,4.3159888404446125,8,196,7
2026-07-15 09:00:00,464.0,93,11.7,31.1,7.360764676513706,9,196,7
2026-07-15 10:00:00,653.0,66,11.6,32.5,12.464301752870597,10,196,7
2026-07-15 11:00:00,802.0,13,10.9,33.4,26.97222677379201,11,196,7
2026-07-15 12:00:00,857.0,21,10.3,34.2,25.62080875573233,12,196,7
2026-07-15 13:00:00,874.0,12,10.7,35.1,22.363778720282607,13,196,7
2026-07-15 14:00:00,857.0,19,10.6,35.6,24.9649177211543,14,196,7
2026-07-15 15:00:00,721.0,20,11.5,35.5,19.642816112122805,15,196,7
2026-07-15 16:00:00,564.0,48,12.9,33.7,13.771741321950564,16,196,7
2026-07-15 17:00:00,319.0,100,13.8,29.6,4.622795287116513,17,196,7
2026-07-15 18:00:00,80.0,100,7.0,29.6,1.1095652940954162,18,196,7
2026-07-15 19:00:00,13.0,99,6.4,29.8,0.20343592594429802,19,196,7
2026-07-15 20:00:00,0.0,96,8.1,30.0,0.0,20,196,7
2026-07-15 21:00:00,0.0,23,8.6,29.4,0.0,21,196,7
2026-07-15 22:00:00,0.0,23,9.4,28.8,0.0,22,196,7
2026-07-15 23:00:00,0.0,100,8.8,28.9,0.0,23,196,7
2026-07-16 00:00:00,0.0,27,9.7,28.3,0.0,0,197,7
2026-07-16 01:00:00,0.0,98,7.8,27.6,0.0,1,197,7
2026-07-16 02:00:00,0.0,100,5.9,27.3,0.0,2,197,7
2026-07-16 03:00:00,0.0,99,5.7,27.2,0.0,3,197,7
2026-07-16 04:00:00,0.0,100,5.0,27.1,0.0,4,197,7
2026-07-16 05:00:00,0.0,33,7.8,28.3,0.0,5,197,7
2026-07-16 06:00:00,5.0,14,6.4,28.0,0.14831447276929807,6,197,7
2026-07-16 07:00:00,96.0,13,7.7,28.5,2.991656037804345,7,197,7
2026-07-16 08:00:00,257.0,13,7.1,29.4,8.123308777580144,8,197,7
2026-07-16 09:00:00,450.0,16,7.2,30.9,13.461814920344475,9,197,7
2026-07-16 10:00:00,608.0,5,7.1,32.2,17.96289461080674,10,197,7
2026-07-16 11:00:00,791.0,77,7.2,33.2,14.854843380389616,11,197,7
2026-07-16 12:00:00,638.0,98,6.6,33.9,8.879752632571032,12,197,7
2026-07-16 13:00:00,529.0,71,7.4,34.1,10.242372468138248,13,197,7
2026-07-16 14:00:00,560.0,29,10.5,34.4,14.967437464917191,14,197,7
2026-07-16 15:00:00,646.0,25,11.3,34.2,17.72349627598032,15,197,7
2026-07-16 16:00:00,519.0,10,8.2,34.7,15.509921676301392,16,197,7
2026-07-16 17:00:00,386.0,34,15.4,34.0,10.535305961931876,17,197,7
2026-07-16 18:00:00,176.0,20,12.2,31.9,4.787614685717122,18,197,7
2026-07-16 19:00:00,37.0,7,11.7,31.1,1.2174017249929774,19,197,7
2026-07-16 20:00:00,0.0,9,10.7,30.6,0.0,20,197,7
2026-07-16 21:00:00,0.0,43,9.8,30.2,0.0,21,197,7
2026-07-16 22:00:00,0.0,31,10.0,29.9,0.0,22,197,7
2026-07-16 23:00:00,0.0,73,10.5,29.5,0.0,23,197,7
2026-07-17 00:00:00,0.0,80,8.6,28.8,0.0,0,198,7
2026-07-17 01:00:00,0.0,29,9.0,28.5,0.0,1,198,7
2026-07-17 02:00:00,0.0,40,9.0,28.2,0.0,2,198,7
2026-07-17 03:00:00,0.0,100,8.7,27.8,0.0,3,198,7
2026-07-17 04:00:00,0.0,97,7.9,27.8,0.0,4,198,7
2026-07-17 05:00:00,0.0,100,6.8,28.5,0.0,5,198,7
2026-07-17 06:00:00,3.0,47,7.2,28.6,0.0762675027632208,6,198,7
2026-07-17 07:00:00,78.0,6,7.8,29.1,2.401217715034276,7,198,7
2026-07-17 08:00:00,274.0,28,8.1,30.2,7.343518635351814,8,198,7
2026-07-17 09:00:00,461.0,23,8.5,31.3,13.723375012889619,9,198,7
2026-07-17 10:00:00,646.0,22,9.3,32.7,21.15087041018058,10,198,7
2026-07-17 11:00:00,778.0,16,9.4,33.7,23.10626972806849,11,198,7
2026-07-17 12:00:00,868.0,17,9.7,34.5,25.848691004620555,12,198,7
2026-07-17 13:00:00,874.0,18,9.7,35.2,24.899307873134706,13,198,7
2026-07-17 14:00:00,810.0,15,9.2,35.8,22.17517806230593,14,198,7
2026-07-17 15:00:00,708.0,10,8.6,36.0,20.331377272339886,15,198,7
2026-07-17 16:00:00,576.0,6,8.8,36.1,18.74209209059698,16,198,7
2026-07-17 17:00:00,391.0,63,10.3,35.7,6.410863332757884,17,198,7
2026-07-17 18:00:00,139.0,96,10.8,34.8,2.24920151953033,18,198,7
2026-07-17 19:00:00,25.0,96,11.0,32.1,0.35488527551108057,19,198,7
2026-07-17 20:00:00,0.0,63,10.0,31.4,0.0,20,198,7
2026-07-17 21:00:00,0.0,98,13.1,31.2,0.0,21,198,7
2026-07-17 22:00:00,0.0,100,11.7,28.9,0.0,22,198,7
2026-07-17 23:00:00,0.0,99,7.6,28.5,0.0,23,198,7
2026-07-18 00:00:00,0.0,100,7.4,28.7,0.0,0,199,7
2026-07-18 01:00:00,0.0,96,8.5,28.9,0.0,1,199,7
2026-07-18 02:00:00,0.0,98,8.6,28.7,0.0,2,199,7
2026-07-18 03:00:00,0.0,98,8.7,28.7,0.0,3,199,7
2026-07-18 04:00:00,0.0,100,8.0,28.6,0.0,4,199,7
2026-07-18 05:00:00,0.0,83,8.2,28.7,0.0,5,199,7
2026-07-18 06:00:00,5.0,66,6.9,28.4,0.11169078328631668,6,199,7
2026-07-18 07:00:00,93.0,77,7.8,28.9,1.671399100273925,7,199,7
2026-07-18 08:00:00,277.0,91,8.5,30.0,4.903607543814009,8,199,7
2026-07-18 09:00:00,450.0,98,8.3,31.2,7.288280970633675,9,199,7
2026-07-18 10:00:00,611.0,97,9.0,32.3,8.690333111580406,10,199,7
2026-07-18 11:00:00,729.0,82,8.9,33.1,11.6163920950003,11,199,7
2026-07-18 12:00:00,829.0,69,10.9,33.4,16.685252961673477,12,199,7
2026-07-18 13:00:00,795.0,66,10.9,33.8,16.85089612344318,13,199,7
2026-07-18 14:00:00,719.0,90,10.8,34.1,12.151766045308381,14,199,7
2026-07-18 15:00:00,676.0,79,10.5,34.8,11.383009779674635,15,199,7
2026-07-18 16:00:00,524.0,95,11.4,35.0,7.902665319370377,16,199,7
2026-07-18 17:00:00,328.0,91,10.6,34.1,5.418500785485048,17,199,7
2026-07-18 18:00:00,161.0,69,10.7,33.8,2.9608042915507014,18,199,7
2026-07-18 19:00:00,32.0,94,12.8,31.4,0.47399612897263343,19,199,7
2026-07-18 20:00:00,0.0,93,11.2,30.3,0.0,20,199,7
2026-07-18 21:00:00,0.0,98,10.2,30.0,0.0,21,199,7
2026-07-18 22:00:00,0.0,95,10.0,29.1,0.0,22,199,7
2026-07-18 23:00:00,0.0,98,9.0,28.5,0.0,23,199,7
2026-07-19 00:00:00,0.0,92,9.1,27.8,0.0,0,200,7
2026-07-19 01:00:00,0.0,98,10.0,27.1,0.0,1,200,7
2026-07-19 02:00:00,0.0,100,7.5,26.4,0.0,2,200,7
2026-07-19 03:00:00,0.0,100,4.3,26.6,0.0,3,200,7
2026-07-19 04:00:00,0.0,100,4.0,26.9,0.0,4,200,7
2026-07-19 05:00:00,0.0,98,4.8,27.3,0.0,5,200,7
2026-07-19 06:00:00,4.0,100,4.8,27.3,0.06635577792090838,6,200,7
2026-07-19 07:00:00,71.0,40,5.6,27.8,1.7191430572948705,7,200,7
2026-07-19 08:00:00,266.0,37,6.4,29.1,6.745234531191051,8,200,7
2026-07-19 09:00:00,448.0,87,7.0,30.2,8.121510955531647,9,200,7
2026-07-19 10:00:00,644.0,78,6.4,31.3,12.12761719567616,10,200,7
2026-07-19 11:00:00,742.0,93,6.7,32.1,10.553647630999174,11,200,7
2026-07-19 12:00:00,740.0,99,6.4,32.8,12.088644157593318,12,200,7
2026-07-19 13:00:00,600.0,81,6.9,33.1,10.296280299681595,13,200,7
2026-07-19 14:00:00,568.0,86,8.2,33.5,9.79791165868905,14,200,7
2026-07-19 15:00:00,578.0,72,7.6,33.8,10.93853820419222,15,200,7
2026-07-19 16:00:00,530.0,80,8.3,33.6,9.644281184896618,16,200,7
2026-07-19 17:00:00,364.0,74,13.5,32.6,7.057724390004827,17,200,7
2026-07-19 18:00:00,168.0,64,10.3,31.0,3.4124502761856643,18,200,7
2026-07-19 19:00:00,35.0,94,11.7,30.3,0.5694068483452475,19,200,7
2026-07-19 20:00:00,0.0,97,12.1,29.6,0.0,20,200,7
2026-07-19 21:00:00,0.0,84,10.6,28.9,0.0,21,200,7
2026-07-19 22:00:00,0.0,89,11.1,28.7,0.0,22,200,7
2026-07-19 23:00:00,0.0,91,8.9,28.7,0.0,23,200,7
2026-07-20 00:00:00,0.0,92,7.3,28.3,0.0,0,201,7
2026-07-20 01:00:00,0.0,97,6.8,28.1,0.0,1,201,7
2026-07-20 02:00:00,0.0,99,6.1,27.7,0.0,2,201,7
2026-07-20 03:00:00,0.0,100,5.1,27.6,0.0,3,201,7
2026-07-20 04:00:00,0.0,100,4.9,27.4,0.0,4,201,7
2026-07-20 05:00:00,0.0,70,6.3,26.9,0.0,5,201,7
2026-07-20 06:00:00,4.0,80,4.7,27.0,0.07204296735981822,6,201,7
2026-07-20 07:00:00,90.0,100,5.6,27.8,1.3488562001865947,7,201,7
2026-07-20 08:00:00,150.0,100,6.7,28.5,2.3698070557928688,8,201,7
2026-07-20 09:00:00,225.0,100,7.1,29.4,3.2940812033790294,9,201,7
2026-07-20 10:00:00,403.0,100,6.9,30.4,6.157181755169486,10,201,7
2026-07-20 11:00:00,604.0,100,10.9,28.8,8.354836250202471,11,201,7
2026-07-20 12:00:00,530.0,97,4.5,30.8,7.988230914554666,12,201,7
2026-07-20 13:00:00,794.0,79,5.6,32.5,16.3646739671121,13,201,7
2026-07-20 14:00:00,761.0,98,6.1,33.4,11.308967465302576,14,201,7
2026-07-20 15:00:00,446.0,97,14.1,30.3,6.374848252930185,15,201,7
2026-07-20 16:00:00,248.0,92,5.8,28.1,3.9575045724590083,16,201,7
2026-07-20 17:00:00,257.0,100,9.4,30.0,3.285241171358253,17,201,7
2026-07-20 18:00:00,123.0,98,10.7,29.7,1.7826533246491816,18,201,7
2026-07-20 19:00:00,19.0,100,6.5,28.6,0.2711175935477494,19,201,7
2026-07-20 20:00:00,0.0,95,8.5,28.8,0.0,20,201,7
2026-07-20 21:00:00,0.0,98,11.2,28.6,0.0,21,201,7
2026-07-20 22:00:00,0.0,99,9.7,27.8,0.0,22,201,7
2026-07-20 23:00:00,0.0,100,7.0,27.8,0.0,23,201,7
2026-07-21 00:00:00,0.0,100,6.9,27.8,0.0,0,202,7
2026-07-21 01:00:00,0.0,92,6.5,27.8,0.0,1,202,7
2026-07-21 02:00:00,0.0,73,6.3,27.7,0.0,2,202,7
2026-07-21 03:00:00,0.0,91,6.1,27.5,0.0,3,202,7
2026-07-21 04:00:00,0.0,100,6.3,27.3,0.0,4,202,7
2026-07-21 05:00:00,0.0,70,6.9,26.9,0.0,5,202,7
2026-07-21 06:00:00,4.0,97,7.2,26.8,0.06021705516508057,6,202,7
2026-07-21 07:00:00,61.0,100,7.0,27.3,0.9855930518680392,7,202,7
2026-07-21 08:00:00,117.0,95,9.2,27.7,1.7755812596834122,8,202,7
2026-07-21 09:00:00,248.0,100,7.7,28.6,3.63470185186334,9,202,7
2026-07-21 10:00:00,306.0,100,7.5,29.3,4.589039192696084,10,202,7
2026-07-21 11:00:00,292.0,100,7.5,28.8,4.081401206218792,11,202,7
2026-07-21 12:00:00,436.0,99,7.2,30.6,5.902730797709407,12,202,7
2026-07-21 13:00:00,735.0,100,7.5,32.6,10.23447809214406,13,202,7
2026-07-21 14:00:00,657.0,100,11.2,30.3,9.296029749650877,14,202,7
2026-07-21 15:00:00,368.0,100,3.4,29.0,5.92394786418167,15,202,7
2026-07-21 16:00:00,256.0,100,2.8,30.3,4.011311243320758,16,202,7
2026-07-21 17:00:00,267.0,99,9.0,32.3,4.0108280321093535,17,202,7
2026-07-21 18:00:00,129.0,100,9.0,31.5,1.9043102203465392,18,202,7
2026-07-21 19:00:00,28.0,100,9.0,31.0,0.41637472144831456,19,202,7
2026-07-21 20:00:00,0.0,100,9.5,30.1,0.0,20,202,7
2026-07-21 21:00:00,0.0,100,10.7,29.2,0.0,21,202,7
2026-07-21 22:00:00,0.0,100,11.2,28.6,0.0,22,202,7
2026-07-21 23:00:00,0.0,100,9.7,28.1,0.0,23,202,7
2026-07-22 00:00:00,0.0,100,8.9,27.7,0.0,0,203,7
2026-07-22 01:00:00,0.0,80,9.0,27.7,0.0,1,203,7
2026-07-22 02:00:00,0.0,88,8.9,27.5,0.0,2,203,7
2026-07-22 03:00:00,0.0,100,8.4,27.5,0.0,3,203,7
2026-07-22 04:00:00,0.0,100,7.9,27.3,0.0,4,203,7
2026-07-22 05:00:00,0.0,100,8.5,27.5,0.0,5,203,7
2026-07-22 06:00:00,2.0,100,9.6,26.9,0.027582177518870456,6,203,7
2026-07-22 07:00:00,15.0,100,9.0,26.8,0.24138690101910282,7,203,7
2026-07-22 08:00:00,62.0,100,8.4,27.0,0.9614077129971718,8,203,7
2026-07-22 09:00:00,153.0,100,6.7,27.8,2.0095485199402536,9,203,7
2026-07-22 10:00:00,196.0,100,6.7,28.6,2.7885851980006544,10,203,7
2026-07-22 11:00:00,253.0,100,5.8,29.2,3.7667143437309356,11,203,7
2026-07-22 12:00:00,260.0,100,6.3,29.8,3.9317675946930852,12,203,7
2026-07-22 13:00:00,397.0,100,5.8,30.4,5.837134055435995,13,203,7
2026-07-22 14:00:00,191.0,100,7.2,29.7,2.518626712530153,14,203,7
2026-07-22 15:00:00,355.0,99,6.2,30.3,5.327785714867202,15,203,7
2026-07-22 16:00:00,372.0,100,6.9,30.9,5.447400291077671,16,203,7
2026-07-22 17:00:00,112.0,99,8.3,31.2,1.8238458740842403,17,203,7
2026-07-22 18:00:00,97.0,99,7.5,30.1,1.5656981691646588,18,203,7
2026-07-22 19:00:00,20.0,100,8.8,29.4,0.2677630095402023,19,203,7
2026-07-22 20:00:00,0.0,100,9.1,29.0,0.0,20,203,7
2026-07-22 21:00:00,0.0,100,10.8,28.3,0.0,21,203,7
2026-07-22 22:00:00,0.0,100,9.6,27.2,0.0,22,203,7
2026-07-22 23:00:00,0.0,100,8.7,26.4,0.0,23,203,7
2026-07-23 00:00:00,0.0,100,4.6,26.0,0.0,0,204,7
2026-07-23 01:00:00,0.0,100,4.5,26.1,0.0,1,204,7
2026-07-23 02:00:00,0.0,100,6.0,26.1,0.0,2,204,7
2026-07-23 03:00:00,0.0,100,9.4,26.6,0.0,3,204,7
2026-07-23 04:00:00,0.0,100,9.2,26.1,0.0,4,204,7
2026-07-23 05:00:00,0.0,100,11.0,26.2,0.0,5,204,7
2026-07-23 06:00:00,1.0,100,11.2,25.5,0.016187080182932943,6,204,7
2026-07-23 07:00:00,25.0,98,11.8,25.8,0.3801300418284264,7,204,7
2026-07-23 08:00:00,135.0,100,11.1,26.9,2.0072652652358176,8,204,7
2026-07-23 09:00:00,174.0,100,12.5,26.7,2.622935075928039,9,204,7
2026-07-23 10:00:00,160.0,100,14.6,27.1,2.131156099170262,10,204,7
2026-07-23 11:00:00,269.0,100,5.8,26.6,3.938027465767499,11,204,7
2026-07-23 12:00:00,135.0,100,8.2,26.8,2.109581442560168,12,204,7
2026-07-23 13:00:00,161.0,100,8.7,26.9,2.364737155623069,13,204,7
2026-07-23 14:00:00,211.0,100,9.9,27.4,2.8441656292205164,14,204,7
2026-07-23 15:00:00,152.0,100,14.4,27.3,2.065701433757688,15,204,7
2026-07-23 16:00:00,95.0,100,15.9,26.9,1.5282385808488843,16,204,7
2026-07-23 17:00:00,145.0,100,13.6,26.5,2.217066999390937,17,204,7
2026-07-23 18:00:00,16.0,100,7.9,26.2,0.2313261954356637,18,204,7
2026-07-23 19:00:00,5.0,100,7.9,26.0,0.0782362270795883,19,204,7
2026-07-23 20:00:00,0.0,100,8.3,25.9,0.0,20,204,7
2026-07-23 21:00:00,0.0,100,3.8,25.9,0.0,21,204,7
2026-07-23 22:00:00,0.0,100,2.5,26.0,0.0,22,204,7
2026-07-23 23:00:00,0.0,100,11.9,25.5,0.0,23,204,7
2026-07-24 00:00:00,0.0,100,10.7,24.9,0.0,0,205,7
2026-07-24 01:00:00,0.0,100,16.0,24.8,0.0,1,205,7
2026-07-24 02:00:00,0.0,100,19.5,25.0,0.0,2,205,7
2026-07-24 03:00:00,0.0,100,14.2,24.8,0.0,3,205,7
2026-07-24 04:00:00,0.0,100,9.9,24.9,0.0,4,205,7
2026-07-24 05:00:00,0.0,100,19.6,25.4,0.0,5,205,7
2026-07-24 06:00:00,0.0,100,8.0,25.6,0.0,6,205,7
2026-07-24 07:00:00,10.0,100,17.4,25.6,0.1596874994207647,7,205,7
2026-07-24 08:00:00,98.0,100,17.0,26.3,1.5147317937168028,8,205,7
2026-07-24 09:00:00,125.0,100,15.2,26.5,1.9705303406255117,9,205,7
2026-07-24 10:00:00,158.0,100,12.1,26.8,2.158433997643324,10,205,7
2026-07-24 11:00:00,217.0,100,16.2,26.1,3.413818127488948,11,205,7
2026-07-24 12:00:00,219.0,100,14.7,26.6,3.446409252198847,12,205,7
2026-07-24 13:00:00,249.0,100,13.4,26.9,3.523033888573133,13,205,7
2026-07-24 14:00:00,267.0,100,17.3,26.8,4.043105708252786,14,205,7
2026-07-24 15:00:00,263.0,100,16.7,26.7,4.333933417465911,15,205,7
2026-07-24 16:00:00,170.0,100,16.9,26.3,2.4562402742538376,16,205,7
2026-07-24 17:00:00,84.0,100,14.5,26.8,1.1864754891382725,17,205,7
2026-07-24 18:00:00,75.0,100,14.5,26.0,1.0597373645304318,18,205,7
2026-07-24 19:00:00,12.0,100,15.2,25.6,0.1775252220879477,19,205,7
2026-07-24 20:00:00,0.0,100,13.6,25.6,0.0,20,205,7
2026-07-24 21:00:00,0.0,100,11.3,25.7,0.0,21,205,7
2026-07-24 22:00:00,0.0,100,9.3,25.7,0.0,22,205,7
2026-07-24 23:00:00,0.0,100,13.9,25.6,0.0,23,205,7
2026-07-25 00:00:00,0.0,100,21.1,25.5,0.0,0,206,7
2026-07-25 01:00:00,0.0,100,16.5,25.3,0.0,1,206,7
2026-07-25 02:00:00,0.0,100,16.3,25.0,0.0,2,206,7
2026-07-25 03:00:00,0.0,100,17.4,25.0,0.0,3,206,7
2026-07-25 04:00:00,0.0,100,17.6,25.3,0.0,4,206,7
2026-07-25 05:00:00,0.0,99,11.9,25.4,0.0,5,206,7
2026-07-25 06:00:00,2.0,74,10.3,25.3,0.04176155612311757,6,206,7
2026-07-25 07:00:00,70.0,91,10.7,25.9,1.1748993818846305,7,206,7
2026-07-25 08:00:00,147.0,100,11.7,26.4,2.2470118504627603,8,206,7
2026-07-25 09:00:00,275.0,100,13.8,27.3,3.949749655605053,9,206,7
2026-07-25 10:00:00,339.0,100,12.2,27.4,4.98554176580011,10,206,7
2026-07-25 11:00:00,569.0,100,10.9,26.5,9.100433389380678,11,206,7
2026-07-25 12:00:00,172.0,100,12.9,26.6,2.6040027926520994,12,206,7
2026-07-25 13:00:00,167.0,100,12.3,26.7,2.735943459086659,13,206,7
2026-07-25 14:00:00,210.0,100,8.4,27.5,3.0359778492582983,14,206,7
2026-07-25 15:00:00,487.0,96,12.2,29.4,7.955123361087413,15,206,7
2026-07-25 16:00:00,194.0,100,10.1,29.3,2.9311716390842886,16,206,7
2026-07-25 17:00:00,177.0,88,8.8,27.2,3.021709530231877,17,206,7
2026-07-25 18:00:00,79.0,88,8.2,27.4,1.3854798656808003,18,206,7
2026-07-25 19:00:00,18.0,89,9.4,26.8,0.3102102618890814,19,206,7
2026-07-25 20:00:00,0.0,100,10.6,26.6,0.0,20,206,7
2026-07-25 21:00:00,0.0,100,11.7,26.7,0.0,21,206,7
2026-07-25 22:00:00,0.0,100,8.6,26.4,0.0,22,206,7
2026-07-25 23:00:00,0.0,100,14.4,26.1,0.0,23,206,7
2026-07-26 00:00:00,0.0,100,13.9,26.0,0.0,0,207,7
2026-07-26 01:00:00,0.0,95,13.0,26.1,0.0,1,207,7
2026-07-26 02:00:00,0.0,99,11.8,26.2,0.0,2,207,7
2026-07-26 03:00:00,0.0,100,11.4,26.1,0.0,3,207,7
2026-07-26 04:00:00,0.0,68,11.3,26.0,0.0,4,207,7
2026-07-26 05:00:00,0.0,91,9.9,26.6,0.0,5,207,7
2026-07-26 06:00:00,2.0,89,9.6,26.5,0.033763966513923487,6,207,7
2026-07-26 07:00:00,54.0,78,9.3,27.0,1.055533759861229,7,207,7
2026-07-26 08:00:00,192.0,98,10.9,27.9,2.7090593718302296,8,207,7
2026-07-26 09:00:00,226.0,100,11.7,27.6,3.1561592789073587,9,207,7
2026-07-26 10:00:00,288.0,84,12.2,27.7,4.946783412508742,10,207,7
2026-07-26 11:00:00,390.0,100,14.4,30.5,5.408955357359667,11,207,7
2026-07-26 12:00:00,280.0,98,12.6,29.8,4.045631541230776,12,207,7
2026-07-26 13:00:00,720.0,98,12.2,30.6,10.995915563256242,13,207,7
2026-07-26 14:00:00,784.0,58,11.6,31.9,16.602300413923885,14,207,7
2026-07-26 15:00:00,638.0,98,14.5,28.9,9.324533378393827,15,207,7
2026-07-26 16:00:00,242.0,98,5.8,27.4,3.8434667441965757,16,207,7
2026-07-26 17:00:00,150.0,58,8.3,28.8,3.1905416342154838,17,207,7
2026-07-26 18:00:00,160.0,84,11.0,27.8,2.7507963129501034,18,207,7
2026-07-26 19:00:00,17.0,80,7.2,26.7,0.31752392993932005,19,207,7
2026-07-26 20:00:00,0.0,66,9.1,27.0,0.0,20,207,7
2026-07-26 21:00:00,0.0,95,8.8,27.0,0.0,21,207,7
2026-07-26 22:00:00,0.0,77,7.7,26.9,0.0,22,207,7
2026-07-26 23:00:00,0.0,48,9.7,26.8,0.0,23,207,7
2026-07-27 00:00:00,0.0,65,12.4,26.6,0.0,0,208,7
2026-07-27 01:00:00,0.0,88,11.8,26.0,0.0,1,208,7
2026-07-27 02:00:00,0.0,100,11.0,25.8,0.0,2,208,7
2026-07-27 03:00:00,0.0,100,9.0,25.6,0.0,3,208,7
2026-07-27 04:00:00,0.0,100,10.0,25.1,0.0,4,208,7
2026-07-27 05:00:00,0.0,100,11.9,24.9,0.0,5,208,7
2026-07-27 06:00:00,1.0,100,6.9,25.0,0.015411537958755987,6,208,7
2026-07-27 07:00:00,19.0,100,7.6,25.4,0.29898949914226475,7,208,7
2026-07-27 08:00:00,101.0,100,13.2,26.2,1.519334690657062,8,208,7
2026-07-27 09:00:00,114.0,100,14.1,26.6,1.6652067722779933,9,208,7
2026-07-27 10:00:00,111.0,100,11.7,26.1,1.8139821832634413,10,208,7
2026-07-27 11:00:00,342.0,88,12.4,29.2,5.532107000596935,11,208,7
2026-07-27 12:00:00,603.0,77,12.1,30.5,11.218411581200689,12,208,7
2026-07-27 13:00:00,628.0,79,10.1,30.1,11.68554918087692,13,208,7
2026-07-27 14:00:00,551.0,73,10.1,31.1,10.569534724687609,14,208,7
2026-07-27 15:00:00,528.0,98,9.1,27.6,7.846299606243567,15,208,7
2026-07-27 16:00:00,193.0,98,8.1,27.3,2.986400395279398,16,208,7
2026-07-27 17:00:00,216.0,91,5.3,28.7,3.2913137712291354,17,208,7
2026-07-27 18:00:00,139.0,91,6.5,28.5,2.2108291562670255,18,208,7
2026-07-27 19:00:00,30.0,77,6.7,28.0,0.5353649401744418,19,208,7
2026-07-27 20:00:00,0.0,81,6.3,27.8,0.0,20,208,7
2026-07-27 21:00:00,0.0,74,8.6,27.6,0.0,21,208,7
2026-07-27 22:00:00,0.0,91,7.9,27.4,0.0,22,208,7
2026-07-27 23:00:00,0.0,78,10.4,28.0,0.0,23,208,7
2026-07-28 00:00:00,0.0,73,10.4,27.7,0.0,0,209,7
2026-07-28 01:00:00,0.0,64,10.7,27.4,0.0,1,209,7
2026-07-28 02:00:00,0.0,45,10.3,27.1,0.0,2,209,7
2026-07-28 03:00:00,0.0,50,9.3,26.9,0.0,3,209,7
2026-07-28 04:00:00,0.0,91,6.4,26.6,0.0,4,209,7
2026-07-28 05:00:00,0.0,21,8.7,26.6,0.0,5,209,7
2026-07-28 06:00:00,3.0,88,8.1,26.5,0.05290492257910031,6,209,7
2026-07-28 07:00:00,87.0,83,8.6,27.1,1.5222426233682351,7,209,7
2026-07-28 08:00:00,255.0,52,13.7,28.0,6.06217082363671,8,209,7
2026-07-28 09:00:00,427.0,45,11.9,29.1,10.37532247265328,9,209,7
2026-07-28 10:00:00,626.0,46,11.1,30.3,14.848237282232972,10,209,7
2026-07-28 11:00:00,693.0,29,10.1,30.8,19.325658011020607,11,209,7
2026-07-28 12:00:00,789.0,26,10.8,31.6,20.185117130065567,12,209,7
2026-07-28 13:00:00,901.0,62,10.8,32.5,19.23222949137444,13,209,7
2026-07-28 14:00:00,625.0,59,10.4,32.4,14.931037120280694,14,209,7
2026-07-28 15:00:00,688.0,54,12.4,32.7,15.887700009659337,15,209,7
2026-07-28 16:00:00,518.0,86,11.5,32.7,7.816464775370485,16,209,7
2026-07-28 17:00:00,338.0,95,4.0,32.2,5.4556642640351765,17,209,7
2026-07-28 18:00:00,120.0,88,4.5,31.6,1.7421056920725524,18,209,7
2026-07-28 19:00:00,23.0,100,5.2,30.5,0.3478372917646989,19,209,7
2026-07-28 20:00:00,0.0,99,7.6,30.0,0.0,20,209,7
2026-07-28 21:00:00,0.0,100,6.5,29.0,0.0,21,209,7
2026-07-28 22:00:00,0.0,100,5.7,28.7,0.0,22,209,7
2026-07-28 23:00:00,0.0,100,4.3,28.6,0.0,23,209,7
2026-07-29 00:00:00,0.0,100,5.8,28.4,0.0,0,210,7
2026-07-29 01:00:00,0.0,99,7.7,27.9,0.0,1,210,7
2026-07-29 02:00:00,0.0,100,7.4,27.6,0.0,2,210,7
2026-07-29 03:00:00,0.0,100,7.2,27.4,0.0,3,210,7
2026-07-29 04:00:00,0.0,100,6.5,27.3,0.0,4,210,7
2026-07-29 05:00:00,0.0,100,5.8,27.3,0.0,5,210,7
2026-07-29 06:00:00,2.0,100,7.3,27.2,0.030476366437363123,6,210,7
2026-07-29 07:00:00,51.0,98,7.1,27.5,0.761117889647385,7,210,7
2026-07-29 08:00:00,203.0,82,7.7,28.1,3.369290194550884,8,210,7
2026-07-29 09:00:00,385.0,90,9.7,29.1,6.816599637130468,9,210,7
2026-07-29 10:00:00,463.0,95,9.4,29.8,6.2429782838334535,10,210,7
2026-07-29 11:00:00,559.0,70,9.3,30.8,11.396649336666428,11,210,7
2026-07-29 12:00:00,739.0,99,9.6,31.5,10.599610032246826,12,210,7
2026-07-29 13:00:00,611.0,100,7.0,31.5,9.321689202591642,13,210,7
2026-07-29 14:00:00,478.0,98,5.2,31.7,6.898041530202994,14,210,7
2026-07-29 15:00:00,426.0,100,5.4,32.2,6.530542937626442,15,210,7
2026-07-29 16:00:00,218.0,100,7.4,31.9,3.107962534517868,16,210,7
2026-07-29 17:00:00,121.0,100,7.1,30.9,1.6738410518702305,17,210,7
2026-07-29 18:00:00,82.0,100,5.2,30.2,1.1608732867350036,18,210,7
2026-07-29 19:00:00,16.0,100,3.7,29.7,0.22494721041819227,19,210,7
2026-07-29 20:00:00,0.0,99,2.7,29.7,0.0,20,210,7
2026-07-29 21:00:00,0.0,90,1.9,29.4,0.0,21,210,7
2026-07-29 22:00:00,0.0,98,3.6,28.9,0.0,22,210,7
2026-07-29 23:00:00,0.0,100,4.0,28.4,0.0,23,210,7
2026-07-30 00:00:00,0.0,100,5.1,28.3,0.0,0,211,7
2026-07-30 01:00:00,0.0,100,6.3,28.1,0.0,1,211,7
2026-07-30 02:00:00,0.0,100,6.2,27.9,0.0,2,211,7
2026-07-30 03:00:00,0.0,100,7.3,27.6,0.0,3,211,7
2026-07-30 04:00:00,0.0,100,7.3,27.3,0.0,4,211,7
2026-07-30 05:00:00,0.0,100,7.0,27.2,0.0,5,211,7
2026-07-30 06:00:00,2.0,100,7.7,27.2,0.02777075971452197,6,211,7
2026-07-30 07:00:00,28.0,100,7.6,27.4,0.4103632849033316,7,211,7
2026-07-30 08:00:00,138.0,100,9.2,28.1,1.9169982037736637,8,211,7
2026-07-30 09:00:00,162.0,100,7.8,28.6,2.272991693461956,9,211,7
2026-07-30 10:00:00,281.0,100,7.6,29.3,4.2817154165751,10,211,7
2026-07-30 11:00:00,526.0,99,5.8,30.8,7.6670366304333974,11,211,7
2026-07-30 12:00:00,673.0,100,6.5,31.8,9.962664587256766,12,211,7
2026-07-30 13:00:00,562.0,100,5.4,32.3,7.878951400986023,13,211,7
2026-07-30 14:00:00,492.0,100,6.1,32.5,6.779795061420555,14,211,7
2026-07-30 15:00:00,389.0,100,8.1,32.4,5.870019344523284,15,211,7
2026-07-30 16:00:00,296.0,100,8.6,32.1,4.396129531137742,16,211,7
2026-07-30 17:00:00,141.0,100,7.0,32.1,2.011174980873261,17,211,7
2026-07-30 18:00:00,92.0,100,6.0,31.4,1.4268049310000066,18,211,7
2026-07-30 19:00:00,22.0,100,7.3,30.6,0.3110440619825528,19,211,7
2026-07-30 20:00:00,0.0,99,6.9,30.2,0.0,20,211,7
2026-07-30 21:00:00,0.0,100,5.9,29.9,0.0,21,211,7
2026-07-30 22:00:00,0.0,100,7.1,29.4,0.0,22,211,7
2026-07-30 23:00:00,0.0,100,6.9,29.4,0.0,23,211,7
2026-07-31 00:00:00,0.0,100,8.1,29.1,0.0,0,212,7
2026-07-31 01:00:00,0.0,100,8.5,28.9,0.0,1,212,7
2026-07-31 02:00:00,0.0,100,10.7,28.5,0.0,2,212,7
2026-07-31 03:00:00,0.0,100,10.6,27.6,0.0,3,212,7
2026-07-31 04:00:00,0.0,100,10.7,27.0,0.0,4,212,7
2026-07-31 05:00:00,0.0,100,12.8,27.8,0.0,5,212,7
2026-07-31 06:00:00,1.0,97,13.3,27.7,0.01438090278947422,6,212,7
2026-07-31 07:00:00,51.0,98,14.0,27.5,0.7790024337572266,7,212,7
2026-07-31 08:00:00,119.0,100,14.4,27.3,1.7404147527529532,8,212,7
2026-07-31 09:00:00,159.0,98,14.4,27.6,2.49025259516188,9,212,7
2026-07-31 10:00:00,350.0,94,11.1,28.8,5.943906245104909,10,212,7
2026-07-31 11:00:00,620.0,25,16.1,31.1,17.17476473945667,11,212,7
2026-07-31 12:00:00,764.0,55,14.7,32.1,15.904137855722817,12,212,7
2026-07-31 13:00:00,728.0,81,13.7,32.5,12.01352704062639,13,212,7
2026-07-31 14:00:00,468.0,83,13.4,32.3,8.48791667721906,14,212,7
2026-07-31 15:00:00,384.0,71,9.9,30.3,7.645549447038912,15,212,7
2026-07-31 16:00:00,388.0,61,3.2,31.2,8.382534787906085,16,212,7
2026-07-31 17:00:00,330.0,100,7.0,30.4,4.984995520270268,17,212,7
2026-07-31 18:00:00,33.0,100,16.0,27.7,0.4876681873712569,18,212,7
2026-07-31 19:00:00,9.0,100,12.1,26.5,0.13783144044949194,19,212,7
2026-07-31 20:00:00,0.0,99,8.3,26.5,0.0,20,212,7
2026-07-31 21:00:00,0.0,100,9.2,26.3,0.0,21,212,7
2026-07-31 22:00:00,0.0,96,11.6,26.6,0.0,22,212,7
2026-07-31 23:00:00,0.0,100,12.0,26.1,0.0,23,212,7
2026-08-01 00:00:00,0.0,100,10.8,26.0,0.0,0,213,8
2026-08-01 01:00:00,0.0,100,8.2,25.9,0.0,1,213,8
2026-08-01 02:00:00,0.0,100,10.2,25.8,0.0,2,213,8
2026-08-01 03:00:00,0.0,100,11.1,25.8,0.0,3,213,8
2026-08-01 04:00:00,0.0,100,12.5,25.8,0.0,4,213,8
2026-08-01 05:00:00,0.0,99,12.1,26.2,0.0,5,213,8
2026-08-01 06:00:00,1.0,100,12.3,26.3,0.017109805649442682,6,213,8
2026-08-01 07:00:00,55.0,100,13.8,26.4,0.8635717759505063,7,213,8
2026-08-01 08:00:00,94.0,100,12.5,26.4,1.3949486342761228,8,213,8
2026-08-01 09:00:00,144.0,100,11.4,26.8,2.1816143128467247,9,213,8
2026-08-01 10:00:00,172.0,100,14.5,26.8,2.450363096250426,10,213,8
2026-08-01 11:00:00,193.0,100,14.1,28.0,2.623033220957098,11,213,8
2026-08-01 12:00:00,372.0,100,11.6,27.5,5.656892459127272,12,213,8
2026-08-01 13:00:00,392.0,100,12.3,27.5,6.139292631910649,13,213,8
2026-08-01 14:00:00,484.0,100,11.7,28.1,6.490962459720647,14,213,8
2026-08-01 15:00:00,341.0,100,11.5,28.0,5.053105454178949,15,213,8
2026-08-01 16:00:00,221.0,100,8.5,27.5,2.9275979480342182,16,213,8
2026-08-01 17:00:00,82.0,98,11.9,27.9,1.0563405888029578,17,213,8
2026-08-01 18:00:00,70.0,98,12.8,27.2,1.0728301058339733,18,213,8
2026-08-01 19:00:00,19.0,100,12.4,27.0,0.3075544931088976,19,213,8
2026-08-01 20:00:00,0.0,100,13.2,27.0,0.0,20,213,8
2026-08-01 21:00:00,0.0,100,11.5,26.7,0.0,21,213,8
2026-08-01 22:00:00,0.0,100,11.5,26.5,0.0,22,213,8
2026-08-01 23:00:00,0.0,100,13.2,25.9,0.0,23,213,8
2026-08-02 00:00:00,0.0,99,12.0,25.7,0.0,0,214,8
2026-08-02 01:00:00,0.0,100,13.2,25.6,0.0,1,214,8
2026-08-02 02:00:00,0.0,100,11.2,25.6,0.0,2,214,8
2026-08-02 03:00:00,0.0,100,10.2,25.7,0.0,3,214,8
2026-08-02 04:00:00,0.0,100,9.6,25.8,0.0,4,214,8
2026-08-02 05:00:00,0.0,100,9.5,25.8,0.0,5,214,8
2026-08-02 06:00:00,1.0,85,9.9,25.8,0.018810413717480965,6,214,8
2026-08-02 07:00:00,74.0,32,7.2,26.4,1.9277739002779353,7,214,8
2026-08-02 08:00:00,232.0,37,9.7,27.4,6.1222985106053045,8,214,8
2026-08-02 09:00:00,386.0,100,11.3,28.6,5.7302884080511545,9,214,8
2026-08-02 10:00:00,365.0,84,10.1,28.8,6.897591059424757,10,214,8
2026-08-02 11:00:00,527.0,89,10.7,29.2,8.124693593209916,11,214,8
2026-08-02 12:00:00,455.0,95,9.8,30.0,6.618675649485304,12,214,8
2026-08-02 13:00:00,733.0,30,8.9,31.2,22.027777881693797,13,214,8
2026-08-02 14:00:00,791.0,23,9.3,32.2,23.365499231464554,14,214,8
2026-08-02 15:00:00,642.0,23,9.7,32.6,16.60714596100859,15,214,8
2026-08-02 16:00:00,518.0,89,11.1,32.3,9.284116416411388,16,214,8
2026-08-02 17:00:00,298.0,66,11.5,29.8,6.000173024965545,17,214,8
2026-08-02 18:00:00,151.0,73,11.1,29.1,3.075752890834408,18,214,8
2026-08-02 19:00:00,27.0,86,8.5,28.2,0.44138343002370467,19,214,8
2026-08-02 20:00:00,0.0,100,8.9,27.9,0.0,20,214,8
2026-08-02 21:00:00,0.0,77,8.8,27.8,0.0,21,214,8
2026-08-02 22:00:00,0.0,77,10.1,27.3,0.0,22,214,8
2026-08-02 23:00:00,0.0,48,10.6,27.1,0.0,23,214,8
2026-08-03 00:00:00,0.0,86,10.8,26.9,0.0,0,215,8
2026-08-03 01:00:00,0.0,86,11.8,26.8,0.0,1,215,8
2026-08-03 02:00:00,0.0,100,11.2,26.6,0.0,2,215,8
2026-08-03 03:00:00,0.0,70,10.8,26.6,0.0,3,215,8
2026-08-03 04:00:00,0.0,99,9.9,26.4,0.0,4,215,8
2026-08-03 05:00:00,0.0,88,10.0,26.4,0.0,5,215,8
2026-08-03 06:00:00,2.0,100,9.2,26.5,0.0325599850312745,6,215,8
2026-08-03 07:00:00,36.0,100,10.4,26.3,0.5189015056303634,7,215,8
2026-08-03 08:00:00,92.0,100,9.0,26.8,1.4173661055652076,8,215,8
2026-08-03 09:00:00,206.0,12,8.6,27.7,6.537815732237762,9,215,8
2026-08-03 10:00:00,522.0,26,10.3,29.4,13.347428739690848,10,215,8
2026-08-03 11:00:00,751.0,45,10.3,29.9,17.450582331943117,11,215,8
2026-08-03 12:00:00,734.0,63,10.5,30.8,16.290657842091804,12,215,8
2026-08-03 13:00:00,827.0,57,11.3,31.5,16.877759729067705,13,215,8
2026-08-03 14:00:00,664.0,27,11.5,31.4,18.070407945369578,14,215,8
2026-08-03 15:00:00,685.0,25,11.6,31.5,18.86660157527641,15,215,8
2026-08-03 16:00:00,550.0,30,11.6,31.2,14.707356976106482,16,215,8
2026-08-03 17:00:00,347.0,50,9.7,30.3,7.486943000794195,17,215,8
2026-08-03 18:00:00,120.0,100,8.5,29.3,1.910002911920192,18,215,8
2026-08-03 19:00:00,12.0,88,9.0,28.7,0.20782723498080247,19,215,8
2026-08-03 20:00:00,0.0,100,7.6,28.1,0.0,20,215,8
2026-08-03 21:00:00,0.0,100,7.6,27.7,0.0,21,215,8
2026-08-03 22:00:00,0.0,100,6.5,27.3,0.0,22,215,8
2026-08-03 23:00:00,0.0,100,7.8,27.7,0.0,23,215,8
2026-08-04 00:00:00,0.0,99,7.1,27.6,0.0,0,216,8
2026-08-04 01:00:00,0.0,91,7.6,27.1,0.0,1,216,8
2026-08-04 02:00:00,0.0,91,7.3,26.7,0.0,2,216,8
2026-08-04 03:00:00,0.0,95,8.0,26.4,0.0,3,216,8
2026-08-04 04:00:00,0.0,100,5.9,26.2,0.0,4,216,8
2026-08-04 05:00:00,0.0,100,7.5,26.6,0.0,5,216,8
2026-08-04 06:00:00,1.0,99,9.2,26.6,0.013730164778423213,6,216,8
2026-08-04 07:00:00,79.0,69,7.7,27.0,1.3597501663021385,7,216,8
2026-08-04 08:00:00,265.0,62,10.5,28.0,5.7608416023064155,8,216,8
2026-08-04 09:00:00,436.0,41,9.9,29.0,10.945373437037574,9,216,8
2026-08-04 10:00:00,615.0,31,9.2,30.1,16.612069574093084,10,216,8
2026-08-04 11:00:00,734.0,97,8.7,31.0,10.989643350607675,11,216,8
2026-08-04 12:00:00,862.0,96,7.2,31.9,13.613540287660335,12,216,8
2026-08-04 13:00:00,908.0,96,6.7,32.7,12.45720986856287,13,216,8
2026-08-04 14:00:00,803.0,96,7.5,33.0,12.791816622526865,14,216,8
2026-08-04 15:00:00,556.0,66,7.1,32.8,11.74428361562302,15,216,8
2026-08-04 16:00:00,519.0,92,6.3,33.0,8.272809798624683,16,216,8
2026-08-04 17:00:00,315.0,59,9.7,31.6,7.395435884977779,17,216,8
2026-08-04 18:00:00,144.0,89,8.0,30.5,2.432097292725344,18,216,8
2026-08-04 19:00:00,26.0,93,6.0,29.6,0.38432679549468207,19,216,8
2026-08-04 20:00:00,0.0,98,4.7,29.1,0.0,20,216,8
2026-08-04 21:00:00,0.0,96,8.6,28.4,0.0,21,216,8
2026-08-04 22:00:00,0.0,96,8.3,27.9,0.0,22,216,8
2026-08-04 23:00:00,0.0,99,8.3,27.8,0.0,23,216,8
2026-08-05 00:00:00,0.0,100,7.1,27.5,0.0,0,217,8
2026-08-05 01:00:00,0.0,100,8.2,27.4,0.0,1,217,8
2026-08-05 02:00:00,0.0,99,9.1,27.2,0.0,2,217,8
2026-08-05 03:00:00,0.0,100,8.2,26.9,0.0,3,217,8
2026-08-05 04:00:00,0.0,100,7.5,26.6,0.0,4,217,8
2026-08-05 05:00:00,0.0,100,5.0,25.4,0.0,5,217,8
2026-08-05 06:00:00,1.0,98,4.3,25.5,0.016670831419788895,6,217,8
2026-08-05 07:00:00,62.0,98,6.0,26.4,0.9605031824332974,7,217,8
2026-08-05 08:00:00,155.0,76,6.3,27.0,2.9634032866778393,8,217,8
2026-08-05 09:00:00,354.0,67,7.4,28.2,6.980968500962327,9,217,8
2026-08-05 10:00:00,588.0,74,7.3,29.5,11.93171350021148,10,217,8
2026-08-05 11:00:00,689.0,94,7.8,30.4,9.81794200393926,11,217,8
2026-08-05 12:00:00,814.0,78,8.1,31.2,13.763573790337233,12,217,8
2026-08-05 13:00:00,753.0,60,9.1,32.0,15.600300144757542,13,217,8
2026-08-05 14:00:00,814.0,85,9.7,32.9,15.153077413095774,14,217,8
2026-08-05 15:00:00,646.0,76,9.4,33.0,13.030204375179801,15,217,8
2026-08-05 16:00:00,565.0,95,9.2,33.1,8.581097513758229,16,217,8
2026-08-05 17:00:00,297.0,100,7.3,31.8,4.49026106267657,17,217,8
2026-08-05 18:00:00,59.0,100,6.4,30.9,0.8136511765306447,18,217,8
2026-08-05 19:00:00,13.0,100,7.6,29.8,0.1953494062281531,19,217,8
2026-08-05 20:00:00,0.0,100,8.6,28.8,0.0,20,217,8
2026-08-05 21:00:00,0.0,100,9.4,28.2,0.0,21,217,8
2026-08-05 22:00:00,0.0,99,9.0,28.1,0.0,22,217,8
2026-08-05 23:00:00,0.0,99,8.0,28.1,0.0,23,217,8
2026-08-06 00:00:00,0.0,99,7.0,27.8,0.0,0,218,8
2026-08-06 01:00:00,0.0,100,7.7,27.7,0.0,1,218,8
2026-08-06 02:00:00,0.0,100,8.9,27.1,0.0,2,218,8
2026-08-06 03:00:00,0.0,100,8.2,26.7,0.0,3,218,8
2026-08-06 04:00:00,0.0,96,7.3,26.7,0.0,4,218,8
2026-08-06 05:00:00,0.0,100,8.3,26.8,0.0,5,218,8
2026-08-06 06:00:00,2.0,99,8.6,26.5,0.030343102570132927,6,218,8
2026-08-06 07:00:00,56.0,99,8.6,26.8,0.8400308973355188,7,218,8
2026-08-06 08:00:00,227.0,99,11.7,27.8,3.47122306962648,8,218,8
2026-08-06 09:00:00,395.0,100,10.5,29.0,6.16655156469003,9,218,8
2026-08-06 10:00:00,591.0,100,9.4,30.1,7.459316207024911,10,218,8
2026-08-06 11:00:00,701.0,100,10.8,31.0,9.951485419079706,11,218,8
2026-08-06 12:00:00,763.0,94,11.6,31.8,10.321477131548791,12,218,8
2026-08-06 13:00:00,775.0,95,12.5,32.4,11.501981807940451,13,218,8
2026-08-06 14:00:00,705.0,95,11.0,33.2,9.905469023528806,14,218,8
2026-08-06 15:00:00,543.0,79,10.5,33.2,10.162323761515268,15,218,8
2026-08-06 16:00:00,509.0,84,9.5,33.6,7.932456943677949,16,218,8
2026-08-06 17:00:00,320.0,100,7.2,32.0,4.462523290832963,17,218,8
2026-08-06 18:00:00,98.0,99,5.8,31.5,1.4952060470411106,18,218,8
2026-08-06 19:00:00,24.0,98,2.7,30.7,0.38326732404699726,19,218,8
2026-08-06 20:00:00,0.0,98,3.7,30.3,0.0,20,218,8
2026-08-06 21:00:00,0.0,99,8.8,29.4,0.0,21,218,8
2026-08-06 22:00:00,0.0,100,9.2,28.7,0.0,22,218,8
2026-08-06 23:00:00,0.0,98,7.9,27.4,0.0,23,218,8
2026-08-07 00:00:00,0.0,99,9.6,27.3,0.0,0,219,8
2026-08-07 01:00:00,0.0,99,10.3,27.0,0.0,1,219,8
2026-08-07 02:00:00,0.0,100,10.9,26.7,0.0,2,219,8
2026-08-07 03:00:00,0.0,98,8.8,26.3,0.0,3,219,8
2026-08-07 04:00:00,0.0,72,7.5,25.8,0.0,4,219,8
2026-08-07 05:00:00,0.0,23,9.4,26.4,0.0,5,219,8
2026-08-07 06:00:00,2.0,18,8.3,26.2,0.05233384392231731,6,219,8
2026-08-07 07:00:00,84.0,37,8.7,27.0,2.0906916951550762,7,219,8
2026-08-07 08:00:00,273.0,80,8.3,28.1,4.700703462951875,8,219,8
2026-08-07 09:00:00,425.0,79,13.9,28.5,8.057701060883359,9,219,8
2026-08-07 10:00:00,515.0,93,13.1,29.6,8.07458727883227,10,219,8
2026-08-07 11:00:00,622.0,91,12.9,30.1,9.390870169897834,11,219,8
2026-08-07 12:00:00,727.0,91,12.6,31.4,10.496637716072783,12,219,8
2026-08-07 13:00:00,673.0,97,11.7,32.2,9.433978331965797,13,219,8
2026-08-07 14:00:00,604.0,100,10.7,32.9,9.323496440189597,14,219,8
2026-08-07 15:00:00,689.0,100,11.9,33.5,9.943811729133088,15,219,8
2026-08-07 16:00:00,429.0,100,10.1,33.4,6.354325029064248,16,219,8
2026-08-07 17:00:00,231.0,99,11.8,32.0,3.3689278760738115,17,219,8
2026-08-07 18:00:00,155.0,99,6.7,31.2,2.2699950690566824,18,219,8
2026-08-07 19:00:00,21.0,100,6.5,30.2,0.31449664760340257,19,219,8
2026-08-07 20:00:00,0.0,100,7.7,29.7,0.0,20,219,8
2026-08-07 21:00:00,0.0,100,7.9,29.1,0.0,21,219,8
2026-08-07 22:00:00,0.0,99,8.1,28.6,0.0,22,219,8
2026-08-07 23:00:00,0.0,99,10.3,28.6,0.0,23,219,8
2026-08-08 00:00:00,0.0,91,11.0,28.1,0.0,0,220,8
2026-08-08 01:00:00,0.0,27,10.3,27.6,0.0,1,220,8
2026-08-08 02:00:00,0.0,23,8.9,27.1,0.0,2,220,8
2026-08-08 03:00:00,0.0,21,8.0,26.7,0.0,3,220,8
2026-08-08 04:00:00,0.0,15,8.8,26.2,0.0,4,220,8
2026-08-08 05:00:00,0.0,100,9.6,26.6,0.0,5,220,8
2026-08-08 06:00:00,1.0,100,8.4,26.7,0.014757244552821687,6,220,8
2026-08-08 07:00:00,30.0,100,6.9,26.9,0.41416301873838085,7,220,8
2026-08-08 08:00:00,154.0,80,11.6,27.4,3.0362163273402705,8,220,8
2026-08-08 09:00:00,369.0,48,13.1,28.8,8.774195581677423,9,220,8
2026-08-08 10:00:00,602.0,45,11.0,30.4,15.430042780798088,10,220,8
2026-08-08 11:00:00,727.0,28,9.6,31.6,18.176802231135802,11,220,8
2026-08-08 12:00:00,855.0,64,9.1,32.6,16.542623438090224,12,220,8
2026-08-08 13:00:00,798.0,100,9.4,33.0,11.252998055883491,13,220,8
2026-08-08 14:00:00,628.0,100,9.6,33.1,8.94267267553066,14,220,8
2026-08-08 15:00:00,591.0,48,9.9,33.3,13.53377970254278,15,220,8
2026-08-08 16:00:00,504.0,99,10.9,33.1,7.732146003096462,16,220,8
2026-08-08 17:00:00,211.0,74,10.0,32.6,3.5444948781005308,17,220,8
2026-08-08 18:00:00,137.0,20,6.7,31.9,3.6517317819674235,18,220,8
2026-08-08 19:00:00,23.0,29,4.0,31.0,0.5887908516293219,19,220,8
2026-08-08 20:00:00,0.0,52,3.8,30.8,0.0,20,220,8
2026-08-08 21:00:00,0.0,66,8.0,30.0,0.0,21,220,8
2026-08-08 22:00:00,0.0,31,7.9,29.0,0.0,22,220,8
2026-08-08 23:00:00,0.0,21,7.1,28.8,0.0,23,220,8
2026-08-09 00:00:00,0.0,27,8.9,28.4,0.0,0,221,8
2026-08-09 01:00:00,0.0,13,10.9,28.2,0.0,1,221,8
2026-08-09 02:00:00,0.0,28,10.7,27.6,0.0,2,221,8
2026-08-09 03:00:00,0.0,11,9.7,27.3,0.0,3,221,8
2026-08-09 04:00:00,0.0,9,9.1,27.0,0.0,4,221,8
2026-08-09 05:00:00,0.0,98,8.5,27.1,0.0,5,221,8
2026-08-09 06:00:00,1.0,88,9.4,27.3,0.016900853813356626,6,221,8
2026-08-09 07:00:00,64.0,15,10.7,27.6,1.9258634917061601,7,221,8
2026-08-09 08:00:00,239.0,80,11.6,28.1,4.543784821599896,8,221,8
2026-08-09 09:00:00,428.0,70,10.8,29.1,9.252604195825217,9,221,8
2026-08-09 10:00:00,564.0,30,9.4,30.1,15.356281295828897,10,221,8
2026-08-09 11:00:00,693.0,52,10.3,30.7,14.915249372918828,11,221,8
2026-08-09 12:00:00,784.0,55,11.0,31.9,18.27962372139224,12,221,8
2026-08-09 13:00:00,849.0,95,10.6,32.7,11.850317179566002,13,221,8
2026-08-09 14:00:00,722.0,92,9.7,33.1,11.705471553794675,14,221,8
2026-08-09 15:00:00,664.0,35,8.5,33.6,18.605500172703387,15,221,8
2026-08-09 16:00:00,543.0,15,8.8,33.6,16.6992664265814,16,221,8
2026-08-09 17:00:00,362.0,26,13.1,32.7,8.80762013247635,17,221,8
2026-08-09 18:00:00,142.0,91,8.6,31.9,2.2730835631627806,18,221,8
2026-08-09 19:00:00,22.0,92,8.3,31.0,0.3786599247916097,19,221,8
2026-08-09 20:00:00,0.0,98,9.2,30.4,0.0,20,221,8
2026-08-09 21:00:00,0.0,100,8.1,30.0,0.0,21,221,8
2026-08-09 22:00:00,0.0,100,7.8,29.3,0.0,22,221,8
2026-08-09 23:00:00,0.0,98,8.4,28.8,0.0,23,221,8
2026-08-10 00:00:00,0.0,94,9.2,28.5,0.0,0,222,8
2026-08-10 01:00:00,0.0,98,11.9,28.3,0.0,1,222,8
2026-08-10 02:00:00,0.0,98,12.1,27.7,0.0,2,222,8
2026-08-10 03:00:00,0.0,92,10.4,27.3,0.0,3,222,8
2026-08-10 04:00:00,0.0,38,11.5,26.9,0.0,4,222,8
2026-08-10 05:00:00,0.0,100,11.6,27.1,0.0,5,222,8
2026-08-10 06:00:00,1.0,91,11.2,27.2,0.016324194973237605,6,222,8
2026-08-10 07:00:00,44.0,100,12.2,27.1,0.6747690828969715,7,222,8
2026-08-10 08:00:00,88.0,96,11.0,27.3,1.3294647305592726,8,222,8
2026-08-10 09:00:00,342.0,100,13.0,28.9,5.086995721344447,9,222,8
2026-08-10 10:00:00,236.0,100,11.7,29.0,3.5945556762815962,10,222,8
2026-08-10 11:00:00,328.0,100,9.8,29.1,4.906809063890095,11,222,8
2026-08-10 12:00:00,198.0,100,4.6,28.7,2.808368098910398,12,222,8
2026-08-10 13:00:00,215.0,100,4.0,28.5,3.4528032363835908,13,222,8
2026-08-10 14:00:00,132.0,100,1.5,28.1,2.0391049032333117,14,222,8
2026-08-10 15:00:00,108.0,100,4.0,27.7,1.5659192609097827,15,222,8
2026-08-10 16:00:00,116.0,100,6.4,27.7,1.5946984267828603,16,222,8
2026-08-10 17:00:00,133.0,100,8.5,27.8,2.064014411818367,17,222,8
2026-08-10 18:00:00,49.0,100,8.2,27.5,0.6986947162255045,18,222,8
2026-08-10 19:00:00,14.0,92,8.1,27.0,0.21309472561843118,19,222,8
2026-08-10 20:00:00,0.0,98,7.1,26.7,0.0,20,222,8
2026-08-10 21:00:00,0.0,99,8.3,26.5,0.0,21,222,8
2026-08-10 22:00:00,0.0,100,8.3,26.5,0.0,22,222,8
2026-08-10 23:00:00,0.0,100,9.0,26.7,0.0,23,222,8
2026-08-11 00:00:00,0.0,100,8.2,26.6,0.0,0,223,8
2026-08-11 01:00:00,0.0,100,7.3,26.6,0.0,1,223,8
2026-08-11 02:00:00,0.0,100,7.7,26.6,0.0,2,223,8
2026-08-11 03:00:00,0.0,100,9.7,26.6,0.0,3,223,8
2026-08-11 04:00:00,0.0,100,9.8,26.5,0.0,4,223,8
2026-08-11 05:00:00,0.0,100,8.8,26.6,0.0,5,223,8
2026-08-11 06:00:00,1.0,99,8.7,26.4,0.015551624565761406,6,223,8
2026-08-11 07:00:00,35.0,100,7.0,26.7,0.549817022702165,7,223,8
2026-08-11 08:00:00,77.0,98,6.7,26.6,1.1829965983840889,8,223,8
2026-08-11 09:00:00,147.0,98,6.3,26.9,2.3202909656678985,9,223,8
2026-08-11 10:00:00,289.0,77,7.0,27.4,5.005776202521109,10,223,8
2026-08-11 11:00:00,619.0,98,13.0,28.6,9.573952146297923,11,223,8
2026-08-11 12:00:00,732.0,98,13.3,29.6,10.85951418701635,12,223,8
2026-08-11 13:00:00,679.0,90,11.9,29.7,11.087933950129873,13,223,8
2026-08-11 14:00:00,751.0,88,12.0,30.1,12.404009607426511,14,223,8
2026-08-11 15:00:00,504.0,84,10.6,29.6,8.958214992998384,15,223,8
2026-08-11 16:00:00,412.0,74,8.2,29.7,6.9902790008275355,16,223,8
2026-08-11 17:00:00,296.0,77,11.5,29.5,5.156269711326522,17,223,8
2026-08-11 18:00:00,145.0,98,6.6,29.1,2.083044434203842,18,223,8
2026-08-11 19:00:00,17.0,98,5.1,28.4,0.2387303065346982,19,223,8
2026-08-11 20:00:00,0.0,99,3.6,27.9,0.0,20,223,8
2026-08-11 21:00:00,0.0,100,2.5,27.8,0.0,21,223,8
2026-08-11 22:00:00,0.0,100,5.7,27.5,0.0,22,223,8
2026-08-11 23:00:00,0.0,100,6.4,27.4,0.0,23,223,8
2026-08-12 00:00:00,0.0,100,6.0,26.9,0.0,0,224,8
2026-08-12 01:00:00,0.0,100,6.0,26.6,0.0,1,224,8
2026-08-12 02:00:00,0.0,100,8.1,26.4,0.0,2,224,8
2026-08-12 03:00:00,0.0,100,10.0,26.2,0.0,3,224,8
2026-08-12 04:00:00,0.0,100,9.4,25.9,0.0,4,224,8
2026-08-12 05:00:00,0.0,98,8.9,26.1,0.0,5,224,8
2026-08-12 06:00:00,1.0,100,7.5,26.2,0.01603599788409165,6,224,8
2026-08-12 07:00:00,40.0,100,8.5,26.8,0.5536653429461518,7,224,8
2026-08-12 08:00:00,74.0,100,9.4,26.9,1.1856936967708862,8,224,8
2026-08-12 09:00:00,167.0,100,10.1,27.3,2.4020353723711323,9,224,8
2026-08-12 10:00:00,158.0,100,8.0,27.4,2.528505000461377,10,224,8
2026-08-12 11:00:00,190.0,100,8.3,29.5,2.6142642963090985,11,224,8
2026-08-12 12:00:00,187.0,100,7.3,28.2,2.441398556834096,12,224,8
2026-08-12 13:00:00,220.0,100,7.2,28.3,3.1325631953461737,13,224,8
2026-08-12 14:00:00,199.0,100,5.1,28.0,2.735808682714747,14,224,8
2026-08-12 15:00:00,184.0,100,3.1,28.1,2.9247164283525544,15,224,8
2026-08-12 16:00:00,137.0,100,1.8,28.0,2.042162506577337,16,224,8
2026-08-12 17:00:00,98.0,100,5.8,27.7,1.5227210524943857,17,224,8
2026-08-12 18:00:00,40.0,100,4.4,27.0,0.6065357346629201,18,224,8
2026-08-12 19:00:00,5.0,100,3.6,26.8,0.06782131367985304,19,224,8
2026-08-12 20:00:00,0.0,100,4.3,26.6,0.0,20,224,8
2026-08-12 21:00:00,0.0,100,5.5,26.4,0.0,21,224,8
2026-08-12 22:00:00,0.0,100,5.9,26.2,0.0,22,224,8
2026-08-12 23:00:00,0.0,100,5.5,26.1,0.0,23,224,8
2026-08-13 00:00:00,0.0,98,6.7,25.8,0.0,0,225,8
2026-08-13 01:00:00,0.0,81,6.4,25.6,0.0,1,225,8
2026-08-13 02:00:00,0.0,100,5.9,25.5,0.0,2,225,8
2026-08-13 03:00:00,0.0,45,6.4,25.5,0.0,3,225,8
2026-08-13 04:00:00,0.0,63,6.9,25.5,0.0,4,225,8
2026-08-13 05:00:00,0.0,100,8.1,25.1,0.0,5,225,8
2026-08-13 06:00:00,1.0,55,7.8,25.2,0.021600660024715838,6,225,8
2026-08-13 07:00:00,65.0,38,8.9,25.9,1.5125484749179978,7,225,8
2026-08-13 08:00:00,227.0,90,8.1,26.8,3.8519029493258397,8,225,8
2026-08-13 09:00:00,338.0,94,8.4,28.0,5.497415522936238,9,225,8
2026-08-13 10:00:00,351.0,100,7.1,28.7,5.176045021511285,10,225,8
2026-08-13 11:00:00,515.0,58,8.8,30.0,11.178030227691261,11,225,8
2026-08-13 12:00:00,759.0,34,8.3,30.7,20.959436081751495,12,225,8
2026-08-13 13:00:00,864.0,100,8.8,31.7,14.10937154052505,13,225,8
2026-08-13 14:00:00,578.0,100,8.5,31.2,8.8478922705858,14,225,8
2026-08-13 15:00:00,479.0,100,6.5,31.2,6.954426111039825,15,225,8
2026-08-13 16:00:00,353.0,86,9.8,27.1,6.27887259403781,16,225,8
2026-08-13 17:00:00,224.0,63,8.2,29.9,4.630938405769043,17,225,8
2026-08-13 18:00:00,132.0,63,7.1,29.0,2.9142089421032757,18,225,8
2026-08-13 19:00:00,16.0,76,7.8,28.1,0.2783009343054748,19,225,8
2026-08-13 20:00:00,0.0,64,9.4,27.4,0.0,20,225,8
2026-08-13 21:00:00,0.0,62,9.2,26.8,0.0,21,225,8
2026-08-13 22:00:00,0.0,93,8.5,26.5,0.0,22,225,8
2026-08-13 23:00:00,0.0,100,9.1,26.5,0.0,23,225,8
2026-08-14 00:00:00,0.0,100,9.6,26.5,0.0,0,226,8
2026-08-14 01:00:00,0.0,100,10.5,26.3,0.0,1,226,8
2026-08-14 02:00:00,0.0,100,10.2,26.3,0.0,2,226,8
2026-08-14 03:00:00,0.0,100,9.1,26.2,0.0,3,226,8
2026-08-14 04:00:00,0.0,100,8.0,26.0,0.0,4,226,8
2026-08-14 05:00:00,0.0,100,8.4,26.3,0.0,5,226,8
2026-08-14 06:00:00,1.0,99,8.7,26.1,0.015608585698071529,6,226,8
2026-08-14 07:00:00,35.0,100,8.0,26.3,0.5235034416938128,7,226,8
2026-08-14 08:00:00,110.0,100,9.5,26.6,1.4512709255019443,8,226,8
2026-08-14 09:00:00,361.0,50,11.8,27.7,8.400991395977345,9,226,8
2026-08-14 10:00:00,530.0,84,9.9,29.0,9.522923559506038,10,226,8
2026-08-14 11:00:00,455.0,100,10.9,30.3,6.624409336207461,11,226,8
2026-08-14 12:00:00,509.0,61,9.1,29.5,9.601033137746144,12,226,8
2026-08-14 13:00:00,726.0,36,9.3,30.9,16.888148345787272,13,226,8
2026-08-14 14:00:00,680.0,36,8.5,31.2,18.01668549380355,14,226,8
2026-08-14 15:00:00,682.0,42,8.1,31.7,16.457899045152534,15,226,8
2026-08-14 16:00:00,547.0,98,7.5,31.7,8.703892418331499,16,226,8
2026-08-14 17:00:00,282.0,100,6.0,27.9,4.111472768358599,17,226,8
2026-08-14 18:00:00,96.0,77,7.3,28.2,1.712776089010423,18,226,8
2026-08-14 19:00:00,15.0,76,4.3,27.2,0.2992020389517648,19,226,8
2026-08-14 20:00:00,0.0,59,4.5,27.4,0.0,20,226,8
2026-08-14 21:00:00,0.0,95,6.0,27.2,0.0,21,226,8
2026-08-14 22:00:00,0.0,94,6.3,27.1,0.0,22,226,8
2026-08-14 23:00:00,0.0,98,7.9,27.1,0.0,23,226,8
2026-08-15 00:00:00,0.0,100,7.4,26.7,0.0,0,227,8
2026-08-15 01:00:00,0.0,99,7.3,26.4,0.0,1,227,8
2026-08-15 02:00:00,0.0,100,7.5,25.8,0.0,2,227,8
2026-08-15 03:00:00,0.0,100,7.7,25.4,0.0,3,227,8
2026-08-15 04:00:00,0.0,100,6.1,25.4,0.0,4,227,8
2026-08-15 05:00:00,0.0,100,6.3,25.6,0.0,5,227,8
2026-08-15 06:00:00,0.0,84,6.1,25.6,0.0,6,227,8
2026-08-15 07:00:00,40.0,84,6.4,26.0,0.6932291670414683,7,227,8
2026-08-15 08:00:00,158.0,68,5.9,26.7,3.242534968514571,8,227,8
2026-08-15 09:00:00,389.0,76,6.2,27.8,7.173366738918482,9,227,8
2026-08-15 10:00:00,561.0,97,4.0,28.7,9.07103557284455,10,227,8
2026-08-15 11:00:00,572.0,98,6.7,29.6,8.26863537132924,11,227,8
2026-08-15 12:00:00,815.0,84,7.8,30.9,14.097201440226236,12,227,8
2026-08-15 13:00:00,798.0,68,8.3,31.6,15.219500599446881,13,227,8
2026-08-15 14:00:00,765.0,75,8.6,32.0,14.61359425984192,14,227,8
2026-08-15 15:00:00,660.0,75,8.3,32.1,13.452648758602288,15,227,8
2026-08-15 16:00:00,523.0,88,8.5,32.2,9.412046170057563,16,227,8
2026-08-15 17:00:00,333.0,100,6.4,32.0,4.507228774122866,17,227,8
2026-08-15 18:00:00,123.0,100,6.9,30.7,1.7444514760253824,18,227,8
2026-08-15 19:00:00,13.0,100,12.6,28.2,0.2046440238024106,19,227,8
2026-08-15 20:00:00,0.0,100,8.9,27.9,0.0,20,227,8
2026-08-15 21:00:00,0.0,100,7.6,27.7,0.0,21,227,8
2026-08-15 22:00:00,0.0,100,7.5,27.6,0.0,22,227,8
2026-08-15 23:00:00,0.0,100,9.2,27.6,0.0,23,227,8
2026-08-16 00:00:00,0.0,100,8.0,27.2,0.0,0,228,8
2026-08-16 01:00:00,0.0,100,7.3,27.1,0.0,1,228,8
2026-08-16 02:00:00,0.0,96,7.6,26.9,0.0,2,228,8
2026-08-16 03:00:00,0.0,80,7.1,26.6,0.0,3,228,8
2026-08-16 04:00:00,0.0,55,6.8,26.1,0.0,4,228,8
2026-08-16 05:00:00,0.0,68,7.9,26.0,0.0,5,228,8
2026-08-16 06:00:00,1.0,69,7.1,25.7,0.01797218013625371,6,228,8
2026-08-16 07:00:00,72.0,76,6.9,26.4,1.337500763572651,7,228,8
2026-08-16 08:00:00,226.0,67,8.4,27.3,4.8296757527339516,8,228,8
2026-08-16 09:00:00,358.0,94,8.6,27.6,5.747817973634402,9,228,8
2026-08-16 10:00:00,432.0,100,6.6,28.5,6.6358660504363725,10,228,8
2026-08-16 11:00:00,417.0,98,8.9,29.4,6.2917194308225115,11,228,8
2026-08-16 12:00:00,584.0,92,9.1,29.5,10.424099184832187,12,228,8
2026-08-16 13:00:00,758.0,91,9.8,30.3,11.848279278720538,13,228,8
2026-08-16 14:00:00,647.0,73,8.6,30.4,12.530193793977805,14,228,8
2026-08-16 15:00:00,536.0,92,6.7,30.8,8.01197783336061,15,228,8
2026-08-16 16:00:00,410.0,97,7.8,30.8,6.727440648208095,16,228,8
2026-08-16 17:00:00,288.0,71,7.5,29.8,4.91460674425574,17,228,8
2026-08-16 18:00:00,129.0,59,5.1,29.0,2.959337770275825,18,228,8
2026-08-16 19:00:00,15.0,80,9.0,28.2,0.2997952275187212,19,228,8
2026-08-16 20:00:00,0.0,96,9.5,27.5,0.0,20,228,8
2026-08-16 21:00:00,0.0,99,9.5,27.4,0.0,21,228,8
2026-08-16 22:00:00,0.0,100,8.5,27.2,0.0,22,228,8
2026-08-16 23:00:00,0.0,100,9.0,27.2,0.0,23,228,8
2026-08-17 00:00:00,0.0,100,9.1,26.8,0.0,0,229,8
2026-08-17 01:00:00,0.0,100,7.9,26.5,0.0,1,229,8
2026-08-17 02:00:00,0.0,99,7.3,26.4,0.0,2,229,8
2026-08-17 03:00:00,0.0,92,7.7,26.4,0.0,3,229,8
2026-08-17 04:00:00,0.0,55,8.0,26.2,0.0,4,229,8
2026-08-17 05:00:00,0.0,79,7.8,25.9,0.0,5,229,8
2026-08-17 06:00:00,1.0,81,8.0,25.8,0.018725701327079333,6,229,8
2026-08-17 07:00:00,65.0,80,8.8,26.4,1.2422227467324456,7,229,8
2026-08-17 08:00:00,229.0,97,8.8,27.2,3.0623006313532795,8,229,8
2026-08-17 09:00:00,333.0,89,9.2,28.0,4.96585040894856,9,229,8
2026-08-17 10:00:00,560.0,81,9.2,29.0,9.422585102191599,10,229,8
2026-08-17 11:00:00,734.0,98,10.6,29.3,10.179305247946765,11,229,8
2026-08-17 12:00:00,643.0,92,11.0,30.1,10.733852154396363,12,229,8
2026-08-17 13:00:00,812.0,99,12.8,31.0,10.758977138817297,13,229,8
2026-08-17 14:00:00,736.0,87,11.7,31.5,12.815754712288214,14,229,8
2026-08-17 15:00:00,523.0,45,9.4,31.1,12.517753500296674,15,229,8
2026-08-17 16:00:00,470.0,73,8.4,31.7,9.019690263861792,16,229,8
2026-08-17 17:00:00,273.0,93,8.4,31.1,3.8460970117887108,17,229,8
2026-08-17 18:00:00,123.0,83,7.3,30.1,2.0724136276212763,18,229,8
2026-08-17 19:00:00,15.0,85,9.4,28.8,0.26947195891563785,19,229,8
2026-08-17 20:00:00,0.0,83,7.4,28.5,0.0,20,229,8
2026-08-17 21:00:00,0.0,93,7.0,28.0,0.0,21,229,8
2026-08-17 22:00:00,0.0,98,7.0,27.5,0.0,22,229,8
2026-08-17 23:00:00,0.0,75,10.7,27.5,0.0,23,229,8
2026-08-18 00:00:00,0.0,97,10.1,27.2,0.0,0,230,8
2026-08-18 01:00:00,0.0,30,9.3,27.0,0.0,1,230,8
2026-08-18 02:00:00,0.0,27,8.9,26.5,0.0,2,230,8
2026-08-18 03:00:00,0.0,51,7.9,26.0,0.0,3,230,8
2026-08-18 04:00:00,0.0,38,6.6,25.6,0.0,4,230,8
2026-08-18 05:00:00,0.0,62,6.0,25.6,0.0,5,230,8
2026-08-18 06:00:00,1.0,100,6.3,25.3,0.01435843189688374,6,230,8
2026-08-18 07:00:00,62.0,98,5.9,26.0,0.8795010748512379,7,230,8
2026-08-18 08:00:00,244.0,78,7.6,27.2,4.453585354534524,8,230,8
2026-08-18 09:00:00,476.0,55,11.7,28.6,10.606379800726925,9,230,8
2026-08-18 10:00:00,631.0,52,12.2,29.7,13.101901797144265,10,230,8
2026-08-18 11:00:00,651.0,54,14.2,30.6,14.44399710873036,11,230,8
2026-08-18 12:00:00,750.0,97,15.0,31.0,11.330870303788396,12,230,8
2026-08-18 13:00:00,539.0,100,12.7,31.1,7.700552374410994,13,230,8
2026-08-18 14:00:00,560.0,44,12.2,31.9,11.744986609739458,14,230,8
2026-08-18 15:00:00,485.0,91,13.0,32.1,7.572987558269436,15,230,8
2026-08-18 16:00:00,419.0,66,11.3,32.4,7.962144905883467,16,230,8
2026-08-18 17:00:00,263.0,15,7.2,32.1,7.189166497934465,17,230,8
2026-08-18 18:00:00,154.0,39,8.1,31.3,3.976959767983462,18,230,8
2026-08-18 19:00:00,16.0,98,7.6,29.9,0.236791811358044,19,230,8
2026-08-18 20:00:00,0.0,62,7.2,29.3,0.0,20,230,8
2026-08-18 21:00:00,0.0,59,7.4,28.6,0.0,21,230,8
2026-08-18 22:00:00,0.0,85,8.0,28.0,0.0,22,230,8
2026-08-18 23:00:00,0.0,91,8.0,27.6,0.0,23,230,8
2026-08-19 00:00:00,0.0,59,8.0,27.0,0.0,0,231,8
2026-08-19 01:00:00,0.0,16,9.8,26.9,0.0,1,231,8
2026-08-19 02:00:00,0.0,13,11.6,26.5,0.0,2,231,8
2026-08-19 03:00:00,0.0,3,10.6,26.0,0.0,3,231,8
2026-08-19 04:00:00,0.0,46,9.2,25.6,0.0,4,231,8
2026-08-19 05:00:00,0.0,94,8.8,25.9,0.0,5,231,8
2026-08-19 06:00:00,1.0,100,8.8,25.8,0.014166493744554799,6,231,8
2026-08-19 07:00:00,59.0,100,7.6,26.5,0.885751324239481,7,231,8
2026-08-19 08:00:00,153.0,100,7.9,27.0,2.183137968353126,8,231,8
2026-08-19 09:00:00,269.0,100,10.3,27.7,4.180148156833383,9,231,8
2026-08-19 10:00:00,450.0,92,11.6,28.6,7.360475185696775,10,231,8
2026-08-19 11:00:00,635.0,91,13.2,30.1,10.169120505629197,11,231,8
2026-08-19 12:00:00,632.0,99,10.8,30.2,8.495712068032832,12,231,8
2026-08-19 13:00:00,753.0,92,12.0,31.1,10.796562120456118,13,231,8
2026-08-19 14:00:00,700.0,13,12.9,31.9,22.34433878465005,14,231,8
2026-08-19 15:00:00,695.0,6,12.2,32.3,20.136479040552345,15,231,8
2026-08-19 16:00:00,568.0,27,12.6,32.6,13.49450442408414,16,231,8
2026-08-19 17:00:00,315.0,74,10.9,31.0,5.744086072844718,17,231,8
2026-08-19 18:00:00,119.0,63,8.7,30.6,2.432335070791115,18,231,8
2026-08-19 19:00:00,15.0,84,7.9,29.7,0.2548503717972877,19,231,8
2026-08-19 20:00:00,0.0,99,8.1,28.7,0.0,20,231,8
2026-08-19 21:00:00,0.0,77,6.4,28.1,0.0,21,231,8
2026-08-19 22:00:00,0.0,98,6.0,27.8,0.0,22,231,8
2026-08-19 23:00:00,0.0,98,12.9,28.3,0.0,23,231,8
2026-08-20 00:00:00,0.0,84,12.9,27.5,0.0,0,232,8
2026-08-20 01:00:00,0.0,48,12.4,27.0,0.0,1,232,8
2026-08-20 02:00:00,0.0,31,11.4,26.6,0.0,2,232,8
2026-08-20 03:00:00,0.0,95,8.9,26.1,0.0,3,232,8
2026-08-20 04:00:00,0.0,100,8.7,26.0,0.0,4,232,8
2026-08-20 05:00:00,0.0,75,7.7,26.5,0.0,5,232,8
2026-08-20 06:00:00,1.0,73,7.2,25.8,0.018979690543821454,6,232,8
2026-08-20 07:00:00,70.0,59,5.0,26.5,1.495972114639601,7,232,8
2026-08-20 08:00:00,206.0,85,8.1,27.6,3.200550209514479,8,232,8
2026-08-20 09:00:00,409.0,26,11.4,28.7,11.455877298743664,9,232,8
2026-08-20 10:00:00,642.0,69,10.8,29.7,12.722154589720567,10,232,8
2026-08-20 11:00:00,726.0,67,11.6,30.1,13.981745931474387,11,232,8
2026-08-20 12:00:00,724.0,97,9.5,30.4,11.322961198728901,12,232,8
2026-08-20 13:00:00,661.0,71,9.7,31.2,12.773532229409089,13,232,8
2026-08-20 14:00:00,605.0,55,10.4,31.7,14.394221591550723,14,232,8
2026-08-20 15:00:00,503.0,95,11.4,31.7,7.5770692098029535,15,232,8
2026-08-20 16:00:00,312.0,100,9.2,31.5,4.7544901365750345,16,232,8
2026-08-20 17:00:00,174.0,100,4.9,30.8,2.461939018364748,17,232,8
2026-08-20 18:00:00,84.0,100,5.8,30.4,1.2450227590721465,18,232,8
2026-08-20 19:00:00,14.0,100,7.5,29.2,0.19390226397434693,19,232,8
2026-08-20 20:00:00,0.0,100,6.8,28.8,0.0,20,232,8
2026-08-20 21:00:00,0.0,100,4.8,28.2,0.0,21,232,8
2026-08-20 22:00:00,0.0,100,5.6,27.7,0.0,22,232,8
2026-08-20 23:00:00,0.0,72,6.3,26.7,0.0,23,232,8
2026-08-21 00:00:00,0.0,71,9.1,26.8,0.0,0,233,8
2026-08-21 01:00:00,0.0,77,10.4,26.6,0.0,1,233,8
2026-08-21 02:00:00,0.0,59,10.6,26.4,0.0,2,233,8
2026-08-21 03:00:00,0.0,59,8.5,26.1,0.0,3,233,8
2026-08-21 04:00:00,0.0,45,6.3,25.9,0.0,4,233,8
2026-08-21 05:00:00,0.0,29,6.7,26.3,0.0,5,233,8
2026-08-21 06:00:00,1.0,73,7.8,25.9,0.020109769912181972,6,233,8
2026-08-21 07:00:00,56.0,100,6.6,26.4,0.7963247592423978,7,233,8
2026-08-21 08:00:00,164.0,95,9.1,26.5,2.332650844100301,8,233,8
2026-08-21 09:00:00,295.0,100,8.8,27.2,4.51230143154586,9,233,8
2026-08-21 10:00:00,344.0,66,9.2,28.4,7.240536217229924,10,233,8
2026-08-21 11:00:00,673.0,48,11.2,30.0,14.166215661123681,11,233,8
2026-08-21 12:00:00,804.0,73,11.7,30.4,16.38948965463729,12,233,8
2026-08-21 13:00:00,673.0,80,11.4,30.7,11.204188085137112,13,233,8
2026-08-21 14:00:00,577.0,100,10.7,31.6,7.933843757812495,14,233,8
2026-08-21 15:00:00,428.0,99,11.3,31.7,5.387235556894322,15,233,8
2026-08-21 16:00:00,366.0,58,11.7,31.7,7.1045580023008625,16,233,8
2026-08-21 17:00:00,269.0,99,2.2,30.3,3.669590084144335,17,233,8
2026-08-21 18:00:00,85.0,69,5.1,29.8,1.6042946486758023,18,233,8
2026-08-21 19:00:00,8.0,49,6.2,29.3,0.18668452429980478,19,233,8
2026-08-21 20:00:00,0.0,23,6.7,28.8,0.0,20,233,8
2026-08-21 21:00:00,0.0,57,7.4,28.4,0.0,21,233,8
2026-08-21 22:00:00,0.0,57,8.6,28.0,0.0,22,233,8
2026-08-21 23:00:00,0.0,89,7.2,27.7,0.0,23,233,8
2026-08-22 00:00:00,0.0,98,8.5,27.2,0.0,0,234,8
2026-08-22 01:00:00,0.0,99,9.4,27.0,0.0,1,234,8
2026-08-22 02:00:00,0.0,97,7.6,26.9,0.0,2,234,8
2026-08-22 03:00:00,0.0,98,7.2,26.7,0.0,3,234,8
2026-08-22 04:00:00,0.0,100,8.3,26.3,0.0,4,234,8
2026-08-22 05:00:00,0.0,100,5.6,26.4,0.0,5,234,8
2026-08-22 06:00:00,1.0,95,6.9,26.2,0.015157970373952213,6,234,8
2026-08-22 07:00:00,65.0,99,7.7,26.8,0.9258663700484986,7,234,8
2026-08-22 08:00:00,222.0,91,8.5,27.6,3.8555316849288026,8,234,8
2026-08-22 09:00:00,404.0,82,10.1,28.7,6.901267204408258,9,234,8
2026-08-22 10:00:00,568.0,82,9.6,30.1,10.462824465804726,10,234,8
2026-08-22 11:00:00,665.0,45,10.3,31.1,18.24439607681004,11,234,8
2026-08-22 12:00:00,816.0,55,10.4,32.4,19.241022131893047,12,234,8
2026-08-22 13:00:00,794.0,86,11.2,33.1,13.012555311194259,13,234,8
2026-08-22 14:00:00,716.0,69,10.9,33.2,13.201010990119348,14,234,8
2026-08-22 15:00:00,468.0,100,11.2,32.8,7.031066959239673,15,234,8
2026-08-22 16:00:00,389.0,74,9.4,32.6,7.344001091271486,16,234,8
2026-08-22 17:00:00,282.0,98,7.6,32.0,4.370617569871242,17,234,8
2026-08-22 18:00:00,118.0,46,5.7,32.0,2.9440056495367775,18,234,8
2026-08-22 19:00:00,12.0,55,7.5,31.4,0.26692253420035555,19,234,8
2026-08-22 20:00:00,0.0,34,7.6,30.6,0.0,20,234,8
2026-08-22 21:00:00,0.0,18,5.9,29.9,0.0,21,234,8
2026-08-22 22:00:00,0.0,70,6.6,28.8,0.0,22,234,8
2026-08-22 23:00:00,0.0,100,5.2,28.5,0.0,23,234,8
2026-08-23 00:00:00,0.0,95,5.1,28.3,0.0,0,235,8
2026-08-23 01:00:00,0.0,96,6.9,28.1,0.0,1,235,8
2026-08-23 02:00:00,0.0,100,6.3,27.3,0.0,2,235,8
2026-08-23 03:00:00,0.0,95,5.5,27.1,0.0,3,235,8
2026-08-23 04:00:00,0.0,37,5.8,27.0,0.0,4,235,8
2026-08-23 05:00:00,0.0,100,4.2,27.4,0.0,5,235,8
2026-08-23 06:00:00,0.0,100,4.8,27.1,0.0,6,235,8
2026-08-23 07:00:00,35.0,82,6.8,27.3,0.6452329547962895,7,235,8
2026-08-23 08:00:00,175.0,28,8.1,27.9,5.034176461075265,8,235,8
2026-08-23 09:00:00,460.0,15,8.3,29.6,13.095350283173275,9,235,8
2026-08-23 10:00:00,654.0,70,8.6,30.9,14.257972087652838,10,235,8
2026-08-23 11:00:00,708.0,28,11.5,31.8,18.649876123975712,11,235,8
2026-08-23 12:00:00,844.0,79,12.6,32.8,16.29789275613022,12,235,8
2026-08-23 13:00:00,764.0,83,12.0,33.3,13.636152776348602,13,235,8
2026-08-23 14:00:00,559.0,100,11.3,33.2,8.013369068175484,14,235,8
2026-08-23 15:00:00,422.0,56,10.2,33.1,8.902435819845666,15,235,8
2026-08-23 16:00:00,318.0,100,9.8,32.8,4.123782431472896,16,235,8
2026-08-23 17:00:00,187.0,100,7.7,32.0,2.8280328642687027,17,235,8
2026-08-23 18:00:00,97.0,73,5.6,31.7,1.8607302109170372,18,235,8
2026-08-23 19:00:00,10.0,48,7.5,30.7,0.23173221580703218,19,235,8
2026-08-23 20:00:00,0.0,61,8.5,29.4,0.0,20,235,8
2026-08-23 21:00:00,0.0,63,6.4,29.0,0.0,21,235,8
2026-08-23 22:00:00,0.0,97,5.9,28.8,0.0,22,235,8
2026-08-23 23:00:00,0.0,53,4.5,28.7,0.0,23,235,8
2026-08-24 00:00:00,0.0,100,7.7,28.1,0.0,0,236,8
2026-08-24 01:00:00,0.0,100,8.3,27.9,0.0,1,236,8
2026-08-24 02:00:00,0.0,84,9.0,27.5,0.0,2,236,8
2026-08-24 03:00:00,0.0,31,8.0,27.3,0.0,3,236,8
2026-08-24 04:00:00,0.0,9,7.5,26.9,0.0,4,236,8
2026-08-24 05:00:00,0.0,19,8.6,27.4,0.0,5,236,8
2026-08-24 06:00:00,0.0,100,6.5,27.3,0.0,6,236,8
2026-08-24 07:00:00,52.0,100,5.0,27.7,0.8242070205899348,7,236,8
2026-08-24 08:00:00,147.0,39,6.9,28.1,3.730681570119215,8,236,8
2026-08-24 09:00:00,426.0,41,6.9,29.6,10.598671150162307,9,236,8
2026-08-24 10:00:00,606.0,55,6.9,31.2,13.177632494679749,10,236,8
2026-08-24 11:00:00,688.0,63,7.6,32.2,13.754901303538558,11,236,8
2026-08-24 12:00:00,737.0,73,7.0,33.2,14.321459864896271,12,236,8
2026-08-24 13:00:00,821.0,91,6.9,34.1,13.605629785454427,13,236,8
2026-08-24 14:00:00,593.0,90,7.8,33.8,9.446634534305344,14,236,8
2026-08-24 15:00:00,497.0,93,7.7,33.7,7.375429137702743,15,236,8
2026-08-24 16:00:00,451.0,91,7.8,33.8,7.270848968504247,16,236,8
2026-08-24 17:00:00,239.0,27,8.5,33.1,6.172837393897458,17,236,8
2026-08-24 18:00:00,138.0,27,7.3,32.3,4.015619339466803,18,236,8
2026-08-24 19:00:00,12.0,90,8.1,31.4,0.18908604390350187,19,236,8
2026-08-24 20:00:00,0.0,51,7.3,30.5,0.0,20,236,8
2026-08-24 21:00:00,0.0,35,6.6,30.0,0.0,21,236,8
2026-08-24 22:00:00,0.0,24,5.5,29.4,0.0,22,236,8
2026-08-24 23:00:00,0.0,45,6.9,28.8,0.0,23,236,8
2026-08-25 00:00:00,0.0,100,6.5,28.4,0.0,0,237,8
2026-08-25 01:00:00,0.0,79,8.8,28.1,0.0,1,237,8
2026-08-25 02:00:00,0.0,61,9.1,27.7,0.0,2,237,8
2026-08-25 03:00:00,0.0,58,8.7,27.2,0.0,3,237,8
2026-08-25 04:00:00,0.0,13,8.8,26.8,0.0,4,237,8
2026-08-25 05:00:00,0.0,8,9.3,27.2,0.0,5,237,8
2026-08-25 06:00:00,0.0,13,8.3,27.0,0.0,6,237,8
2026-08-25 07:00:00,69.0,8,8.6,27.5,2.074920377530257,7,237,8
2026-08-25 08:00:00,246.0,24,10.8,28.6,6.177581961582948,8,237,8
2026-08-25 09:00:00,446.0,34,10.5,29.8,12.388665932763624,9,237,8
2026-08-25 10:00:00,588.0,47,10.9,30.9,14.045224290415083,10,237,8
2026-08-25 11:00:00,636.0,63,10.0,32.0,13.682511708229221,11,237,8
2026-08-25 12:00:00,697.0,88,9.9,32.6,11.535071397074773,12,237,8
2026-08-25 13:00:00,696.0,85,9.7,33.1,11.185887518598841,13,237,8
2026-08-25 14:00:00,554.0,85,9.4,33.2,9.199558358244284,14,237,8
2026-08-25 15:00:00,611.0,64,10.4,34.1,13.354053724342824,15,237,8
2026-08-25 16:00:00,494.0,78,10.7,34.1,8.796132770627485,16,237,8
2026-08-25 17:00:00,298.0,91,9.2,33.4,4.512882759650192,17,237,8
2026-08-25 18:00:00,126.0,98,9.2,32.5,2.018237559425227,18,237,8
2026-08-25 19:00:00,10.0,98,11.2,31.3,0.15104105574809476,19,237,8
2026-08-25 20:00:00,0.0,100,9.1,30.6,0.0,20,237,8
2026-08-25 21:00:00,0.0,100,7.9,30.3,0.0,21,237,8
2026-08-25 22:00:00,0.0,100,6.7,29.8,0.0,22,237,8
2026-08-25 23:00:00,0.0,100,6.2,29.6,0.0,23,237,8
2026-08-26 00:00:00,0.0,100,10.3,29.7,0.0,0,238,8
2026-08-26 01:00:00,0.0,100,12.6,28.9,0.0,1,238,8
2026-08-26 02:00:00,0.0,75,13.2,28.1,0.0,2,238,8
2026-08-26 03:00:00,0.0,100,12.4,27.5,0.0,3,238,8
2026-08-26 04:00:00,0.0,100,11.4,27.2,0.0,4,238,8
2026-08-26 05:00:00,0.0,79,12.1,27.7,0.0,5,238,8
2026-08-26 06:00:00,0.0,46,11.7,27.2,0.0,6,238,8
2026-08-26 07:00:00,68.0,76,12.6,27.5,1.255916728954713,7,238,8
2026-08-26 08:00:00,232.0,94,13.8,28.6,3.9636917247492427,8,238,8
2026-08-26 09:00:00,376.0,52,12.2,29.8,8.00184434359772,9,238,8
2026-08-26 10:00:00,581.0,53,11.0,31.3,12.023574343528457,10,238,8
2026-08-26 11:00:00,653.0,57,10.7,32.1,15.236541803669676,11,238,8
2026-08-26 12:00:00,782.0,44,10.1,32.6,20.12956378763923,12,238,8
2026-08-26 13:00:00,872.0,60,9.6,33.4,19.10929095609453,13,238,8
2026-08-26 14:00:00,829.0,57,9.4,33.8,18.687815622053243,14,238,8
2026-08-26 15:00:00,637.0,56,12.0,33.2,14.04268612994283,15,238,8
2026-08-26 16:00:00,531.0,86,10.7,32.9,8.662035852040791,16,238,8
2026-08-26 17:00:00,318.0,98,10.6,32.6,4.395018012096348,17,238,8
2026-08-26 18:00:00,118.0,99,7.8,32.1,1.6447975075186696,18,238,8
2026-08-26 19:00:00,10.0,98,4.9,31.8,0.14936390771018532,19,238,8
2026-08-26 20:00:00,0.0,99,4.4,31.4,0.0,20,238,8
2026-08-26 21:00:00,0.0,97,8.3,30.2,0.0,21,238,8
2026-08-26 22:00:00,0.0,99,8.3,29.0,0.0,22,238,8
2026-08-26 23:00:00,0.0,98,7.1,29.0,0.0,23,238,8
2026-08-27 00:00:00,0.0,99,7.3,28.5,0.0,0,239,8
2026-08-27 01:00:00,0.0,99,9.9,28.2,0.0,1,239,8
2026-08-27 02:00:00,0.0,90,11.0,27.8,0.0,2,239,8
2026-08-27 03:00:00,0.0,98,10.3,27.3,0.0,3,239,8
2026-08-27 04:00:00,0.0,99,9.0,27.1,0.0,4,239,8
2026-08-27 05:00:00,0.0,100,9.1,27.2,0.0,5,239,8
2026-08-27 06:00:00,0.0,93,9.3,26.8,0.0,6,239,8
2026-08-27 07:00:00,67.0,96,8.7,27.1,0.9472976584301623,7,239,8
2026-08-27 08:00:00,230.0,98,11.8,28.1,3.664480766334246,8,239,8
2026-08-27 09:00:00,365.0,99,11.5,29.3,5.482185251686697,9,239,8
2026-08-27 10:00:00,471.0,98,11.1,30.3,6.486505026092002,10,239,8
2026-08-27 11:00:00,605.0,100,12.2,31.6,8.56873907955043,11,239,8
2026-08-27 12:00:00,581.0,100,12.2,31.9,7.979459931607336,12,239,8
2026-08-27 13:00:00,511.0,100,12.2,32.4,7.442298709397628,13,239,8
2026-08-27 14:00:00,546.0,100,11.4,33.1,8.08369836375333,14,239,8
2026-08-27 15:00:00,283.0,98,11.4,32.6,4.212377461280389,15,239,8
2026-08-27 16:00:00,326.0,97,11.4,32.9,4.8559942726203404,16,239,8
2026-08-27 17:00:00,282.0,98,9.5,32.8,4.074240579167151,17,239,8
2026-08-27 18:00:00,114.0,100,7.7,32.2,1.6302094652439225,18,239,8
2026-08-27 19:00:00,9.0,99,7.1,31.4,0.1327717058014349,19,239,8
2026-08-27 20:00:00,0.0,99,7.1,30.7,0.0,20,239,8
2026-08-27 21:00:00,0.0,100,8.0,30.1,0.0,21,239,8
2026-08-27 22:00:00,0.0,98,6.4,29.2,0.0,22,239,8
2026-08-27 23:00:00,0.0,97,5.6,29.0,0.0,23,239,8
2026-08-28 00:00:00,0.0,100,9.0,28.8,0.0,0,240,8
2026-08-28 01:00:00,0.0,92,11.0,28.1,0.0,1,240,8
2026-08-28 02:00:00,0.0,79,9.2,27.4,0.0,2,240,8
2026-08-28 03:00:00,0.0,79,7.4,27.0,0.0,3,240,8
2026-08-28 04:00:00,0.0,79,7.5,26.6,0.0,4,240,8
2026-08-28 05:00:00,0.0,34,7.5,26.9,0.0,5,240,8
2026-08-28 06:00:00,0.0,24,8.6,26.6,0.0,6,240,8
2026-08-28 07:00:00,71.0,21,8.4,27.1,1.9976809876166313,7,240,8
2026-08-28 08:00:00,255.0,61,11.7,28.1,5.947605786383886,8,240,8
2026-08-28 09:00:00,380.0,78,10.9,29.1,7.5470659930141,9,240,8
2026-08-28 10:00:00,504.0,68,11.0,30.5,9.806414306548666,10,240,8
2026-08-28 11:00:00,669.0,94,12.9,31.9,10.888033235900194,11,240,8
2026-08-28 12:00:00,690.0,100,12.1,32.6,8.969447136934807,12,240,8
2026-08-28 13:00:00,461.0,91,11.6,32.5,6.996729236520333,13,240,8
2026-08-28 14:00:00,533.0,99,12.1,33.7,7.854943714014149,14,240,8
2026-08-28 15:00:00,427.0,100,12.3,33.9,5.925748875975734,15,240,8
2026-08-28 16:00:00,240.0,100,12.4,33.4,3.6525397922701788,16,240,8
2026-08-28 17:00:00,171.0,79,10.6,33.2,3.0536125563209437,17,240,8
2026-08-28 18:00:00,86.0,95,8.9,32.8,1.3668251645731495,18,240,8
2026-08-28 19:00:00,9.0,84,6.7,31.9,0.15768187485896754,19,240,8
2026-08-28 20:00:00,0.0,87,7.1,31.2,0.0,20,240,8
2026-08-28 21:00:00,0.0,92,6.8,30.4,0.0,21,240,8
2026-08-28 22:00:00,0.0,99,7.6,29.7,0.0,22,240,8
2026-08-28 23:00:00,0.0,100,11.6,29.2,0.0,23,240,8
2026-08-29 00:00:00,0.0,94,13.3,28.2,0.0,0,241,8
2026-08-29 01:00:00,0.0,97,12.7,27.6,0.0,1,241,8
2026-08-29 02:00:00,0.0,71,10.4,27.2,0.0,2,241,8
2026-08-29 03:00:00,0.0,20,9.7,26.8,0.0,3,241,8
2026-08-29 04:00:00,0.0,4,9.5,26.4,0.0,4,241,8
2026-08-29 05:00:00,0.0,98,8.5,26.7,0.0,5,241,8
2026-08-29 06:00:00,0.0,48,8.9,26.5,0.0,6,241,8
2026-08-29 07:00:00,65.0,74,8.6,26.9,1.2521572227642397,7,241,8
2026-08-29 08:00:00,253.0,84,9.0,28.0,4.590356203961415,8,241,8
2026-08-29 09:00:00,386.0,88,14.1,29.2,5.998386254400366,9,241,8
2026-08-29 10:00:00,354.0,85,13.9,29.8,7.078478157137037,10,241,8
2026-08-29 11:00:00,545.0,87,15.7,31.8,9.534841991368864,11,241,8
2026-08-29 12:00:00,671.0,93,14.4,32.9,10.762832201158067,12,241,8
2026-08-29 13:00:00,759.0,100,15.0,34.0,10.091361838506323,13,241,8
2026-08-29 14:00:00,557.0,90,14.6,33.8,8.06537466636414,14,241,8
2026-08-29 15:00:00,349.0,98,15.1,33.6,5.371541149351104,15,241,8
2026-08-29 16:00:00,233.0,78,13.4,33.4,4.459629524265768,16,241,8
2026-08-29 17:00:00,239.0,58,13.7,32.7,5.1027114518120795,17,241,8
2026-08-29 18:00:00,91.0,19,11.8,32.3,2.7301822539508938,18,241,8
2026-08-29 19:00:00,8.0,11,12.4,31.4,0.2542452982569164,19,241,8
2026-08-29 20:00:00,0.0,13,12.6,30.6,0.0,20,241,8
2026-08-29 21:00:00,0.0,4,15.0,29.4,0.0,21,241,8
2026-08-29 22:00:00,0.0,1,13.9,28.6,0.0,22,241,8
2026-08-29 23:00:00,0.0,41,12.5,28.4,0.0,23,241,8
2026-08-30 00:00:00,0.0,79,11.0,27.8,0.0,0,242,8
2026-08-30 01:00:00,0.0,85,11.7,27.5,0.0,1,242,8
2026-08-30 02:00:00,0.0,83,10.9,27.0,0.0,2,242,8
2026-08-30 03:00:00,0.0,76,12.0,26.6,0.0,3,242,8
2026-08-30 04:00:00,0.0,70,11.4,26.2,0.0,4,242,8
2026-08-30 05:00:00,0.0,100,10.5,27.0,0.0,5,242,8
2026-08-30 06:00:00,0.0,26,10.9,26.9,0.0,6,242,8
2026-08-30 07:00:00,64.0,100,11.7,27.2,0.8958838679715414,7,242,8
2026-08-30 08:00:00,231.0,40,15.8,28.3,5.623008487974687,8,242,8
2026-08-30 09:00:00,409.0,73,15.9,29.5,6.681429178386652,9,242,8
2026-08-30 10:00:00,646.0,69,16.8,30.9,12.27824990064759,10,242,8
2026-08-30 11:00:00,689.0,65,17.4,32.1,15.24169516764288,11,242,8
2026-08-30 12:00:00,719.0,63,16.1,33.2,14.120957914766487,12,242,8
2026-08-30 13:00:00,654.0,84,16.0,33.7,12.157409872440008,13,242,8
2026-08-30 14:00:00,580.0,27,14.7,33.9,16.130348209916637,14,242,8
2026-08-30 15:00:00,571.0,27,13.5,34.6,14.63636490594926,15,242,8
2026-08-30 16:00:00,517.0,55,15.2,35.2,11.189221383643472,16,242,8
2026-08-30 17:00:00,236.0,33,13.9,32.8,6.029754053806283,17,242,8
2026-08-30 18:00:00,101.0,37,10.7,32.5,2.768836130062253,18,242,8
2026-08-30 19:00:00,6.0,20,12.8,31.6,0.17562644213431788,19,242,8
2026-08-30 20:00:00,0.0,28,12.3,30.3,0.0,20,242,8
2026-08-30 21:00:00,0.0,10,10.5,29.6,0.0,21,242,8
2026-08-30 22:00:00,0.0,15,9.7,29.1,0.0,22,242,8
2026-08-30 23:00:00,0.0,86,11.8,28.9,0.0,23,242,8
2026-08-31 00:00:00,0.0,95,12.8,28.2,0.0,0,243,8
2026-08-31 01:00:00,0.0,82,11.6,27.7,0.0,1,243,8
2026-08-31 02:00:00,0.0,98,12.1,27.2,0.0,2,243,8
2026-08-31 03:00:00,0.0,90,11.2,26.7,0.0,3,243,8
2026-08-31 04:00:00,0.0,98,10.5,26.3,0.0,4,243,8
2026-08-31 05:00:00,0.0,99,10.8,26.6,0.0,5,243,8
2026-08-31 06:00:00,0.0,100,10.4,26.5,0.0,6,243,8
2026-08-31 07:00:00,27.0,100,9.7,26.9,0.3744950775036086,7,243,8
2026-08-31 08:00:00,143.0,100,14.3,27.8,2.0619510447146134,8,243,8
2026-08-31 09:00:00,331.0,99,16.3,28.8,4.985585178804029,9,243,8
2026-08-31 10:00:00,418.0,98,15.2,29.7,6.272472710274063,10,243,8
2026-08-31 11:00:00,631.0,99,15.9,31.6,7.964011304912438,11,243,8
2026-08-31 12:00:00,787.0,98,15.6,32.5,11.362417235243836,12,243,8
2026-08-31 13:00:00,585.0,91,15.3,32.5,9.752826016412167,13,243,8
2026-08-31 14:00:00,572.0,59,13.8,33.5,12.47734348544839,14,243,8
2026-08-31 15:00:00,639.0,75,15.1,34.2,11.97527819612723,15,243,8
2026-08-31 16:00:00,372.0,98,15.1,33.9,5.396758192606697,16,243,8
2026-08-31 17:00:00,177.0,36,11.6,33.3,4.732555535348684,17,243,8
2026-08-31 18:00:00,99.0,95,11.7,32.9,1.4658309479103977,18,243,8
2026-08-31 19:00:00,5.0,50,10.4,32.2,0.11614969510046332,19,243,8
2026-08-31 20:00:00,0.0,59,11.5,30.8,0.0,20,243,8
2026-08-31 21:00:00,0.0,89,9.5,30.0,0.0,21,243,8
2026-08-31 22:00:00,0.0,100,8.6,29.4,0.0,22,243,8
2026-08-31 23:00:00,0.0,99,12.3,29.4,0.0,23,243,8
2026-09-01 00:00:00,0.0,91,12.0,28.8,0.0,0,244,9
2026-09-01 01:00:00,0.0,61,10.1,28.0,0.0,1,244,9
2026-09-01 02:00:00,0.0,88,7.9,27.6,0.0,2,244,9
2026-09-01 03:00:00,0.0,36,9.1,27.1,0.0,3,244,9
2026-09-01 04:00:00,0.0,41,10.1,26.6,0.0,4,244,9
2026-09-01 05:00:00,0.0,85,8.5,26.8,0.0,5,244,9
2026-09-01 06:00:00,0.0,94,8.5,26.3,0.0,6,244,9
2026-09-01 07:00:00,67.0,98,8.4,26.9,0.9996338216862077,7,244,9
2026-09-01 08:00:00,247.0,100,12.9,28.2,3.5490776330761826,8,244,9
2026-09-01 09:00:00,422.0,95,13.4,29.4,6.27163933426227,9,244,9
2026-09-01 10:00:00,575.0,88,13.4,30.8,9.456707645316978,10,244,9
2026-09-01 11:00:00,727.0,69,14.0,31.6,14.669980281521775,11,244,9
2026-09-01 12:00:00,656.0,59,12.9,32.3,14.193819420943662,12,244,9
2026-09-01 13:00:00,664.0,44,12.5,33.5,14.721684328825651,13,244,9
2026-09-01 14:00:00,690.0,81,12.9,34.4,11.09170525383069,14,244,9
2026-09-01 15:00:00,491.0,34,12.8,34.2,12.420208945857892,15,244,9
2026-09-01 16:00:00,414.0,66,11.6,34.1,8.48825847033022,16,244,9
2026-09-01 17:00:00,317.0,30,11.0,33.9,8.636659725775733,17,244,9
2026-09-01 18:00:00,122.0,7,8.8,33.3,4.30709043978703,18,244,9
2026-09-01 19:00:00,7.0,58,7.6,32.8,0.16451641308930484,19,244,9
2026-09-01 20:00:00,0.0,41,9.4,31.9,0.0,20,244,9
2026-09-01 21:00:00,0.0,70,7.7,31.1,0.0,21,244,9
2026-09-01 22:00:00,0.0,75,5.7,30.3,0.0,22,244,9
2026-09-01 23:00:00,0.0,85,6.4,30.2,0.0,23,244,9
2026-09-02 00:00:00,0.0,86,7.4,29.3,0.0,0,245,9
2026-09-02 01:00:00,0.0,70,7.0,28.6,0.0,1,245,9
2026-09-02 02:00:00,0.0,71,7.3,27.9,0.0,2,245,9
2026-09-02 03:00:00,0.0,45,7.0,27.3,0.0,3,245,9
2026-09-02 04:00:00,0.0,49,7.3,26.8,0.0,4,245,9
2026-09-02 05:00:00,0.0,96,7.2,27.1,0.0,5,245,9
2026-09-02 06:00:00,0.0,98,7.3,26.9,0.0,6,245,9
2026-09-02 07:00:00,68.0,99,5.3,27.5,1.0503729861845945,7,245,9
2026-09-02 08:00:00,248.0,85,7.5,28.6,4.476514688242145,8,245,9
2026-09-02 09:00:00,466.0,97,9.6,30.1,7.66244251899869,9,245,9
2026-09-02 10:00:00,624.0,99,11.8,31.4,9.00102317301432,10,245,9
2026-09-02 11:00:00,666.0,95,12.7,32.5,10.298795294556589,11,245,9
2026-09-02 12:00:00,827.0,90,13.7,33.8,13.022954230174964,12,245,9
2026-09-02 13:00:00,821.0,71,13.8,34.4,15.528076334169652,13,245,9
2026-09-02 14:00:00,762.0,45,13.9,34.8,18.39840734062488,14,245,9
2026-09-02 15:00:00,643.0,35,14.2,34.9,16.44941443907109,15,245,9
2026-09-02 16:00:00,503.0,5,13.3,34.7,18.192210576330456,16,245,9
2026-09-02 17:00:00,309.0,85,13.5,34.4,5.317843379984746,17,245,9
2026-09-02 18:00:00,93.0,80,11.7,33.9,1.6853491317603329,18,245,9
2026-09-02 19:00:00,5.0,100,5.6,33.0,0.07618707421391531,19,245,9
2026-09-02 20:00:00,0.0,62,3.1,32.3,0.0,20,245,9
2026-09-02 21:00:00,0.0,87,5.2,31.4,0.0,21,245,9
2026-09-02 22:00:00,0.0,72,5.0,30.5,0.0,22,245,9
2026-09-02 23:00:00,0.0,73,7.4,30.0,0.0,23,245,9
2026-09-03 00:00:00,0.0,98,8.5,29.3,0.0,0,246,9
2026-09-03 01:00:00,0.0,40,9.2,28.8,0.0,1,246,9
2026-09-03 02:00:00,0.0,9,9.9,28.1,0.0,2,246,9
2026-09-03 03:00:00,0.0,3,9.6,27.3,0.0,3,246,9
2026-09-03 04:00:00,0.0,47,9.0,26.8,0.0,4,246,9
2026-09-03 05:00:00,0.0,42,8.5,26.7,0.0,5,246,9
2026-09-03 06:00:00,0.0,13,8.6,26.3,0.0,6,246,9
2026-09-03 07:00:00,66.0,87,9.4,26.9,1.0165026617737258,7,246,9
2026-09-03 08:00:00,245.0,88,9.0,28.1,4.245942428777032,8,246,9
2026-09-03 09:00:00,435.0,99,7.5,29.6,6.183685147195104,9,246,9
2026-09-03 10:00:00,584.0,99,9.0,31.0,7.664403519882556,10,246,9
2026-09-03 11:00:00,604.0,98,11.9,32.2,8.744368233489668,11,246,9
2026-09-03 12:00:00,683.0,86,12.1,33.0,11.970219406207873,12,246,9
2026-09-03 13:00:00,796.0,100,12.3,33.8,11.080136101204712,13,246,9
2026-09-03 14:00:00,532.0,91,13.0,33.7,8.316121848252513,14,246,9
2026-09-03 15:00:00,495.0,78,13.0,33.3,8.53154380699553,15,246,9
2026-09-03 16:00:00,401.0,99,11.7,32.9,6.089049261284055,16,246,9
2026-09-03 17:00:00,225.0,79,10.0,33.2,3.8430824520664766,17,246,9
2026-09-03 18:00:00,95.0,95,7.4,32.7,1.4907984388319366,18,246,9
2026-09-03 19:00:00,5.0,99,5.7,32.3,0.06993721184771715,19,246,9
2026-09-03 20:00:00,0.0,77,5.7,31.8,0.0,20,246,9
2026-09-03 21:00:00,0.0,80,7.8,30.5,0.0,21,246,9
2026-09-03 22:00:00,0.0,63,6.3,30.0,0.0,22,246,9
2026-09-03 23:00:00,0.0,100,6.5,29.5,0.0,23,246,9
2026-09-04 00:00:00,0.0,100,10.2,29.2,0.0,0,247,9
2026-09-04 01:00:00,0.0,100,11.2,28.5,0.0,1,247,9
2026-09-04 02:00:00,0.0,98,10.8,27.7,0.0,2,247,9
2026-09-04 03:00:00,0.0,66,10.3,27.1,0.0,3,247,9
2026-09-04 04:00:00,0.0,5,9.6,26.6,0.0,4,247,9
2026-09-04 05:00:00,0.0,88,9.5,26.8,0.0,5,247,9
2026-09-04 06:00:00,0.0,38,9.5,26.5,0.0,6,247,9
2026-09-04 07:00:00,57.0,44,11.0,27.0,1.2736503522437774,7,247,9
2026-09-04 08:00:00,222.0,63,13.1,28.0,5.356801576839161,8,247,9
2026-09-04 09:00:00,334.0,88,12.3,29.0,5.475237451262186,9,247,9
2026-09-04 10:00:00,453.0,88,10.1,30.1,7.837138535687031,10,247,9
2026-09-04 11:00:00,501.0,94,11.6,30.2,7.589492334337849,11,247,9
2026-09-04 12:00:00,591.0,59,11.0,32.2,12.067869195681144,12,247,9
2026-09-04 13:00:00,703.0,55,11.3,33.4,16.043649198215547,13,247,9
2026-09-04 14:00:00,732.0,34,11.1,33.5,18.040853603428403,14,247,9
2026-09-04 15:00:00,630.0,34,12.6,33.3,16.799631116104546,15,247,9
2026-09-04 16:00:00,464.0,38,12.8,32.7,11.171737116538274,16,247,9
2026-09-04 17:00:00,268.0,22,9.4,31.8,6.969548546328355,17,247,9
2026-09-04 18:00:00,101.0,70,6.3,31.9,2.238185143323669,18,247,9
2026-09-04 19:00:00,5.0,22,5.6,31.6,0.14918465980534484,19,247,9
2026-09-04 20:00:00,0.0,24,7.4,30.9,0.0,20,247,9
2026-09-04 21:00:00,0.0,76,7.0,30.2,0.0,21,247,9
2026-09-04 22:00:00,0.0,65,6.3,29.4,0.0,22,247,9
2026-09-04 23:00:00,0.0,93,6.0,29.0,0.0,23,247,9
2026-09-05 00:00:00,0.0,93,7.7,28.5,0.0,0,248,9
2026-09-05 01:00:00,0.0,91,10.8,28.1,0.0,1,248,9
2026-09-05 02:00:00,0.0,78,10.6,27.7,0.0,2,248,9
2026-09-05 03:00:00,0.0,5,9.4,27.1,0.0,3,248,9
2026-09-05 04:00:00,0.0,50,8.6,26.6,0.0,4,248,9
2026-09-05 05:00:00,0.0,60,10.0,26.9,0.0,5,248,9
2026-09-05 06:00:00,0.0,84,9.6,26.6,0.0,6,248,9
2026-09-05 07:00:00,66.0,90,9.5,27.0,1.0810549715655489,7,248,9
2026-09-05 08:00:00,232.0,99,11.8,28.2,3.6677323250034153,8,248,9
2026-09-05 09:00:00,404.0,62,12.0,29.5,8.03284039849048,9,248,9
2026-09-05 10:00:00,520.0,70,11.3,30.6,10.192943005154198,10,248,9
2026-09-05 11:00:00,621.0,33,11.4,31.3,17.052317077734244,11,248,9
2026-09-05 12:00:00,846.0,86,12.0,32.2,12.660730076305384,12,248,9
2026-09-05 13:00:00,786.0,65,12.5,32.6,16.304667861769268,13,248,9
2026-09-05 14:00:00,778.0,71,12.1,33.1,16.502262922089443,14,248,9
2026-09-05 15:00:00,645.0,98,11.3,33.4,8.815126576168558,15,248,9
2026-09-05 16:00:00,474.0,100,11.8,33.3,7.562830323245522,16,248,9
2026-09-05 17:00:00,234.0,100,10.1,31.6,3.3759043865275804,17,248,9
2026-09-05 18:00:00,84.0,93,6.7,31.3,1.3019190807612386,18,248,9
2026-09-05 19:00:00,4.0,49,3.6,31.0,0.08873641015127409,19,248,9
2026-09-05 20:00:00,0.0,90,4.9,30.7,0.0,20,248,9
2026-09-05 21:00:00,0.0,100,8.1,30.3,0.0,21,248,9
2026-09-05 22:00:00,0.0,99,8.6,29.5,0.0,22,248,9
2026-09-05 23:00:00,0.0,95,7.4,28.8,0.0,23,248,9
2026-09-06 00:00:00,0.0,98,7.1,28.2,0.0,0,249,9
2026-09-06 01:00:00,0.0,95,8.0,27.9,0.0,1,249,9
2026-09-06 02:00:00,0.0,67,8.1,27.3,0.0,2,249,9
2026-09-06 03:00:00,0.0,100,8.2,26.7,0.0,3,249,9
2026-09-06 04:00:00,0.0,99,8.5,26.5,0.0,4,249,9
2026-09-06 05:00:00,0.0,100,9.5,26.8,0.0,5,249,9
2026-09-06 06:00:00,0.0,100,9.0,26.7,0.0,6,249,9
2026-09-06 07:00:00,36.0,100,8.5,27.0,0.49256841602031803,7,249,9
2026-09-06 08:00:00,122.0,100,8.2,27.6,1.8464915195625844,8,249,9
2026-09-06 09:00:00,188.0,98,7.8,28.2,3.0844643539710925,9,249,9
2026-09-06 10:00:00,303.0,80,7.4,29.2,5.917332437205759,10,249,9
2026-09-06 11:00:00,416.0,85,7.2,30.7,6.328789526248325,11,249,9
2026-09-06 12:00:00,647.0,72,7.0,32.0,12.400300111538751,12,249,9
2026-09-06 13:00:00,677.0,93,8.3,33.0,9.88635448873134,13,249,9
2026-09-06 14:00:00,584.0,100,9.8,32.9,7.879645942465431,14,249,9
2026-09-06 15:00:00,379.0,100,9.1,32.6,4.989194132985559,15,249,9
2026-09-06 16:00:00,274.0,89,8.6,32.5,4.474281345477535,16,249,9
2026-09-06 17:00:00,156.0,99,11.2,31.7,2.0934967742393242,17,249,9
2026-09-06 18:00:00,76.0,100,8.9,30.9,1.1074900151042046,18,249,9
2026-09-06 19:00:00,3.0,99,6.3,30.9,0.04598629702547459,19,249,9
2026-09-06 20:00:00,0.0,100,4.6,31.0,0.0,20,249,9
2026-09-06 21:00:00,0.0,98,4.1,31.0,0.0,21,249,9
2026-09-06 22:00:00,0.0,91,6.4,30.3,0.0,22,249,9
2026-09-06 23:00:00,0.0,63,7.0,29.4,0.0,23,249,9
2026-09-07 00:00:00,0.0,57,6.2,28.6,0.0,0,250,9
2026-09-07 01:00:00,0.0,61,8.8,28.1,0.0,1,250,9
2026-09-07 02:00:00,0.0,93,10.4,27.6,0.0,2,250,9
2026-09-07 03:00:00,0.0,100,8.8,27.1,0.0,3,250,9
2026-09-07 04:00:00,0.0,100,8.5,26.9,0.0,4,250,9
2026-09-07 05:00:00,0.0,86,9.8,27.3,0.0,5,250,9
2026-09-07 06:00:00,0.0,65,9.8,27.1,0.0,6,250,9
2026-09-07 07:00:00,46.0,28,10.7,27.3,1.1875970290939533,7,250,9
2026-09-07 08:00:00,185.0,32,10.0,28.0,4.797290733453453,8,250,9
2026-09-07 09:00:00,405.0,49,11.0,29.7,8.944238772816854,9,250,9
2026-09-07 10:00:00,608.0,87,10.1,31.3,9.966000029548761,10,250,9
2026-09-07 11:00:00,634.0,79,10.8,32.1,10.166599898609725,11,250,9
2026-09-07 12:00:00,548.0,82,10.3,32.6,9.975461409367687,12,250,9
2026-09-07 13:00:00,542.0,93,10.4,32.9,8.076163741464027,13,250,9
2026-09-07 14:00:00,476.0,68,10.0,32.9,9.080556461008252,14,250,9
2026-09-07 15:00:00,536.0,20,8.8,33.4,14.50065120775461,15,250,9
2026-09-07 16:00:00,468.0,24,8.1,33.8,14.778557187146577,16,250,9
2026-09-07 17:00:00,287.0,90,9.0,33.1,4.680329520624671,17,250,9
2026-09-07 18:00:00,63.0,27,9.6,32.3,1.812252339186953,18,250,9
2026-09-07 19:00:00,3.0,14,7.2,32.0,0.08190756689381229,19,250,9
2026-09-07 20:00:00,0.0,12,8.4,31.2,0.0,20,250,9
2026-09-07 21:00:00,0.0,23,7.2,29.7,0.0,21,250,9
2026-09-07 22:00:00,0.0,12,6.7,29.0,0.0,22,250,9
2026-09-07 23:00:00,0.0,5,6.9,28.9,0.0,23,250,9
2026-09-08 00:00:00,0.0,23,7.1,28.3,0.0,0,251,9
2026-09-08 01:00:00,0.0,35,8.5,28.0,0.0,1,251,9
2026-09-08 02:00:00,0.0,26,9.5,27.5,0.0,2,251,9
2026-09-08 03:00:00,0.0,29,9.0,26.8,0.0,3,251,9
2026-09-08 04:00:00,0.0,51,8.0,26.4,0.0,4,251,9
2026-09-08 05:00:00,0.0,62,8.4,26.9,0.0,5,251,9
2026-09-08 06:00:00,0.0,55,8.5,26.6,0.0,6,251,9
2026-09-08 07:00:00,44.0,41,8.4,26.9,1.0644000851844293,7,251,9
2026-09-08 08:00:00,191.0,90,10.8,28.0,3.0697427417940775,8,251,9
2026-09-08 09:00:00,329.0,97,9.6,29.3,5.2151618969289,9,251,9
2026-09-08 10:00:00,492.0,78,9.2,30.8,9.701087018066415,10,251,9
2026-09-08 11:00:00,723.0,40,10.1,32.3,17.939193360326914,11,251,9
2026-09-08 12:00:00,813.0,21,10.3,33.0,23.027716114242192,12,251,9
2026-09-08 13:00:00,795.0,36,10.5,33.9,21.57731395007238,13,251,9
2026-09-08 14:00:00,743.0,16,9.2,34.2,18.751679838147645,14,251,9
2026-09-08 15:00:00,647.0,19,8.2,34.6,17.809969412144202,15,251,9
2026-09-08 16:00:00,466.0,12,8.7,34.4,14.66287835137779,16,251,9
2026-09-08 17:00:00,288.0,18,6.7,33.6,7.513275996736787,17,251,9
2026-09-08 18:00:00,99.0,25,6.7,33.1,2.634201025012381,18,251,9
2026-09-08 19:00:00,3.0,7,4.3,32.8,0.08457823199020109,19,251,9
2026-09-08 20:00:00,0.0,18,9.5,31.9,0.0,20,251,9
2026-09-08 21:00:00,0.0,31,9.1,29.8,0.0,21,251,9
2026-09-08 22:00:00,0.0,34,7.3,28.9,0.0,22,251,9
2026-09-08 23:00:00,0.0,38,6.1,28.8,0.0,23,251,9
2026-09-09 00:00:00,0.0,36,5.0,28.4,0.0,0,252,9
2026-09-09 01:00:00,0.0,25,9.8,28.2,0.0,1,252,9
2026-09-09 02:00:00,0.0,15,9.2,27.5,0.0,2,252,9
2026-09-09 03:00:00,0.0,2,7.9,27.1,0.0,3,252,9
2026-09-09 04:00:00,0.0,2,6.7,26.8,0.0,4,252,9
2026-09-09 05:00:00,0.0,5,7.4,27.1,0.0,5,252,9
2026-09-09 06:00:00,0.0,5,6.7,26.8,0.0,6,252,9
2026-09-09 07:00:00,64.0,10,7.3,27.2,1.7667037690890066,7,252,9
2026-09-09 08:00:00,250.0,22,8.5,28.4,7.382929659882446,8,252,9
2026-09-09 09:00:00,431.0,27,7.7,29.9,11.698894937919775,9,252,9
2026-09-09 10:00:00,603.0,30,8.1,31.3,16.234323044931894,10,252,9
2026-09-09 11:00:00,709.0,9,8.6,32.2,21.181893208050326,11,252,9
2026-09-09 12:00:00,865.0,17,9.4,33.1,27.85977774880067,12,252,9
2026-09-09 13:00:00,858.0,12,9.0,33.7,25.824610021577747,13,252,9
2026-09-09 14:00:00,796.0,7,9.3,34.1,23.646276711440237,14,252,9
2026-09-09 15:00:00,680.0,5,9.4,34.3,20.38228300920598,15,252,9
2026-09-09 16:00:00,510.0,4,8.1,34.2,15.115028656758511,16,252,9
2026-09-09 17:00:00,300.0,5,8.4,33.8,9.903312263509871,17,252,9
2026-09-09 18:00:00,100.0,4,6.1,33.0,3.188935982152157,18,252,9
2026-09-09 19:00:00,3.0,12,6.4,32.7,0.09394834241612479,19,252,9
2026-09-09 20:00:00,0.0,29,12.3,30.5,0.0,20,252,9
2026-09-09 21:00:00,0.0,31,8.4,29.8,0.0,21,252,9
2026-09-09 22:00:00,0.0,5,7.4,29.6,0.0,22,252,9
2026-09-09 23:00:00,0.0,3,8.7,29.3,0.0,23,252,9
2026-09-10 00:00:00,0.0,9,7.4,28.8,0.0,0,253,9
2026-09-10 01:00:00,0.0,23,7.0,28.4,0.0,1,253,9
2026-09-10 02:00:00,0.0,58,7.2,28.0,0.0,2,253,9
2026-09-10 03:00:00,0.0,100,7.8,27.5,0.0,3,253,9
2026-09-10 04:00:00,0.0,95,7.2,27.1,0.0,4,253,9
2026-09-10 05:00:00,0.0,23,6.9,27.1,0.0,5,253,9
2026-09-10 06:00:00,0.0,73,7.0,26.7,0.0,6,253,9
2026-09-10 07:00:00,65.0,95,7.8,27.1,1.050607607832185,7,253,9
2026-09-10 08:00:00,257.0,29,7.5,28.3,6.863990614801624,8,253,9
2026-09-10 09:00:00,474.0,23,6.7,29.8,12.543297458086863,9,253,9
2026-09-10 10:00:00,671.0,9,6.5,31.4,20.166027809040663,10,253,9
2026-09-10 11:00:00,791.0,80,8.1,32.7,13.78098725422122,11,253,9
2026-09-10 12:00:00,830.0,86,8.4,33.5,11.194836781955141,12,253,9
2026-09-10 13:00:00,800.0,91,7.7,33.9,12.689891935145853,13,253,9
2026-09-10 14:00:00,795.0,96,7.9,34.5,11.646035453056896,14,253,9
2026-09-10 15:00:00,675.0,48,7.8,34.6,16.412101995680423,15,253,9
2026-09-10 16:00:00,472.0,80,7.9,34.2,8.386937653495465,16,253,9
2026-09-10 17:00:00,299.0,66,7.6,34.2,6.1877909880208275,17,253,9
2026-09-10 18:00:00,103.0,44,6.7,33.7,2.1302158860655,18,253,9
2026-09-10 19:00:00,3.0,14,5.5,33.4,0.08762587062884955,19,253,9
2026-09-10 20:00:00,0.0,73,3.2,33.2,0.0,20,253,9
2026-09-10 21:00:00,0.0,97,8.3,32.1,0.0,21,253,9
2026-09-10 22:00:00,0.0,73,8.1,29.9,0.0,22,253,9
2026-09-10 23:00:00,0.0,15,8.4,29.4,0.0,23,253,9
