time,shortwave_radiation,cloud_cover,wind_speed_10m,temperature_2m,output_mw,hour,day_of_year,month
2025-08-07 00:00:00,0.0,43,10.1,26.2,24.906823887500803,0,219,8
2025-08-07 01:00:00,0.0,15,9.5,25.9,19.811705180239148,1,219,8
2025-08-07 02:00:00,0.0,15,9.6,25.7,20.573314499398606,2,219,8
2025-08-07 03:00:00,0.0,14,9.3,25.5,15.39038396152412,3,219,8
2025-08-07 04:00:00,0.0,13,9.7,25.4,20.257461282982245,4,219,8
2025-08-07 05:00:00,0.0,15,9.7,25.4,21.901213306596546,5,219,8
2025-08-07 06:00:00,0.0,21,9.4,26.1,18.46048139338861,6,219,8
2025-08-07 07:00:00,47.0,15,12.7,26.8,47.159430837433206,7,219,8
2025-08-07 08:00:00,197.0,15,15.4,27.9,49.02063428466524,8,219,8
2025-08-07 09:00:00,402.0,21,14.8,29.3,47.22403716965583,9,219,8
2025-08-07 10:00:00,584.0,37,17.3,30.8,47.235167021713195,10,219,8
2025-08-07 11:00:00,640.0,51,18.2,31.8,41.709074324390265,11,219,8
2025-08-07 12:00:00,654.0,60,18.1,32.5,47.90277651571708,12,219,8
2025-08-07 13:00:00,734.0,64,20.3,32.9,49.929171102237355,13,219,8
2025-08-07 14:00:00,665.0,33,21.5,32.9,47.425725533903474,14,219,8
2025-08-07 15:00:00,572.0,62,20.9,32.8,45.62566156559473,15,219,8
2025-08-07 16:00:00,461.0,44,21.9,32.2,50.0,16,219,8
2025-08-07 17:00:00,335.0,15,21.9,31.5,46.77691408345607,17,219,8
2025-08-07 18:00:00,191.0,10,21.1,30.9,50.0,18,219,8
2025-08-07 19:00:00,43.0,84,19.8,29.4,46.60731249643089,19,219,8
2025-08-07 20:00:00,0.0,78,18.8,28.3,50.0,20,219,8
2025-08-07 21:00:00,0.0,72,17.3,27.6,41.80962382223553,21,219,8
2025-08-07 22:00:00,0.0,99,15.8,27.1,50.0,22,219,8
2025-08-07 23:00:00,0.0,91,15.5,26.7,50.0,23,219,8
2025-08-08 00:00:00,0.0,56,14.5,26.5,48.63202856062277,0,220,8
2025-08-08 01:00:00,0.0,14,14.9,26.3,49.012317916796185,1,220,8
2025-08-08 02:00:00,0.0,92,13.6,26.0,50.0,2,220,8
2025-08-08 03:00:00,0.0,76,12.4,25.8,50.0,3,220,8
2025-08-08 04:00:00,0.0,17,11.5,25.6,49.343713358834414,4,220,8
2025-08-08 05:00:00,0.0,19,11.4,25.5,40.891248686755105,5,220,8
2025-08-08 06:00:00,0.0,10,16.6,26.2,50.0,6,220,8
2025-08-08 07:00:00,51.0,11,16.3,26.7,48.73842431378657,7,220,8
2025-08-08 08:00:00,211.0,9,16.7,28.2,45.441960898656454,8,220,8
2025-08-08 09:00:00,410.0,9,16.5,29.8,48.004394045201735,9,220,8
2025-08-08 10:00:00,612.0,14,17.8,31.3,48.286284985546594,10,220,8
2025-08-08 11:00:00,764.0,35,18.2,32.6,42.806627671852205,11,220,8
2025-08-08 12:00:00,796.0,91,21.9,33.0,50.0,12,220,8
2025-08-08 13:00:00,525.0,74,21.3,32.6,50.0,13,220,8
2025-08-08 14:00:00,799.0,100,22.2,33.4,48.98717514050418,14,220,8
2025-08-08 15:00:00,335.0,100,21.8,32.1,50.0,15,220,8
2025-08-08 16:00:00,517.0,100,22.0,33.1,45.15646150656307,16,220,8
2025-08-08 17:00:00,348.0,100,24.5,31.6,50.0,17,220,8
2025-08-08 18:00:00,171.0,100,22.1,30.6,50.0,18,220,8
2025-08-08 19:00:00,40.0,100,19.5,29.2,50.0,19,220,8
2025-08-08 20:00:00,0.0,98,19.4,28.4,50.0,20,220,8
2025-08-08 21:00:00,0.0,100,19.0,27.6,50.0,21,220,8
2025-08-08 22:00:00,0.0,91,14.3,27.2,50.0,22,220,8
2025-08-08 23:00:00,0.0,90,13.0,26.9,47.936387747427844,23,220,8
2025-08-09 00:00:00,0.0,37,13.2,26.7,47.65276390175539,0,221,8
2025-08-09 01:00:00,0.0,91,13.0,26.5,45.93567067974458,1,221,8
2025-08-09 02:00:00,0.0,94,13.2,26.2,50.0,2,221,8
2025-08-09 03:00:00,0.0,100,13.5,26.0,45.93542693047147,3,221,8
2025-08-09 04:00:00,0.0,100,12.3,25.7,48.15186402274398,4,221,8
2025-08-09 05:00:00,0.0,99,11.7,25.6,43.19981309951823,5,221,8
2025-08-09 06:00:00,0.0,99,14.3,26.3,50.0,6,221,8
2025-08-09 07:00:00,47.0,98,12.7,27.1,50.0,7,221,8
2025-08-09 08:00:00,204.0,30,14.6,28.4,50.0,8,221,8
2025-08-09 09:00:00,382.0,43,15.1,29.8,50.0,9,221,8
2025-08-09 10:00:00,580.0,96,16.0,31.2,50.0,10,221,8
2025-08-09 11:00:00,725.0,96,16.7,32.4,48.545158619379436,11,221,8
2025-08-09 12:00:00,779.0,100,18.4,33.4,48.78507378940851,12,221,8
2025-08-09 13:00:00,735.0,100,19.7,33.5,50.0,13,221,8
2025-08-09 14:00:00,564.0,95,20.1,33.4,50.0,14,221,8
2025-08-09 15:00:00,524.0,73,20.1,33.4,49.220547490183186,15,221,8
2025-08-09 16:00:00,509.0,98,20.8,33.5,46.201255865608196,16,221,8
2025-08-09 17:00:00,238.0,100,22.3,31.9,50.0,17,221,8
2025-08-09 18:00:00,144.0,96,22.1,30.7,50.0,18,221,8
2025-08-09 19:00:00,40.0,37,20.4,29.2,44.88813596669581,19,221,8
2025-08-09 20:00:00,0.0,99,18.2,28.5,48.869320152584095,20,221,8
2025-08-09 21:00:00,0.0,99,16.7,27.8,49.72975294952625,21,221,8
2025-08-09 22:00:00,0.0,100,16.6,27.2,43.97493113162715,22,221,8
2025-08-09 23:00:00,0.0,100,16.3,26.8,49.19423805020176,23,221,8
2025-08-10 00:00:00,0.0,99,15.0,26.4,50.0,0,222,8
2025-08-10 01:00:00,0.0,100,14.0,26.2,45.08074059873545,1,222,8
2025-08-10 02:00:00,0.0,19,11.8,26.1,47.82260088279306,2,222,8
2025-08-10 03:00:00,0.0,76,11.8,25.9,43.45021796784083,3,222,8
2025-08-10 04:00:00,0.0,78,12.4,25.8,45.6196186253543,4,222,8
2025-08-10 05:00:00,0.0,9,10.5,25.6,31.14884276868854,5,222,8
2025-08-10 06:00:00,0.0,31,13.0,26.0,48.46591434955903,6,222,8
2025-08-10 07:00:00,47.0,22,13.7,26.6,50.0,7,222,8
2025-08-10 08:00:00,200.0,12,15.4,28.0,50.0,8,222,8
2025-08-10 09:00:00,410.0,39,15.5,29.5,48.881043976970645,9,222,8
2025-08-10 10:00:00,571.0,32,15.5,31.1,50.0,10,222,8
2025-08-10 11:00:00,713.0,100,17.0,32.1,47.92490899917408,11,222,8
2025-08-10 12:00:00,475.0,61,18.5,32.1,50.0,12,222,8
2025-08-10 13:00:00,619.0,59,19.4,32.3,48.06764537407676,13,222,8
2025-08-10 14:00:00,675.0,71,18.7,33.5,50.0,14,222,8
2025-08-10 15:00:00,579.0,96,22.9,32.5,50.0,15,222,8
2025-08-10 16:00:00,294.0,85,22.6,31.9,45.156483432029205,16,222,8
2025-08-10 17:00:00,266.0,55,23.1,31.6,50.0,17,222,8
2025-08-10 18:00:00,167.0,34,22.2,30.5,48.08490022198635,18,222,8
2025-08-10 19:00:00,39.0,35,20.0,29.3,38.50144674055778,19,222,8
2025-08-10 20:00:00,0.0,56,17.8,28.4,48.40534390047134,20,222,8
2025-08-10 21:00:00,0.0,71,16.5,27.6,48.47119670093328,21,222,8
2025-08-10 22:00:00,0.0,36,14.2,27.0,43.01118498727713,22,222,8
2025-08-10 23:00:00,0.0,11,13.2,26.7,50.0,23,222,8
2025-08-11 00:00:00,0.0,14,12.1,26.5,50.0,0,223,8
2025-08-11 01:00:00,0.0,31,12.4,26.3,50.0,1,223,8
2025-08-11 02:00:00,0.0,58,13.1,26.2,43.539510821399666,2,223,8
2025-08-11 03:00:00,0.0,37,12.4,26.2,45.408572415745,3,223,8
2025-08-11 04:00:00,0.0,70,13.0,26.1,50.0,4,223,8
2025-08-11 05:00:00,0.0,20,13.2,26.0,50.0,5,223,8
2025-08-11 06:00:00,0.0,76,14.1,26.6,49.37003339964102,6,223,8
2025-08-11 07:00:00,47.0,49,14.8,27.1,50.0,7,223,8
2025-08-11 08:00:00,198.0,38,16.3,28.4,46.792808748161264,8,223,8
2025-08-11 09:00:00,406.0,98,16.9,29.9,50.0,9,223,8
2025-08-11 10:00:00,567.0,100,19.7,31.4,50.0,10,223,8
2025-08-11 11:00:00,611.0,100,21.6,32.3,47.512665067435265,11,223,8
2025-08-11 12:00:00,507.0,99,21.1,32.5,44.88707526262243,12,223,8
2025-08-11 13:00:00,606.0,100,23.7,32.6,49.58443427832491,13,223,8
2025-08-11 14:00:00,574.0,95,22.9,33.3,50.0,14,223,8
2025-08-11 15:00:00,564.0,100,26.7,32.8,0.0,15,223,8
2025-08-11 16:00:00,377.0,100,26.2,32.1,0.0,16,223,8
2025-08-11 17:00:00,366.0,100,25.6,31.4,0.0,17,223,8
2025-08-11 18:00:00,176.0,100,22.4,30.7,50.0,18,223,8
2025-08-11 19:00:00,39.0,98,20.5,29.2,43.404135491154484,19,223,8
2025-08-11 20:00:00,0.0,100,19.6,28.3,50.0,20,223,8
2025-08-11 21:00:00,0.0,100,18.6,27.7,50.0,21,223,8
2025-08-11 22:00:00,0.0,100,16.6,27.2,50.0,22,223,8
2025-08-11 23:00:00,0.0,100,13.9,26.9,49.890232068643705,23,223,8
2025-08-12 00:00:00,0.0,92,15.0,26.8,45.220799963915056,0,224,8
2025-08-12 01:00:00,0.0,100,16.6,26.6,49.41694122718362,1,224,8
2025-08-12 02:00:00,0.0,100,16.2,26.3,46.747908940499535,2,224,8
2025-08-12 03:00:00,0.0,100,16.3,26.3,44.51924131443487,3,224,8
2025-08-12 04:00:00,0.0,100,16.6,26.2,49.958154058660135,4,224,8
2025-08-12 05:00:00,0.0,99,16.6,26.1,50.0,5,224,8
2025-08-12 06:00:00,0.0,99,17.6,26.6,48.6188986225065,6,224,8
2025-08-12 07:00:00,49.0,93,16.8,27.0,50.0,7,224,8
2025-08-12 08:00:00,176.0,62,20.7,28.3,48.22952331687306,8,224,8
2025-08-12 09:00:00,362.0,62,22.6,29.8,44.987669463742215,9,224,8
2025-08-12 10:00:00,528.0,82,23.5,31.2,50.0,10,224,8
2025-08-12 11:00:00,671.0,99,24.3,32.4,50.0,11,224,8
2025-08-12 12:00:00,690.0,100,25.3,32.7,0.0,12,224,8
2025-08-12 13:00:00,463.0,59,24.8,32.5,50.0,13,224,8
2025-08-12 14:00:00,649.0,100,26.7,32.7,0.0,14,224,8
2025-08-12 15:00:00,536.0,93,27.1,32.5,0.0,15,224,8
2025-08-12 16:00:00,452.0,86,26.3,31.9,0.0,16,224,8
2025-08-12 17:00:00,309.0,66,26.2,31.2,0.0,17,224,8
2025-08-12 18:00:00,178.0,99,24.3,30.3,47.92032943637131,18,224,8
2025-08-12 19:00:00,33.0,39,21.5,29.0,50.0,19,224,8
2025-08-12 20:00:00,0.0,96,20.3,28.2,47.712360401721064,20,224,8
2025-08-12 21:00:00,0.0,100,18.4,27.7,50.0,21,224,8
2025-08-12 22:00:00,0.0,100,17.5,27.1,50.0,22,224,8
2025-08-12 23:00:00,0.0,100,15.1,26.8,48.88577236845872,23,224,8
2025-08-13 00:00:00,0.0,100,15.4,26.7,48.944115646172484,0,225,8
2025-08-13 01:00:00,0.0,100,15.8,26.5,50.0,1,225,8
2025-08-13 02:00:00,0.0,100,15.8,26.4,50.0,2,225,8
2025-08-13 03:00:00,0.0,100,15.0,26.3,49.84841249560948,3,225,8
2025-08-13 04:00:00,0.0,100,15.5,26.2,48.89605823607143,4,225,8
2025-08-13 05:00:00,0.0,100,14.6,26.1,44.54277571079279,5,225,8
2025-08-13 06:00:00,0.0,96,14.4,26.7,50.0,6,225,8
2025-08-13 07:00:00,46.0,64,13.6,27.3,48.578501015923834,7,225,8
2025-08-13 08:00:00,198.0,95,15.9,28.4,50.0,8,225,8
2025-08-13 09:00:00,395.0,99,16.6,29.9,50.0,9,225,8
2025-08-13 10:00:00,587.0,98,17.1,31.2,46.515345238595536,10,225,8
2025-08-13 11:00:00,585.0,96,16.3,32.1,50.0,11,225,8
2025-08-13 12:00:00,583.0,100,16.3,32.9,47.5333752558657,12,225,8
2025-08-13 13:00:00,639.0,100,18.5,33.3,46.180213906301844,13,225,8
2025-08-13 14:00:00,493.0,100,19.2,33.0,50.0,14,225,8
2025-08-13 15:00:00,454.0,100,18.1,32.9,49.45363609832561,15,225,8
2025-08-13 16:00:00,358.0,100,19.4,32.5,50.0,16,225,8
2025-08-13 17:00:00,177.0,100,21.2,31.2,49.72443133053079,17,225,8
2025-08-13 18:00:00,119.0,100,17.7,30.7,46.303168633384864,18,225,8
2025-08-13 19:00:00,27.0,100,16.5,29.4,45.6574183527908,19,225,8
2025-08-13 20:00:00,0.0,100,14.8,28.7,48.72706489665515,20,225,8
2025-08-13 21:00:00,0.0,100,12.5,28.2,47.70823471390475,21,225,8
2025-08-13 22:00:00,0.0,100,11.2,27.9,38.67966037958287,22,225,8
2025-08-13 23:00:00,0.0,100,11.3,27.5,38.08407001526129,23,225,8
2025-08-14 00:00:00,0.0,100,10.7,27.2,31.221440416260062,0,226,8
2025-08-14 01:00:00,0.0,100,9.0,27.0,13.868592174969242,1,226,8
2025-08-14 02:00:00,0.0,100,7.7,26.9,8.019755287225625,2,226,8
2025-08-14 03:00:00,0.0,100,7.5,26.8,5.9494754122783755,3,226,8
2025-08-14 04:00:00,0.0,97,6.5,26.6,3.0148495955312176,4,226,8
2025-08-14 05:00:00,0.0,100,6.0,26.5,1.9684888423870968,5,226,8
2025-08-14 06:00:00,0.0,100,5.7,27.1,1.330215446732092,6,226,8
2025-08-14 07:00:00,39.0,100,6.4,27.6,2.8956825293260913,7,226,8
2025-08-14 08:00:00,154.0,100,7.4,28.5,5.453312118638536,8,226,8
2025-08-14 09:00:00,241.0,100,8.5,29.3,13.313627965613753,9,226,8
2025-08-14 10:00:00,162.0,100,9.6,29.4,17.545472727249308,10,226,8
2025-08-14 11:00:00,201.0,100,10.7,29.8,25.86565676470426,11,226,8
2025-08-14 12:00:00,615.0,97,10.3,31.8,27.88721124531168,12,226,8
2025-08-14 13:00:00,709.0,100,9.4,32.9,15.570266940823723,13,226,8
2025-08-14 14:00:00,771.0,100,10.5,33.9,26.40618034739641,14,226,8
2025-08-14 15:00:00,656.0,100,13.0,34.1,46.63548816857603,15,226,8
2025-08-14 16:00:00,476.0,100,13.8,33.4,40.11513645361919,16,226,8
2025-08-14 17:00:00,260.0,100,14.5,31.6,50.0,17,226,8
2025-08-14 18:00:00,150.0,100,11.8,31.9,39.91548166929681,18,226,8
2025-08-14 19:00:00,29.0,100,9.9,31.0,22.607070316554605,19,226,8
2025-08-14 20:00:00,0.0,100,11.8,30.0,46.62238269691649,20,226,8
2025-08-14 21:00:00,0.0,98,11.4,29.0,45.04677868166813,21,226,8
2025-08-14 22:00:00,0.0,100,11.3,28.3,36.72197483805717,22,226,8
2025-08-14 23:00:00,0.0,100,8.4,27.7,10.50063042909521,23,226,8
2025-08-15 00:00:00,0.0,100,8.8,27.3,13.255075587517826,0,227,8
2025-08-15 01:00:00,0.0,97,7.7,27.0,7.789503488552779,1,227,8
2025-08-15 02:00:00,0.0,100,6.9,26.7,4.04331910727884,2,227,8
2025-08-15 03:00:00,0.0,71,7.0,26.7,3.890582501854302,3,227,8
2025-08-15 04:00:00,0.0,53,5.1,26.5,0.6420534671377621,4,227,8
2025-08-15 05:00:00,0.0,57,4.8,26.3,0.37749823065200633,5,227,8
2025-08-15 06:00:00,0.0,97,4.9,27.0,0.5154842671510538,6,227,8
2025-08-15 07:00:00,45.0,88,3.1,27.5,7.59073791242417e-05,7,227,8
2025-08-15 08:00:00,202.0,40,4.4,28.7,0.1766453087357724,8,227,8
2025-08-15 09:00:00,411.0,78,3.5,30.2,0.009089617902546874,9,227,8
2025-08-15 10:00:00,552.0,86,2.2,31.5,0.0,10,227,8
2025-08-15 11:00:00,611.0,59,4.1,32.5,0.10505785350666941,11,227,8
2025-08-15 12:00:00,789.0,33,5.8,33.9,1.3471796158238512,12,227,8
2025-08-15 13:00:00,853.0,44,7.2,34.8,4.651913851559806,13,227,8
2025-08-15 14:00:00,752.0,63,5.4,34.7,0.952769331078635,14,227,8
2025-08-15 15:00:00,637.0,100,10.9,34.7,32.494965364670364,15,227,8
2025-08-15 16:00:00,315.0,100,17.4,28.0,50.0,16,227,8
2025-08-15 17:00:00,127.0,100,6.7,28.7,2.7124659646427216,17,227,8
2025-08-15 18:00:00,123.0,100,6.8,28.9,4.0450831504030385,18,227,8
2025-08-15 19:00:00,19.0,93,1.7,28.6,0.0,19,227,8
2025-08-15 20:00:00,0.0,77,0.8,28.5,0.0,20,227,8
2025-08-15 21:00:00,0.0,69,2.2,28.4,0.0,21,227,8
2025-08-15 22:00:00,0.0,79,7.4,28.5,5.699324818930049,22,227,8
2025-08-15 23:00:00,0.0,97,9.3,28.1,17.668286560739325,23,227,8
2025-08-16 00:00:00,0.0,95,9.3,27.6,16.04844700609169,0,228,8
2025-08-16 01:00:00,0.0,99,8.2,27.3,10.661769712863506,1,228,8
2025-08-16 02:00:00,0.0,98,8.4,27.0,10.803929421867506,2,228,8
2025-08-16 03:00:00,0.0,100,8.4,26.9,11.131184221661776,3,228,8
2025-08-16 04:00:00,0.0,100,7.6,26.8,6.807767718337091,4,228,8
2025-08-16 05:00:00,0.0,100,7.3,26.7,5.122531970898954,5,228,8
2025-08-16 06:00:00,0.0,100,9.0,27.7,14.405618115698072,6,228,8
2025-08-16 07:00:00,37.0,55,9.8,28.0,26.90230896013972,7,228,8
2025-08-16 08:00:00,185.0,98,10.4,28.9,23.606453960975344,8,228,8
2025-08-16 09:00:00,309.0,86,8.4,29.9,10.63314067423461,9,228,8
2025-08-16 10:00:00,426.0,64,7.1,30.9,5.251147022301143,10,228,8
2025-08-16 11:00:00,623.0,54,5.2,31.4,0.6817581306378276,11,228,8
2025-08-16 12:00:00,795.0,38,4.5,32.5,0.23681960624649917,12,228,8
2025-08-16 13:00:00,797.0,100,5.5,33.1,1.0512530111810146,13,228,8
2025-08-16 14:00:00,583.0,100,6.7,33.0,3.472469814216701,14,228,8
2025-08-16 15:00:00,368.0,100,14.6,29.2,50.0,15,228,8
2025-08-16 16:00:00,237.0,100,8.6,28.6,12.175427674968834,16,228,8
2025-08-16 17:00:00,76.0,100,5.5,27.7,1.0824843591013313,17,228,8
2025-08-16 18:00:00,88.0,100,5.2,29.3,0.7178812803291559,18,228,8
2025-08-16 19:00:00,16.0,100,6.3,29.1,2.1625135514610085,19,228,8
2025-08-16 20:00:00,0.0,100,6.7,28.9,3.68112750075563,20,228,8
2025-08-16 21:00:00,0.0,100,10.7,28.6,31.455563806435894,21,228,8
2025-08-16 22:00:00,0.0,100,12.7,28.0,45.42176768693102,22,228,8
2025-08-16 23:00:00,0.0,100,12.7,27.6,47.075033306375346,23,228,8
2025-08-17 00:00:00,0.0,100,11.8,27.2,41.68799392635263,0,229,8
2025-08-17 01:00:00,0.0,100,11.4,27.0,38.39190780935561,1,229,8
2025-08-17 02:00:00,0.0,99,9.7,26.8,23.004235781376977,2,229,8
2025-08-17 03:00:00,0.0,57,9.2,26.7,17.700685989403183,3,229,8
2025-08-17 04:00:00,0.0,100,9.0,26.6,15.442215154585437,4,229,8
2025-08-17 05:00:00,0.0,100,9.5,26.5,18.186615157307447,5,229,8
2025-08-17 06:00:00,0.0,94,7.7,27.1,7.42500051337723,6,229,8
2025-08-17 07:00:00,42.0,92,8.1,27.5,9.615086340118273,7,229,8
2025-08-17 08:00:00,183.0,98,8.9,28.6,14.377343394162704,8,229,8
2025-08-17 09:00:00,380.0,100,8.7,29.9,12.288445007967045,9,229,8
2025-08-17 10:00:00,549.0,100,6.5,31.2,2.9035904844443694,10,229,8
2025-08-17 11:00:00,626.0,96,3.7,32.2,0.02281709778784597,11,229,8
2025-08-17 12:00:00,817.0,71,5.8,33.4,1.2023817910960557,12,229,8
2025-08-17 13:00:00,871.0,35,6.3,34.0,2.2568682744841824,13,229,8
2025-08-17 14:00:00,816.0,49,5.5,34.7,0.877909096773277,14,229,8
2025-08-17 15:00:00,682.0,100,6.2,34.3,2.3493774538155088,15,229,8
2025-08-17 16:00:00,154.0,93,10.3,28.1,31.260764837666954,16,229,8
2025-08-17 17:00:00,285.0,100,9.5,30.9,16.462460521147406,17,229,8
2025-08-17 18:00:00,141.0,100,12.1,32.0,46.648558606867624,18,229,8
2025-08-17 19:00:00,20.0,99,7.8,30.6,7.290186660745008,19,229,8
2025-08-17 20:00:00,0.0,100,7.9,30.0,8.204476727360863,20,229,8
2025-08-17 21:00:00,0.0,100,11.0,29.0,31.293454956688908,21,229,8
2025-08-17 22:00:00,0.0,100,6.0,28.7,1.791181651736571,22,229,8
2025-08-17 23:00:00,0.0,100,2.5,28.3,0.0,23,229,8
2025-08-18 00:00:00,0.0,99,5.7,27.9,1.4329093252803553,0,230,8
2025-08-18 01:00:00,0.0,100,3.7,27.6,0.02232023475031801,1,230,8
2025-08-18 02:00:00,0.0,100,3.9,27.4,0.04997562432744551,2,230,8
2025-08-18 03:00:00,0.0,99,8.3,27.2,9.900991939745206,3,230,8
2025-08-18 04:00:00,0.0,100,2.5,27.0,0.0,4,230,8
2025-08-18 05:00:00,0.0,100,6.7,27.1,3.2394690094837113,5,230,8
2025-08-18 06:00:00,0.0,96,0.4,27.4,0.0,6,230,8
2025-08-18 07:00:00,41.0,99,2.1,27.7,0.0,7,230,8
2025-08-18 08:00:00,180.0,99,4.8,29.0,0.370345941505133,8,230,8
2025-08-18 09:00:00,345.0,92,6.3,30.1,2.6925752758868535,9,230,8
2025-08-18 10:00:00,557.0,69,6.6,31.5,3.3994467781661273,10,230,8
2025-08-18 11:00:00,705.0,27,7.4,32.7,5.544845259189594,11,230,8
2025-08-18 12:00:00,809.0,45,9.7,33.8,19.579641697913527,12,230,8
2025-08-18 13:00:00,823.0,86,11.7,34.1,42.13656076421635,13,230,8
2025-08-18 14:00:00,695.0,94,13.6,33.6,47.81188579168083,14,230,8
2025-08-18 15:00:00,365.0,37,1.6,31.4,0.0,15,230,8
2025-08-18 16:00:00,431.0,75,6.4,30.8,3.0034369986241956,16,230,8
2025-08-18 17:00:00,311.0,98,8.6,29.8,11.342919934431587,17,230,8
2025-08-18 18:00:00,148.0,92,5.5,31.5,1.0998186411743698,18,230,8
2025-08-18 19:00:00,27.0,71,3.2,30.6,0.0005000830114914035,19,230,8
2025-08-18 20:00:00,0.0,98,3.4,30.1,0.004526001040688575,20,230,8
2025-08-18 21:00:00,0.0,100,6.5,29.3,3.005932561500213,21,230,8
2025-08-18 22:00:00,0.0,100,11.5,28.7,42.62374129873575,22,230,8
2025-08-18 23:00:00,0.0,95,13.5,28.1,50.0,23,230,8
2025-08-19 00:00:00,0.0,93,15.1,27.6,50.0,0,231,8
2025-08-19 01:00:00,0.0,100,10.9,26.2,36.45373810352461,1,231,8
2025-08-19 02:00:00,0.0,100,13.0,25.6,43.77640765054754,2,231,8
2025-08-19 03:00:00,0.0,100,7.8,25.8,7.224749187497345,3,231,8
2025-08-19 04:00:00,0.0,100,7.9,25.9,7.694473373350342,4,231,8
2025-08-19 05:00:00,0.0,98,11.0,25.8,31.05569219986961,5,231,8
2025-08-19 06:00:00,0.0,91,11.3,28.1,36.71389812530812,6,231,8
2025-08-19 07:00:00,36.0,100,9.3,28.4,17.082324777293522,7,231,8
2025-08-19 08:00:00,47.0,100,6.6,28.1,3.0724459275136637,8,231,8
2025-08-19 09:00:00,114.0,100,5.1,28.3,0.618722965645967,9,231,8
2025-08-19 10:00:00,321.0,42,6.4,29.7,2.7806627015309617,10,231,8
2025-08-19 11:00:00,735.0,21,8.5,32.0,11.134595869421357,11,231,8
2025-08-19 12:00:00,796.0,21,9.2,33.3,17.322116830300548,12,231,8
2025-08-19 13:00:00,829.0,25,7.5,34.2,5.937951112550181,13,231,8
2025-08-19 14:00:00,809.0,36,6.8,34.3,3.738246632576785,14,231,8
2025-08-19 15:00:00,689.0,98,2.9,34.1,0.0,15,231,8
2025-08-19 16:00:00,302.0,98,16.3,29.3,49.46002500540944,16,231,8
2025-08-19 17:00:00,124.0,100,7.5,27.7,5.916141534686161,17,231,8
2025-08-19 18:00:00,19.0,100,13.5,27.1,50.0,18,231,8
2025-08-19 19:00:00,5.0,100,7.9,27.1,7.505427947446853,19,231,8
2025-08-19 20:00:00,0.0,100,4.8,27.3,0.4072346257206838,20,231,8
2025-08-19 21:00:00,0.0,100,4.4,27.4,0.2023638247035128,21,231,8
2025-08-19 22:00:00,0.0,100,8.5,27.2,11.782665849824332,22,231,8
2025-08-19 23:00:00,0.0,100,4.5,27.1,0.24086025318889404,23,231,8
2025-08-20 00:00:00,0.0,100,6.7,27.1,3.5288492762671697,0,232,8
2025-08-20 01:00:00,0.0,100,2.0,27.0,0.0,1,232,8
2025-08-20 02:00:00,0.0,100,3.6,27.0,0.015364370719762661,2,232,8
2025-08-20 03:00:00,0.0,100,1.3,27.2,0.0,3,232,8
2025-08-20 04:00:00,0.0,86,3.6,26.8,0.015960077252011925,4,232,8
2025-08-20 05:00:00,0.0,23,2.5,26.5,0.0,5,232,8
2025-08-20 06:00:00,0.0,90,8.5,27.3,11.074121506760788,6,232,8
2025-08-20 07:00:00,40.0,86,7.5,27.9,6.196668430505455,7,232,8
2025-08-20 08:00:00,163.0,100,4.4,27.7,0.18814284008339854,8,232,8
2025-08-20 09:00:00,240.0,72,6.6,28.7,3.1264586015336633,9,232,8
2025-08-20 10:00:00,527.0,97,12.0,31.2,46.65566447232662,10,232,8
2025-08-20 11:00:00,644.0,93,12.2,31.5,50.0,11,232,8
2025-08-20 12:00:00,744.0,100,14.3,31.7,49.85652232246643,12,232,8
2025-08-20 13:00:00,554.0,100,9.3,30.3,15.613047848955595,13,232,8
2025-08-20 14:00:00,301.0,100,14.5,29.5,50.0,14,232,8
2025-08-20 15:00:00,129.0,100,18.5,27.3,47.96433921566122,15,232,8
2025-08-20 16:00:00,182.0,100,14.7,28.5,48.53533120598489,16,232,8
2025-08-20 17:00:00,169.0,100,11.1,28.2,35.52488292621556,17,232,8
2025-08-20 18:00:00,33.0,100,3.7,28.1,0.024370162501861147,18,232,8
2025-08-20 19:00:00,10.0,100,5.6,27.8,1.2105192525607282,19,232,8
2025-08-20 20:00:00,0.0,100,6.7,27.5,3.5590929922548384,20,232,8
2025-08-20 21:00:00,0.0,100,7.1,27.3,4.210350578405804,21,232,8
2025-08-20 22:00:00,0.0,100,4.3,27.2,0.1362821239294137,22,232,8
2025-08-20 23:00:00,0.0,100,2.2,27.1,0.0,23,232,8
2025-08-21 00:00:00,0.0,100,4.6,26.9,0.31969257322587785,0,233,8
2025-08-21 01:00:00,0.0,100,6.0,26.7,1.6966375945221848,1,233,8
2025-08-21 02:00:00,0.0,100,3.8,26.5,0.03483829742888668,2,233,8
2025-08-21 03:00:00,0.0,100,2.2,26.5,0.0,3,233,8
2025-08-21 04:00:00,0.0,100,5.4,26.3,0.976683197930521,4,233,8
2025-08-21 05:00:00,0.0,96,4.7,26.4,0.3539248542107381,5,233,8
2025-08-21 06:00:00,0.0,100,7.4,26.7,5.490886151884788,6,233,8
2025-08-21 07:00:00,12.0,100,6.4,26.6,2.49221755648627,7,233,8
2025-08-21 08:00:00,149.0,100,6.9,27.3,3.817023607106456,8,233,8
2025-08-21 09:00:00,242.0,100,10.9,28.2,35.66924100022088,9,233,8
2025-08-21 10:00:00,345.0,100,5.6,29.0,1.258808499737567,10,233,8
2025-08-21 11:00:00,568.0,100,7.7,30.5,6.3853097972157755,11,233,8
2025-08-21 12:00:00,328.0,100,7.4,30.8,6.21367269116052,12,233,8
2025-08-21 13:00:00,812.0,100,6.4,32.1,2.5007304050431673,13,233,8
2025-08-21 14:00:00,693.0,100,14.1,30.9,46.84229565887099,14,233,8
2025-08-21 15:00:00,341.0,100,20.1,28.8,44.8721223373046,15,233,8
2025-08-21 16:00:00,392.0,100,24.1,28.5,50.0,16,233,8
2025-08-21 17:00:00,215.0,100,22.8,28.0,50.0,17,233,8
2025-08-21 18:00:00,106.0,100,17.4,28.0,46.473981689014714,18,233,8
2025-08-21 19:00:00,15.0,100,13.1,27.5,50.0,19,233,8
2025-08-21 20:00:00,0.0,100,14.3,27.2,50.0,20,233,8
2025-08-21 21:00:00,0.0,100,13.4,27.1,42.735386277182066,21,233,8
2025-08-21 22:00:00,0.0,100,14.9,27.0,44.72014479034906,22,233,8
2025-08-21 23:00:00,0.0,100,15.8,26.7,50.0,23,233,8
2025-08-22 00:00:00,0.0,100,15.2,26.6,47.38391337026101,0,234,8
2025-08-22 01:00:00,0.0,100,14.0,26.6,48.25989838487371,1,234,8
2025-08-22 02:00:00,0.0,100,13.9,26.5,48.074933203888435,2,234,8
2025-08-22 03:00:00,0.0,100,14.5,26.4,50.0,3,234,8
2025-08-22 04:00:00,0.0,100,17.6,26.3,50.0,4,234,8
2025-08-22 05:00:00,0.0,100,17.9,26.4,50.0,5,234,8
2025-08-22 06:00:00,0.0,100,15.3,26.0,50.0,6,234,8
2025-08-22 07:00:00,29.0,100,15.9,26.4,50.0,7,234,8
2025-08-22 08:00:00,119.0,100,17.3,27.1,50.0,8,234,8
2025-08-22 09:00:00,249.0,100,17.0,28.1,50.0,9,234,8
2025-08-22 10:00:00,258.0,100,17.0,28.2,50.0,10,234,8
2025-08-22 11:00:00,185.0,100,16.8,27.7,50.0,11,234,8
2025-08-22 12:00:00,366.0,100,16.2,29.2,48.11342845751507,12,234,8
2025-08-22 13:00:00,267.0,100,17.2,29.7,50.0,13,234,8
2025-08-22 14:00:00,252.0,100,19.2,30.0,50.0,14,234,8
2025-08-22 15:00:00,232.0,100,22.3,30.2,50.0,15,234,8
2025-08-22 16:00:00,190.0,100,21.7,29.3,50.0,16,234,8
2025-08-22 17:00:00,154.0,100,23.1,29.1,44.83883996212231,17,234,8
2025-08-22 18:00:00,75.0,100,22.3,28.4,50.0,18,234,8
2025-08-22 19:00:00,21.0,100,19.3,27.4,50.0,19,234,8
2025-08-22 20:00:00,0.0,100,19.1,26.9,50.0,20,234,8
2025-08-22 21:00:00,0.0,100,19.3,26.6,50.0,21,234,8
2025-08-22 22:00:00,0.0,100,19.4,26.3,49.44815614036557,22,234,8
2025-08-22 23:00:00,0.0,100,19.2,26.3,50.0,23,234,8
2025-08-23 00:00:00,0.0,100,17.5,26.2,44.91176382375593,0,235,8
2025-08-23 01:00:00,0.0,86,18.9,26.2,47.276762075698464,1,235,8
2025-08-23 02:00:00,0.0,38,19.7,26.1,50.0,2,235,8
2025-08-23 03:00:00,0.0,48,19.1,26.0,45.56895743241831,3,235,8
2025-08-23 04:00:00,0.0,23,18.2,26.0,50.0,4,235,8
2025-08-23 05:00:00,0.0,52,17.3,25.9,50.0,5,235,8
2025-08-23 06:00:00,0.0,99,16.8,26.2,50.0,6,235,8
2025-08-23 07:00:00,34.0,100,18.2,26.7,49.12517314629348,7,235,8
2025-08-23 08:00:00,135.0,98,19.4,27.5,50.0,8,235,8
2025-08-23 09:00:00,337.0,100,21.3,28.7,50.0,9,235,8
2025-08-23 10:00:00,541.0,82,23.5,30.0,50.0,10,235,8
2025-08-23 11:00:00,661.0,58,23.8,30.8,50.0,11,235,8
2025-08-23 12:00:00,693.0,90,23.7,31.4,49.46657347999464,12,235,8
2025-08-23 13:00:00,783.0,69,25.5,31.5,0.0,13,235,8
2025-08-23 14:00:00,603.0,84,23.4,31.1,50.0,14,235,8
2025-08-23 15:00:00,431.0,100,26.5,29.9,0.0,15,235,8
2025-08-23 16:00:00,322.0,100,26.1,29.2,0.0,16,235,8
2025-08-23 17:00:00,203.0,100,25.3,29.1,0.0,17,235,8
2025-08-23 18:00:00,131.0,100,23.6,28.5,50.0,18,235,8
2025-08-23 19:00:00,19.0,100,20.6,27.5,48.275457127836546,19,235,8
2025-08-23 20:00:00,0.0,100,18.6,27.2,50.0,20,235,8
2025-08-23 21:00:00,0.0,100,19.3,26.7,50.0,21,235,8
2025-08-23 22:00:00,0.0,76,19.1,26.4,50.0,22,235,8
2025-08-23 23:00:00,0.0,30,16.9,26.3,47.167113418493216,23,235,8
2025-08-24 00:00:00,0.0,92,16.7,26.2,46.91157400044937,0,236,8
2025-08-24 01:00:00,0.0,77,16.9,26.1,50.0,1,236,8
2025-08-24 02:00:00,0.0,100,17.0,26.0,43.67885325404099,2,236,8
2025-08-24 03:00:00,0.0,98,16.7,26.1,50.0,3,236,8
2025-08-24 04:00:00,0.0,100,16.5,25.9,50.0,4,236,8
2025-08-24 05:00:00,0.0,99,17.8,25.9,44.83151305814522,5,236,8
2025-08-24 06:00:00,0.0,100,16.1,26.4,50.0,6,236,8
2025-08-24 07:00:00,35.0,100,19.0,26.7,50.0,7,236,8
2025-08-24 08:00:00,132.0,52,19.5,27.6,49.84525147782965,8,236,8
2025-08-24 09:00:00,360.0,100,20.3,28.8,49.877119030841534,9,236,8
2025-08-24 10:00:00,503.0,77,24.6,29.8,50.0,10,236,8
2025-08-24 11:00:00,650.0,100,25.4,30.8,0.0,11,236,8
2025-08-24 12:00:00,772.0,96,27.3,31.7,0.0,12,236,8
2025-08-24 13:00:00,739.0,96,27.5,31.6,0.0,13,236,8
2025-08-24 14:00:00,660.0,74,30.3,31.8,0.0,14,236,8
2025-08-24 15:00:00,596.0,91,31.9,31.2,0.0,15,236,8
2025-08-24 16:00:00,430.0,96,32.5,30.7,0.0,16,236,8
2025-08-24 17:00:00,322.0,99,31.4,29.5,0.0,17,236,8
2025-08-24 18:00:00,156.0,75,25.8,28.9,0.0,18,236,8
2025-08-24 19:00:00,23.0,82,22.4,27.9,47.41950480679087,19,236,8
2025-08-24 20:00:00,0.0,65,20.5,27.4,50.0,20,236,8
2025-08-24 21:00:00,0.0,76,22.1,27.1,50.0,21,236,8
2025-08-24 22:00:00,0.0,84,20.1,26.9,50.0,22,236,8
2025-08-24 23:00:00,0.0,54,16.8,26.9,47.578900117203304,23,236,8
2025-08-25 00:00:00,0.0,38,17.4,26.8,46.490973086873176,0,237,8
2025-08-25 01:00:00,0.0,34,19.9,26.8,50.0,1,237,8
2025-08-25 02:00:00,0.0,22,21.4,26.5,45.79514904247304,2,237,8
2025-08-25 03:00:00,0.0,42,20.5,26.3,46.54405927582516,3,237,8
2025-08-25 04:00:00,0.0,93,21.0,26.3,50.0,4,237,8
2025-08-25 05:00:00,0.0,97,19.0,26.3,50.0,5,237,8
2025-08-25 06:00:00,0.0,92,17.9,26.5,50.0,6,237,8
2025-08-25 07:00:00,41.0,100,19.2,27.0,42.94926168473695,7,237,8
2025-08-25 08:00:00,201.0,100,22.3,28.3,48.388396070201615,8,237,8
2025-08-25 09:00:00,373.0,97,23.8,29.4,44.80672397796786,9,237,8
2025-08-25 10:00:00,477.0,58,25.1,30.2,0.0,10,237,8
2025-08-25 11:00:00,627.0,50,24.6,31.4,50.0,11,237,8
2025-08-25 12:00:00,684.0,62,23.8,31.8,49.78731880261682,12,237,8
2025-08-25 13:00:00,765.0,86,25.1,32.1,0.0,13,237,8
2025-08-25 14:00:00,742.0,100,26.6,32.1,0.0,14,237,8
2025-08-25 15:00:00,607.0,71,28.0,31.3,0.0,15,237,8
2025-08-25 16:00:00,538.0,74,27.9,31.3,0.0,16,237,8
2025-08-25 17:00:00,363.0,100,26.2,30.4,0.0,17,237,8
2025-08-25 18:00:00,128.0,62,22.1,29.3,49.60443255100986,18,237,8
2025-08-25 19:00:00,24.0,99,20.9,28.3,50.0,19,237,8
2025-08-25 20:00:00,0.0,38,18.1,27.6,48.837356589525974,20,237,8
2025-08-25 21:00:00,0.0,63,15.3,27.2,50.0,21,237,8
2025-08-25 22:00:00,0.0,32,17.0,26.9,50.0,22,237,8
2025-08-25 23:00:00,0.0,42,16.4,26.7,41.771989751946194,23,237,8
2025-08-26 00:00:00,0.0,96,12.2,26.5,48.67201340369588,0,238,8
2025-08-26 01:00:00,0.0,100,9.9,26.2,23.23301635833963,1,238,8
2025-08-26 02:00:00,0.0,95,12.9,26.1,39.39745731469154,2,238,8
2025-08-26 03:00:00,0.0,100,14.3,26.0,49.57167926958469,3,238,8
2025-08-26 04:00:00,0.0,76,12.2,26.0,50.0,4,238,8
2025-08-26 05:00:00,0.0,99,10.3,25.8,25.50984197850622,5,238,8
2025-08-26 06:00:00,0.0,44,8.3,26.7,10.645686834283183,6,238,8
2025-08-26 07:00:00,42.0,92,12.9,27.2,45.46164134377916,7,238,8
2025-08-26 08:00:00,189.0,59,15.3,28.2,50.0,8,238,8
2025-08-26 09:00:00,385.0,26,17.0,29.5,49.3182454490723,9,238,8
2025-08-26 10:00:00,566.0,3,16.3,30.7,48.67315815262876,10,238,8
2025-08-26 11:00:00,768.0,16,15.4,32.0,50.0,11,238,8
2025-08-26 12:00:00,847.0,40,15.0,33.0,50.0,12,238,8
2025-08-26 13:00:00,789.0,88,19.8,33.1,50.0,13,238,8
2025-08-26 14:00:00,596.0,26,19.9,32.8,44.59325157947022,14,238,8
2025-08-26 15:00:00,676.0,100,21.2,32.0,50.0,15,238,8
2025-08-26 16:00:00,410.0,48,23.6,31.7,45.24071245927726,16,238,8
2025-08-26 17:00:00,278.0,30,23.1,30.9,46.1345916590311,17,238,8
2025-08-26 18:00:00,146.0,22,18.3,30.1,50.0,18,238,8
2025-08-26 19:00:00,22.0,61,14.2,28.8,46.84088694405961,19,238,8
2025-08-26 20:00:00,0.0,99,14.9,27.9,50.0,20,238,8
2025-08-26 21:00:00,0.0,100,14.7,27.3,46.45353344591001,21,238,8
2025-08-26 22:00:00,0.0,58,13.7,26.9,50.0,22,238,8
2025-08-26 23:00:00,0.0,2,12.0,26.6,49.494187851471516,23,238,8
2025-08-27 00:00:00,0.0,17,11.8,26.3,48.2116758189832,0,239,8
2025-08-27 01:00:00,0.0,91,13.6,26.2,45.76894565535324,1,239,8
2025-08-27 02:00:00,0.0,99,13.8,26.0,50.0,2,239,8
2025-08-27 03:00:00,0.0,100,11.4,25.9,39.38879997101791,3,239,8
2025-08-27 04:00:00,0.0,98,6.8,25.8,3.469109695503081,4,239,8
2025-08-27 05:00:00,0.0,23,6.8,25.8,3.558262842364953,5,239,8
2025-08-27 06:00:00,0.0,100,7.8,26.6,7.7791743984413815,6,239,8
2025-08-27 07:00:00,35.0,49,11.9,27.3,44.96712202223939,7,239,8
2025-08-27 08:00:00,185.0,52,11.6,28.4,43.53806023933106,8,239,8
2025-08-27 09:00:00,409.0,48,12.5,29.8,50.0,9,239,8
2025-08-27 10:00:00,605.0,31,13.0,31.0,50.0,10,239,8
2025-08-27 11:00:00,757.0,73,12.3,32.2,45.46842378233319,11,239,8
2025-08-27 12:00:00,784.0,94,12.1,33.0,47.0334049364964,12,239,8
2025-08-27 13:00:00,613.0,52,11.7,33.3,39.296417249402296,13,239,8
2025-08-27 14:00:00,578.0,95,12.2,33.7,50.0,14,239,8
2025-08-27 15:00:00,476.0,63,14.6,33.3,48.61838229523771,15,239,8
2025-08-27 16:00:00,392.0,39,14.1,33.2,48.61672418406189,16,239,8
2025-08-27 17:00:00,336.0,98,17.6,32.1,50.0,17,239,8
2025-08-27 18:00:00,145.0,99,13.8,31.3,50.0,18,239,8
2025-08-27 19:00:00,20.0,96,16.7,29.7,46.44014593212543,19,239,8
2025-08-27 20:00:00,0.0,73,17.2,28.5,47.00303968677447,20,239,8
2025-08-27 21:00:00,0.0,83,16.5,27.7,45.62874155033037,21,239,8
2025-08-27 22:00:00,0.0,100,16.7,27.1,49.99345148413196,22,239,8
2025-08-27 23:00:00,0.0,98,13.7,26.7,49.065398261275746,23,239,8
2025-08-28 00:00:00,0.0,87,12.3,26.5,49.67278873388559,0,240,8
2025-08-28 01:00:00,0.0,100,13.3,26.2,43.97576331678912,1,240,8
2025-08-28 02:00:00,0.0,99,14.5,26.2,43.30146894620477,2,240,8
2025-08-28 03:00:00,0.0,100,13.2,26.2,46.646579796380195,3,240,8
2025-08-28 04:00:00,0.0,100,11.5,26.1,40.721977115741936,4,240,8
2025-08-28 05:00:00,0.0,100,11.7,26.1,49.67674945457817,5,240,8
2025-08-28 06:00:00,0.0,84,12.1,26.6,48.398406387639845,6,240,8
2025-08-28 07:00:00,41.0,99,13.6,27.2,49.10720871577882,7,240,8
2025-08-28 08:00:00,130.0,94,14.3,28.0,50.0,8,240,8
2025-08-28 09:00:00,313.0,89,14.5,29.2,45.117198836486374,9,240,8
2025-08-28 10:00:00,454.0,55,13.5,30.2,48.49382011790021,10,240,8
2025-08-28 11:00:00,698.0,78,11.7,31.7,43.02632862865823,11,240,8
2025-08-28 12:00:00,746.0,95,11.4,32.5,42.963043293875174,12,240,8
2025-08-28 13:00:00,648.0,100,10.5,32.9,31.19041099609515,13,240,8
2025-08-28 14:00:00,630.0,100,11.0,33.4,38.46058368106975,14,240,8
2025-08-28 15:00:00,480.0,100,12.8,33.3,50.0,15,240,8
2025-08-28 16:00:00,377.0,100,13.0,33.0,50.0,16,240,8
2025-08-28 17:00:00,262.0,100,12.6,32.9,48.790716865799546,17,240,8
2025-08-28 18:00:00,136.0,100,15.5,31.8,49.6331874772005,18,240,8
2025-08-28 19:00:00,16.0,100,16.3,29.8,43.6609332484577,19,240,8
2025-08-28 20:00:00,0.0,100,17.7,28.7,50.0,20,240,8
2025-08-28 21:00:00,0.0,100,16.5,28.1,50.0,21,240,8
2025-08-28 22:00:00,0.0,100,15.2,27.8,45.84329111075512,22,240,8
2025-08-28 23:00:00,0.0,100,15.1,27.5,50.0,23,240,8
2025-08-29 00:00:00,0.0,100,14.9,27.3,50.0,0,241,8
2025-08-29 01:00:00,0.0,90,15.4,27.1,50.0,1,241,8
2025-08-29 02:00:00,0.0,78,14.8,26.8,50.0,2,241,8
2025-08-29 03:00:00,0.0,80,14.4,26.6,46.77121330808817,3,241,8
2025-08-29 04:00:00,0.0,85,13.0,26.6,44.11303154490503,4,241,8
2025-08-29 05:00:00,0.0,22,12.1,26.5,50.0,5,241,8
2025-08-29 06:00:00,0.0,85,12.9,27.3,43.402414236241945,6,241,8
2025-08-29 07:00:00,36.0,99,13.0,27.6,45.082637505079816,7,241,8
2025-08-29 08:00:00,180.0,100,13.5,28.5,48.07566333976165,8,241,8
2025-08-29 09:00:00,366.0,100,12.2,29.7,50.0,9,241,8
2025-08-29 10:00:00,534.0,100,12.1,30.8,46.27280021222075,10,241,8
2025-08-29 11:00:00,509.0,100,11.4,31.6,38.783024448782406,11,241,8
2025-08-29 12:00:00,491.0,100,9.8,32.3,22.144359033803205,12,241,8
2025-08-29 13:00:00,613.0,100,9.3,33.3,16.31333229728982,13,241,8
2025-08-29 14:00:00,530.0,100,12.5,33.5,50.0,14,241,8
2025-08-29 15:00:00,612.0,100,16.3,33.4,49.180756907164515,15,241,8
2025-08-29 16:00:00,450.0,100,17.4,32.5,46.31901528451731,16,241,8
2025-08-29 17:00:00,278.0,100,17.3,31.6,44.599398640094904,17,241,8
2025-08-29 18:00:00,106.0,100,15.3,31.5,50.0,18,241,8
2025-08-29 19:00:00,15.0,100,15.6,29.8,48.895306398211304,19,241,8
2025-08-29 20:00:00,0.0,100,14.8,28.8,49.00090960965152,20,241,8
2025-08-29 21:00:00,0.0,100,15.4,28.1,50.0,21,241,8
2025-08-29 22:00:00,0.0,100,13.4,27.7,50.0,22,241,8
2025-08-29 23:00:00,0.0,100,12.5,27.3,48.641972502838,23,241,8
2025-08-30 00:00:00,0.0,100,12.8,27.0,45.611884189407334,0,242,8
2025-08-30 01:00:00,0.0,100,12.3,26.9,48.71102627753586,1,242,8
2025-08-30 02:00:00,0.0,100,11.1,26.7,41.52277940040137,2,242,8
2025-08-30 03:00:00,0.0,100,10.4,26.6,23.354288569999838,3,242,8
2025-08-30 04:00:00,0.0,100,10.4,26.5,29.01405989513919,4,242,8
2025-08-30 05:00:00,0.0,100,10.1,26.3,26.212690011299593,5,242,8
2025-08-30 06:00:00,0.0,100,11.7,27.3,47.78155076209225,6,242,8
2025-08-30 07:00:00,35.0,100,11.9,27.7,38.89982892362751,7,242,8
2025-08-30 08:00:00,168.0,100,11.6,28.6,39.80887155176278,8,242,8
2025-08-30 09:00:00,350.0,100,10.5,29.7,30.499070721150925,9,242,8
2025-08-30 10:00:00,511.0,98,10.1,30.6,29.603397778676502,10,242,8
2025-08-30 11:00:00,694.0,98,10.9,31.8,36.01748282457315,11,242,8
2025-08-30 12:00:00,836.0,99,10.5,33.4,26.141949575375122,12,242,8
2025-08-30 13:00:00,737.0,100,6.7,33.6,3.7918315237831868,13,242,8
2025-08-30 14:00:00,582.0,100,11.8,34.1,42.612634575978106,14,242,8
2025-08-30 15:00:00,656.0,100,13.7,34.2,50.0,15,242,8
2025-08-30 16:00:00,477.0,100,16.4,33.7,48.78573955467795,16,242,8
2025-08-30 17:00:00,217.0,100,18.9,32.3,50.0,17,242,8
2025-08-30 18:00:00,120.0,100,13.1,31.2,46.20382734395125,18,242,8
2025-08-30 19:00:00,15.0,100,12.5,29.8,50.0,19,242,8
2025-08-30 20:00:00,0.0,100,13.2,28.9,47.74673527510999,20,242,8
2025-08-30 21:00:00,0.0,100,13.0,28.3,48.155648371523405,21,242,8
2025-08-30 22:00:00,0.0,100,12.9,27.8,46.398822089998504,22,242,8
2025-08-30 23:00:00,0.0,100,12.3,27.5,50.0,23,242,8
2025-08-31 00:00:00,0.0,100,12.1,27.2,50.0,0,243,8
2025-08-31 01:00:00,0.0,93,12.2,27.0,50.0,1,243,8
2025-08-31 02:00:00,0.0,33,12.1,26.8,49.874807178730045,2,243,8
2025-08-31 03:00:00,0.0,12,10.2,26.6,26.755489749372433,3,243,8
2025-08-31 04:00:00,0.0,69,9.8,26.5,23.98334338205914,4,243,8
2025-08-31 05:00:00,0.0,81,11.0,26.4,33.84424057015465,5,243,8
2025-08-31 06:00:00,0.0,71,11.0,27.0,39.5115513385529,6,243,8
2025-08-31 07:00:00,37.0,99,12.4,27.5,42.142497524954095,7,243,8
2025-08-31 08:00:00,196.0,68,15.4,28.7,50.0,8,243,8
2025-08-31 09:00:00,379.0,84,16.6,30.0,50.0,9,243,8
2025-08-31 10:00:00,584.0,65,20.0,31.3,50.0,10,243,8
2025-08-31 11:00:00,592.0,99,18.1,32.0,40.922031970422445,11,243,8
2025-08-31 12:00:00,744.0,100,18.8,32.8,50.0,12,243,8
2025-08-31 13:00:00,787.0,100,19.5,33.4,50.0,13,243,8
2025-08-31 14:00:00,707.0,100,22.5,33.4,42.541635870528935,14,243,8
2025-08-31 15:00:00,504.0,100,22.7,32.9,50.0,15,243,8
2025-08-31 16:00:00,392.0,100,22.5,32.1,50.0,16,243,8
2025-08-31 17:00:00,294.0,100,21.8,31.3,49.69807256324952,17,243,8
2025-08-31 18:00:00,138.0,80,20.9,30.2,46.51631470719779,18,243,8
2025-08-31 19:00:00,18.0,100,17.7,28.8,49.37300781348282,19,243,8
2025-08-31 20:00:00,0.0,72,16.5,27.9,50.0,20,243,8
2025-08-31 21:00:00,0.0,95,15.9,27.3,50.0,21,243,8
2025-08-31 22:00:00,0.0,21,15.9,26.9,46.7456118558906,22,243,8
2025-08-31 23:00:00,0.0,10,15.8,26.6,50.0,23,243,8
2025-09-01 00:00:00,0.0,26,16.5,26.5,48.09872406234531,0,244,9
2025-09-01 01:00:00,0.0,77,16.2,26.4,50.0,1,244,9
2025-09-01 02:00:00,0.0,67,16.8,26.4,46.06000301119924,2,244,9
2025-09-01 03:00:00,0.0,36,16.5,26.2,45.42664169134456,3,244,9
2025-09-01 04:00:00,0.0,35,16.2,26.1,45.54490269691482,4,244,9
2025-09-01 05:00:00,0.0,4,15.9,26.0,50.0,5,244,9
2025-09-01 06:00:00,0.0,19,16.8,26.7,44.51199303261404,6,244,9
2025-09-01 07:00:00,38.0,5,16.8,27.0,45.10926445269562,7,244,9
2025-09-01 08:00:00,206.0,24,22.3,28.1,48.10898441124043,8,244,9
2025-09-01 09:00:00,393.0,29,26.5,29.4,0.0,9,244,9
2025-09-01 10:00:00,559.0,47,26.9,30.6,0.0,10,244,9
2025-09-01 11:00:00,695.0,37,27.4,31.8,0.0,11,244,9
2025-09-01 12:00:00,782.0,60,26.2,32.5,0.0,12,244,9
2025-09-01 13:00:00,683.0,55,24.6,32.3,42.74847661166801,13,244,9
2025-09-01 14:00:00,744.0,56,24.7,32.5,47.3538656697243,14,244,9
2025-09-01 15:00:00,635.0,47,24.9,32.1,45.31410530021589,15,244,9
2025-09-01 16:00:00,516.0,32,25.5,31.6,0.0,16,244,9
2025-09-01 17:00:00,336.0,38,25.5,30.5,0.0,17,244,9
2025-09-01 18:00:00,139.0,23,22.0,29.6,50.0,18,244,9
2025-09-01 19:00:00,16.0,22,19.6,28.3,47.55223160255241,19,244,9
2025-09-01 20:00:00,0.0,11,17.6,27.5,50.0,20,244,9
2025-09-01 21:00:00,0.0,4,15.1,26.9,48.27386341720569,21,244,9
2025-09-01 22:00:00,0.0,7,13.9,26.5,48.9759988183231,22,244,9
2025-09-01 23:00:00,0.0,8,13.8,26.3,44.54081815013937,23,244,9
2025-09-02 00:00:00,0.0,18,12.3,26.0,50.0,0,245,9
2025-09-02 01:00:00,0.0,12,14.5,25.9,47.308831601639845,1,245,9
2025-09-02 02:00:00,0.0,12,12.3,25.7,50.0,2,245,9
2025-09-02 03:00:00,0.0,41,9.9,25.5,23.55919017720128,3,245,9
2025-09-02 04:00:00,0.0,100,10.8,25.4,29.049727604734045,4,245,9
2025-09-02 05:00:00,0.0,26,11.7,25.4,45.094466089088925,5,245,9
2025-09-02 06:00:00,0.0,12,16.1,26.6,50.0,6,245,9
2025-09-02 07:00:00,40.0,6,15.6,26.5,50.0,7,245,9
2025-09-02 08:00:00,209.0,38,18.6,27.5,50.0,8,245,9
2025-09-02 09:00:00,360.0,44,21.4,28.7,44.01572510307907,9,245,9
2025-09-02 10:00:00,516.0,42,20.4,30.1,48.855004038140706,10,245,9
2025-09-02 11:00:00,672.0,40,19.6,31.5,45.22199476955137,11,245,9
2025-09-02 12:00:00,745.0,65,19.1,32.3,47.516191396442,12,245,9
2025-09-02 13:00:00,673.0,35,19.0,32.4,50.0,13,245,9
2025-09-02 14:00:00,613.0,54,18.7,32.4,50.0,14,245,9
2025-09-02 15:00:00,600.0,35,20.2,32.2,50.0,15,245,9
2025-09-02 16:00:00,507.0,49,19.8,31.7,50.0,16,245,9
2025-09-02 17:00:00,284.0,24,19.6,30.7,45.702333411798826,17,245,9
2025-09-02 18:00:00,130.0,25,18.1,30.1,50.0,18,245,9
2025-09-02 19:00:00,16.0,4,16.5,28.6,42.27677805591192,19,245,9
2025-09-02 20:00:00,0.0,3,17.5,27.5,50.0,20,245,9
2025-09-02 21:00:00,0.0,1,18.0,26.9,50.0,21,245,9
2025-09-02 22:00:00,0.0,0,18.2,26.4,50.0,22,245,9
2025-09-02 23:00:00,0.0,0,17.4,26.1,44.179240898355076,23,245,9
2025-09-03 00:00:00,0.0,0,16.4,25.8,46.06965290568061,0,246,9
2025-09-03 01:00:00,0.0,2,11.3,25.5,35.27041435868232,1,246,9
2025-09-03 02:00:00,0.0,10,9.1,25.2,15.719691686677086,2,246,9
2025-09-03 03:00:00,0.0,3,10.0,25.0,23.97917732599776,3,246,9
2025-09-03 04:00:00,0.0,1,10.7,24.9,32.041289828773756,4,246,9
2025-09-03 05:00:00,0.0,0,9.4,24.7,15.849765905386947,5,246,9
2025-09-03 06:00:00,0.0,100,9.6,25.8,21.720032279697897,6,246,9
2025-09-03 07:00:00,40.0,100,10.9,26.2,33.85487616396557,7,246,9
2025-09-03 08:00:00,207.0,100,12.6,27.7,47.022883787277976,8,246,9
2025-09-03 09:00:00,423.0,46,14.4,28.9,48.924085421710906,9,246,9
2025-09-03 10:00:00,577.0,53,14.1,30.1,45.03894496221165,10,246,9
2025-09-03 11:00:00,664.0,58,12.5,31.1,47.0404530920163,11,246,9
2025-09-03 12:00:00,666.0,89,11.2,31.9,37.41738095064692,12,246,9
2025-09-03 13:00:00,618.0,89,9.4,32.4,16.763467264661173,13,246,9
2025-09-03 14:00:00,588.0,97,10.8,32.9,35.0422105203026,14,246,9
2025-09-03 15:00:00,414.0,88,14.7,32.2,50.0,15,246,9
2025-09-03 16:00:00,384.0,20,11.3,32.5,38.47050224858642,16,246,9
2025-09-03 17:00:00,305.0,25,11.2,32.5,41.06097992814391,17,246,9
2025-09-03 18:00:00,150.0,1,17.2,31.0,50.0,18,246,9
2025-09-03 19:00:00,15.0,1,16.9,29.3,50.0,19,246,9
2025-09-03 20:00:00,0.0,14,18.6,27.9,48.461140614779936,20,246,9
2025-09-03 21:00:00,0.0,55,17.1,27.0,50.0,21,246,9
2025-09-03 22:00:00,0.0,99,17.9,26.6,46.30378869113972,22,246,9
2025-09-03 23:00:00,0.0,20,15.9,26.2,49.119427379432466,23,246,9
2025-09-04 00:00:00,0.0,45,14.0,25.9,50.0,0,247,9
2025-09-04 01:00:00,0.0,91,13.6,25.6,48.17979097128754,1,247,9
2025-09-04 02:00:00,0.0,28,12.5,25.3,49.749948073539734,2,247,9
2025-09-04 03:00:00,0.0,93,15.4,25.2,44.37249658562158,3,247,9
2025-09-04 04:00:00,0.0,47,14.3,25.2,45.56493597861273,4,247,9
2025-09-04 05:00:00,0.0,43,11.7,25.1,38.502222629832964,5,247,9
2025-09-04 06:00:00,0.0,10,12.3,25.8,50.0,6,247,9
2025-09-04 07:00:00,39.0,7,13.8,26.4,50.0,7,247,9
2025-09-04 08:00:00,204.0,12,15.2,27.6,50.0,8,247,9
2025-09-04 09:00:00,416.0,60,15.2,29.0,47.44753363050245,9,247,9
2025-09-04 10:00:00,611.0,96,15.3,30.4,50.0,10,247,9
2025-09-04 11:00:00,762.0,25,13.8,31.7,50.0,11,247,9
2025-09-04 12:00:00,872.0,0,12.3,32.9,50.0,12,247,9
2025-09-04 13:00:00,899.0,0,12.9,33.8,48.07334045212451,13,247,9
2025-09-04 14:00:00,852.0,2,13.1,34.3,45.86523731142303,14,247,9
2025-09-04 15:00:00,732.0,7,12.4,34.7,50.0,15,247,9
2025-09-04 16:00:00,542.0,19,13.7,34.8,50.0,16,247,9
2025-09-04 17:00:00,324.0,40,20.9,32.4,50.0,17,247,9
2025-09-04 18:00:00,127.0,18,21.0,30.7,47.99063104340167,18,247,9
2025-09-04 19:00:00,14.0,60,18.9,29.1,50.0,19,247,9
2025-09-04 20:00:00,0.0,100,13.3,26.9,50.0,20,247,9
2025-09-04 21:00:00,0.0,98,19.5,25.8,50.0,21,247,9
2025-09-04 22:00:00,0.0,100,17.0,26.3,50.0,22,247,9
2025-09-04 23:00:00,0.0,100,17.7,26.3,50.0,23,247,9
2025-09-05 00:00:00,0.0,97,18.0,26.1,47.18080529382272,0,248,9
2025-09-05 01:00:00,0.0,96,18.5,25.9,50.0,1,248,9
2025-09-05 02:00:00,0.0,68,18.7,25.8,47.50634442530729,2,248,9
2025-09-05 03:00:00,0.0,59,18.3,25.6,50.0,3,248,9
2025-09-05 04:00:00,0.0,91,16.8,25.5,47.96372454082611,4,248,9
2025-09-05 05:00:00,0.0,97,17.1,25.4,46.77726055545339,5,248,9
2025-09-05 06:00:00,0.0,16,14.8,26.1,46.00502385791693,6,248,9
2025-09-05 07:00:00,37.0,31,17.0,26.8,50.0,7,248,9
2025-09-05 08:00:00,197.0,64,16.1,27.8,50.0,8,248,9
2025-09-05 09:00:00,281.0,100,15.2,28.8,50.0,9,248,9
2025-09-05 10:00:00,293.0,100,15.0,29.8,40.53406124519943,10,248,9
2025-09-05 11:00:00,385.0,96,15.1,31.2,45.445693162495196,11,248,9
2025-09-05 12:00:00,656.0,98,16.7,33.3,50.0,12,248,9
2025-09-05 13:00:00,711.0,100,17.1,34.4,50.0,13,248,9
2025-09-05 14:00:00,737.0,100,15.6,34.7,50.0,14,248,9
2025-09-05 15:00:00,588.0,96,19.5,33.7,43.90207805629619,15,248,9
2025-09-05 16:00:00,342.0,97,22.4,32.6,45.50563038344722,16,248,9
2025-09-05 17:00:00,243.0,100,22.6,31.4,50.0,17,248,9
2025-09-05 18:00:00,121.0,100,23.3,30.7,43.13795893430465,18,248,9
2025-09-05 19:00:00,11.0,100,24.5,28.9,45.352982518525096,19,248,9
2025-09-05 20:00:00,0.0,100,24.7,28.2,50.0,20,248,9
2025-09-05 21:00:00,0.0,100,22.3,27.6,41.74234252786891,21,248,9
2025-09-05 22:00:00,0.0,100,22.8,27.1,50.0,22,248,9
2025-09-05 23:00:00,0.0,100,22.7,27.0,49.654773657557456,23,248,9
2025-09-06 00:00:00,0.0,100,20.2,26.9,50.0,0,249,9
2025-09-06 01:00:00,0.0,100,18.8,26.8,48.313119547309185,1,249,9
2025-09-06 02:00:00,0.0,100,20.1,26.7,46.47758977355335,2,249,9
2025-09-06 03:00:00,0.0,74,20.1,26.6,47.420172493580075,3,249,9
2025-09-06 04:00:00,0.0,100,19.5,26.3,48.80701111607886,4,249,9
2025-09-06 05:00:00,0.0,32,18.4,26.0,48.9688289579863,5,249,9
2025-09-06 06:00:00,0.0,100,18.6,26.2,40.88454141165795,6,249,9
2025-09-06 07:00:00,24.0,100,19.3,26.5,50.0,7,249,9
2025-09-06 08:00:00,127.0,100,22.5,27.4,49.65878698796225,8,249,9
2025-09-06 09:00:00,227.0,100,22.1,28.6,50.0,9,249,9
2025-09-06 10:00:00,295.0,100,19.7,29.9,50.0,10,249,9
2025-09-06 11:00:00,416.0,87,20.0,31.5,50.0,11,249,9
2025-09-06 12:00:00,685.0,100,21.1,33.3,45.330130082561496,12,249,9
2025-09-06 13:00:00,457.0,100,21.3,33.3,47.756138073833654,13,249,9
2025-09-06 14:00:00,773.0,100,23.8,34.3,48.93006052028672,14,249,9
2025-09-06 15:00:00,684.0,100,25.6,33.0,0.0,15,249,9
2025-09-06 16:00:00,386.0,100,25.0,31.5,50.0,16,249,9
2025-09-06 17:00:00,125.0,100,24.1,30.2,50.0,17,249,9
2025-09-06 18:00:00,14.0,100,22.6,27.1,50.0,18,249,9
2025-09-06 19:00:00,3.0,100,24.4,26.5,49.639891561351455,19,249,9
2025-09-06 20:00:00,0.0,100,22.6,26.6,46.14244886328888,20,249,9
2025-09-06 21:00:00,0.0,100,19.4,26.5,48.66457492520993,21,249,9
2025-09-06 22:00:00,0.0,100,18.7,26.7,48.32206921105094,22,249,9
2025-09-06 23:00:00,0.0,100,19.7,26.6,46.04780539241759,23,249,9
2025-09-07 00:00:00,0.0,100,20.6,26.6,45.40461064163021,0,250,9
2025-09-07 01:00:00,0.0,100,22.6,26.5,48.07712344618219,1,250,9
2025-09-07 02:00:00,0.0,100,23.5,26.4,50.0,2,250,9
2025-09-07 03:00:00,0.0,100,25.3,26.3,0.0,3,250,9
2025-09-07 04:00:00,0.0,100,25.4,26.2,0.0,4,250,9
2025-09-07 05:00:00,0.0,100,25.9,26.3,0.0,5,250,9
2025-09-07 06:00:00,0.0,100,25.7,26.3,0.0,6,250,9
2025-09-07 07:00:00,10.0,100,26.5,26.6,0.0,7,250,9
2025-09-07 08:00:00,53.0,100,27.1,27.1,0.0,8,250,9
2025-09-07 09:00:00,110.0,100,28.3,27.6,0.0,9,250,9
2025-09-07 10:00:00,195.0,100,31.2,28.4,0.0,10,250,9
2025-09-07 11:00:00,201.0,100,30.5,28.9,0.0,11,250,9
2025-09-07 12:00:00,220.0,100,33.1,29.5,0.0,12,250,9
2025-09-07 13:00:00,361.0,100,36.0,29.2,0.0,13,250,9
2025-09-07 14:00:00,136.0,100,33.4,28.4,0.0,14,250,9
2025-09-07 15:00:00,153.0,100,29.3,27.5,0.0,15,250,9
2025-09-07 16:00:00,116.0,100,30.2,26.9,0.0,16,250,9
2025-09-07 17:00:00,51.0,100,27.6,26.3,0.0,17,250,9
2025-09-07 18:00:00,5.0,100,31.5,25.7,0.0,18,250,9
2025-09-07 19:00:00,1.0,100,30.1,25.6,0.0,19,250,9
2025-09-07 20:00:00,0.0,100,29.0,25.4,0.0,20,250,9
2025-09-07 21:00:00,0.0,100,29.0,25.4,0.0,21,250,9
2025-09-07 22:00:00,0.0,100,30.5,25.3,0.0,22,250,9
2025-09-07 23:00:00,0.0,100,28.2,25.1,0.0,23,250,9
2025-09-08 00:00:00,0.0,100,28.8,25.1,0.0,0,251,9
2025-09-08 01:00:00,0.0,100,26.7,25.2,0.0,1,251,9
2025-09-08 02:00:00,0.0,100,26.7,25.3,0.0,2,251,9
2025-09-08 03:00:00,0.0,100,28.3,25.2,0.0,3,251,9
2025-09-08 04:00:00,0.0,100,29.4,25.1,0.0,4,251,9
2025-09-08 05:00:00,0.0,100,28.7,24.9,0.0,5,251,9
2025-09-08 06:00:00,0.0,100,21.9,25.2,45.089220650099726,6,251,9
2025-09-08 07:00:00,6.0,100,20.9,25.2,50.0,7,251,9
2025-09-08 08:00:00,45.0,100,20.3,25.2,50.0,8,251,9
2025-09-08 09:00:00,49.0,100,19.2,25.1,41.867446824448294,9,251,9
2025-09-08 10:00:00,100.0,100,23.3,25.4,50.0,10,251,9
2025-09-08 11:00:00,48.0,100,27.2,24.6,0.0,11,251,9
2025-09-08 12:00:00,61.0,100,26.6,25.3,0.0,12,251,9
2025-09-08 13:00:00,174.0,100,27.6,26.6,0.0,13,251,9
2025-09-08 14:00:00,174.0,100,25.5,26.8,0.0,14,251,9
2025-09-08 15:00:00,202.0,100,23.3,26.2,50.0,15,251,9
2025-09-08 16:00:00,102.0,100,24.8,25.6,50.0,16,251,9
2025-09-08 17:00:00,45.0,100,24.2,25.5,50.0,17,251,9
2025-09-08 18:00:00,32.0,100,24.8,25.6,44.64844264939197,18,251,9
2025-09-08 19:00:00,5.0,100,23.9,25.0,50.0,19,251,9
2025-09-08 20:00:00,0.0,100,21.2,24.8,45.892183465634524,20,251,9
2025-09-08 21:00:00,0.0,100,20.4,24.6,50.0,21,251,9
2025-09-08 22:00:00,0.0,100,19.9,24.6,50.0,22,251,9
2025-09-08 23:00:00,0.0,100,18.0,24.6,50.0,23,251,9
2025-09-09 00:00:00,0.0,100,17.0,24.5,48.59140153308211,0,252,9
2025-09-09 01:00:00,0.0,100,13.8,24.6,50.0,1,252,9
2025-09-09 02:00:00,0.0,100,14.3,24.8,41.61081249693384,2,252,9
2025-09-09 03:00:00,0.0,100,11.9,24.7,50.0,3,252,9
2025-09-09 04:00:00,0.0,100,10.1,24.3,28.56141627074229,4,252,9
2025-09-09 05:00:00,0.0,100,13.1,24.0,50.0,5,252,9
2025-09-09 06:00:00,0.0,100,16.8,24.6,41.2061275544028,6,252,9
2025-09-09 07:00:00,15.0,94,19.3,25.4,50.0,7,252,9
2025-09-09 08:00:00,133.0,100,18.1,26.8,45.08272833585649,8,252,9
2025-09-09 09:00:00,218.0,94,22.1,27.8,44.68940053247693,9,252,9
2025-09-09 10:00:00,386.0,100,21.0,28.8,47.88433453671155,10,252,9
2025-09-09 11:00:00,312.0,100,21.3,29.2,47.5139019684925,11,252,9
2025-09-09 12:00:00,569.0,62,23.9,30.3,49.025776565339044,12,252,9
2025-09-09 13:00:00,701.0,76,24.3,31.1,48.25318273013572,13,252,9
2025-09-09 14:00:00,554.0,100,24.5,30.3,49.47521275549373,14,252,9
2025-09-09 15:00:00,440.0,87,22.7,30.4,50.0,15,252,9
2025-09-09 16:00:00,318.0,72,22.2,30.0,50.0,16,252,9
2025-09-09 17:00:00,241.0,19,20.6,29.4,50.0,17,252,9
2025-09-09 18:00:00,116.0,12,15.2,28.2,47.40845286709159,18,252,9
2025-09-09 19:00:00,9.0,12,12.4,27.0,48.80440003812612,19,252,9
2025-09-09 20:00:00,0.0,7,12.0,26.4,50.0,20,252,9
2025-09-09 21:00:00,0.0,13,9.7,25.9,21.47634479215908,21,252,9
2025-09-09 22:00:00,0.0,15,9.9,25.7,18.743687279887354,22,252,9
2025-09-09 23:00:00,0.0,9,11.5,25.4,39.56506841809717,23,252,9
2025-09-10 00:00:00,0.0,19,13.0,25.3,50.0,0,253,9
2025-09-10 01:00:00,0.0,14,13.2,25.2,50.0,1,253,9
2025-09-10 02:00:00,0.0,13,12.4,25.0,47.79329465272351,2,253,9
2025-09-10 03:00:00,0.0,9,12.4,24.8,50.0,3,253,9
2025-09-10 04:00:00,0.0,12,11.2,24.7,34.7287397129594,4,253,9
2025-09-10 05:00:00,0.0,10,9.6,24.6,19.30485423688383,5,253,9
2025-09-10 06:00:00,0.0,62,8.0,25.1,8.310231857916303,6,253,9
2025-09-10 07:00:00,32.0,35,10.2,25.7,24.12686568157573,7,253,9
2025-09-10 08:00:00,174.0,11,14.3,27.1,50.0,8,253,9
2025-09-10 09:00:00,400.0,8,17.1,28.4,50.0,9,253,9
2025-09-10 10:00:00,598.0,17,19.6,29.6,50.0,10,253,9
2025-09-10 11:00:00,711.0,36,20.9,30.3,50.0,11,253,9
2025-09-10 12:00:00,762.0,19,20.1,30.7,50.0,12,253,9
2025-09-10 13:00:00,811.0,13,19.3,31.2,43.163064383656064,13,253,9
2025-09-10 14:00:00,784.0,10,19.0,31.1,50.0,14,253,9
2025-09-10 15:00:00,680.0,8,18.4,31.2,47.516010179684415,15,253,9
2025-09-10 16:00:00,526.0,7,18.5,30.7,50.0,16,253,9
2025-09-10 17:00:00,327.0,5,16.3,29.9,50.0,17,253,9
2025-09-10 18:00:00,131.0,1,12.3,28.7,43.452583063661905,18,253,9
2025-09-10 19:00:00,9.0,0,9.2,27.3,16.077310913776127,19,253,9
2025-09-10 20:00:00,0.0,0,9.3,26.3,13.844384645681085,20,253,9
2025-09-10 21:00:00,0.0,0,9.2,25.6,15.954129463401935,21,253,9
2025-09-10 22:00:00,0.0,0,8.8,25.2,13.721684976651126,22,253,9
2025-09-10 23:00:00,0.0,0,8.4,24.8,10.457745389499916,23,253,9
2025-09-11 00:00:00,0.0,0,8.4,24.6,11.498064238428581,0,254,9
2025-09-11 01:00:00,0.0,1,8.0,24.5,7.953653559094483,1,254,9
2025-09-11 02:00:00,0.0,4,8.1,24.4,7.961845101758359,2,254,9
2025-09-11 03:00:00,0.0,27,8.5,24.4,11.37502045497463,3,254,9
2025-09-11 04:00:00,0.0,2,7.9,24.3,8.624912549371576,4,254,9
2025-09-11 05:00:00,0.0,3,8.6,24.3,13.025185476764502,5,254,9
2025-09-11 06:00:00,0.0,10,11.2,24.8,41.45368497008176,6,254,9
2025-09-11 07:00:00,35.0,9,11.9,25.4,50.0,7,254,9
2025-09-11 08:00:00,195.0,10,15.7,26.9,41.38863734652996,8,254,9
2025-09-11 09:00:00,390.0,31,16.9,28.1,50.0,9,254,9
2025-09-11 10:00:00,594.0,32,18.4,29.2,50.0,10,254,9
2025-09-11 11:00:00,720.0,64,19.2,30.3,50.0,11,254,9
2025-09-11 12:00:00,778.0,85,20.6,30.9,50.0,12,254,9
2025-09-11 13:00:00,831.0,63,21.3,30.9,43.67450917911143,13,254,9
2025-09-11 14:00:00,741.0,18,21.8,31.2,50.0,14,254,9
2025-09-11 15:00:00,651.0,7,21.5,31.1,49.93791772204763,15,254,9
2025-09-11 16:00:00,514.0,8,20.9,30.6,47.962926152020756,16,254,9
2025-09-11 17:00:00,318.0,9,20.5,29.6,50.0,17,254,9
2025-09-11 18:00:00,119.0,3,15.4,28.7,47.242269421481325,18,254,9
2025-09-11 19:00:00,8.0,0,13.0,27.3,42.60788336599252,19,254,9
2025-09-11 20:00:00,0.0,0,11.8,26.5,46.86560303559042,20,254,9
2025-09-11 21:00:00,0.0,0,10.9,25.9,28.448191469804485,21,254,9
2025-09-11 22:00:00,0.0,0,10.1,25.5,25.92125439583456,22,254,9
2025-09-11 23:00:00,0.0,0,9.9,25.2,20.119674295429604,23,254,9
2025-09-12 00:00:00,0.0,0,10.7,25.1,31.369025002271705,0,255,9
2025-09-12 01:00:00,0.0,0,10.5,25.0,29.09840112594149,1,255,9
2025-09-12 02:00:00,0.0,1,10.1,24.8,22.900762673597868,2,255,9
2025-09-12 03:00:00,0.0,45,9.4,24.6,18.501657598269855,3,255,9
2025-09-12 04:00:00,0.0,1,7.7,24.4,6.184314126199893,4,255,9
2025-09-12 05:00:00,0.0,1,7.7,24.3,7.3518836515695805,5,255,9
2025-09-12 06:00:00,0.0,19,7.8,25.1,7.855355935140043,6,255,9
2025-09-12 07:00:00,33.0,11,10.2,25.8,27.930441846320225,7,255,9
2025-09-12 08:00:00,197.0,11,12.6,27.1,50.0,8,255,9
2025-09-12 09:00:00,404.0,7,12.5,28.6,49.29708679563125,9,255,9
2025-09-12 10:00:00,594.0,16,12.7,29.7,50.0,10,255,9
2025-09-12 11:00:00,729.0,32,13.0,30.7,46.168339145854645,11,255,9
2025-09-12 12:00:00,757.0,32,13.8,31.2,46.774194615422594,12,255,9
2025-09-12 13:00:00,784.0,21,14.0,31.6,44.683510595980955,13,255,9
2025-09-12 14:00:00,753.0,21,14.7,31.8,50.0,14,255,9
2025-09-12 15:00:00,651.0,17,15.2,31.7,49.03092142520486,15,255,9
2025-09-12 16:00:00,501.0,15,16.4,31.2,50.0,16,255,9
2025-09-12 17:00:00,313.0,14,16.0,30.5,45.65842530831816,17,255,9
2025-09-12 18:00:00,120.0,5,13.6,29.4,50.0,18,255,9
2025-09-12 19:00:00,8.0,3,11.4,27.9,39.68412913739398,19,255,9
2025-09-12 20:00:00,0.0,0,10.7,26.9,27.970608897920336,20,255,9
2025-09-12 21:00:00,0.0,10,10.3,26.2,25.045389278198243,21,255,9
2025-09-12 22:00:00,0.0,38,9.6,25.6,20.0430682434733,22,255,9
2025-09-12 23:00:00,0.0,100,8.8,25.1,12.425829909308806,23,255,9
2025-09-13 00:00:00,0.0,3,7.2,24.8,4.838588849875253,0,256,9
2025-09-13 01:00:00,0.0,0,8.0,24.6,7.664927097772655,1,256,9
2025-09-13 02:00:00,0.0,1,8.2,24.4,8.753835553309994,2,256,9
2025-09-13 03:00:00,0.0,0,8.3,24.3,9.661096623474828,3,256,9
2025-09-13 04:00:00,0.0,0,7.5,24.2,5.511732620191748,4,256,9
2025-09-13 05:00:00,0.0,1,8.0,24.1,9.316760895132765,5,256,9
2025-09-13 06:00:00,0.0,5,7.7,25.0,7.597274217726975,6,256,9
2025-09-13 07:00:00,35.0,4,8.7,25.5,10.839211312155324,7,256,9
2025-09-13 08:00:00,197.0,8,11.3,27.1,40.48443085352722,8,256,9
2025-09-13 09:00:00,406.0,3,10.1,28.4,23.753750922129147,9,256,9
2025-09-13 10:00:00,603.0,24,11.3,29.6,39.93711503949318,10,256,9
2025-09-13 11:00:00,718.0,85,11.3,30.7,39.693294766908714,11,256,9
2025-09-13 12:00:00,686.0,64,11.4,31.2,45.49964605407494,12,256,9
2025-09-13 13:00:00,791.0,43,11.5,31.9,41.61311077369571,13,256,9
2025-09-13 14:00:00,663.0,49,11.5,32.1,42.408762653449706,14,256,9
2025-09-13 15:00:00,597.0,57,12.3,32.2,47.4516395835252,15,256,9
2025-09-13 16:00:00,418.0,65,13.0,31.8,50.0,16,256,9
2025-09-13 17:00:00,197.0,35,14.8,30.9,50.0,17,256,9
2025-09-13 18:00:00,118.0,4,13.8,29.9,46.370363283601634,18,256,9
2025-09-13 19:00:00,7.0,5,15.2,28.4,50.0,19,256,9
2025-09-13 20:00:00,0.0,0,16.7,27.2,50.0,20,256,9
2025-09-13 21:00:00,0.0,1,16.0,26.5,48.490092278150264,21,256,9
2025-09-13 22:00:00,0.0,53,14.3,26.1,50.0,22,256,9
2025-09-13 23:00:00,0.0,55,13.1,25.7,49.86639306935006,23,256,9
2025-09-14 00:00:00,0.0,0,11.6,25.4,45.150094016942205,0,257,9
2025-09-14 01:00:00,0.0,36,11.1,25.1,35.04067352872903,1,257,9
2025-09-14 02:00:00,0.0,100,11.0,24.8,34.51255966242323,2,257,9
2025-09-14 03:00:00,0.0,99,10.6,24.7,34.160375877525155,3,257,9
2025-09-14 04:00:00,0.0,100,10.1,24.5,24.0790794657908,4,257,9
2025-09-14 05:00:00,0.0,100,9.5,24.4,17.626534194447288,5,257,9
2025-09-14 06:00:00,0.0,35,8.6,25.1,12.680317203650585,6,257,9
2025-09-14 07:00:00,34.0,97,12.1,26.0,50.0,7,257,9
2025-09-14 08:00:00,182.0,100,14.2,27.4,45.25832788684457,8,257,9
2025-09-14 09:00:00,381.0,98,14.2,28.6,50.0,9,257,9
2025-09-14 10:00:00,583.0,60,13.7,29.7,49.87914751422522,10,257,9
2025-09-14 11:00:00,728.0,52,13.3,30.8,50.0,11,257,9
2025-09-14 12:00:00,747.0,65,13.5,31.6,50.0,12,257,9
2025-09-14 13:00:00,711.0,64,14.6,32.0,50.0,13,257,9
2025-09-14 14:00:00,609.0,58,14.7,32.0,50.0,14,257,9
2025-09-14 15:00:00,587.0,9,15.4,32.1,47.32340254525536,15,257,9
2025-09-14 16:00:00,508.0,20,16.7,31.9,46.93591493106143,16,257,9
2025-09-14 17:00:00,292.0,2,18.2,30.8,47.53624488575488,17,257,9
2025-09-14 18:00:00,110.0,2,15.5,29.7,50.0,18,257,9
2025-09-14 19:00:00,6.0,1,16.5,28.0,50.0,19,257,9
2025-09-14 20:00:00,0.0,86,15.6,27.1,49.30168538326936,20,257,9
2025-09-14 21:00:00,0.0,100,15.5,26.3,50.0,21,257,9
2025-09-14 22:00:00,0.0,99,14.2,25.9,44.37914810908739,22,257,9
2025-09-14 23:00:00,0.0,100,12.7,25.6,50.0,23,257,9
2025-09-15 00:00:00,0.0,98,12.9,25.4,45.646616134416774,0,258,9
2025-09-15 01:00:00,0.0,80,12.5,25.3,47.680904901557454,1,258,9
2025-09-15 02:00:00,0.0,90,12.1,25.3,50.0,2,258,9
2025-09-15 03:00:00,0.0,81,12.4,25.2,50.0,3,258,9
2025-09-15 04:00:00,0.0,100,11.9,24.9,48.620475234388614,4,258,9
2025-09-15 05:00:00,0.0,99,10.7,24.8,36.51009810217861,5,258,9
2025-09-15 06:00:00,0.0,100,10.4,25.6,29.3620991003302,6,258,9
2025-09-15 07:00:00,29.0,94,13.3,26.3,50.0,7,258,9
2025-09-15 08:00:00,179.0,88,15.9,27.3,50.0,8,258,9
2025-09-15 09:00:00,369.0,94,17.5,28.6,48.896443713485944,9,258,9
2025-09-15 10:00:00,572.0,96,19.2,29.7,50.0,10,258,9
2025-09-15 11:00:00,595.0,97,19.8,30.4,50.0,11,258,9
2025-09-15 12:00:00,738.0,98,19.5,31.3,50.0,12,258,9
2025-09-15 13:00:00,848.0,36,19.9,31.9,50.0,13,258,9
2025-09-15 14:00:00,788.0,12,20.0,32.1,50.0,14,258,9
2025-09-15 15:00:00,694.0,19,20.5,31.9,48.395423773363,15,258,9
2025-09-15 16:00:00,528.0,10,21.8,31.2,47.585725896391885,16,258,9
2025-09-15 17:00:00,311.0,7,23.2,29.9,46.700954246832744,17,258,9
2025-09-15 18:00:00,119.0,4,19.0,29.2,42.69837569575022,18,258,9
2025-09-15 19:00:00,6.0,63,19.3,27.8,41.02729935516303,19,258,9
2025-09-15 20:00:00,0.0,100,17.5,27.2,49.32977194584992,20,258,9
2025-09-15 21:00:00,0.0,89,16.1,26.7,50.0,21,258,9
2025-09-15 22:00:00,0.0,91,14.9,26.4,50.0,22,258,9
2025-09-15 23:00:00,0.0,85,15.2,26.0,50.0,23,258,9
2025-09-16 00:00:00,0.0,27,14.2,25.7,49.95039091307649,0,259,9
2025-09-16 01:00:00,0.0,89,13.7,25.6,46.08198030735496,1,259,9
2025-09-16 02:00:00,0.0,99,13.4,25.4,48.22392786926707,2,259,9
2025-09-16 03:00:00,0.0,100,12.6,25.4,47.20080725105762,3,259,9
2025-09-16 04:00:00,0.0,99,11.3,25.4,41.51284658567232,4,259,9
2025-09-16 05:00:00,0.0,99,10.2,25.2,26.677815312898215,5,259,9
2025-09-16 06:00:00,0.0,8,11.7,25.9,41.20120796959275,6,259,9
2025-09-16 07:00:00,34.0,12,13.6,26.4,50.0,7,259,9
2025-09-16 08:00:00,189.0,9,16.1,27.6,50.0,8,259,9
2025-09-16 09:00:00,362.0,27,16.9,28.9,50.0,9,259,9
2025-09-16 10:00:00,570.0,24,17.4,30.1,50.0,10,259,9
2025-09-16 11:00:00,706.0,44,18.0,31.2,45.71975744829024,11,259,9
2025-09-16 12:00:00,722.0,65,18.9,31.3,50.0,12,259,9
2025-09-16 13:00:00,542.0,19,19.7,31.3,50.0,13,259,9
2025-09-16 14:00:00,741.0,38,21.4,31.9,48.4410065842622,14,259,9
2025-09-16 15:00:00,592.0,13,22.7,31.4,46.489213065621705,15,259,9
2025-09-16 16:00:00,439.0,23,22.5,30.8,50.0,16,259,9
2025-09-16 17:00:00,300.0,9,22.5,30.0,50.0,17,259,9
2025-09-16 18:00:00,112.0,1,16.5,29.5,50.0,18,259,9
2025-09-16 19:00:00,5.0,0,15.7,27.9,49.84097481770984,19,259,9
2025-09-16 20:00:00,0.0,0,14.1,27.0,46.89618043740952,20,259,9
2025-09-16 21:00:00,0.0,0,12.6,26.4,40.789552592942634,21,259,9
2025-09-16 22:00:00,0.0,1,11.4,26.1,41.747668969815734,22,259,9
2025-09-16 23:00:00,0.0,0,11.6,25.8,50.0,23,259,9
2025-09-17 00:00:00,0.0,4,11.2,25.6,34.375024121741724,0,260,9
2025-09-17 01:00:00,0.0,70,10.2,25.4,24.802561590225604,1,260,9
2025-09-17 02:00:00,0.0,70,8.6,25.1,11.846077696713987,2,260,9
2025-09-17 03:00:00,0.0,80,7.1,25.0,5.396456135376978,3,260,9
2025-09-17 04:00:00,0.0,100,5.3,24.7,0.8527701221899491,4,260,9
2025-09-17 05:00:00,0.0,79,4.6,24.4,0.2936335944996301,5,260,9
2025-09-17 06:00:00,0.0,99,8.0,25.6,7.635195189668605,6,260,9
2025-09-17 07:00:00,33.0,99,8.9,26.1,14.632825931612427,7,260,9
2025-09-17 08:00:00,185.0,59,9.7,27.6,19.819627238990268,8,260,9
2025-09-17 09:00:00,392.0,87,9.7,29.1,19.780738128021177,9,260,9
2025-09-17 10:00:00,558.0,77,10.2,30.2,21.429174648885045,10,260,9
2025-09-17 11:00:00,670.0,52,10.4,31.3,24.65882836530824,11,260,9
2025-09-17 12:00:00,712.0,96,11.1,31.7,36.65903907516183,12,260,9
2025-09-17 13:00:00,610.0,94,12.2,31.6,48.28920507128213,13,260,9
2025-09-17 14:00:00,615.0,55,13.4,31.8,50.0,14,260,9
2025-09-17 15:00:00,519.0,66,15.1,31.5,49.03597597181475,15,260,9
2025-09-17 16:00:00,406.0,43,16.2,31.4,50.0,16,260,9
2025-09-17 17:00:00,257.0,71,15.5,30.9,47.51940580123227,17,260,9
2025-09-17 18:00:00,92.0,100,12.0,30.2,50.0,18,260,9
2025-09-17 19:00:00,5.0,98,11.8,28.9,49.90778965166503,19,260,9
2025-09-17 20:00:00,0.0,81,12.0,27.7,50.0,20,260,9
2025-09-17 21:00:00,0.0,97,11.8,26.9,47.16567273594973,21,260,9
2025-09-17 22:00:00,0.0,89,11.6,26.2,47.364260722845344,22,260,9
2025-09-17 23:00:00,0.0,92,11.2,25.7,42.08230291096574,23,260,9
2025-09-18 00:00:00,0.0,93,10.7,25.5,32.7727402346735,0,261,9
2025-09-18 01:00:00,0.0,56,9.7,25.3,18.914534164137862,1,261,9
2025-09-18 02:00:00,0.0,28,9.4,25.2,17.475375372437895,2,261,9
2025-09-18 03:00:00,0.0,18,9.3,25.1,15.299583069463912,3,261,9
2025-09-18 04:00:00,0.0,4,8.0,24.9,7.487427042952553,4,261,9
2025-09-18 05:00:00,0.0,10,6.4,24.8,2.512154836296045,5,261,9
2025-09-18 06:00:00,0.0,1,8.2,25.6,9.324197696976578,6,261,9
2025-09-18 07:00:00,34.0,1,8.0,25.9,7.564327501877193,7,261,9
2025-09-18 08:00:00,200.0,17,9.7,27.4,21.05098844857204,8,261,9
2025-09-18 09:00:00,407.0,17,9.4,28.9,17.698790282446982,9,261,9
2025-09-18 10:00:00,579.0,31,10.4,30.2,24.912647070311806,10,261,9
2025-09-18 11:00:00,678.0,72,10.2,31.1,24.710369404593692,11,261,9
2025-09-18 12:00:00,706.0,70,9.6,31.9,20.445774241695382,12,261,9
2025-09-18 13:00:00,654.0,63,9.3,32.5,21.161435292427758,13,261,9
2025-09-18 14:00:00,599.0,54,10.2,32.7,25.530697222011057,14,261,9
2025-09-18 15:00:00,581.0,50,12.9,32.6,48.96526100108913,15,261,9
2025-09-18 16:00:00,403.0,34,16.2,31.6,50.0,16,261,9
2025-09-18 17:00:00,232.0,36,15.9,31.0,50.0,17,261,9
2025-09-18 18:00:00,95.0,3,13.0,30.4,49.64755219796733,18,261,9
2025-09-18 19:00:00,4.0,0,13.3,28.8,48.545744289286525,19,261,9
2025-09-18 20:00:00,0.0,76,13.7,27.7,44.94383153258575,20,261,9
2025-09-18 21:00:00,0.0,53,12.1,26.8,49.54679127568762,21,261,9
2025-09-18 22:00:00,0.0,2,12.2,26.2,49.62594219951904,22,261,9
2025-09-18 23:00:00,0.0,0,11.4,25.7,43.871607524878804,23,261,9
2025-09-19 00:00:00,0.0,0,10.2,25.4,24.473244618214263,0,262,9
2025-09-19 01:00:00,0.0,8,9.6,25.1,18.335573171830024,1,262,9
2025-09-19 02:00:00,0.0,94,10.6,24.9,29.50677570765684,2,262,9
2025-09-19 03:00:00,0.0,91,9.4,24.7,17.468416939681077,3,262,9
2025-09-19 04:00:00,0.0,79,7.4,24.5,5.973634226592722,4,262,9
2025-09-19 05:00:00,0.0,96,5.7,24.3,1.5394339528012142,5,262,9
2025-09-19 06:00:00,0.0,100,6.6,25.5,3.1609178571025534,6,262,9
2025-09-19 07:00:00,31.0,99,8.9,26.3,15.222433274453941,7,262,9
2025-09-19 08:00:00,192.0,99,11.9,27.9,49.79750232442013,8,262,9
2025-09-19 09:00:00,395.0,100,11.4,29.1,38.16753675950932,9,262,9
2025-09-19 10:00:00,586.0,43,11.4,30.3,45.717566427399674,10,262,9
2025-09-19 11:00:00,732.0,59,12.2,31.3,50.0,11,262,9
2025-09-19 12:00:00,686.0,58,12.6,32.1,50.0,12,262,9
2025-09-19 13:00:00,749.0,22,13.1,32.7,46.67004762204305,13,262,9
2025-09-19 14:00:00,735.0,24,14.2,33.3,49.30192374408813,14,262,9
2025-09-19 15:00:00,648.0,27,16.2,33.2,50.0,15,262,9
2025-09-19 16:00:00,458.0,39,16.6,32.6,42.76232413244647,16,262,9
2025-09-19 17:00:00,260.0,16,16.4,31.5,50.0,17,262,9
2025-09-19 18:00:00,84.0,2,15.2,30.4,50.0,18,262,9
2025-09-19 19:00:00,4.0,3,16.3,28.5,50.0,19,262,9
2025-09-19 20:00:00,0.0,0,16.9,27.3,40.90529618234735,20,262,9
2025-09-19 21:00:00,0.0,0,14.4,26.5,50.0,21,262,9
2025-09-19 22:00:00,0.0,0,12.8,25.9,50.0,22,262,9
2025-09-19 23:00:00,0.0,59,11.5,25.5,39.31359052132454,23,262,9
2025-09-20 00:00:00,0.0,100,11.4,25.1,43.33678101690682,0,263,9
2025-09-20 01:00:00,0.0,92,11.5,24.9,45.192734155042615,1,263,9
2025-09-20 02:00:00,0.0,92,11.7,24.6,43.39280918698754,2,263,9
2025-09-20 03:00:00,0.0,62,11.3,24.4,38.08235312203377,3,263,9
2025-09-20 04:00:00,0.0,91,9.7,24.3,20.084967329530915,4,263,9
2025-09-20 05:00:00,0.0,94,8.3,24.1,10.337539762112986,5,263,9
2025-09-20 06:00:00,0.0,100,6.3,25.3,2.7469087552671216,6,263,9
2025-09-20 07:00:00,32.0,98,7.7,25.8,6.210946103276089,7,263,9
2025-09-20 08:00:00,194.0,100,9.7,27.4,20.826187035318274,8,263,9
2025-09-20 09:00:00,402.0,99,12.8,28.9,45.55162043322393,9,263,9
2025-09-20 10:00:00,597.0,37,12.3,30.2,50.0,10,263,9
2025-09-20 11:00:00,747.0,49,11.9,31.4,47.937081979701915,11,263,9
2025-09-20 12:00:00,844.0,91,13.1,32.5,44.78355595908003,12,263,9
2025-09-20 13:00:00,798.0,100,13.1,33.1,50.0,13,263,9
2025-09-20 14:00:00,737.0,90,14.4,33.5,50.0,14,263,9
2025-09-20 15:00:00,555.0,89,16.4,33.2,50.0,15,263,9
2025-09-20 16:00:00,412.0,43,18.6,32.3,39.8541439877547,16,263,9
2025-09-20 17:00:00,284.0,90,19.3,31.2,50.0,17,263,9
2025-09-20 18:00:00,83.0,95,17.8,29.9,50.0,18,263,9
2025-09-20 19:00:00,3.0,97,19.0,28.2,46.29244198405472,19,263,9
2025-09-20 20:00:00,0.0,94,18.0,27.2,50.0,20,263,9
2025-09-20 21:00:00,0.0,77,16.1,26.4,50.0,21,263,9
2025-09-20 22:00:00,0.0,98,14.5,25.8,50.0,22,263,9
2025-09-20 23:00:00,0.0,100,12.2,25.3,46.17046917022172,23,263,9
2025-09-21 00:00:00,0.0,100,11.0,24.9,32.32395014461609,0,264,9
2025-09-21 01:00:00,0.0,100,10.7,24.7,35.55234627853653,1,264,9
2025-09-21 02:00:00,0.0,100,10.3,24.4,25.0888108095059,2,264,9
2025-09-21 03:00:00,0.0,100,9.3,24.1,15.732388423455479,3,264,9
2025-09-21 04:00:00,0.0,100,8.1,23.9,9.884548240448703,4,264,9
2025-09-21 05:00:00,0.0,100,6.7,23.8,3.6144417779790987,5,264,9
2025-09-21 06:00:00,0.0,100,5.3,25.3,0.8905682149267883,6,264,9
2025-09-21 07:00:00,31.0,93,7.3,25.5,5.483461009750384,7,264,9
2025-09-21 08:00:00,190.0,36,10.8,27.0,34.171706297021046,8,264,9
2025-09-21 09:00:00,389.0,18,12.0,28.3,50.0,9,264,9
2025-09-21 10:00:00,583.0,31,12.8,29.6,49.735838358933115,10,264,9
2025-09-21 11:00:00,660.0,54,12.9,30.9,50.0,11,264,9
2025-09-21 12:00:00,621.0,55,13.2,31.8,50.0,12,264,9
2025-09-21 13:00:00,629.0,31,14.9,32.3,50.0,13,264,9
2025-09-21 14:00:00,726.0,45,17.1,32.4,44.28122841779151,14,264,9
2025-09-21 15:00:00,616.0,27,18.8,32.2,50.0,15,264,9
2025-09-21 16:00:00,437.0,8,20.7,31.4,48.679897740883945,16,264,9
2025-09-21 17:00:00,307.0,38,20.3,30.4,46.11212480001989,17,264,9
2025-09-21 18:00:00,105.0,27,17.3,29.1,50.0,18,264,9
2025-09-21 19:00:00,3.0,96,16.5,27.6,48.438404817238016,19,264,9
2025-09-21 20:00:00,0.0,96,16.1,26.7,46.378252791650425,20,264,9
2025-09-21 21:00:00,0.0,27,12.8,26.0,45.719848084889556,21,264,9
2025-09-21 22:00:00,0.0,24,10.8,25.5,33.31543829626481,22,264,9
2025-09-21 23:00:00,0.0,47,9.8,25.0,22.47835634289837,23,264,9
2025-09-22 00:00:00,0.0,6,9.1,24.6,16.602282646975898,0,265,9
2025-09-22 01:00:00,0.0,19,8.8,24.2,14.069186047021839,1,265,9
2025-09-22 02:00:00,0.0,4,8.5,23.9,11.72898700925809,2,265,9
2025-09-22 03:00:00,0.0,16,7.9,23.7,7.158942871774565,3,265,9
2025-09-22 04:00:00,0.0,31,7.4,23.5,5.999527129949078,4,265,9
2025-09-22 05:00:00,0.0,76,6.8,23.3,3.602579927186719,5,265,9
2025-09-22 06:00:00,0.0,100,7.4,25.2,5.550061429609536,6,265,9
2025-09-22 07:00:00,27.0,100,8.8,25.5,13.828765301980035,7,265,9
2025-09-22 08:00:00,178.0,99,11.5,27.5,42.09205240893283,8,265,9
2025-09-22 09:00:00,405.0,98,13.9,28.9,49.60141694444944,9,265,9
2025-09-22 10:00:00,614.0,11,13.7,30.0,50.0,10,265,9
2025-09-22 11:00:00,777.0,98,14.9,31.4,50.0,11,265,9
2025-09-22 12:00:00,798.0,82,16.4,32.4,50.0,12,265,9
2025-09-22 13:00:00,600.0,54,16.6,32.5,45.656138141021785,13,265,9
2025-09-22 14:00:00,713.0,70,17.8,33.2,50.0,14,265,9
2025-09-22 15:00:00,636.0,30,18.9,33.0,50.0,15,265,9
2025-09-22 16:00:00,479.0,34,19.8,32.2,49.75510744890745,16,265,9
2025-09-22 17:00:00,290.0,1,22.0,30.6,46.9149931026258,17,265,9
2025-09-22 18:00:00,92.0,1,18.6,29.8,38.809639344576155,18,265,9
2025-09-22 19:00:00,3.0,1,17.8,28.5,50.0,19,265,9
2025-09-22 20:00:00,0.0,17,17.7,27.5,50.0,20,265,9
2025-09-22 21:00:00,0.0,24,16.5,26.8,50.0,21,265,9
2025-09-22 22:00:00,0.0,1,14.2,26.3,48.50840476952316,22,265,9
2025-09-22 23:00:00,0.0,0,13.6,25.9,42.70105554198047,23,265,9
2025-09-23 00:00:00,0.0,3,12.6,25.5,50.0,0,266,9
2025-09-23 01:00:00,0.0,0,12.0,25.1,50.0,1,266,9
2025-09-23 02:00:00,0.0,0,11.5,24.9,44.535150462526055,2,266,9
2025-09-23 03:00:00,0.0,5,10.2,24.7,26.66066536051927,3,266,9
2025-09-23 04:00:00,0.0,18,8.9,24.3,15.236192367183696,4,266,9
2025-09-23 05:00:00,0.0,1,7.9,24.1,8.868975500525782,5,266,9
2025-09-23 06:00:00,0.0,80,8.7,25.8,12.0687812543894,6,266,9
2025-09-23 07:00:00,20.0,94,9.7,26.2,21.358277486769385,7,266,9
2025-09-23 08:00:00,128.0,13,11.1,27.2,30.551808558426888,8,266,9
2025-09-23 09:00:00,379.0,26,12.1,29.0,47.192844609870214,9,266,9
2025-09-23 10:00:00,565.0,17,12.1,30.3,48.13790730479608,10,266,9
2025-09-23 11:00:00,724.0,49,14.6,31.4,50.0,11,266,9
2025-09-23 12:00:00,711.0,71,16.5,32.2,50.0,12,266,9
2025-09-23 13:00:00,638.0,70,16.8,32.7,50.0,13,266,9
2025-09-23 14:00:00,596.0,80,18.2,33.0,47.33026884055725,14,266,9
2025-09-23 15:00:00,456.0,96,20.3,32.6,45.2438157502709,15,266,9
2025-09-23 16:00:00,404.0,35,21.5,31.8,50.0,16,266,9
2025-09-23 17:00:00,240.0,15,22.0,31.1,46.09508506234324,17,266,9
2025-09-23 18:00:00,88.0,20,19.4,30.2,48.13729973099734,18,266,9
2025-09-23 19:00:00,2.0,4,18.4,28.5,46.423532029749246,19,266,9
2025-09-23 20:00:00,0.0,1,15.4,27.7,44.72478932406331,20,266,9
2025-09-23 21:00:00,0.0,1,15.0,27.1,40.795776336458026,21,266,9
2025-09-23 22:00:00,0.0,1,14.0,26.3,43.129934626948156,22,266,9
2025-09-23 23:00:00,0.0,63,13.4,25.8,48.71888425935611,23,266,9
2025-09-24 00:00:00,0.0,18,13.9,25.5,50.0,0,267,9
2025-09-24 01:00:00,0.0,68,13.1,25.1,46.16657794874135,1,267,9
2025-09-24 02:00:00,0.0,89,11.9,24.7,50.0,2,267,9
2025-09-24 03:00:00,0.0,95,9.8,24.6,19.92473889761661,3,267,9
2025-09-24 04:00:00,0.0,23,8.0,24.4,9.130393520061704,4,267,9
2025-09-24 05:00:00,0.0,19,7.2,24.2,5.089601159471792,5,267,9
2025-09-24 06:00:00,0.0,10,10.7,25.1,29.057622611854043,6,267,9
2025-09-24 07:00:00,30.0,7,11.7,25.4,48.48539214264273,7,267,9
2025-09-24 08:00:00,193.0,7,10.4,27.1,30.958424498893454,8,267,9
2025-09-24 09:00:00,406.0,16,13.7,28.9,50.0,9,267,9
2025-09-24 10:00:00,590.0,10,12.7,30.4,50.0,10,267,9
2025-09-24 11:00:00,743.0,41,12.7,31.7,50.0,11,267,9
2025-09-24 12:00:00,824.0,19,12.7,32.9,46.70995664566153,12,267,9
2025-09-24 13:00:00,789.0,31,12.8,33.6,50.0,13,267,9
2025-09-24 14:00:00,709.0,87,15.7,33.5,47.47472894976482,14,267,9
2025-09-24 15:00:00,437.0,74,17.5,32.2,45.13033457621903,15,267,9
2025-09-24 16:00:00,315.0,48,17.5,31.9,50.0,16,267,9
2025-09-24 17:00:00,237.0,67,20.2,30.7,50.0,17,267,9
2025-09-24 18:00:00,56.0,70,19.3,29.7,49.993487480382186,18,267,9
2025-09-24 19:00:00,2.0,35,19.0,28.3,48.71684405031334,19,267,9
2025-09-24 20:00:00,0.0,18,16.9,27.3,50.0,20,267,9
2025-09-24 21:00:00,0.0,6,13.1,26.8,50.0,21,267,9
2025-09-24 22:00:00,0.0,0,11.3,26.3,31.841931070091228,22,267,9
2025-09-24 23:00:00,0.0,0,10.1,25.9,25.002617166873648,23,267,9
2025-09-25 00:00:00,0.0,0,9.2,25.5,14.284460572441885,0,268,9
2025-09-25 01:00:00,0.0,0,8.4,25.1,11.036676963205657,1,268,9
2025-09-25 02:00:00,0.0,2,8.1,24.7,9.294655613262549,2,268,9
2025-09-25 03:00:00,0.0,1,6.8,24.4,3.8649125834615017,3,268,9
2025-09-25 04:00:00,0.0,9,5.1,23.9,0.5858423814931502,4,268,9
2025-09-25 05:00:00,0.0,13,4.2,23.5,0.1295660645864525,5,268,9
2025-09-25 06:00:00,0.0,23,4.2,24.4,0.13354069236978164,6,268,9
2025-09-25 07:00:00,30.0,10,5.9,25.1,1.8735477555399835,7,268,9
2025-09-25 08:00:00,197.0,0,4.3,27.1,0.153459692124583,8,268,9
2025-09-25 09:00:00,417.0,1,5.8,28.7,1.4978645009539695,9,268,9
2025-09-25 10:00:00,615.0,6,4.4,30.1,0.20447238906585397,10,268,9
2025-09-25 11:00:00,753.0,26,6.2,31.8,2.135988915685269,11,268,9
2025-09-25 12:00:00,747.0,57,6.8,32.8,3.3985819043242,12,268,9
2025-09-25 13:00:00,698.0,47,8.9,33.4,15.534954813295448,13,268,9
2025-09-25 14:00:00,602.0,62,9.2,33.7,17.091466934464243,14,268,9
2025-09-25 15:00:00,510.0,68,10.2,33.7,25.964258989357447,15,268,9
2025-09-25 16:00:00,413.0,85,11.2,33.3,39.46601804670489,16,268,9
2025-09-25 17:00:00,137.0,66,12.3,32.5,45.91794132396045,17,268,9
2025-09-25 18:00:00,62.0,46,12.5,32.2,47.20685288326722,18,268,9
2025-09-25 19:00:00,1.0,39,19.6,30.1,48.993253291059965,19,268,9
2025-09-25 20:00:00,0.0,3,17.6,29.0,43.77834334429672,20,268,9
2025-09-25 21:00:00,0.0,1,13.0,28.0,50.0,21,268,9
2025-09-25 22:00:00,0.0,0,9.6,27.2,19.630541538478397,22,268,9
2025-09-25 23:00:00,0.0,1,6.9,26.6,3.6186590269072716,23,268,9
2025-09-26 00:00:00,0.0,17,6.9,26.0,4.059321042892905,0,269,9
2025-09-26 01:00:00,0.0,18,8.3,25.6,9.603677437240298,1,269,9
2025-09-26 02:00:00,0.0,1,7.0,25.2,4.052435032447353,2,269,9
2025-09-26 03:00:00,0.0,0,8.0,24.7,9.124736928024497,3,269,9
2025-09-26 04:00:00,0.0,0,7.2,24.3,4.594383452382792,4,269,9
2025-09-26 05:00:00,0.0,26,4.7,23.8,0.34444055838752213,5,269,9
2025-09-26 06:00:00,0.0,100,3.3,24.7,0.0019757032324951413,6,269,9
2025-09-26 07:00:00,29.0,100,4.0,25.3,0.06033567042584069,7,269,9
2025-09-26 08:00:00,182.0,99,5.7,27.1,1.4007843080381879,8,269,9
2025-09-26 09:00:00,379.0,98,8.2,28.9,10.107245412492174,9,269,9
2025-09-26 10:00:00,585.0,91,4.8,30.3,0.39180764351018843,10,269,9
2025-09-26 11:00:00,742.0,29,2.4,31.7,0.0,11,269,9
2025-09-26 12:00:00,806.0,16,2.7,33.0,0.0,12,269,9
2025-09-26 13:00:00,812.0,86,4.2,33.9,0.1253139862239161,13,269,9
2025-09-26 14:00:00,748.0,97,5.5,34.5,1.0904649522478718,14,269,9
2025-09-26 15:00:00,581.0,12,6.6,34.6,3.1084960750974973,15,269,9
2025-09-26 16:00:00,442.0,15,8.2,34.6,10.034542974831329,16,269,9
2025-09-26 17:00:00,239.0,4,11.1,34.0,31.4415184776637,17,269,9
2025-09-26 18:00:00,74.0,45,15.3,31.8,47.46659933295776,18,269,9
2025-09-26 19:00:00,1.0,95,6.4,30.9,3.0423755040530613,19,269,9
2025-09-26 20:00:00,0.0,17,8.6,30.5,14.529321169918871,20,269,9
2025-09-26 21:00:00,0.0,2,11.1,29.1,36.063489842047325,21,269,9
2025-09-26 22:00:00,0.0,1,8.9,28.4,14.999610189082105,22,269,9
2025-09-26 23:00:00,0.0,0,9.5,27.7,17.823136418381893,23,269,9
2025-09-27 00:00:00,0.0,1,10.9,27.0,33.90326471219977,0,270,9
2025-09-27 01:00:00,0.0,0,12.6,26.5,48.80051452670796,1,270,9
2025-09-27 02:00:00,0.0,0,12.8,26.1,50.0,2,270,9
2025-09-27 03:00:00,0.0,5,11.1,25.8,34.359462302021676,3,270,9
2025-09-27 04:00:00,0.0,13,10.0,25.5,22.19513648397924,4,270,9
2025-09-27 05:00:00,0.0,17,10.3,25.3,27.051069511310136,5,270,9
2025-09-27 06:00:00,0.0,100,11.1,26.1,35.51520574071213,6,270,9
2025-09-27 07:00:00,29.0,100,11.8,26.6,49.00091322657599,7,270,9
2025-09-27 08:00:00,184.0,96,12.7,28.0,42.537425547095836,8,270,9
2025-09-27 09:00:00,392.0,100,12.7,29.9,49.79691144454334,9,270,9
2025-09-27 10:00:00,578.0,100,12.7,31.6,48.078383101682185,10,270,9
2025-09-27 11:00:00,744.0,54,11.8,33.1,41.621452251019406,11,270,9
2025-09-27 12:00:00,835.0,4,10.7,34.4,32.183688862150426,12,270,9
2025-09-27 13:00:00,851.0,3,10.5,35.3,28.189839270996035,13,270,9
2025-09-27 14:00:00,795.0,2,10.1,36.0,26.326921693202415,14,270,9
2025-09-27 15:00:00,660.0,12,9.6,36.2,21.217584650759534,15,270,9
2025-09-27 16:00:00,468.0,12,9.6,36.0,20.652422087670875,16,270,9
2025-09-27 17:00:00,273.0,1,11.9,35.4,44.02317221978717,17,270,9
2025-09-27 18:00:00,87.0,7,10.7,33.6,33.72117119397177,18,270,9
2025-09-27 19:00:00,1.0,79,11.2,32.3,38.841312472773346,19,270,9
2025-09-27 20:00:00,0.0,94,5.6,31.3,1.1636346369356656,20,270,9
2025-09-27 21:00:00,0.0,83,10.8,30.6,31.489492490659277,21,270,9
2025-09-27 22:00:00,0.0,42,14.5,28.8,50.0,22,270,9
2025-09-27 23:00:00,0.0,1,14.6,27.9,50.0,23,270,9
2025-09-28 00:00:00,0.0,2,15.8,27.6,44.37353970267292,0,271,9
2025-09-28 01:00:00,0.0,100,15.7,27.2,48.9763796095275,1,271,9
2025-09-28 02:00:00,0.0,100,15.1,26.7,47.30175972013592,2,271,9
2025-09-28 03:00:00,0.0,100,17.2,26.2,50.0,3,271,9
2025-09-28 04:00:00,0.0,94,19.9,25.7,49.31128697188565,4,271,9
2025-09-28 05:00:00,0.0,100,19.0,25.3,50.0,5,271,9
2025-09-28 06:00:00,0.0,100,18.2,26.0,50.0,6,271,9
2025-09-28 07:00:00,27.0,97,19.3,26.5,50.0,7,271,9
2025-09-28 08:00:00,181.0,100,17.1,27.9,47.97833140872521,8,271,9
2025-09-28 09:00:00,391.0,100,16.9,30.0,45.89098480679489,9,271,9
2025-09-28 10:00:00,594.0,65,18.3,32.2,48.03887188530438,10,271,9
2025-09-28 11:00:00,754.0,18,18.3,34.6,50.0,11,271,9
2025-09-28 12:00:00,840.0,20,20.7,36.3,50.0,12,271,9
2025-09-28 13:00:00,857.0,12,19.0,37.7,50.0,13,271,9
2025-09-28 14:00:00,801.0,100,18.9,39.1,42.74272186272938,14,271,9
2025-09-28 15:00:00,610.0,100,18.7,39.2,47.771340775435874,15,271,9
2025-09-28 16:00:00,445.0,97,18.8,39.0,50.0,16,271,9
2025-09-28 17:00:00,276.0,100,16.7,38.4,47.40590358698953,17,271,9
2025-09-28 18:00:00,70.0,100,5.4,34.7,0.919099691104792,18,271,9
2025-09-28 19:00:00,1.0,100,4.2,33.3,0.12810328010177466,19,271,9
2025-09-28 20:00:00,0.0,100,6.2,32.2,2.1266300893259524,20,271,9
2025-09-28 21:00:00,0.0,100,12.3,32.3,48.480624555359896,21,271,9
2025-09-28 22:00:00,0.0,100,14.1,31.6,43.00831286764944,22,271,9
2025-09-28 23:00:00,0.0,92,12.4,30.6,48.83991571611571,23,271,9
2025-09-29 00:00:00,0.0,100,2.9,29.5,0.0,0,272,9
2025-09-29 01:00:00,0.0,100,16.0,28.9,49.05815956605269,1,272,9
2025-09-29 02:00:00,0.0,100,8.3,27.6,8.686985337828638,2,272,9
2025-09-29 03:00:00,0.0,100,9.8,27.1,23.257039045846458,3,272,9
2025-09-29 04:00:00,0.0,100,15.2,27.0,50.0,4,272,9
2025-09-29 05:00:00,0.0,100,16.2,26.9,49.75616059087945,5,272,9
2025-09-29 06:00:00,0.0,100,13.0,26.9,50.0,6,272,9
2025-09-29 07:00:00,22.0,100,11.0,27.4,29.67745143344384,7,272,9
2025-09-29 08:00:00,146.0,100,9.8,28.8,21.000907995233177,8,272,9
2025-09-29 09:00:00,323.0,100,8.4,30.7,9.795817202627253,9,272,9
2025-09-29 10:00:00,485.0,100,12.5,32.3,50.0,10,272,9
2025-09-29 11:00:00,626.0,100,16.1,33.7,50.0,11,272,9
2025-09-29 12:00:00,722.0,100,17.5,34.5,44.57384604291969,12,272,9
2025-09-29 13:00:00,692.0,100,18.0,35.1,46.353523215861465,13,272,9
2025-09-29 14:00:00,688.0,100,21.7,35.7,50.0,14,272,9
2025-09-29 15:00:00,426.0,100,22.8,35.7,48.159131947121736,15,272,9
2025-09-29 16:00:00,412.0,98,17.6,29.5,40.189439082970964,16,272,9
2025-09-29 17:00:00,149.0,96,4.9,30.2,0.45453167175259496,17,272,9
2025-09-29 18:00:00,40.0,100,3.4,29.9,0.004313531156704241,18,272,9
2025-09-29 19:00:00,0.0,100,4.9,29.6,0.45885162922608225,19,272,9
2025-09-29 20:00:00,0.0,100,3.8,29.4,0.026760676875101932,20,272,9
2025-09-29 21:00:00,0.0,100,3.8,29.1,0.03217329730515862,21,272,9
2025-09-29 22:00:00,0.0,100,8.0,28.7,7.944859842117663,22,272,9
2025-09-29 23:00:00,0.0,98,12.5,28.9,48.826752750468586,23,272,9
2025-09-30 00:00:00,0.0,62,12.1,28.6,47.30769844579276,0,273,9
2025-09-30 01:00:00,0.0,43,11.0,28.0,38.083807624497474,1,273,9
2025-09-30 02:00:00,0.0,5,11.0,27.5,35.25248269774085,2,273,9
2025-09-30 03:00:00,0.0,36,12.0,26.9,50.0,3,273,9
2025-09-30 04:00:00,0.0,93,14.3,26.8,50.0,4,273,9
2025-09-30 05:00:00,0.0,100,16.0,26.5,50.0,5,273,9
2025-09-30 06:00:00,0.0,98,11.4,27.2,39.00835179022899,6,273,9
2025-09-30 07:00:00,13.0,67,11.8,27.0,42.31282862893953,7,273,9
2025-09-30 08:00:00,139.0,47,10.3,27.8,25.655754753955662,8,273,9
2025-09-30 09:00:00,338.0,93,12.5,29.1,50.0,9,273,9
2025-09-30 10:00:00,390.0,98,14.9,30.0,50.0,10,273,9
2025-09-30 11:00:00,519.0,99,16.0,31.2,49.67395681712393,11,273,9
2025-09-30 12:00:00,644.0,73,17.5,32.3,45.1971641005631,12,273,9
2025-09-30 13:00:00,753.0,45,17.6,32.9,49.90778981847857,13,273,9
2025-09-30 14:00:00,684.0,72,18.7,32.7,48.39466468248361,14,273,9
2025-09-30 15:00:00,574.0,80,20.0,32.5,49.77455463413098,15,273,9
2025-09-30 16:00:00,424.0,77,22.7,31.7,50.0,16,273,9
2025-09-30 17:00:00,253.0,98,21.9,30.2,46.67167071960682,17,273,9
2025-09-30 18:00:00,63.0,95,17.4,29.2,47.10209823040902,18,273,9
2025-09-30 19:00:00,0.0,70,15.4,28.6,50.0,19,273,9
2025-09-30 20:00:00,0.0,80,15.1,28.1,50.0,20,273,9
2025-09-30 21:00:00,0.0,59,14.7,27.7,43.29066779517251,21,273,9
2025-09-30 22:00:00,0.0,100,19.1,27.3,50.0,22,273,9
2025-09-30 23:00:00,0.0,100,20.9,27.0,50.0,23,273,9
2025-10-01 00:00:00,0.0,100,21.5,26.6,47.67096520242006,0,274,10
2025-10-01 01:00:00,0.0,100,20.9,26.3,49.484763407870545,1,274,10
2025-10-01 02:00:00,0.0,100,19.8,26.1,50.0,2,274,10
2025-10-01 03:00:00,0.0,97,19.6,25.9,47.80846111306414,3,274,10
2025-10-01 04:00:00,0.0,100,17.4,25.8,47.77350963099278,4,274,10
2025-10-01 05:00:00,0.0,77,18.5,26.0,46.561693370179114,5,274,10
2025-10-01 06:00:00,0.0,38,18.4,26.0,46.48322434454356,6,274,10
2025-10-01 07:00:00,25.0,81,19.3,26.3,46.25026777600325,7,274,10
2025-10-01 08:00:00,150.0,100,24.1,27.3,50.0,8,274,10
2025-10-01 09:00:00,225.0,98,22.9,27.8,50.0,9,274,10
2025-10-01 10:00:00,327.0,100,21.5,28.2,46.70728049399488,10,274,10
2025-10-01 11:00:00,169.0,78,21.2,30.5,50.0,11,274,10
2025-10-01 12:00:00,524.0,92,20.3,28.9,45.6296954110801,12,274,10
2025-10-01 13:00:00,440.0,97,22.1,28.3,50.0,13,274,10
2025-10-01 14:00:00,311.0,100,16.9,29.1,41.97095887605657,14,274,10
2025-10-01 15:00:00,160.0,100,11.2,27.4,39.38802768139109,15,274,10
2025-10-01 16:00:00,102.0,100,11.9,27.8,43.432731209735266,16,274,10
2025-10-01 17:00:00,94.0,100,15.0,27.8,50.0,17,274,10
2025-10-01 18:00:00,34.0,100,14.8,26.8,45.2939291546512,18,274,10
2025-10-01 19:00:00,0.0,100,14.1,26.4,45.733907257033984,19,274,10
2025-10-01 20:00:00,0.0,80,12.8,26.4,50.0,20,274,10
2025-10-01 21:00:00,0.0,76,13.5,26.3,50.0,21,274,10
2025-10-01 22:00:00,0.0,99,13.7,26.2,44.66604632057221,22,274,10
2025-10-01 23:00:00,0.0,99,12.5,26.0,44.60021993808651,23,274,10
2025-10-02 00:00:00,0.0,89,14.0,26.0,50.0,0,275,10
2025-10-02 01:00:00,0.0,87,15.6,26.2,50.0,1,275,10
2025-10-02 02:00:00,0.0,69,15.4,25.9,49.12951896875192,2,275,10
2025-10-02 03:00:00,0.0,28,14.4,25.6,44.81958115948726,3,275,10
2025-10-02 04:00:00,0.0,100,15.1,25.5,50.0,4,275,10
2025-10-02 05:00:00,0.0,100,13.5,25.5,46.223491391219234,5,275,10
2025-10-02 06:00:00,0.0,100,15.2,25.8,47.42935934782934,6,275,10
2025-10-02 07:00:00,13.0,98,15.2,25.5,50.0,7,275,10
2025-10-02 08:00:00,73.0,96,18.5,25.6,50.0,8,275,10
2025-10-02 09:00:00,123.0,100,20.4,26.1,44.26394797753134,9,275,10
2025-10-02 10:00:00,290.0,100,20.8,26.9,47.992396941661674,10,275,10
2025-10-02 11:00:00,329.0,96,24.4,29.4,47.73347898539475,11,275,10
2025-10-02 12:00:00,490.0,98,23.4,29.7,50.0,12,275,10
2025-10-02 13:00:00,288.0,100,19.3,29.8,50.0,13,275,10
2025-10-02 14:00:00,294.0,100,18.3,29.1,44.843251909989334,14,275,10
2025-10-02 15:00:00,243.0,100,19.0,27.7,50.0,15,275,10
2025-10-02 16:00:00,152.0,100,12.2,26.8,46.76065044959021,16,275,10
2025-10-02 17:00:00,48.0,100,13.9,26.5,48.522658149363515,17,275,10
2025-10-02 18:00:00,13.0,100,14.2,25.9,45.94291673636948,18,275,10
2025-10-02 19:00:00,0.0,100,14.6,25.7,46.21721166199142,19,275,10
2025-10-02 20:00:00,0.0,100,15.5,25.4,45.35191529520778,20,275,10
2025-10-02 21:00:00,0.0,100,14.9,25.2,50.0,21,275,10
2025-10-02 22:00:00,0.0,100,15.4,25.1,50.0,22,275,10
2025-10-02 23:00:00,0.0,99,12.4,25.7,50.0,23,275,10
2025-10-03 00:00:00,0.0,100,13.2,25.7,50.0,0,276,10
2025-10-03 01:00:00,0.0,100,13.1,25.7,50.0,1,276,10
2025-10-03 02:00:00,0.0,100,13.5,25.5,50.0,2,276,10
2025-10-03 03:00:00,0.0,96,13.5,25.3,46.907422348825435,3,276,10
2025-10-03 04:00:00,0.0,100,14.1,25.1,50.0,4,276,10
2025-10-03 05:00:00,0.0,100,14.7,25.0,44.87503573263256,5,276,10
2025-10-03 06:00:00,0.0,100,16.5,25.0,50.0,6,276,10
2025-10-03 07:00:00,15.0,100,18.8,25.2,43.229011660686204,7,276,10
2025-10-03 08:00:00,98.0,100,18.3,26.0,48.238849497958725,8,276,10
2025-10-03 09:00:00,294.0,100,23.5,27.8,50.0,9,276,10
2025-10-03 10:00:00,381.0,100,19.9,28.9,48.43332876976933,10,276,10
2025-10-03 11:00:00,400.0,100,16.9,29.7,45.41399416982393,11,276,10
2025-10-03 12:00:00,281.0,100,15.8,29.5,47.43083673915482,12,276,10
2025-10-03 13:00:00,278.0,100,15.4,27.4,42.57165883533704,13,276,10
2025-10-03 14:00:00,232.0,100,14.5,27.4,50.0,14,276,10
2025-10-03 15:00:00,133.0,100,15.9,26.5,49.41036114872705,15,276,10
2025-10-03 16:00:00,94.0,100,13.0,26.5,43.830876469631995,16,276,10
2025-10-03 17:00:00,46.0,100,9.2,26.0,17.187653487811335,17,276,10
2025-10-03 18:00:00,17.0,100,4.5,26.1,0.24278613329839968,18,276,10
2025-10-03 19:00:00,0.0,100,5.8,26.0,1.4555467345903585,19,276,10
2025-10-03 20:00:00,0.0,100,7.2,25.9,5.566237102844918,20,276,10
2025-10-03 21:00:00,0.0,77,8.9,26.1,14.06269491078761,21,276,10
2025-10-03 22:00:00,0.0,96,10.3,25.6,24.80403427298965,22,276,10
2025-10-03 23:00:00,0.0,91,9.3,25.9,18.258410041725867,23,276,10
2025-10-04 00:00:00,0.0,24,8.0,25.8,8.23203618502771,0,277,10
2025-10-04 01:00:00,0.0,30,8.0,25.4,7.13423786242226,1,277,10
2025-10-04 02:00:00,0.0,60,8.3,24.8,9.704422779176191,2,277,10
2025-10-04 03:00:00,0.0,52,8.1,24.5,9.818224583898093,3,277,10
2025-10-04 04:00:00,0.0,93,8.1,24.3,9.307667658336538,4,277,10
2025-10-04 05:00:00,0.0,0,6.6,24.3,3.1053070064739567,5,277,10
2025-10-04 06:00:00,0.0,0,8.0,24.6,8.49272791915388,6,277,10
2025-10-04 07:00:00,26.0,44,10.3,25.1,25.941743571784684,7,277,10
2025-10-04 08:00:00,183.0,98,14.9,27.0,47.05331372256389,8,277,10
2025-10-04 09:00:00,371.0,100,14.0,28.6,46.691015180270995,9,277,10
2025-10-04 10:00:00,557.0,99,13.1,29.8,50.0,10,277,10
2025-10-04 11:00:00,610.0,95,12.2,30.9,47.155238900894624,11,277,10
2025-10-04 12:00:00,795.0,73,12.0,31.6,46.61747102589705,12,277,10
2025-10-04 13:00:00,797.0,93,10.9,32.1,35.52146482821986,13,277,10
2025-10-04 14:00:00,656.0,27,11.8,32.1,50.0,14,277,10
2025-10-04 15:00:00,595.0,26,11.6,32.1,48.86952514176084,15,277,10
2025-10-04 16:00:00,439.0,23,12.0,31.8,50.0,16,277,10
2025-10-04 17:00:00,235.0,27,16.2,30.3,50.0,17,277,10
2025-10-04 18:00:00,59.0,8,14.2,28.3,42.72915647120286,18,277,10
2025-10-04 19:00:00,0.0,52,10.0,27.6,24.0805272579328,19,277,10
2025-10-04 20:00:00,0.0,100,9.8,26.9,20.68912213319614,20,277,10
2025-10-04 21:00:00,0.0,99,8.4,26.4,12.235870283314465,21,277,10
2025-10-04 22:00:00,0.0,70,8.6,26.0,13.93560412621333,22,277,10
2025-10-04 23:00:00,0.0,15,7.8,25.7,6.189176836036235,23,277,10
2025-10-05 00:00:00,0.0,52,8.0,25.5,9.217658639240668,0,278,10
2025-10-05 01:00:00,0.0,34,8.1,25.3,9.595535813564801,1,278,10
2025-10-05 02:00:00,0.0,5,9.4,25.2,16.568156451126995,2,278,10
2025-10-05 03:00:00,0.0,2,9.3,25.2,17.483196843637458,3,278,10
2025-10-05 04:00:00,0.0,2,9.2,25.1,14.289031064479415,4,278,10
2025-10-05 05:00:00,0.0,99,9.3,25.2,16.944290538887238,5,278,10
2025-10-05 06:00:00,0.0,95,7.7,25.3,6.092381366758801,6,278,10
2025-10-05 07:00:00,25.0,9,9.6,25.9,19.480597740459956,7,278,10
2025-10-05 08:00:00,175.0,18,13.7,27.6,50.0,8,278,10
2025-10-05 09:00:00,358.0,21,15.4,28.6,44.9069817989379,9,278,10
2025-10-05 10:00:00,545.0,21,15.8,30.2,50.0,10,278,10
2025-10-05 11:00:00,647.0,87,17.0,30.9,48.72070059459327,11,278,10
2025-10-05 12:00:00,750.0,24,17.6,31.3,44.98804023059807,12,278,10
2025-10-05 13:00:00,744.0,56,18.2,31.4,50.0,13,278,10
2025-10-05 14:00:00,591.0,25,18.6,31.5,45.56223776020248,14,278,10
2025-10-05 15:00:00,543.0,38,21.6,30.5,50.0,15,278,10
2025-10-05 16:00:00,295.0,38,19.5,29.7,45.759348672184814,16,278,10
2025-10-05 17:00:00,205.0,24,20.7,29.6,48.52263413505906,17,278,10
2025-10-05 18:00:00,55.0,20,16.6,28.1,47.33821849331372,18,278,10
2025-10-05 19:00:00,0.0,9,14.2,27.3,46.596945826228826,19,278,10
2025-10-05 20:00:00,0.0,4,12.9,26.6,48.91130008644427,20,278,10
2025-10-05 21:00:00,0.0,5,12.0,26.1,44.96115559580647,21,278,10
2025-10-05 22:00:00,0.0,1,13.4,25.8,50.0,22,278,10
2025-10-05 23:00:00,0.0,9,14.3,25.7,46.768664331960196,23,278,10
2025-10-06 00:00:00,0.0,11,15.7,25.8,45.4449426082145,0,279,10
2025-10-06 01:00:00,0.0,7,16.4,25.7,50.0,1,279,10
2025-10-06 02:00:00,0.0,4,14.3,25.4,50.0,2,279,10
2025-10-06 03:00:00,0.0,7,10.8,25.0,30.82364333541481,3,279,10
2025-10-06 04:00:00,0.0,8,10.3,24.8,26.085619838193043,4,279,10
2025-10-06 05:00:00,0.0,11,13.4,25.5,47.06345695023461,5,279,10
2025-10-06 06:00:00,0.0,17,14.1,25.5,50.0,6,279,10
2025-10-06 07:00:00,23.0,21,15.1,25.8,47.13432519932993,7,279,10
2025-10-06 08:00:00,166.0,30,18.8,27.2,50.0,8,279,10
2025-10-06 09:00:00,352.0,18,19.2,28.3,50.0,9,279,10
2025-10-06 10:00:00,531.0,8,18.9,29.7,50.0,10,279,10
2025-10-06 11:00:00,703.0,14,21.1,30.7,50.0,11,279,10
2025-10-06 12:00:00,747.0,20,22.2,31.3,49.218875161696936,12,279,10
2025-10-06 13:00:00,741.0,75,23.5,30.1,45.95225153138495,13,279,10
2025-10-06 14:00:00,554.0,9,24.0,30.9,50.0,14,279,10
2025-10-06 15:00:00,614.0,9,26.1,31.0,0.0,15,279,10
2025-10-06 16:00:00,442.0,7,26.2,30.2,0.0,16,279,10
2025-10-06 17:00:00,241.0,7,24.6,29.0,50.0,17,279,10
2025-10-06 18:00:00,62.0,2,21.2,27.6,48.438489425194845,18,279,10
2025-10-06 19:00:00,0.0,1,19.4,26.7,49.83548788998757,19,279,10
2025-10-06 20:00:00,0.0,0,17.3,26.2,46.948437063739355,20,279,10
2025-10-06 21:00:00,0.0,5,14.7,25.7,50.0,21,279,10
2025-10-06 22:00:00,0.0,5,14.0,25.3,42.50538232675021,22,279,10
2025-10-06 23:00:00,0.0,1,17.0,25.5,45.18125533572735,23,279,10
2025-10-07 00:00:00,0.0,1,17.2,25.4,50.0,0,280,10
2025-10-07 01:00:00,0.0,0,16.1,25.0,50.0,1,280,10
2025-10-07 02:00:00,0.0,0,14.8,24.7,50.0,2,280,10
2025-10-07 03:00:00,0.0,5,12.6,24.5,50.0,3,280,10
2025-10-07 04:00:00,0.0,5,10.9,24.2,37.03049873444997,4,280,10
2025-10-07 05:00:00,0.0,3,9.5,23.9,16.47060167469325,5,280,10
2025-10-07 06:00:00,0.0,4,9.3,23.7,18.196491915579223,6,280,10
2025-10-07 07:00:00,25.0,2,11.4,24.3,38.70231196315759,7,280,10
2025-10-07 08:00:00,189.0,0,11.0,26.3,35.21505339586486,8,280,10
2025-10-07 09:00:00,408.0,0,16.0,28.2,42.15432896145152,9,280,10
2025-10-07 10:00:00,607.0,1,16.9,29.6,49.68616759682483,10,280,10
2025-10-07 11:00:00,764.0,23,14.8,31.0,50.0,11,280,10
2025-10-07 12:00:00,748.0,22,15.3,31.6,50.0,12,280,10
2025-10-07 13:00:00,774.0,12,15.7,32.1,46.327968355582826,13,280,10
2025-10-07 14:00:00,724.0,17,17.6,32.5,48.902557145995694,14,280,10
2025-10-07 15:00:00,586.0,16,19.8,32.1,46.7330547224085,15,280,10
2025-10-07 16:00:00,418.0,9,20.2,31.0,50.0,16,280,10
2025-10-07 17:00:00,241.0,1,19.9,29.6,50.0,17,280,10
2025-10-07 18:00:00,63.0,1,17.2,28.0,50.0,18,280,10
2025-10-07 19:00:00,0.0,0,16.3,26.8,43.14544903942378,19,280,10
2025-10-07 20:00:00,0.0,0,15.9,25.7,50.0,20,280,10
2025-10-07 21:00:00,0.0,0,13.7,25.2,50.0,21,280,10
2025-10-07 22:00:00,0.0,0,11.5,24.5,41.39610865581354,22,280,10
2025-10-07 23:00:00,0.0,0,9.1,24.4,14.429519170753387,23,280,10
2025-10-08 00:00:00,0.0,0,8.6,24.4,9.736673002726224,0,281,10
2025-10-08 01:00:00,0.0,0,8.2,24.1,9.509849214649499,1,281,10
2025-10-08 02:00:00,0.0,0,8.0,23.8,8.906874776205692,2,281,10
2025-10-08 03:00:00,0.0,0,6.9,23.4,3.9470815608945258,3,281,10
2025-10-08 04:00:00,0.0,0,6.9,23.2,4.325807995540006,4,281,10
2025-10-08 05:00:00,0.0,3,6.2,23.4,2.3891425326921447,5,281,10
2025-10-08 06:00:00,0.0,27,5.3,23.6,0.8141477726454489,6,281,10
2025-10-08 07:00:00,25.0,88,7.9,23.9,9.271605687981534,7,281,10
2025-10-08 08:00:00,170.0,39,9.8,25.5,16.81108069634097,8,281,10
2025-10-08 09:00:00,360.0,11,8.3,27.3,7.8922942700204315,9,281,10
2025-10-08 10:00:00,567.0,13,5.8,28.7,1.267350500084502,10,281,10
2025-10-08 11:00:00,732.0,10,3.7,30.0,0.027241261010835866,11,281,10
2025-10-08 12:00:00,826.0,24,2.6,31.0,0.0,12,281,10
2025-10-08 13:00:00,816.0,22,3.0,31.6,0.0,13,281,10
2025-10-08 14:00:00,741.0,13,4.5,32.0,0.2235033514450833,14,281,10
2025-10-08 15:00:00,616.0,25,6.6,32.0,3.1222958764237196,15,281,10
2025-10-08 16:00:00,440.0,16,7.5,31.7,6.907471477891853,16,281,10
2025-10-08 17:00:00,238.0,0,7.1,30.9,4.946173043340707,17,281,10
2025-10-08 18:00:00,63.0,1,6.0,27.7,1.90703314205151,18,281,10
2025-10-08 19:00:00,0.0,0,2.3,27.1,0.0,19,281,10
2025-10-08 20:00:00,0.0,0,6.7,26.5,3.413605982889764,20,281,10
2025-10-08 21:00:00,0.0,0,12.8,24.9,46.94777100701666,21,281,10
2025-10-08 22:00:00,0.0,0,10.7,24.3,31.48121826613367,22,281,10
2025-10-08 23:00:00,0.0,0,8.4,23.8,10.548242842236021,23,281,10
2025-10-09 00:00:00,0.0,0,9.0,23.4,14.143445867456089,0,282,10
2025-10-09 01:00:00,0.0,0,9.2,23.0,15.151746221281465,1,282,10
2025-10-09 02:00:00,0.0,0,9.0,22.6,13.755882303105244,2,282,10
2025-10-09 03:00:00,0.0,0,6.0,22.0,1.6685574304089719,3,282,10
2025-10-09 04:00:00,0.0,0,4.1,21.4,0.09380580283472979,4,282,10
2025-10-09 05:00:00,0.0,0,4.1,21.2,0.08866133964387268,5,282,10
2025-10-09 06:00:00,0.0,0,3.6,21.3,0.01288831971447441,6,282,10
2025-10-09 07:00:00,25.0,0,6.4,21.9,2.590897455637841,7,282,10
2025-10-09 08:00:00,187.0,0,5.9,24.2,1.5408816806602703,8,282,10
2025-10-09 09:00:00,402.0,0,8.3,26.4,11.932698566252075,9,282,10
2025-10-09 10:00:00,600.0,0,8.9,28.5,13.60066986164908,10,282,10
2025-10-09 11:00:00,750.0,15,7.9,30.4,8.082182580434408,11,282,10
2025-10-09 12:00:00,775.0,10,5.7,31.4,1.1252487157434645,12,282,10
2025-10-09 13:00:00,786.0,20,5.1,32.0,0.6033998010985041,13,282,10
2025-10-09 14:00:00,738.0,38,5.1,32.4,0.5866991058308403,14,282,10
2025-10-09 15:00:00,593.0,36,5.9,32.2,1.6577095428402087,15,282,10
2025-10-09 16:00:00,414.0,12,6.2,32.0,2.4033531938511725,16,282,10
2025-10-09 17:00:00,235.0,8,5.8,31.1,1.7612032977712158,17,282,10
2025-10-09 18:00:00,57.0,9,3.1,28.3,6.926400117316693e-05,18,282,10
2025-10-09 19:00:00,0.0,8,6.4,26.9,2.401230211962563,19,282,10
2025-10-09 20:00:00,0.0,1,8.7,26.2,15.150312744252103,20,282,10
2025-10-09 21:00:00,0.0,1,11.7,25.3,42.33985533460747,21,282,10
2025-10-09 22:00:00,0.0,0,10.3,24.2,26.010156516781826,22,282,10
2025-10-09 23:00:00,0.0,0,10.8,23.4,29.209515353677602,23,282,10
2025-10-10 00:00:00,0.0,0,10.8,23.5,31.219935990831043,0,283,10
2025-10-10 01:00:00,0.0,0,10.8,23.1,27.25420683802647,1,283,10
2025-10-10 02:00:00,0.0,0,10.6,22.6,31.30583092435854,2,283,10
2025-10-10 03:00:00,0.0,0,8.1,21.9,9.235670271712335,3,283,10
2025-10-10 04:00:00,0.0,0,6.6,21.2,3.2836817912551064,4,283,10
2025-10-10 05:00:00,0.0,0,7.5,21.4,6.029718980339254,5,283,10
2025-10-10 06:00:00,0.0,0,7.1,21.6,4.4180484757609415,6,283,10
2025-10-10 07:00:00,24.0,0,7.4,22.0,6.600565373315124,7,283,10
2025-10-10 08:00:00,186.0,0,4.9,24.3,0.44832045258652614,8,283,10
2025-10-10 09:00:00,402.0,0,6.8,26.6,3.7439596600663076,9,283,10
2025-10-10 10:00:00,599.0,0,7.9,28.9,8.277136684085622,10,283,10
2025-10-10 11:00:00,747.0,25,8.1,30.8,8.556942992714491,11,283,10
2025-10-10 12:00:00,753.0,20,4.9,31.6,0.503419835450866,12,283,10
2025-10-10 13:00:00,774.0,16,3.5,32.3,0.008804385250481593,13,283,10
2025-10-10 14:00:00,716.0,30,3.9,32.6,0.05373005457891485,14,283,10
2025-10-10 15:00:00,587.0,57,4.6,32.7,0.2696912385024818,15,283,10
2025-10-10 16:00:00,395.0,100,5.4,32.3,0.9195845129509813,16,283,10
2025-10-10 17:00:00,168.0,96,4.4,30.9,0.1892065646181808,17,283,10
2025-10-10 18:00:00,46.0,4,5.0,28.3,0.5172839548487014,18,283,10
2025-10-10 19:00:00,0.0,2,6.8,27.1,3.5374475481578536,19,283,10
2025-10-10 20:00:00,0.0,2,7.4,26.3,6.569864204099543,20,283,10
2025-10-10 21:00:00,0.0,2,6.1,24.7,2.3171212888411574,21,283,10
2025-10-10 22:00:00,0.0,2,7.0,23.6,4.329245328532345,22,283,10
2025-10-10 23:00:00,0.0,0,8.3,22.8,8.733026133830215,23,283,10
2025-10-11 00:00:00,0.0,0,8.5,22.9,12.105976650837047,0,284,10
2025-10-11 01:00:00,0.0,0,8.8,22.7,11.883012326458816,1,284,10
2025-10-11 02:00:00,0.0,0,6.5,22.1,3.023695708184366,2,284,10
2025-10-11 03:00:00,0.0,0,4.5,21.5,0.2508874351397437,3,284,10
2025-10-11 04:00:00,0.0,0,4.9,21.1,0.45952315232497465,4,284,10
2025-10-11 05:00:00,0.0,0,5.4,21.1,0.9213743138048395,5,284,10
2025-10-11 06:00:00,0.0,0,5.8,21.3,1.313781521081461,6,284,10
2025-10-11 07:00:00,24.0,0,9.5,21.8,17.484980685752884,7,284,10
2025-10-11 08:00:00,185.0,0,6.0,24.2,1.902788344296753,8,284,10
2025-10-11 09:00:00,401.0,0,5.7,26.3,1.391869932911711,9,284,10
2025-10-11 10:00:00,598.0,0,7.2,28.4,5.003813513452768,10,284,10
2025-10-11 11:00:00,747.0,8,8.5,30.5,11.572028460676105,11,284,10
2025-10-11 12:00:00,803.0,2,6.1,31.5,1.694860976417955,12,284,10
2025-10-11 13:00:00,825.0,5,5.6,32.2,1.0570244962199766,13,284,10
2025-10-11 14:00:00,760.0,19,6.9,32.5,3.92776380415688,14,284,10
2025-10-11 15:00:00,603.0,7,5.9,32.4,1.5722330493981802,15,284,10
2025-10-11 16:00:00,416.0,14,5.0,32.1,0.6228859944688286,16,284,10
2025-10-11 17:00:00,202.0,9,3.1,31.4,6.673844130883402e-05,17,284,10
2025-10-11 18:00:00,50.0,7,5.6,28.7,1.122586508238681,18,284,10
2025-10-11 19:00:00,0.0,4,1.5,27.8,0.0,19,284,10
2025-10-11 20:00:00,0.0,0,7.9,25.6,7.852538941780347,20,284,10
2025-10-11 21:00:00,0.0,0,6.8,24.3,3.371933985957491,21,284,10
2025-10-11 22:00:00,0.0,0,7.6,23.4,6.988003819455706,22,284,10
2025-10-11 23:00:00,0.0,0,8.7,22.9,13.683009547159532,23,284,10
2025-10-12 00:00:00,0.0,0,11.8,23.1,42.98306979633484,0,285,10
2025-10-12 01:00:00,0.0,0,10.0,22.5,22.24022262935381,1,285,10
2025-10-12 02:00:00,0.0,0,8.1,22.0,9.185314034287277,2,285,10
2025-10-12 03:00:00,0.0,0,8.0,21.6,7.925465316879766,3,285,10
2025-10-12 04:00:00,0.0,0,8.4,21.2,10.049490836355343,4,285,10
2025-10-12 05:00:00,0.0,0,6.9,20.9,4.214509223012437,5,285,10
2025-10-12 06:00:00,0.0,0,5.2,21.0,0.750688711411158,6,285,10
2025-10-12 07:00:00,23.0,0,6.0,21.8,1.8072002630915773,7,285,10
2025-10-12 08:00:00,185.0,0,4.3,24.2,0.1507058188776533,8,285,10
2025-10-12 09:00:00,402.0,0,6.5,26.4,3.0733332352289624,9,285,10
2025-10-12 10:00:00,601.0,0,8.4,28.8,10.682523005397796,10,285,10
2025-10-12 11:00:00,751.0,0,11.1,31.2,34.22413052453609,11,285,10
2025-10-12 12:00:00,835.0,0,8.9,32.4,12.931416490191113,12,285,10
2025-10-12 13:00:00,846.0,0,7.8,32.9,7.273070080388115,13,285,10
2025-10-12 14:00:00,783.0,0,8.4,33.2,10.31170125200388,14,285,10
2025-10-12 15:00:00,651.0,0,9.7,33.1,22.445836771749825,15,285,10
2025-10-12 16:00:00,464.0,0,10.7,32.7,32.40419599583771,16,285,10
2025-10-12 17:00:00,247.0,0,5.4,31.3,0.9246593631571103,17,285,10
2025-10-12 18:00:00,55.0,0,1.5,29.5,0.0,18,285,10
2025-10-12 19:00:00,0.0,0,4.6,28.4,0.26871626996989945,19,285,10
2025-10-12 20:00:00,0.0,0,3.1,27.8,7.470132904131183e-05,20,285,10
2025-10-12 21:00:00,0.0,0,4.3,25.9,0.1561923311832821,21,285,10
2025-10-12 22:00:00,0.0,0,6.8,24.8,3.5165884848245623,22,285,10
2025-10-12 23:00:00,0.0,0,7.1,24.1,4.959354431800513,23,285,10
2025-10-13 00:00:00,0.0,0,5.1,23.1,0.623152281742062,0,286,10
2025-10-13 01:00:00,0.0,0,8.7,22.4,12.572023999538136,1,286,10
2025-10-13 02:00:00,0.0,0,8.7,22.0,13.764955919712103,2,286,10
2025-10-13 03:00:00,0.0,0,9.6,21.7,19.86265603179739,3,286,10
2025-10-13 04:00:00,0.0,0,8.8,21.1,12.155503616536423,4,286,10
2025-10-13 05:00:00,0.0,0,8.7,20.9,11.400908504329905,5,286,10
2025-10-13 06:00:00,0.0,0,8.3,21.0,9.451256964512883,6,286,10
2025-10-13 07:00:00,23.0,0,7.4,21.3,5.439738062304447,7,286,10
2025-10-13 08:00:00,184.0,0,5.5,23.7,0.9411970049141245,8,286,10
2025-10-13 09:00:00,401.0,0,6.7,26.3,3.2771470240081144,9,286,10
2025-10-13 10:00:00,600.0,0,8.9,28.6,11.914649457583108,10,286,10
2025-10-13 11:00:00,749.0,0,10.2,30.9,27.529534477591874,11,286,10
2025-10-13 12:00:00,832.0,0,10.5,32.3,28.61419149952384,12,286,10
2025-10-13 13:00:00,842.0,0,9.2,32.9,15.853886859058449,13,286,10
2025-10-13 14:00:00,778.0,0,7.6,33.2,6.699602076742928,14,286,10
2025-10-13 15:00:00,647.0,0,6.4,33.2,2.996444202508724,15,286,10
2025-10-13 16:00:00,461.0,0,5.7,33.1,1.3670718961130253,16,286,10
2025-10-13 17:00:00,244.0,0,2.3,32.2,0.0,17,286,10
2025-10-13 18:00:00,52.0,0,3.1,29.0,6.899281758373661e-05,18,286,10
2025-10-13 19:00:00,0.0,0,7.7,27.1,7.696060826280988,19,286,10
2025-10-13 20:00:00,0.0,0,7.0,26.4,3.867008453045289,20,286,10
2025-10-13 21:00:00,0.0,0,5.1,26.2,0.5711798817107572,21,286,10
2025-10-13 22:00:00,0.0,1,4.7,25.4,0.287660059229186,22,286,10
2025-10-13 23:00:00,0.0,0,10.1,24.1,25.92237151975292,23,286,10
2025-10-14 00:00:00,0.0,0,9.9,23.3,23.829205538164924,0,287,10
2025-10-14 01:00:00,0.0,0,10.1,23.0,24.60148136653627,1,287,10
2025-10-14 02:00:00,0.0,0,7.1,22.2,4.956550283406323,2,287,10
2025-10-14 03:00:00,0.0,0,9.4,21.7,19.097002278752278,3,287,10
2025-10-14 04:00:00,0.0,0,11.2,21.6,40.033974421832276,4,287,10
2025-10-14 05:00:00,0.0,0,7.6,21.2,7.025737713382747,5,287,10
2025-10-14 06:00:00,0.0,0,1.4,20.9,0.0,6,287,10
2025-10-14 07:00:00,22.0,0,4.4,21.5,0.17543345281814696,7,287,10
2025-10-14 08:00:00,183.0,0,3.4,23.9,0.0042489564713882036,8,287,10
2025-10-14 09:00:00,399.0,0,5.4,26.3,0.919080319962374,9,287,10
2025-10-14 10:00:00,596.0,0,8.7,28.6,11.512480913808094,10,287,10
2025-10-14 11:00:00,745.0,0,12.6,31.2,42.147067661909574,11,287,10
2025-10-14 12:00:00,830.0,0,14.2,32.8,47.02891643575069,12,287,10
2025-10-14 13:00:00,841.0,0,10.6,33.7,25.17440408752359,13,287,10
2025-10-14 14:00:00,778.0,0,10.9,33.8,36.02193335101924,14,287,10
2025-10-14 15:00:00,645.0,0,10.1,33.7,23.562315565672094,15,287,10
2025-10-14 16:00:00,457.0,0,8.4,33.3,10.961371832891784,16,287,10
2025-10-14 17:00:00,240.0,0,3.2,31.9,0.0005310568901470688,17,287,10
2025-10-14 18:00:00,50.0,0,1.5,29.9,0.0,18,287,10
2025-10-14 19:00:00,0.0,0,5.5,28.2,1.0119762881351373,19,287,10
2025-10-14 20:00:00,0.0,0,4.8,27.1,0.39652190041354185,20,287,10
2025-10-14 21:00:00,0.0,0,6.0,25.5,1.776555868716889,21,287,10
2025-10-14 22:00:00,0.0,1,7.9,24.6,8.753386473999328,22,287,10
2025-10-14 23:00:00,0.0,0,3.8,24.3,0.03707159141459867,23,287,10
2025-10-15 00:00:00,0.0,0,6.5,23.2,2.411945710929783,0,288,10
2025-10-15 01:00:00,0.0,0,6.1,22.5,1.7462471032940023,1,288,10
2025-10-15 02:00:00,0.0,0,7.3,22.2,5.018849193593404,2,288,10
2025-10-15 03:00:00,0.0,0,8.3,21.8,9.928163854553166,3,288,10
2025-10-15 04:00:00,0.0,0,8.7,21.2,12.991418183714991,4,288,10
2025-10-15 05:00:00,0.0,0,8.9,20.8,16.82694752897897,5,288,10
2025-10-15 06:00:00,0.0,0,6.5,20.7,2.4061138950689167,6,288,10
2025-10-15 07:00:00,22.0,0,5.2,21.2,0.8365478879096949,7,288,10
2025-10-15 08:00:00,182.0,0,4.6,23.7,0.301600951490068,8,288,10
2025-10-15 09:00:00,399.0,0,5.2,26.3,0.6596262350605253,9,288,10
2025-10-15 10:00:00,597.0,0,6.2,28.8,2.1977666807561977,10,288,10
2025-10-15 11:00:00,746.0,0,8.3,31.3,9.635886435598417,11,288,10
2025-10-15 12:00:00,828.0,0,9.2,32.8,15.788317326522852,12,288,10
2025-10-15 13:00:00,838.0,0,9.0,33.5,13.42173621065235,13,288,10
2025-10-15 14:00:00,772.0,0,8.3,33.7,9.539538119685073,14,288,10
2025-10-15 15:00:00,639.0,0,6.4,33.6,2.2376087301008347,15,288,10
2025-10-15 16:00:00,453.0,0,4.5,33.4,0.252202268565137,16,288,10
2025-10-15 17:00:00,237.0,0,3.3,32.0,0.0018429111557003181,17,288,10
2025-10-15 18:00:00,49.0,0,4.4,29.1,0.16855207277334638,18,288,10
2025-10-15 19:00:00,0.0,0,7.2,27.9,5.660693601299312,19,288,10
2025-10-15 20:00:00,0.0,0,7.4,27.9,5.7179218437426975,20,288,10
2025-10-15 21:00:00,0.0,0,7.2,26.6,5.293811556197259,21,288,10
2025-10-15 22:00:00,0.0,0,6.7,24.7,3.6395455310352705,22,288,10
2025-10-15 23:00:00,0.0,0,6.0,23.6,2.0420769420339693,23,288,10
2025-10-16 00:00:00,0.0,0,6.6,23.3,3.3433839762066646,0,289,10
2025-10-16 01:00:00,0.0,0,6.6,22.7,3.2872917582117123,1,289,10
2025-10-16 02:00:00,0.0,0,6.7,22.0,3.4209284726521836,2,289,10
2025-10-16 03:00:00,0.0,0,6.7,21.3,3.5389329159874046,3,289,10
2025-10-16 04:00:00,0.0,0,6.6,20.5,2.8658596192361605,4,289,10
2025-10-16 05:00:00,0.0,0,3.1,19.9,6.274685060786801e-05,5,289,10
2025-10-16 06:00:00,0.0,0,3.1,20.0,6.736816221973535e-05,6,289,10
2025-10-16 07:00:00,22.0,0,2.6,20.8,0.0,7,289,10
2025-10-16 08:00:00,182.0,0,4.9,24.0,0.4843440546076992,8,289,10
2025-10-16 09:00:00,400.0,0,3.6,27.0,0.01413838292030352,9,289,10
2025-10-16 10:00:00,598.0,0,4.5,29.9,0.22209144311721665,10,289,10
2025-10-16 11:00:00,744.0,0,8.4,32.3,9.713860651806343,11,289,10
2025-10-16 12:00:00,826.0,0,9.8,33.5,21.76021463401119,12,289,10
2025-10-16 13:00:00,835.0,0,9.2,34.0,14.72097624882401,13,289,10
2025-10-16 14:00:00,770.0,0,7.5,34.3,6.385007716735853,14,289,10
2025-10-16 15:00:00,637.0,0,6.0,34.2,1.7355283747021628,15,289,10
2025-10-16 16:00:00,450.0,0,5.2,34.0,0.5893471037601061,16,289,10
2025-10-16 17:00:00,233.0,0,1.9,32.8,0.0,17,289,10
2025-10-16 18:00:00,46.0,0,0.2,30.7,0.0,18,289,10
2025-10-16 19:00:00,0.0,0,1.7,29.1,0.0,19,289,10
2025-10-16 20:00:00,0.0,0,1.4,28.6,0.0,20,289,10
2025-10-16 21:00:00,0.0,0,3.3,26.8,0.0018259991400511857,21,289,10
2025-10-16 22:00:00,0.0,0,5.9,24.5,1.783726996051381,22,289,10
2025-10-16 23:00:00,0.0,0,4.6,23.9,0.23967912306542258,23,289,10
2025-10-17 00:00:00,0.0,0,5.8,23.5,1.465989358467312,0,290,10
2025-10-17 01:00:00,0.0,0,6.1,22.9,2.0754174855647367,1,290,10
2025-10-17 02:00:00,0.0,0,4.8,22.6,0.3420281772195181,2,290,10
2025-10-17 03:00:00,0.0,0,4.4,22.1,0.1917650190292546,3,290,10
2025-10-17 04:00:00,0.0,0,5.2,20.8,0.6985158914917415,4,290,10
2025-10-17 05:00:00,0.0,0,4.9,20.5,0.4199157014205248,5,290,10
2025-10-17 06:00:00,0.0,0,5.8,20.0,1.4949825210729057,6,290,10
2025-10-17 07:00:00,21.0,0,6.3,20.7,2.2279347858769927,7,290,10
2025-10-17 08:00:00,179.0,0,6.8,24.0,3.8434906313369206,8,290,10
2025-10-17 09:00:00,396.0,0,6.1,27.3,1.8819612042519729,9,290,10
2025-10-17 10:00:00,595.0,0,7.6,30.3,7.42164483586202,10,290,10
2025-10-17 11:00:00,744.0,0,10.5,32.8,28.937518278031288,11,290,10
2025-10-17 12:00:00,828.0,0,10.9,34.2,33.98077116011376,12,290,10
2025-10-17 13:00:00,837.0,0,9.9,34.8,22.228667200925344,13,290,10
2025-10-17 14:00:00,770.0,0,8.2,35.1,8.160144288659884,14,290,10
2025-10-17 15:00:00,636.0,0,7.0,35.0,4.059588051831075,15,290,10
2025-10-17 16:00:00,448.0,0,5.6,34.6,1.3101739894781965,16,290,10
2025-10-17 17:00:00,231.0,0,2.4,32.8,0.0,17,290,10
2025-10-17 18:00:00,45.0,0,2.8,30.4,0.0,18,290,10
2025-10-17 19:00:00,0.0,0,4.5,29.2,0.24470041882039673,19,290,10
2025-10-17 20:00:00,0.0,0,5.6,27.4,1.2178555184719244,20,290,10
2025-10-17 21:00:00,0.0,0,5.6,25.5,1.1338525694710933,21,290,10
2025-10-17 22:00:00,0.0,0,5.1,24.3,0.7110857419955074,22,290,10
2025-10-17 23:00:00,0.0,0,6.7,23.8,3.2255400396334832,23,290,10
2025-10-18 00:00:00,0.0,0,9.0,23.5,15.612488458524675,0,291,10
2025-10-18 01:00:00,0.0,0,8.3,22.8,11.12670655136354,1,291,10
2025-10-18 02:00:00,0.0,0,7.7,21.8,7.758311095485691,2,291,10
2025-10-18 03:00:00,0.0,0,7.2,21.1,4.9057046928358465,3,291,10
2025-10-18 04:00:00,0.0,0,7.7,20.8,8.60502109337125,4,291,10
2025-10-18 05:00:00,0.0,0,7.6,20.1,6.508778606855193,5,291,10
2025-10-18 06:00:00,0.0,0,7.3,20.0,4.965547009152388,6,291,10
2025-10-18 07:00:00,21.0,0,4.0,20.3,0.06325596855298374,7,291,10
2025-10-18 08:00:00,179.0,0,4.7,23.0,0.35689719848994017,8,291,10
2025-10-18 09:00:00,397.0,0,4.7,26.3,0.35567927424827134,9,291,10
2025-10-18 10:00:00,595.0,0,6.7,29.3,3.464432241394341,10,291,10
2025-10-18 11:00:00,744.0,0,8.6,32.3,12.597791943117233,11,291,10
2025-10-18 12:00:00,827.0,0,10.1,34.0,23.537997903912295,12,291,10
2025-10-18 13:00:00,836.0,0,9.5,34.8,17.657635515358955,13,291,10
2025-10-18 14:00:00,770.0,0,9.7,35.1,23.99601775044982,14,291,10
2025-10-18 15:00:00,634.0,0,10.9,35.1,35.46370802481263,15,291,10
2025-10-18 16:00:00,446.0,0,11.2,34.6,35.091280581698776,16,291,10
2025-10-18 17:00:00,229.0,0,6.1,32.6,2.0767296541883673,17,291,10
2025-10-18 18:00:00,44.0,0,4.6,30.2,0.29933943158840765,18,291,10
2025-10-18 19:00:00,0.0,0,4.9,29.2,0.48777943983362904,19,291,10
2025-10-18 20:00:00,0.0,0,1.0,28.1,0.0,20,291,10
2025-10-18 21:00:00,0.0,0,7.0,26.1,3.904151070365547,21,291,10
2025-10-18 22:00:00,0.0,0,5.4,25.1,0.9399439674721118,22,291,10
2025-10-18 23:00:00,0.0,0,6.2,24.4,2.1498090897916153,23,291,10
2025-10-19 00:00:00,0.0,0,6.3,23.2,2.3625596516346685,0,292,10
2025-10-19 01:00:00,0.0,0,5.7,22.4,1.412546622809373,1,292,10
2025-10-19 02:00:00,0.0,0,5.4,22.0,1.0131150787824281,2,292,10
2025-10-19 03:00:00,0.0,0,6.0,21.6,1.841234078146826,3,292,10
2025-10-19 04:00:00,0.0,0,6.0,21.3,1.7900308927645756,4,292,10
2025-10-19 05:00:00,0.0,0,5.3,20.9,0.891729109055709,5,292,10
2025-10-19 06:00:00,0.0,0,4.9,20.7,0.4630672354651131,6,292,10
2025-10-19 07:00:00,20.0,0,4.7,21.4,0.3384241453097439,7,292,10
2025-10-19 08:00:00,175.0,0,7.4,24.2,5.748243430117836,8,292,10
2025-10-19 09:00:00,390.0,0,8.1,26.9,10.242266262591977,9,292,10
2025-10-19 10:00:00,586.0,0,7.4,29.4,5.863120141241655,10,292,10
2025-10-19 11:00:00,734.0,0,8.5,32.2,11.88324875592357,11,292,10
2025-10-19 12:00:00,816.0,0,9.4,34.1,17.329994267006185,12,292,10
2025-10-19 13:00:00,825.0,0,7.4,35.0,5.853660276168925,13,292,10
2025-10-19 14:00:00,760.0,0,7.2,35.3,4.804660161434648,14,292,10
2025-10-19 15:00:00,627.0,0,7.8,35.2,6.989133931831939,15,292,10
2025-10-19 16:00:00,440.0,0,9.5,34.7,17.52101656989941,16,292,10
2025-10-19 17:00:00,224.0,0,4.9,32.5,0.49058590863969903,17,292,10
2025-10-19 18:00:00,41.0,0,2.5,30.9,0.0,18,292,10
2025-10-19 19:00:00,0.0,0,2.1,30.0,0.0,19,292,10
2025-10-19 20:00:00,0.0,0,4.3,28.2,0.14199380485371035,20,292,10
2025-10-19 21:00:00,0.0,0,4.0,26.8,0.06366585008136179,21,292,10
2025-10-19 22:00:00,0.0,0,11.8,26.0,43.75893285625319,22,292,10
2025-10-19 23:00:00,0.0,0,11.6,25.9,46.19334313613708,23,292,10
2025-10-20 00:00:00,0.0,0,9.7,25.5,21.05161735126269,0,293,10
2025-10-20 01:00:00,0.0,0,8.5,24.3,12.557097646475675,1,293,10
2025-10-20 02:00:00,0.0,0,7.1,23.0,5.208252845741909,2,293,10
2025-10-20 03:00:00,0.0,0,6.9,22.0,3.516864026123121,3,293,10
2025-10-20 04:00:00,0.0,0,5.9,21.5,1.7192587397307608,4,293,10
2025-10-20 05:00:00,0.0,0,7.7,21.1,7.162205060032837,5,293,10
2025-10-20 06:00:00,0.0,0,6.6,20.9,3.084013463777685,6,293,10
2025-10-20 07:00:00,19.0,0,5.9,21.6,1.7168508890885985,7,293,10
2025-10-20 08:00:00,174.0,0,5.3,24.4,0.7906681953840787,8,293,10
2025-10-20 09:00:00,388.0,0,1.5,27.2,0.0,9,293,10
2025-10-20 10:00:00,584.0,0,2.9,29.7,0.0,10,293,10
2025-10-20 11:00:00,731.0,0,4.5,32.0,0.24559428048257123,11,293,10
2025-10-20 12:00:00,813.0,0,5.8,33.7,1.2607327475990648,12,293,10
2025-10-20 13:00:00,820.0,0,6.4,34.7,2.32404923388069,13,293,10
2025-10-20 14:00:00,754.0,0,8.3,35.1,11.638726137345861,14,293,10
2025-10-20 15:00:00,623.0,0,8.6,34.9,13.761705753444545,15,293,10
2025-10-20 16:00:00,436.0,0,6.6,34.5,3.2102924954833783,16,293,10
2025-10-20 17:00:00,221.0,0,4.0,32.5,0.07044885358113231,17,293,10
2025-10-20 18:00:00,40.0,0,4.4,30.1,0.16080225301623785,18,293,10
2025-10-20 19:00:00,0.0,0,1.5,29.5,0.0,19,293,10
2025-10-20 20:00:00,0.0,0,1.7,29.0,0.0,20,293,10
2025-10-20 21:00:00,0.0,0,7.2,26.7,5.5765062021369705,21,293,10
2025-10-20 22:00:00,0.0,0,7.1,25.1,4.696535258862898,22,293,10
2025-10-20 23:00:00,0.0,0,7.8,24.6,7.5384657893496145,23,293,10
2025-10-21 00:00:00,0.0,0,7.0,23.9,4.245849265420067,0,294,10
2025-10-21 01:00:00,0.0,0,6.9,23.7,4.2140343376433735,1,294,10
2025-10-21 02:00:00,0.0,0,4.9,23.1,0.4248626815133464,2,294,10
2025-10-21 03:00:00,0.0,0,2.1,22.6,0.0,3,294,10
2025-10-21 04:00:00,0.0,0,0.9,22.5,0.0,4,294,10
2025-10-21 05:00:00,0.0,0,5.7,21.0,1.4375087534741429,5,294,10
2025-10-21 06:00:00,0.0,0,2.7,21.0,0.0,6,294,10
2025-10-21 07:00:00,18.0,0,3.3,21.6,0.0019189164177504504,7,294,10
2025-10-21 08:00:00,173.0,0,5.4,24.4,1.0853860130611344,8,294,10
2025-10-21 09:00:00,388.0,0,3.7,27.6,0.02293446981269626,9,294,10
2025-10-21 10:00:00,584.0,0,7.4,29.9,6.1608702826021835,10,294,10
2025-10-21 11:00:00,731.0,0,8.4,32.3,11.58182369832816,11,294,10
2025-10-21 12:00:00,811.0,0,10.8,34.1,29.53728029233178,12,294,10
2025-10-21 13:00:00,818.0,0,12.7,35.1,47.41669028755833,13,294,10
2025-10-21 14:00:00,752.0,0,12.8,35.4,45.038624703885375,14,294,10
2025-10-21 15:00:00,620.0,0,12.1,35.3,49.684854389655214,15,294,10
2025-10-21 16:00:00,433.0,0,10.3,34.8,22.76657756884746,16,294,10
2025-10-21 17:00:00,219.0,0,5.0,32.4,0.5327917023704845,17,294,10
2025-10-21 18:00:00,39.0,0,6.2,29.3,2.01682760772159,18,294,10
2025-10-21 19:00:00,0.0,0,3.6,27.8,0.014831435957667016,19,294,10
2025-10-21 20:00:00,0.0,0,4.8,25.9,0.38458110046828964,20,294,10
2025-10-21 21:00:00,0.0,0,4.7,25.2,0.30665589062931126,21,294,10
2025-10-21 22:00:00,0.0,0,3.7,24.9,0.022705760931715325,22,294,10
2025-10-21 23:00:00,0.0,0,1.8,24.4,0.0,23,294,10
2025-10-22 00:00:00,0.0,0,1.9,23.5,0.0,0,295,10
2025-10-22 01:00:00,0.0,0,1.3,23.3,0.0,1,295,10
2025-10-22 02:00:00,0.0,0,2.4,23.0,0.0,2,295,10
2025-10-22 03:00:00,0.0,0,0.5,22.7,0.0,3,295,10
2025-10-22 04:00:00,0.0,0,3.2,21.7,0.0005129219035713303,4,295,10
2025-10-22 05:00:00,0.0,0,3.2,20.8,0.0005838045623118915,5,295,10
2025-10-22 06:00:00,0.0,0,6.7,20.1,3.5400197696242763,6,295,10
2025-10-22 07:00:00,18.0,0,4.9,20.4,0.43962896300334137,7,295,10
2025-10-22 08:00:00,170.0,0,3.6,23.4,0.013961536685389126,8,295,10
2025-10-22 09:00:00,382.0,0,4.6,26.4,0.25942173387611744,9,295,10
2025-10-22 10:00:00,573.0,1,7.4,29.2,5.032257716999002,10,295,10
2025-10-22 11:00:00,718.0,0,9.1,31.9,15.437233616418247,11,295,10
2025-10-22 12:00:00,797.0,1,11.6,33.7,42.83448136467743,12,295,10
2025-10-22 13:00:00,805.0,0,14.6,34.9,50.0,13,295,10
2025-10-22 14:00:00,741.0,0,15.3,35.2,50.0,14,295,10
2025-10-22 15:00:00,611.0,0,15.6,35.1,50.0,15,295,10
2025-10-22 16:00:00,427.0,1,16.3,34.5,49.962651084972464,16,295,10
2025-10-22 17:00:00,212.0,0,11.9,32.6,50.0,17,295,10
2025-10-22 18:00:00,36.0,0,10.4,30.0,31.226702439280373,18,295,10
2025-10-22 19:00:00,0.0,5,8.1,28.3,8.094421770211529,19,295,10
2025-10-22 20:00:00,0.0,2,7.6,27.3,6.269685417587585,20,295,10
2025-10-22 21:00:00,0.0,0,7.6,26.4,6.789669201453169,21,295,10
2025-10-22 22:00:00,0.0,0,6.0,25.8,1.7640140696169992,22,295,10
2025-10-22 23:00:00,0.0,0,4.0,25.5,0.06290835395328273,23,295,10
2025-10-23 00:00:00,0.0,0,0.9,25.7,0.0,0,296,10
2025-10-23 01:00:00,0.0,0,6.9,23.3,4.492937280297336,1,296,10
2025-10-23 02:00:00,0.0,0,1.1,22.6,0.0,2,296,10
2025-10-23 03:00:00,0.0,0,2.2,22.7,0.0,3,296,10
2025-10-23 04:00:00,0.0,0,5.3,22.1,0.8370561511001406,4,296,10
2025-10-23 05:00:00,0.0,23,6.4,21.2,2.702144376309852,5,296,10
2025-10-23 06:00:00,0.0,84,1.9,21.2,0.0,6,296,10
2025-10-23 07:00:00,17.0,16,1.3,22.3,0.0,7,296,10
2025-10-23 08:00:00,167.0,0,4.3,24.9,0.1611278105608226,8,296,10
2025-10-23 09:00:00,380.0,0,4.8,27.7,0.3565759166961971,9,296,10
2025-10-23 10:00:00,574.0,0,8.7,29.9,12.53825486818847,10,296,10
2025-10-23 11:00:00,719.0,0,10.6,32.1,31.89467604714083,11,296,10
2025-10-23 12:00:00,799.0,0,12.2,33.7,50.0,12,296,10
2025-10-23 13:00:00,807.0,0,14.2,34.7,48.037986323006685,13,296,10
2025-10-23 14:00:00,742.0,0,12.6,35.0,48.41436609288879,14,296,10
2025-10-23 15:00:00,611.0,0,14.0,35.0,46.6886807037513,15,296,10
2025-10-23 16:00:00,425.0,0,14.5,34.3,50.0,16,296,10
2025-10-23 17:00:00,211.0,0,9.4,32.2,19.088065742394914,17,296,10
2025-10-23 18:00:00,35.0,0,8.5,29.0,10.210392788324768,18,296,10
2025-10-23 19:00:00,0.0,0,8.4,27.3,9.355621018897525,19,296,10
2025-10-23 20:00:00,0.0,0,8.7,26.3,11.841310145769254,20,296,10
2025-10-23 21:00:00,0.0,0,9.0,25.8,13.556073464655464,21,296,10
2025-10-23 22:00:00,0.0,0,9.4,25.4,19.63033428861099,22,296,10
2025-10-23 23:00:00,0.0,0,9.2,24.9,15.88298236338119,23,296,10
2025-10-24 00:00:00,0.0,0,7.3,24.5,5.551906725671001,0,297,10
2025-10-24 01:00:00,0.0,0,8.5,23.8,11.611401111421518,1,297,10
2025-10-24 02:00:00,0.0,0,7.6,22.7,7.189251664984037,2,297,10
2025-10-24 03:00:00,0.0,0,7.3,22.2,5.477461047578565,3,297,10
2025-10-24 04:00:00,0.0,0,5.9,21.8,1.82301189501924,4,297,10
2025-10-24 05:00:00,0.0,0,5.1,21.8,0.6086697316799388,5,297,10
2025-10-24 06:00:00,0.0,0,5.1,21.4,0.662052782678958,6,297,10
2025-10-24 07:00:00,16.0,0,6.5,21.7,3.3430950617370137,7,297,10
2025-10-24 08:00:00,164.0,0,9.5,24.1,18.44288518372418,8,297,10
2025-10-24 09:00:00,373.0,0,8.4,26.7,9.709619272774036,9,297,10
2025-10-24 10:00:00,565.0,0,10.0,29.3,22.08866633432629,10,297,10
2025-10-24 11:00:00,709.0,0,11.7,32.0,45.98123507080361,11,297,10
2025-10-24 12:00:00,787.0,0,12.5,33.6,46.621017293526364,12,297,10
2025-10-24 13:00:00,795.0,0,15.3,34.8,48.80127328233249,13,297,10
2025-10-24 14:00:00,729.0,0,16.0,35.2,45.09239379668246,14,297,10
2025-10-24 15:00:00,598.0,0,15.8,35.1,41.20780773312794,15,297,10
2025-10-24 16:00:00,414.0,1,14.9,34.6,50.0,16,297,10
2025-10-24 17:00:00,203.0,2,8.2,32.7,8.684576027820974,17,297,10
2025-10-24 18:00:00,33.0,0,7.6,29.4,6.323849635007722,18,297,10
2025-10-24 19:00:00,0.0,0,10.0,28.5,23.258014110585886,19,297,10
2025-10-24 20:00:00,0.0,0,11.4,28.1,43.14981128161609,20,297,10
2025-10-24 21:00:00,0.0,0,11.5,27.9,50.0,21,297,10
2025-10-24 22:00:00,0.0,0,9.4,27.0,19.81257429509249,22,297,10
2025-10-24 23:00:00,0.0,0,8.0,25.5,9.02101104930931,23,297,10
2025-10-25 00:00:00,0.0,0,6.7,24.0,3.8142889586474564,0,298,10
2025-10-25 01:00:00,0.0,0,4.7,23.6,0.32170544378189375,1,298,10
2025-10-25 02:00:00,0.0,0,3.4,23.1,0.004522288776870716,2,298,10
2025-10-25 03:00:00,0.0,0,2.7,22.3,0.0,3,298,10
2025-10-25 04:00:00,0.0,0,2.3,22.0,0.0,4,298,10
2025-10-25 05:00:00,0.0,0,6.4,22.1,2.8603673328684565,5,298,10
2025-10-25 06:00:00,0.0,0,6.9,21.6,4.054180532035855,6,298,10
2025-10-25 07:00:00,16.0,0,7.4,22.1,5.242185522105119,7,298,10
2025-10-25 08:00:00,161.0,0,10.3,24.3,26.926003760693636,8,298,10
2025-10-25 09:00:00,370.0,0,10.3,26.7,25.66851809712106,9,298,10
2025-10-25 10:00:00,561.0,0,12.5,29.1,46.99687520921236,10,298,10
2025-10-25 11:00:00,705.0,0,13.4,31.4,47.33099043800605,11,298,10
2025-10-25 12:00:00,785.0,0,14.3,33.1,50.0,12,298,10
2025-10-25 13:00:00,794.0,0,16.7,34.4,48.92610141110573,13,298,10
2025-10-25 14:00:00,730.0,2,19.5,35.0,50.0,14,298,10
2025-10-25 15:00:00,587.0,10,19.6,34.9,50.0,15,298,10
2025-10-25 16:00:00,393.0,5,17.6,34.2,44.05450961875449,16,298,10
2025-10-25 17:00:00,198.0,2,11.6,32.3,41.070587625556335,17,298,10
2025-10-25 18:00:00,32.0,5,12.5,29.7,50.0,18,298,10
2025-10-25 19:00:00,0.0,55,12.3,28.6,46.10565851319437,19,298,10
2025-10-25 20:00:00,0.0,0,13.1,28.0,48.58415367817492,20,298,10
2025-10-25 21:00:00,0.0,0,12.1,27.3,49.90088364059543,21,298,10
2025-10-25 22:00:00,0.0,0,10.1,26.1,21.82485461446929,22,298,10
2025-10-25 23:00:00,0.0,31,10.4,24.8,29.339317748717253,23,298,10
2025-10-26 00:00:00,0.0,73,10.3,24.0,28.697378364650007,0,299,10
2025-10-26 01:00:00,0.0,39,9.9,23.3,22.595409208022797,1,299,10
2025-10-26 02:00:00,0.0,9,10.1,22.7,22.99552730623587,2,299,10
2025-10-26 03:00:00,0.0,0,12.8,22.8,44.12215533629429,3,299,10
2025-10-26 04:00:00,0.0,30,13.2,22.6,44.64220916281819,4,299,10
2025-10-26 05:00:00,0.0,43,12.8,22.1,43.476120637115834,5,299,10
2025-10-26 06:00:00,0.0,99,12.4,21.8,50.0,6,299,10
2025-10-26 07:00:00,15.0,100,15.3,22.1,50.0,7,299,10
2025-10-26 08:00:00,158.0,98,15.0,24.0,46.279837504519506,8,299,10
2025-10-26 09:00:00,365.0,100,15.4,26.5,48.20527492405186,9,299,10
2025-10-26 10:00:00,555.0,98,16.9,28.6,49.33797423532641,10,299,10
2025-10-26 11:00:00,690.0,100,17.9,30.3,50.0,11,299,10
2025-10-26 12:00:00,761.0,100,19.6,31.5,48.54325253814444,12,299,10
2025-10-26 13:00:00,776.0,28,21.0,32.4,48.71927055881709,13,299,10
2025-10-26 14:00:00,723.0,64,23.1,33.0,50.0,14,299,10
2025-10-26 15:00:00,563.0,89,23.8,33.1,47.734956924558404,15,299,10
2025-10-26 16:00:00,384.0,100,22.9,32.7,50.0,16,299,10
2025-10-26 17:00:00,175.0,100,15.4,31.6,43.109471390749015,17,299,10
2025-10-26 18:00:00,25.0,99,13.1,29.9,47.46314627677563,18,299,10
2025-10-26 19:00:00,0.0,95,13.1,29.0,46.27591533865967,19,299,10
2025-10-26 20:00:00,0.0,100,13.3,27.9,41.90974282394895,20,299,10
2025-10-26 21:00:00,0.0,100,13.9,27.0,50.0,21,299,10
2025-10-26 22:00:00,0.0,100,12.1,26.5,44.67407221567473,22,299,10
2025-10-26 23:00:00,0.0,100,11.4,25.8,43.06854005226906,23,299,10
2025-10-27 00:00:00,0.0,100,11.2,25.4,37.84048127606006,0,300,10
2025-10-27 01:00:00,0.0,100,9.1,24.8,15.517564502903081,1,300,10
2025-10-27 02:00:00,0.0,100,11.4,24.6,37.325681328708164,2,300,10
2025-10-27 03:00:00,0.0,100,14.0,24.7,50.0,3,300,10
2025-10-27 04:00:00,0.0,100,14.9,24.6,48.7048157786564,4,300,10
2025-10-27 05:00:00,0.0,100,15.3,24.5,44.66334875114391,5,300,10
2025-10-27 06:00:00,0.0,100,14.9,24.7,50.0,6,300,10
2025-10-27 07:00:00,11.0,100,14.3,24.6,50.0,7,300,10
2025-10-27 08:00:00,95.0,100,13.8,25.5,47.67287852405149,8,300,10
2025-10-27 09:00:00,241.0,99,18.3,27.0,46.97285824717166,9,300,10
2025-10-27 10:00:00,477.0,99,24.2,28.8,46.51961365779026,10,300,10
2025-10-27 11:00:00,647.0,100,24.9,30.8,45.07138589084329,11,300,10
2025-10-27 12:00:00,725.0,99,25.6,31.4,0.0,12,300,10
2025-10-27 13:00:00,688.0,69,28.0,31.2,0.0,13,300,10
2025-10-27 14:00:00,544.0,58,24.3,29.6,46.76814638104153,14,300,10
2025-10-27 15:00:00,474.0,30,21.9,30.9,43.11441508560873,15,300,10
2025-10-27 16:00:00,344.0,100,23.8,30.5,47.284006253351485,16,300,10
2025-10-27 17:00:00,144.0,80,21.0,28.7,49.94646843054228,17,300,10
2025-10-27 18:00:00,27.0,88,17.9,27.6,48.634491436051945,18,300,10
2025-10-27 19:00:00,0.0,100,17.8,26.7,50.0,19,300,10
2025-10-27 20:00:00,0.0,100,15.0,26.3,50.0,20,300,10
2025-10-27 21:00:00,0.0,100,14.3,26.1,43.295304705790485,21,300,10
2025-10-27 22:00:00,0.0,100,16.9,25.8,47.31888105717197,22,300,10
2025-10-27 23:00:00,0.0,100,18.0,26.0,50.0,23,300,10
2025-10-28 00:00:00,0.0,100,18.1,25.8,48.08330097062068,0,301,10
2025-10-28 01:00:00,0.0,100,18.7,25.6,49.84627041641209,1,301,10
2025-10-28 02:00:00,0.0,100,20.1,25.6,50.0,2,301,10
2025-10-28 03:00:00,0.0,100,20.5,25.1,50.0,3,301,10
2025-10-28 04:00:00,0.0,100,19.7,24.5,41.82788661144138,4,301,10
2025-10-28 05:00:00,0.0,100,18.3,24.2,46.56170492323663,5,301,10
2025-10-28 06:00:00,0.0,100,17.8,24.2,49.091662078433735,6,301,10
2025-10-28 07:00:00,5.0,100,17.1,24.2,50.0,7,301,10
2025-10-28 08:00:00,60.0,100,18.5,24.5,50.0,8,301,10
2025-10-28 09:00:00,205.0,95,21.0,25.3,45.753296705714085,9,301,10
2025-10-28 10:00:00,442.0,100,21.8,27.0,50.0,10,301,10
2025-10-28 11:00:00,380.0,99,21.5,27.6,48.77367751695913,11,301,10
2025-10-28 12:00:00,512.0,100,22.6,28.3,48.87282172122638,12,301,10
2025-10-28 13:00:00,452.0,100,23.5,28.8,49.064292971699025,13,301,10
2025-10-28 14:00:00,278.0,100,21.4,28.8,50.0,14,301,10
2025-10-28 15:00:00,155.0,100,21.4,28.7,50.0,15,301,10
2025-10-28 16:00:00,160.0,100,22.0,28.1,50.0,16,301,10
2025-10-28 17:00:00,112.0,87,18.2,26.8,50.0,17,301,10
2025-10-28 18:00:00,20.0,89,15.4,25.9,46.3085680232587,18,301,10
2025-10-28 19:00:00,0.0,100,14.2,25.3,45.28591408557526,19,301,10
2025-10-28 20:00:00,0.0,100,14.6,25.1,50.0,20,301,10
2025-10-28 21:00:00,0.0,100,15.5,24.7,50.0,21,301,10
2025-10-28 22:00:00,0.0,100,16.8,24.4,50.0,22,301,10
2025-10-28 23:00:00,0.0,100,18.1,24.9,43.12186129977889,23,301,10
2025-10-29 00:00:00,0.0,100,17.0,24.5,50.0,0,302,10
2025-10-29 01:00:00,0.0,100,17.6,24.2,50.0,1,302,10
2025-10-29 02:00:00,0.0,100,16.9,23.6,45.303061788385335,2,302,10
2025-10-29 03:00:00,0.0,100,15.7,23.3,48.53397535267981,3,302,10
2025-10-29 04:00:00,0.0,100,16.6,23.2,49.35233260361732,4,302,10
2025-10-29 05:00:00,0.0,100,16.0,23.1,50.0,5,302,10
2025-10-29 06:00:00,0.0,100,14.9,23.2,49.45391368635696,6,302,10
2025-10-29 07:00:00,9.0,100,15.5,23.2,50.0,7,302,10
2025-10-29 08:00:00,85.0,82,15.9,23.9,50.0,8,302,10
2025-10-29 09:00:00,296.0,98,17.2,25.3,37.67419214444029,9,302,10
2025-10-29 10:00:00,294.0,100,17.0,26.0,46.749425690503706,10,302,10
2025-10-29 11:00:00,343.0,99,20.3,26.4,49.03501379833592,11,302,10
2025-10-29 12:00:00,408.0,100,20.2,27.3,50.0,12,302,10
2025-10-29 13:00:00,349.0,100,19.4,27.8,45.59906824869136,13,302,10
2025-10-29 14:00:00,152.0,100,17.8,27.4,50.0,14,302,10
2025-10-29 15:00:00,124.0,100,17.3,27.3,50.0,15,302,10
2025-10-29 16:00:00,90.0,100,18.1,26.4,50.0,16,302,10
2025-10-29 17:00:00,34.0,100,12.5,24.5,50.0,17,302,10
2025-10-29 18:00:00,6.0,100,12.9,23.9,49.662060634896456,18,302,10
2025-10-29 19:00:00,0.0,100,13.3,23.6,49.06712408771516,19,302,10
2025-10-29 20:00:00,0.0,100,13.1,23.4,50.0,20,302,10
2025-10-29 21:00:00,0.0,100,14.0,23.2,50.0,21,302,10
2025-10-29 22:00:00,0.0,99,13.2,23.1,50.0,22,302,10
2025-10-29 23:00:00,0.0,100,13.6,23.4,44.46452832784591,23,302,10
2025-10-30 00:00:00,0.0,100,12.1,23.3,45.113463941710776,0,303,10
2025-10-30 01:00:00,0.0,100,13.0,23.1,49.6845436713175,1,303,10
2025-10-30 02:00:00,0.0,100,13.1,23.0,50.0,2,303,10
2025-10-30 03:00:00,0.0,71,12.5,23.2,49.48391977999887,3,303,10
2025-10-30 04:00:00,0.0,80,11.5,23.1,42.69714082536808,4,303,10
2025-10-30 05:00:00,0.0,88,11.1,23.1,39.860343613195006,5,303,10
2025-10-30 06:00:00,0.0,98,12.1,23.2,50.0,6,303,10
2025-10-30 07:00:00,6.0,100,12.1,23.5,50.0,7,303,10
2025-10-30 08:00:00,53.0,100,11.1,24.1,30.79424573903818,8,303,10
2025-10-30 09:00:00,109.0,100,12.5,24.8,50.0,9,303,10
2025-10-30 10:00:00,148.0,100,13.0,25.3,50.0,10,303,10
2025-10-30 11:00:00,135.0,100,16.7,26.8,42.94192243654502,11,303,10
2025-10-30 12:00:00,285.0,100,16.3,27.2,47.815175629475,12,303,10
2025-10-30 13:00:00,243.0,100,17.5,27.8,50.0,13,303,10
2025-10-30 14:00:00,292.0,98,17.5,28.6,50.0,14,303,10
2025-10-30 15:00:00,371.0,97,18.4,29.3,49.7363609817893,15,303,10
2025-10-30 16:00:00,242.0,100,18.9,29.4,50.0,16,303,10
2025-10-30 17:00:00,137.0,100,11.1,28.5,32.880883003451416,17,303,10
2025-10-30 18:00:00,13.0,100,12.6,27.3,47.11229489021813,18,303,10
2025-10-30 19:00:00,0.0,100,12.3,26.1,49.30231839694669,19,303,10
2025-10-30 20:00:00,0.0,100,12.5,25.1,50.0,20,303,10
2025-10-30 21:00:00,0.0,100,11.7,24.9,40.824316991411436,21,303,10
2025-10-30 22:00:00,0.0,100,11.9,24.5,40.2181709678958,22,303,10
2025-10-30 23:00:00,0.0,100,12.3,24.6,50.0,23,303,10
2025-10-31 00:00:00,0.0,100,10.6,24.2,33.202644239343954,0,304,10
2025-10-31 01:00:00,0.0,100,9.1,23.8,16.86976190446302,1,304,10
2025-10-31 02:00:00,0.0,100,9.3,23.9,14.61706034848299,2,304,10
2025-10-31 03:00:00,0.0,100,11.2,23.9,34.19080526537311,3,304,10
2025-10-31 04:00:00,0.0,100,11.3,23.4,37.35756756794936,4,304,10
2025-10-31 05:00:00,0.0,88,7.8,23.1,7.858055615939817,5,304,10
2025-10-31 06:00:00,0.0,83,5.7,22.8,1.3802397129960697,6,304,10
2025-10-31 07:00:00,11.0,80,6.0,23.0,1.85550194499311,7,304,10
2025-10-31 08:00:00,141.0,99,6.6,24.6,3.5252310470143793,8,304,10
2025-10-31 09:00:00,334.0,100,10.8,26.5,32.25149009639893,9,304,10
2025-10-31 10:00:00,509.0,100,13.5,28.2,46.79119626292275,10,304,10
2025-10-31 11:00:00,645.0,100,15.6,29.3,48.62679218857333,11,304,10
2025-10-31 12:00:00,728.0,18,18.4,30.4,50.0,12,304,10
2025-10-31 13:00:00,708.0,24,18.7,30.8,50.0,13,304,10
2025-10-31 14:00:00,643.0,76,18.3,31.1,43.923574439690164,14,304,10
2025-10-31 15:00:00,530.0,97,18.1,31.3,50.0,15,304,10
2025-10-31 16:00:00,337.0,92,18.3,30.9,50.0,16,304,10
2025-10-31 17:00:00,173.0,5,13.9,29.6,47.58688244346283,17,304,10
2025-10-31 18:00:00,23.0,46,9.1,27.7,15.655180125031348,18,304,10
2025-10-31 19:00:00,0.0,87,9.0,26.6,13.21989105724062,19,304,10
2025-10-31 20:00:00,0.0,80,10.3,26.1,29.32611597848527,20,304,10
2025-10-31 21:00:00,0.0,87,10.5,25.7,27.83393040737829,21,304,10
2025-10-31 22:00:00,0.0,75,10.4,25.2,28.659067596045308,22,304,10
2025-10-31 23:00:00,0.0,3,11.0,25.3,37.26003714153124,23,304,10
2025-11-01 00:00:00,0.0,49,8.9,24.7,14.7788910522923,0,305,11
2025-11-01 01:00:00,0.0,72,8.1,24.1,6.7494092385642865,1,305,11
2025-11-01 02:00:00,0.0,77,7.6,23.5,7.016984777602654,2,305,11
2025-11-01 03:00:00,0.0,95,7.2,23.0,5.072180189340888,3,305,11
2025-11-01 04:00:00,0.0,99,7.7,22.8,7.121985006272349,4,305,11
2025-11-01 05:00:00,0.0,98,7.0,22.4,4.314341423559518,5,305,11
2025-11-01 06:00:00,0.0,98,6.3,22.5,2.5716143976111416,6,305,11
2025-11-01 07:00:00,12.0,100,7.0,22.6,4.645801862674742,7,305,11
2025-11-01 08:00:00,141.0,89,7.5,24.5,5.964908071635227,8,305,11
2025-11-01 09:00:00,340.0,19,10.0,26.5,23.021087236760742,9,305,11
2025-11-01 10:00:00,525.0,9,12.2,28.2,46.054939571405,10,305,11
2025-11-01 11:00:00,648.0,34,12.9,30.0,50.0,11,305,11
2025-11-01 12:00:00,726.0,97,15.4,30.9,47.358379356217256,12,305,11
2025-11-01 13:00:00,713.0,90,16.0,31.7,50.0,13,305,11
2025-11-01 14:00:00,645.0,84,16.7,32.1,42.58081387890976,14,305,11
2025-11-01 15:00:00,485.0,98,17.1,32.1,46.11846052207655,15,305,11
2025-11-01 16:00:00,289.0,98,16.5,31.6,50.0,16,305,11
2025-11-01 17:00:00,140.0,100,10.3,31.0,26.49102707877048,17,305,11
2025-11-01 18:00:00,22.0,100,7.1,28.9,5.1778784457625395,18,305,11
2025-11-01 19:00:00,0.0,100,12.1,28.3,49.49423463215786,19,305,11
2025-11-01 20:00:00,0.0,100,9.3,27.4,15.419325846261575,20,305,11
2025-11-01 21:00:00,0.0,99,6.1,26.6,2.1136380333555436,21,305,11
2025-11-01 22:00:00,0.0,100,5.5,25.8,0.9975554248767484,22,305,11
2025-11-01 23:00:00,0.0,100,5.6,25.5,1.2894905273814956,23,305,11
2025-11-02 00:00:00,0.0,100,5.6,25.4,1.1558654234836967,0,306,11
2025-11-02 01:00:00,0.0,99,5.2,24.9,0.7089126978931487,1,306,11
2025-11-02 02:00:00,0.0,100,4.9,24.4,0.45176007224148923,2,306,11
2025-11-02 03:00:00,0.0,100,5.2,24.1,0.7672122247182686,3,306,11
2025-11-02 04:00:00,0.0,100,5.1,24.1,0.5900022910541292,4,306,11
2025-11-02 05:00:00,0.0,98,6.1,24.3,1.9422906660059278,5,306,11
2025-11-02 06:00:00,0.0,9,5.0,24.4,0.5993519487745158,6,306,11
2025-11-02 07:00:00,10.0,82,6.5,24.6,2.6936128499308816,7,306,11
2025-11-02 08:00:00,132.0,53,7.0,26.0,4.280100089325244,8,306,11
2025-11-02 09:00:00,324.0,61,10.1,27.8,26.824355125224816,9,306,11
2025-11-02 10:00:00,493.0,45,10.8,29.4,32.68567245379048,10,306,11
2025-11-02 11:00:00,622.0,99,13.0,30.7,50.0,11,306,11
2025-11-02 12:00:00,637.0,98,12.1,31.0,50.0,12,306,11
2025-11-02 13:00:00,610.0,100,11.3,31.4,39.559010216369224,13,306,11
2025-11-02 14:00:00,615.0,100,9.3,31.9,16.194870838517698,14,306,11
2025-11-02 15:00:00,499.0,98,8.9,31.8,14.333008369422242,15,306,11
2025-11-02 16:00:00,319.0,100,10.1,31.8,23.84962678771385,16,306,11
2025-11-02 17:00:00,137.0,100,9.9,28.4,21.925662545726624,17,306,11
2025-11-02 18:00:00,12.0,51,0.6,27.1,0.0,18,306,11
2025-11-02 19:00:00,0.0,59,6.8,26.7,4.074909316736093,19,306,11
2025-11-02 20:00:00,0.0,41,6.2,26.0,2.3569309857890364,20,306,11
2025-11-02 21:00:00,0.0,22,1.5,25.9,0.0,21,306,11
2025-11-02 22:00:00,0.0,10,5.9,25.4,1.4756282793177835,22,306,11
2025-11-02 23:00:00,0.0,16,3.7,25.2,0.02274070540048327,23,306,11
2025-11-03 00:00:00,0.0,13,7.8,25.4,7.061119163822177,0,307,11
2025-11-03 01:00:00,0.0,9,8.7,25.5,12.846916494991232,1,307,11
2025-11-03 02:00:00,0.0,13,3.2,24.9,0.0005202179213620774,2,307,11
2025-11-03 03:00:00,0.0,39,3.1,24.6,6.170528307799009e-05,3,307,11
2025-11-03 04:00:00,0.0,15,1.9,24.6,0.0,4,307,11
2025-11-03 05:00:00,0.0,37,3.3,23.9,0.0016489527879152517,5,307,11
2025-11-03 06:00:00,0.0,23,2.7,24.1,0.0,6,307,11
2025-11-03 07:00:00,9.0,12,1.7,24.1,0.0,7,307,11
2025-11-03 08:00:00,107.0,9,1.7,25.1,0.0,8,307,11
2025-11-03 09:00:00,305.0,14,4.4,26.6,0.18200827391994354,9,307,11
2025-11-03 10:00:00,482.0,25,5.5,28.2,1.0775309931831039,10,307,11
2025-11-03 11:00:00,591.0,12,8.5,28.0,12.585720411673531,11,307,11
2025-11-03 12:00:00,694.0,5,11.6,31.1,42.98529371375239,12,307,11
2025-11-03 13:00:00,719.0,14,13.0,32.1,43.396485061981366,13,307,11
2025-11-03 14:00:00,641.0,18,16.1,32.7,41.03005145087988,14,307,11
2025-11-03 15:00:00,530.0,5,18.4,32.6,50.0,15,307,11
2025-11-03 16:00:00,362.0,5,22.0,31.4,50.0,16,307,11
2025-11-03 17:00:00,168.0,8,19.9,30.2,50.0,17,307,11
2025-11-03 18:00:00,21.0,2,19.3,28.3,49.30526956790147,18,307,11
2025-11-03 19:00:00,0.0,1,16.3,26.7,50.0,19,307,11
2025-11-03 20:00:00,0.0,1,15.7,25.8,50.0,20,307,11
2025-11-03 21:00:00,0.0,0,16.7,25.0,45.7088286696042,21,307,11
2025-11-03 22:00:00,0.0,2,15.9,24.4,50.0,22,307,11
2025-11-03 23:00:00,0.0,3,14.9,24.4,47.4706728931557,23,307,11
2025-11-04 00:00:00,0.0,2,13.1,24.1,50.0,0,308,11
2025-11-04 01:00:00,0.0,3,12.9,23.6,49.49998889489708,1,308,11
2025-11-04 02:00:00,0.0,3,12.6,23.3,48.80504272068966,2,308,11
2025-11-04 03:00:00,0.0,11,13.2,23.1,50.0,3,308,11
2025-11-04 04:00:00,0.0,2,12.6,23.0,50.0,4,308,11
2025-11-04 05:00:00,0.0,0,13.1,22.9,50.0,5,308,11
2025-11-04 06:00:00,0.0,0,11.0,22.6,37.94682136348632,6,308,11
2025-11-04 07:00:00,11.0,0,11.0,22.6,36.16767545176718,7,308,11
2025-11-04 08:00:00,143.0,0,11.9,24.1,44.798019963844325,8,308,11
2025-11-04 09:00:00,348.0,0,16.1,26.5,47.55176339978401,9,308,11
2025-11-04 10:00:00,530.0,15,17.4,28.2,50.0,10,308,11
2025-11-04 11:00:00,649.0,10,15.1,30.0,50.0,11,308,11
2025-11-04 12:00:00,739.0,2,13.6,31.1,49.54660783129005,12,308,11
2025-11-04 13:00:00,752.0,0,12.3,31.8,49.83255619674738,13,308,11
2025-11-04 14:00:00,692.0,0,10.7,32.3,32.25594065421172,14,308,11
2025-11-04 15:00:00,563.0,0,8.8,32.4,12.44269319858453,15,308,11
2025-11-04 16:00:00,381.0,0,7.6,32.1,6.382278436842707,16,308,11
2025-11-04 17:00:00,176.0,0,2.4,30.6,0.0,17,308,11
2025-11-04 18:00:00,22.0,0,0.8,28.9,0.0,18,308,11
2025-11-04 19:00:00,0.0,0,4.8,27.1,0.4259221138971324,19,308,11
2025-11-04 20:00:00,0.0,0,12.2,25.7,50.0,20,308,11
2025-11-04 21:00:00,0.0,0,13.0,24.6,49.468557930313466,21,308,11
2025-11-04 22:00:00,0.0,0,12.1,23.9,43.66049999548425,22,308,11
2025-11-04 23:00:00,0.0,0,14.0,24.1,50.0,23,308,11
2025-11-05 00:00:00,0.0,0,13.8,24.0,43.728176836061415,0,309,11
2025-11-05 01:00:00,0.0,0,11.9,23.6,38.18543621645535,1,309,11
2025-11-05 02:00:00,0.0,0,8.7,23.0,12.09544312733268,2,309,11
2025-11-05 03:00:00,0.0,65,6.6,22.3,3.1543576229238077,3,309,11
2025-11-05 04:00:00,0.0,63,6.9,22.1,4.281757701643237,4,309,11
2025-11-05 05:00:00,0.0,27,8.9,22.3,13.487969305680783,5,309,11
2025-11-05 06:00:00,0.0,100,5.4,22.1,0.8566830802011316,6,309,11
2025-11-05 07:00:00,7.0,100,7.1,22.1,4.745002035638366,7,309,11
2025-11-05 08:00:00,63.0,100,7.6,22.3,6.712968627819709,8,309,11
2025-11-05 09:00:00,199.0,48,7.6,23.2,6.414581087144818,9,309,11
2025-11-05 10:00:00,494.0,30,6.5,26.1,2.9218190219551996,10,309,11
2025-11-05 11:00:00,672.0,14,6.3,29.1,2.260248575157973,11,309,11
2025-11-05 12:00:00,756.0,38,5.6,30.3,1.1535040903920821,12,309,11
2025-11-05 13:00:00,763.0,2,4.9,31.1,0.4428082218185772,13,309,11
2025-11-05 14:00:00,698.0,30,5.1,31.8,0.6781706098787549,14,309,11
2025-11-05 15:00:00,569.0,20,6.1,32.0,2.040592127171025,15,309,11
2025-11-05 16:00:00,388.0,18,7.1,31.8,4.774517550627912,16,309,11
2025-11-05 17:00:00,180.0,0,6.1,29.3,1.9195434612302202,17,309,11
2025-11-05 18:00:00,22.0,0,2.3,27.5,0.0,18,309,11
2025-11-05 19:00:00,0.0,0,1.8,26.7,0.0,19,309,11
2025-11-05 20:00:00,0.0,0,1.2,26.1,0.0,20,309,11
2025-11-05 21:00:00,0.0,0,5.1,23.8,0.7228321078738863,21,309,11
2025-11-05 22:00:00,0.0,0,6.8,22.7,3.3339789880575257,22,309,11
2025-11-05 23:00:00,0.0,0,5.8,21.9,1.5154313583186376,23,309,11
2025-11-06 00:00:00,0.0,0,5.2,21.5,0.7219664400861626,0,310,11
2025-11-06 01:00:00,0.0,0,6.2,20.6,2.343915846040565,1,310,11
2025-11-06 02:00:00,0.0,2,7.0,20.2,4.868254729424193,2,310,11
2025-11-06 03:00:00,0.0,0,7.0,19.4,4.359995431292555,3,310,11
2025-11-06 04:00:00,0.0,0,8.1,19.2,7.956278482024269,4,310,11
2025-11-06 05:00:00,0.0,0,2.5,18.0,0.0,5,310,11
2025-11-06 06:00:00,0.0,0,3.9,18.0,0.04851688638504249,6,310,11
2025-11-06 07:00:00,10.0,0,2.9,17.7,0.0,7,310,11
2025-11-06 08:00:00,141.0,0,7.4,20.2,5.898203321855401,8,310,11
2025-11-06 09:00:00,348.0,0,5.2,23.5,0.649380807614641,9,310,11
2025-11-06 10:00:00,540.0,0,5.6,26.4,1.1681242349311967,10,310,11
2025-11-06 11:00:00,685.0,0,5.4,28.8,0.9627588785249891,11,310,11
2025-11-06 12:00:00,766.0,0,5.7,30.5,1.475101269985501,12,310,11
2025-11-06 13:00:00,773.0,0,8.1,31.7,8.332527514033059,13,310,11
2025-11-06 14:00:00,706.0,0,7.9,32.0,8.309103641089646,14,310,11
2025-11-06 15:00:00,572.0,0,6.7,31.8,3.3045197835242432,15,310,11
2025-11-06 16:00:00,386.0,0,4.4,31.2,0.19840779686069082,16,310,11
2025-11-06 17:00:00,177.0,0,2.0,29.2,0.0,17,310,11
2025-11-06 18:00:00,21.0,0,2.4,26.9,0.0,18,310,11
2025-11-06 19:00:00,0.0,0,2.2,26.3,0.0,19,310,11
2025-11-06 20:00:00,0.0,0,3.0,24.1,0.0,20,310,11
2025-11-06 21:00:00,0.0,0,6.0,21.7,2.069095154017528,21,310,11
2025-11-06 22:00:00,0.0,0,1.3,22.5,0.0,22,310,11
2025-11-06 23:00:00,0.0,0,4.0,21.3,0.07227431454610929,23,310,11
2025-11-07 00:00:00,0.0,0,3.2,21.0,0.0006456027951602033,0,311,11
2025-11-07 01:00:00,0.0,0,2.3,20.7,0.0,1,311,11
2025-11-07 02:00:00,0.0,0,1.9,20.8,0.0,2,311,11
2025-11-07 03:00:00,0.0,0,1.3,20.5,0.0,3,311,11
2025-11-07 04:00:00,0.0,0,4.2,19.1,0.10276079642207227,4,311,11
2025-11-07 05:00:00,0.0,0,4.0,18.1,0.0641231775405443,5,311,11
2025-11-07 06:00:00,0.0,0,7.1,17.4,4.227659650642762,6,311,11
2025-11-07 07:00:00,9.0,0,4.8,17.5,0.44788509500210816,7,311,11
2025-11-07 08:00:00,138.0,0,2.5,20.3,0.0,8,311,11
2025-11-07 09:00:00,344.0,0,0.6,24.0,0.0,9,311,11
2025-11-07 10:00:00,534.0,0,2.2,26.7,0.0,10,311,11
2025-11-07 11:00:00,677.0,0,4.9,29.5,0.4352552302292501,11,311,11
2025-11-07 12:00:00,756.0,0,5.8,30.9,1.575462728753357,12,311,11
2025-11-07 13:00:00,764.0,0,5.9,31.2,1.5522273277787186,13,311,11
2025-11-07 14:00:00,698.0,0,5.9,31.3,1.5820492233594379,14,311,11
2025-11-07 15:00:00,565.0,0,5.8,31.1,1.5186194885672044,15,311,11
2025-11-07 16:00:00,381.0,0,5.8,30.6,1.4920323520382581,16,311,11
2025-11-07 17:00:00,174.0,0,5.7,28.1,1.1666770243684044,17,311,11
2025-11-07 18:00:00,20.0,0,2.3,26.5,0.0,18,311,11
2025-11-07 19:00:00,0.0,0,0.5,26.2,0.0,19,311,11
2025-11-07 20:00:00,0.0,0,3.6,23.6,0.015207258945261851,20,311,11
2025-11-07 21:00:00,0.0,0,7.1,21.9,4.744454185963064,21,311,11
2025-11-07 22:00:00,0.0,0,1.3,22.4,0.0,22,311,11
2025-11-07 23:00:00,0.0,0,0.9,21.4,0.0,23,311,11
2025-11-08 00:00:00,0.0,0,4.5,20.9,0.2537234070708644,0,312,11
2025-11-08 01:00:00,0.0,0,11.0,20.0,41.7447354237434,1,312,11
2025-11-08 02:00:00,0.0,0,9.7,19.0,23.634302687205235,2,312,11
2025-11-08 03:00:00,0.0,0,8.1,18.3,8.590306085094673,3,312,11
2025-11-08 04:00:00,0.0,0,6.1,17.4,1.6441271003155895,4,312,11
2025-11-08 05:00:00,0.0,0,4.5,17.4,0.2224298142763604,5,312,11
2025-11-08 06:00:00,0.0,0,3.4,17.4,0.004550648426317481,6,312,11
2025-11-08 07:00:00,9.0,0,2.5,17.5,0.0,7,312,11
2025-11-08 08:00:00,137.0,0,3.6,20.0,0.01596589331836944,8,312,11
2025-11-08 09:00:00,344.0,0,2.9,23.0,0.0,9,312,11
2025-11-08 10:00:00,536.0,0,3.1,25.5,6.998592738690906e-05,10,312,11
2025-11-08 11:00:00,680.0,0,5.3,28.3,0.78420808901802,11,312,11
2025-11-08 12:00:00,757.0,0,5.9,30.0,1.7809353250401454,12,312,11
2025-11-08 13:00:00,762.0,0,4.4,30.9,0.20723635500726906,13,312,11
2025-11-08 14:00:00,695.0,0,5.3,31.1,0.8287853206754199,14,312,11
2025-11-08 15:00:00,562.0,0,6.7,31.0,3.2031133325187557,15,312,11
2025-11-08 16:00:00,378.0,0,7.4,30.3,5.857903134272104,16,312,11
2025-11-08 17:00:00,171.0,0,5.2,27.7,0.6952742466159326,17,312,11
2025-11-08 18:00:00,19.0,0,3.6,25.8,0.013246004465789715,18,312,11
2025-11-08 19:00:00,0.0,0,2.9,25.0,0.0,19,312,11
2025-11-08 20:00:00,0.0,0,6.5,22.9,3.006697359784215,20,312,11
2025-11-08 21:00:00,0.0,0,6.0,21.8,1.8644516954209187,21,312,11
2025-11-08 22:00:00,0.0,0,5.4,21.1,0.9197654404050813,22,312,11
2025-11-08 23:00:00,0.0,0,6.2,20.0,2.387512374043821,23,312,11
2025-11-09 00:00:00,0.0,0,6.5,19.7,3.3643757052954006,0,313,11
2025-11-09 01:00:00,0.0,0,6.4,19.1,2.640367106602879,1,313,11
2025-11-09 02:00:00,0.0,0,5.8,18.6,1.4288015202383975,2,313,11
2025-11-09 03:00:00,0.0,0,4.4,18.2,0.20329055846823352,3,313,11
2025-11-09 04:00:00,0.0,0,4.4,17.6,0.16599424648084873,4,313,11
2025-11-09 05:00:00,0.0,0,6.5,17.0,2.657266142921903,5,313,11
2025-11-09 06:00:00,0.0,0,7.1,16.9,5.463995090199177,6,313,11
2025-11-09 07:00:00,8.0,0,5.9,16.8,1.6685797173199532,7,313,11
2025-11-09 08:00:00,134.0,0,7.1,19.4,4.894689904633171,8,313,11
2025-11-09 09:00:00,339.0,0,6.4,22.3,3.0157341906287978,9,313,11
2025-11-09 10:00:00,529.0,0,7.9,25.1,8.04131032635118,10,313,11
2025-11-09 11:00:00,672.0,0,8.0,27.8,7.828288346773466,11,313,11
2025-11-09 12:00:00,750.0,0,5.3,29.3,0.8176689986989677,12,313,11
2025-11-09 13:00:00,753.0,0,5.6,29.9,1.156579855521766,13,313,11
2025-11-09 14:00:00,687.0,0,6.2,30.2,2.190542857089138,14,313,11
2025-11-09 15:00:00,555.0,0,7.2,30.4,5.471942782535403,15,313,11
2025-11-09 16:00:00,372.0,0,7.8,30.0,7.15505057706404,16,313,11
2025-11-09 17:00:00,167.0,0,6.9,27.7,4.158354393575666,17,313,11
2025-11-09 18:00:00,18.0,0,5.6,24.8,0.9707957793661931,18,313,11
2025-11-09 19:00:00,0.0,0,3.6,23.8,0.014612539548558434,19,313,11
2025-11-09 20:00:00,0.0,0,10.4,23.2,28.20435174383126,20,313,11
2025-11-09 21:00:00,0.0,0,8.7,22.3,12.604538752040531,21,313,11
2025-11-09 22:00:00,0.0,0,9.0,21.3,16.004531820624212,22,313,11
2025-11-09 23:00:00,0.0,0,8.6,20.4,12.431684256622297,23,313,11
2025-11-10 00:00:00,0.0,0,8.4,20.0,11.093077732141943,0,314,11
2025-11-10 01:00:00,0.0,0,7.0,19.3,4.64958687718413,1,314,11
2025-11-10 02:00:00,0.0,0,6.3,18.4,2.251267136322593,2,314,11
2025-11-10 03:00:00,0.0,0,5.7,17.7,1.3404984414181833,3,314,11
2025-11-10 04:00:00,0.0,0,5.2,17.1,0.7515906668159549,4,314,11
2025-11-10 05:00:00,0.0,0,4.2,16.6,0.12009321071955625,5,314,11
2025-11-10 06:00:00,0.0,0,4.3,16.3,0.1441766282349202,6,314,11
2025-11-10 07:00:00,8.0,0,5.2,16.6,0.7679760306514655,7,314,11
2025-11-10 08:00:00,131.0,0,8.1,19.3,9.65849516948141,8,314,11
2025-11-10 09:00:00,334.0,0,5.3,22.2,0.7266190510065846,9,314,11
2025-11-10 10:00:00,522.0,0,4.2,24.7,0.09688661805512842,10,314,11
2025-11-10 11:00:00,664.0,0,3.1,27.2,7.113222175561433e-05,11,314,11
2025-11-10 12:00:00,741.0,0,3.6,28.8,0.013917535375404733,12,314,11
2025-11-10 13:00:00,748.0,0,2.7,29.7,0.0,13,314,11
2025-11-10 14:00:00,682.0,0,2.8,30.2,0.0,14,314,11
2025-11-10 15:00:00,552.0,0,3.3,30.4,0.001855943260269511,15,314,11
2025-11-10 16:00:00,369.0,0,4.4,30.1,0.18593839280999608,16,314,11
2025-11-10 17:00:00,166.0,0,2.0,28.4,0.0,17,314,11
2025-11-10 18:00:00,18.0,0,2.9,25.4,0.0,18,314,11
2025-11-10 19:00:00,0.0,0,3.3,23.9,0.001930483201636485,19,314,11
2025-11-10 20:00:00,0.0,0,8.2,23.1,9.185196145134913,20,314,11
2025-11-10 21:00:00,0.0,0,7.0,22.0,4.8290134806816205,21,314,11
2025-11-10 22:00:00,0.0,0,6.7,21.0,3.423430777583707,22,314,11
2025-11-10 23:00:00,0.0,0,6.3,20.2,2.5129645308748922,23,314,11
2025-11-11 00:00:00,0.0,0,6.9,19.7,4.086322141063681,0,315,11
2025-11-11 01:00:00,0.0,0,7.9,19.3,8.455609886479873,1,315,11
2025-11-11 02:00:00,0.0,0,6.1,18.5,2.2902511452757714,2,315,11
2025-11-11 03:00:00,0.0,0,5.3,17.9,0.885050310691936,3,315,11
2025-11-11 04:00:00,0.0,0,4.5,17.4,0.2069079302593867,4,315,11
2025-11-11 05:00:00,0.0,0,5.2,16.9,0.6976914363062194,5,315,11
2025-11-11 06:00:00,0.0,0,4.9,16.7,0.44907110210649337,6,315,11
2025-11-11 07:00:00,7.0,0,4.6,16.9,0.2809040983822826,7,315,11
2025-11-11 08:00:00,127.0,0,5.9,19.4,1.79570796845517,8,315,11
2025-11-11 09:00:00,327.0,0,4.0,22.2,0.0752939601110821,9,315,11
2025-11-11 10:00:00,515.0,0,4.1,24.5,0.08849087396288469,10,315,11
2025-11-11 11:00:00,657.0,0,3.5,26.8,0.00817067702831461,11,315,11
2025-11-11 12:00:00,735.0,0,2.0,28.2,0.0,12,315,11
2025-11-11 13:00:00,742.0,0,3.1,29.0,6.412325142469668e-05,13,315,11
2025-11-11 14:00:00,678.0,0,3.2,29.3,0.0005236940617137462,14,315,11
2025-11-11 15:00:00,547.0,0,4.6,29.4,0.273934436661583,15,315,11
2025-11-11 16:00:00,366.0,0,6.6,29.2,3.10321409278691,16,315,11
2025-11-11 17:00:00,163.0,0,8.2,27.6,10.183914104260149,17,315,11
2025-11-11 18:00:00,17.0,0,8.0,25.4,7.395223136179151,18,315,11
2025-11-11 19:00:00,0.0,0,4.8,24.2,0.3603660967612381,19,315,11
2025-11-11 20:00:00,0.0,0,2.7,23.6,0.0,20,315,11
2025-11-11 21:00:00,0.0,0,7.1,22.3,5.32423199306377,21,315,11
2025-11-11 22:00:00,0.0,0,10.5,21.7,30.664392742349914,22,315,11
2025-11-11 23:00:00,0.0,0,9.3,20.9,17.46073314779343,23,315,11
2025-11-12 00:00:00,0.0,0,8.6,20.1,11.942833431096727,0,316,11
2025-11-12 01:00:00,0.0,0,6.6,19.4,3.361982424740527,1,316,11
2025-11-12 02:00:00,0.0,0,7.2,18.8,4.964727346002257,2,316,11
2025-11-12 03:00:00,0.0,0,7.1,18.1,4.4576681892276495,3,316,11
2025-11-12 04:00:00,0.0,0,6.6,17.6,3.2916955917618327,4,316,11
2025-11-12 05:00:00,0.0,0,7.7,17.3,7.1995379332860905,5,316,11
2025-11-12 06:00:00,0.0,0,6.8,17.3,3.641678648397935,6,316,11
2025-11-12 07:00:00,7.0,0,6.3,17.4,2.530950182541362,7,316,11
2025-11-12 08:00:00,125.0,0,6.8,19.3,3.791256031124659,8,316,11
2025-11-12 09:00:00,324.0,0,6.0,21.9,1.9913040116050382,9,316,11
2025-11-12 10:00:00,512.0,0,6.7,24.4,2.768121663791207,10,316,11
2025-11-12 11:00:00,654.0,0,8.8,27.5,13.75643931575473,11,316,11
2025-11-12 12:00:00,733.0,0,8.4,29.1,10.479774962142171,12,316,11
2025-11-12 13:00:00,740.0,0,7.9,29.7,8.855040225218081,13,316,11
2025-11-12 14:00:00,675.0,0,7.2,29.9,5.427695900139427,14,316,11
2025-11-12 15:00:00,545.0,0,6.3,29.9,2.6794025302546034,15,316,11
2025-11-12 16:00:00,364.0,0,6.0,29.5,1.727209571098519,16,316,11
2025-11-12 17:00:00,162.0,0,4.2,27.8,0.12612047138870053,17,316,11
2025-11-12 18:00:00,17.0,0,5.8,25.5,1.5461803968249241,18,316,11
2025-11-12 19:00:00,0.0,0,4.9,24.4,0.46915433904259407,19,316,11
2025-11-12 20:00:00,0.0,0,2.2,23.2,0.0,20,316,11
2025-11-12 21:00:00,0.0,0,1.8,22.2,0.0,21,316,11
2025-11-12 22:00:00,0.0,0,3.4,21.3,0.004032324777843893,22,316,11
2025-11-12 23:00:00,0.0,0,3.8,20.7,0.03492858061865421,23,316,11
2025-11-13 00:00:00,0.0,0,2.5,20.5,0.0,0,317,11
2025-11-13 01:00:00,0.0,0,2.6,19.6,0.0,1,317,11
2025-11-13 02:00:00,0.0,0,3.1,18.5,6.803455483501157e-05,2,317,11
2025-11-13 03:00:00,0.0,0,5.9,17.7,1.7479926518393045,3,317,11
2025-11-13 04:00:00,0.0,0,6.4,17.1,2.5276284738256813,4,317,11
2025-11-13 05:00:00,0.0,0,6.3,16.6,2.5160644946940893,5,317,11
2025-11-13 06:00:00,0.0,0,6.0,16.8,1.6383599964546163,6,317,11
2025-11-13 07:00:00,6.0,0,6.0,17.1,1.7596910107194534,7,317,11
2025-11-13 08:00:00,123.0,0,7.8,19.6,8.099320955618172,8,317,11
2025-11-13 09:00:00,322.0,0,5.6,22.4,1.0669857855366558,9,317,11
2025-11-13 10:00:00,510.0,0,5.0,24.9,0.6002487475933619,10,317,11
2025-11-13 11:00:00,652.0,0,5.9,27.6,1.5371830759514276,11,317,11
2025-11-13 12:00:00,730.0,0,8.2,29.5,9.52998138571596,12,317,11
2025-11-13 13:00:00,738.0,0,9.6,30.3,19.0803393071823,13,317,11
2025-11-13 14:00:00,675.0,0,8.5,30.5,9.911936142144913,14,317,11
2025-11-13 15:00:00,545.0,0,6.7,30.5,3.413341697855396,15,317,11
2025-11-13 16:00:00,364.0,0,5.4,30.1,0.9658538006134462,16,317,11
2025-11-13 17:00:00,162.0,0,1.3,28.9,0.0,17,317,11
2025-11-13 18:00:00,17.0,0,2.7,26.4,0.0,18,317,11
2025-11-13 19:00:00,0.0,0,6.4,24.5,2.6873861826766996,19,317,11
2025-11-13 20:00:00,0.0,0,6.3,23.1,2.361915074090071,20,317,11
2025-11-13 21:00:00,0.0,0,3.3,23.0,0.0019716229753727202,21,317,11
2025-11-13 22:00:00,0.0,0,1.0,22.9,0.0,22,317,11
2025-11-13 23:00:00,0.0,0,2.2,21.2,0.0,23,317,11
2025-11-14 00:00:00,0.0,0,1.7,19.9,0.0,0,318,11
2025-11-14 01:00:00,0.0,0,0.5,19.6,0.0,1,318,11
2025-11-14 02:00:00,0.0,0,3.9,19.0,0.05057338591177743,2,318,11
2025-11-14 03:00:00,0.0,0,5.9,18.2,1.81241182743917,3,318,11
2025-11-14 04:00:00,0.0,0,4.4,17.0,0.17978675379364886,4,318,11
2025-11-14 05:00:00,0.0,0,1.1,17.0,0.0,5,318,11
2025-11-14 06:00:00,0.0,0,3.0,16.8,0.0,6,318,11
2025-11-14 07:00:00,6.0,0,5.6,16.8,1.0751387889599402,7,318,11
2025-11-14 08:00:00,122.0,0,4.0,19.2,0.07812303070470455,8,318,11
2025-11-14 09:00:00,322.0,0,1.8,22.3,0.0,9,318,11
2025-11-14 10:00:00,511.0,0,1.3,25.2,0.0,10,318,11
2025-11-14 11:00:00,653.0,0,3.3,28.2,0.0017504184010678958,11,318,11
2025-11-14 12:00:00,731.0,0,6.9,30.0,3.7948189257114993,12,318,11
2025-11-14 13:00:00,739.0,0,6.9,30.5,3.988196042093509,13,318,11
2025-11-14 14:00:00,675.0,0,6.1,30.6,2.37597574054907,14,318,11
2025-11-14 15:00:00,545.0,0,5.2,30.4,0.6752844816258693,15,318,11
2025-11-14 16:00:00,364.0,0,4.7,30.1,0.3448569662383028,16,318,11
2025-11-14 17:00:00,162.0,0,2.3,28.5,0.0,17,318,11
2025-11-14 18:00:00,16.0,0,3.1,26.4,6.255198283693623e-05,18,318,11
2025-11-14 19:00:00,0.0,0,6.9,24.1,4.226455486539216,19,318,11
2025-11-14 20:00:00,0.0,0,5.5,22.6,0.942592576540738,20,318,11
2025-11-14 21:00:00,0.0,0,4.7,21.9,0.376930575732015,21,318,11
2025-11-14 22:00:00,0.0,0,2.2,21.4,0.0,22,318,11
2025-11-14 23:00:00,0.0,0,5.0,20.2,0.48125293322703716,23,318,11
2025-11-15 00:00:00,0.0,0,2.1,19.8,0.0,0,319,11
2025-11-15 01:00:00,0.0,0,3.1,19.1,6.7975479252711e-05,1,319,11
2025-11-15 02:00:00,0.0,0,2.5,18.2,0.0,2,319,11
2025-11-15 03:00:00,0.0,0,0.4,18.2,0.0,3,319,11
2025-11-15 04:00:00,0.0,0,0.3,18.3,0.0,4,319,11
2025-11-15 05:00:00,0.0,0,4.8,16.9,0.34696501805025104,5,319,11
2025-11-15 06:00:00,0.0,0,3.8,16.0,0.030048560786049738,6,319,11
2025-11-15 07:00:00,5.0,0,1.7,16.5,0.0,7,319,11
2025-11-15 08:00:00,120.0,0,4.2,18.7,0.12041750753708805,8,319,11
2025-11-15 09:00:00,320.0,0,1.9,21.8,0.0,9,319,11
2025-11-15 10:00:00,508.0,0,3.1,24.8,6.251297260346025e-05,10,319,11
2025-11-15 11:00:00,650.0,0,5.0,27.6,0.438019797081314,11,319,11
2025-11-15 12:00:00,729.0,0,8.6,29.3,11.611310754987668,12,319,11
2025-11-15 13:00:00,737.0,0,9.8,30.0,19.767720445314858,13,319,11
2025-11-15 14:00:00,674.0,0,9.4,30.3,19.279086589820412,14,319,11
2025-11-15 15:00:00,544.0,0,9.7,30.4,19.34396078609491,15,319,11
2025-11-15 16:00:00,363.0,0,11.5,29.9,41.7389102608372,16,319,11
2025-11-15 17:00:00,161.0,0,7.2,27.5,5.446187232375218,17,319,11
2025-11-15 18:00:00,16.0,0,7.2,24.3,5.405161679225335,18,319,11
2025-11-15 19:00:00,0.0,0,7.4,22.7,6.068417758969072,19,319,11
2025-11-15 20:00:00,0.0,0,7.9,21.8,7.267984959079621,20,319,11
2025-11-15 21:00:00,0.0,0,7.8,21.2,7.384296339907196,21,319,11
2025-11-15 22:00:00,0.0,0,6.6,20.5,3.0537442424343624,22,319,11
2025-11-15 23:00:00,0.0,0,6.2,19.7,2.2509550113109937,23,319,11
2025-11-16 00:00:00,0.0,0,4.1,19.8,0.08776451406868332,0,320,11
2025-11-16 01:00:00,0.0,0,4.6,19.3,0.2923663981334426,1,320,11
2025-11-16 02:00:00,0.0,0,5.0,18.5,0.5406164774154606,2,320,11
2025-11-16 03:00:00,0.0,0,3.5,18.5,0.007827489674685054,3,320,11
2025-11-16 04:00:00,0.0,0,2.9,17.3,0.0,4,320,11
2025-11-16 05:00:00,0.0,0,2.3,15.6,0.0,5,320,11
2025-11-16 06:00:00,0.0,0,0.9,15.6,0.0,6,320,11
2025-11-16 07:00:00,5.0,0,1.0,15.7,0.0,7,320,11
2025-11-16 08:00:00,120.0,0,2.0,17.7,0.0,8,320,11
2025-11-16 09:00:00,322.0,0,0.9,21.1,0.0,9,320,11
2025-11-16 10:00:00,514.0,0,2.9,23.9,0.0,10,320,11
2025-11-16 11:00:00,658.0,0,6.4,26.5,2.57908876412394,11,320,11
2025-11-16 12:00:00,734.0,0,6.8,28.1,3.5453632659938616,12,320,11
2025-11-16 13:00:00,741.0,0,8.8,29.2,12.094340586959945,13,320,11
2025-11-16 14:00:00,677.0,0,10.4,29.7,29.006240328090584,14,320,11
2025-11-16 15:00:00,546.0,0,11.2,29.8,32.49561777822856,15,320,11
2025-11-16 16:00:00,363.0,0,12.5,29.3,50.0,16,320,11
2025-11-16 17:00:00,160.0,0,7.5,26.9,5.294056618939162,17,320,11
2025-11-16 18:00:00,16.0,0,7.5,23.9,6.098957053435822,18,320,11
2025-11-16 19:00:00,0.0,0,8.3,22.3,10.864488923542199,19,320,11
2025-11-16 20:00:00,0.0,0,9.0,21.5,16.25962177911934,20,320,11
2025-11-16 21:00:00,0.0,0,7.7,20.5,6.915052158907933,21,320,11
2025-11-16 22:00:00,0.0,0,5.4,19.7,0.9169903157652556,22,320,11
2025-11-16 23:00:00,0.0,0,7.0,19.3,3.624710163562901,23,320,11
2025-11-17 00:00:00,0.0,0,6.0,18.9,1.7757170553907804,0,321,11
2025-11-17 01:00:00,0.0,0,5.2,18.4,0.7061477811573715,1,321,11
2025-11-17 02:00:00,0.0,0,5.2,18.1,0.5728689843820917,2,321,11
2025-11-17 03:00:00,0.0,0,2.5,17.7,0.0,3,321,11
2025-11-17 04:00:00,0.0,0,1.3,16.5,0.0,4,321,11
2025-11-17 05:00:00,0.0,0,0.9,15.5,0.0,5,321,11
2025-11-17 06:00:00,0.0,0,3.1,14.2,6.655156532683316e-05,6,321,11
2025-11-17 07:00:00,5.0,0,2.9,14.0,0.0,7,321,11
2025-11-17 08:00:00,118.0,0,4.7,16.8,0.33180348967836626,8,321,11
2025-11-17 09:00:00,320.0,0,3.1,20.7,6.992920499300201e-05,9,321,11
2025-11-17 10:00:00,512.0,0,2.1,23.7,0.0,10,321,11
2025-11-17 11:00:00,656.0,0,4.5,26.3,0.2508003910677289,11,321,11
2025-11-17 12:00:00,735.0,0,6.9,27.9,4.091889826275927,12,321,11
2025-11-17 13:00:00,743.0,0,8.8,28.7,12.643918939391881,13,321,11
2025-11-17 14:00:00,679.0,0,8.4,28.9,11.663352741956961,14,321,11
2025-11-17 15:00:00,549.0,0,7.8,29.0,6.848951297975732,15,321,11
2025-11-17 16:00:00,366.0,0,7.2,28.6,4.557119725268712,16,321,11
2025-11-17 17:00:00,161.0,0,4.4,26.3,0.18111538715300107,17,321,11
2025-11-17 18:00:00,16.0,0,5.7,23.6,1.322553412705266,18,321,11
2025-11-17 19:00:00,0.0,0,6.9,22.0,3.252875467841638,19,321,11
2025-11-17 20:00:00,0.0,0,5.4,21.1,0.7800122653410757,20,321,11
2025-11-17 21:00:00,0.0,0,7.7,19.9,6.800162983601761,21,321,11
2025-11-17 22:00:00,0.0,0,4.8,19.4,0.3503456397133877,22,321,11
2025-11-17 23:00:00,0.0,0,2.8,19.1,0.0,23,321,11
2025-11-18 00:00:00,0.0,0,1.1,18.3,0.0,0,322,11
2025-11-18 01:00:00,0.0,0,0.3,17.7,0.0,1,322,11
2025-11-18 02:00:00,0.0,0,0.4,16.9,0.0,2,322,11
2025-11-18 03:00:00,0.0,0,1.0,16.4,0.0,3,322,11
2025-11-18 04:00:00,0.0,0,0.7,15.9,0.0,4,322,11
2025-11-18 05:00:00,0.0,0,0.8,15.4,0.0,5,322,11
2025-11-18 06:00:00,0.0,0,0.4,14.8,0.0,6,322,11
2025-11-18 07:00:00,4.0,0,0.4,14.4,0.0,7,322,11
2025-11-18 08:00:00,118.0,0,1.1,16.2,0.0,8,322,11
2025-11-18 09:00:00,320.0,0,2.5,19.6,0.0,9,322,11
2025-11-18 10:00:00,511.0,0,4.3,22.5,0.16556739447411564,10,322,11
2025-11-18 11:00:00,654.0,0,6.2,25.2,2.084720765677388,11,322,11
2025-11-18 12:00:00,733.0,0,7.7,27.0,6.954682514439892,12,322,11
2025-11-18 13:00:00,740.0,0,9.7,28.1,20.922902201931354,13,322,11
2025-11-18 14:00:00,676.0,0,9.0,28.5,17.87678667672533,14,322,11
2025-11-18 15:00:00,546.0,0,9.2,28.6,17.709818444383167,15,322,11
2025-11-18 16:00:00,365.0,0,9.2,28.1,18.783068963538263,16,322,11
2025-11-18 17:00:00,161.0,0,6.6,25.4,3.2927472773122086,17,322,11
2025-11-18 18:00:00,16.0,0,7.7,22.7,7.440689894064528,18,322,11
2025-11-18 19:00:00,0.0,0,8.3,21.1,8.661219274062276,19,322,11
2025-11-18 20:00:00,0.0,0,6.5,20.3,2.7350738761388627,20,322,11
2025-11-18 21:00:00,0.0,0,5.7,19.7,1.4201815259762778,21,322,11
2025-11-18 22:00:00,0.0,0,5.6,18.5,1.050486635830212,22,322,11
2025-11-18 23:00:00,0.0,0,5.4,17.9,0.9364446062594864,23,322,11
2025-11-19 00:00:00,0.0,0,1.5,17.9,0.0,0,323,11
2025-11-19 01:00:00,0.0,0,1.0,16.8,0.0,1,323,11
2025-11-19 02:00:00,0.0,0,3.3,15.3,0.0018806508393709304,2,323,11
2025-11-19 03:00:00,0.0,0,4.5,14.4,0.224581278433364,3,323,11
2025-11-19 04:00:00,0.0,0,4.0,14.1,0.06026765082038047,4,323,11
2025-11-19 05:00:00,0.0,0,2.8,14.2,0.0,5,323,11
2025-11-19 06:00:00,0.0,0,2.5,14.0,0.0,6,323,11
2025-11-19 07:00:00,4.0,0,2.8,13.6,0.0,7,323,11
2025-11-19 08:00:00,116.0,0,2.0,15.7,0.0,8,323,11
2025-11-19 09:00:00,318.0,0,0.8,19.5,0.0,9,323,11
2025-11-19 10:00:00,508.0,0,1.7,22.6,0.0,10,323,11
2025-11-19 11:00:00,653.0,0,4.3,25.5,0.14081942243879447,11,323,11
2025-11-19 12:00:00,732.0,0,5.4,27.4,0.8585124601375115,12,323,11
2025-11-19 13:00:00,741.0,0,5.8,28.4,1.6880679821521576,13,323,11
2025-11-19 14:00:00,676.0,0,6.1,28.6,2.021770569232078,14,323,11
2025-11-19 15:00:00,546.0,0,5.5,28.6,0.9207677683921813,15,323,11
2025-11-19 16:00:00,364.0,0,4.5,28.1,0.21111019765066308,16,323,11
2025-11-19 17:00:00,159.0,0,2.1,25.9,0.0,17,323,11
2025-11-19 18:00:00,15.0,0,4.1,23.2,0.08165029938028927,18,323,11
2025-11-19 19:00:00,0.0,0,6.6,20.8,2.9549976595830834,19,323,11
2025-11-19 20:00:00,0.0,0,4.8,19.5,0.421372816338867,20,323,11
2025-11-19 21:00:00,0.0,0,3.4,19.0,0.004235210505003425,21,323,11
2025-11-19 22:00:00,0.0,0,2.9,18.6,0.0,22,323,11
2025-11-19 23:00:00,0.0,0,4.0,17.9,0.06495802470528152,23,323,11
2025-11-20 00:00:00,0.0,0,2.1,17.5,0.0,0,324,11
2025-11-20 01:00:00,0.0,0,1.1,17.2,0.0,1,324,11
2025-11-20 02:00:00,0.0,0,0.5,16.8,0.0,2,324,11
2025-11-20 03:00:00,0.0,0,0.8,15.8,0.0,3,324,11
2025-11-20 04:00:00,0.0,0,1.0,14.9,0.0,4,324,11
2025-11-20 05:00:00,0.0,0,0.6,14.2,0.0,5,324,11
2025-11-20 06:00:00,0.0,0,1.0,14.1,0.0,6,324,11
2025-11-20 07:00:00,4.0,0,2.3,13.5,0.0,7,324,11
2025-11-20 08:00:00,112.0,0,2.4,15.8,0.0,8,324,11
2025-11-20 09:00:00,312.0,0,2.1,19.6,0.0,9,324,11
2025-11-20 10:00:00,502.0,0,2.9,22.5,0.0,10,324,11
2025-11-20 11:00:00,645.0,0,4.4,25.0,0.2052077667558501,11,324,11
2025-11-20 12:00:00,725.0,0,6.0,26.8,2.095429315702755,12,324,11
2025-11-20 13:00:00,734.0,0,8.9,28.0,15.027708980415985,13,324,11
2025-11-20 14:00:00,671.0,0,9.2,28.5,17.066323165370815,14,324,11
2025-11-20 15:00:00,542.0,0,8.9,28.7,14.856913326582324,15,324,11
2025-11-20 16:00:00,361.0,0,9.0,28.2,14.669818469888888,16,324,11
2025-11-20 17:00:00,158.0,0,5.6,25.5,1.2812134133333528,17,324,11
2025-11-20 18:00:00,15.0,0,5.6,22.8,1.502897359890063,18,324,11
2025-11-20 19:00:00,0.0,0,7.0,20.5,3.9901750061351375,19,324,11
2025-11-20 20:00:00,0.0,0,7.0,19.4,4.3667935092972865,20,324,11
2025-11-20 21:00:00,0.0,0,4.3,19.3,0.14186199286719725,21,324,11
2025-11-20 22:00:00,0.0,0,2.3,19.0,0.0,22,324,11
2025-11-20 23:00:00,0.0,0,3.6,18.2,0.015794858235675537,23,324,11
2025-11-21 00:00:00,0.0,0,2.4,17.9,0.0,0,325,11
2025-11-21 01:00:00,0.0,0,1.2,17.5,0.0,1,325,11
2025-11-21 02:00:00,0.0,0,2.1,16.1,0.0,2,325,11
2025-11-21 03:00:00,0.0,0,1.4,15.3,0.0,3,325,11
2025-11-21 04:00:00,0.0,0,1.3,15.2,0.0,4,325,11
2025-11-21 05:00:00,0.0,0,3.6,14.3,0.014655267264072768,5,325,11
2025-11-21 06:00:00,0.0,0,4.3,13.8,0.1305272010541066,6,325,11
2025-11-21 07:00:00,3.0,0,4.2,13.8,0.12871361453629557,7,325,11
2025-11-21 08:00:00,108.0,1,4.9,16.4,0.49956060103096056,8,325,11
2025-11-21 09:00:00,305.0,0,2.7,19.6,0.0,9,325,11
2025-11-21 10:00:00,494.0,0,2.7,22.6,0.0,10,325,11
2025-11-21 11:00:00,638.0,0,4.2,25.5,0.11572710019479,11,325,11
2025-11-21 12:00:00,718.0,0,7.1,27.5,4.471906735205499,12,325,11
2025-11-21 13:00:00,727.0,0,9.3,28.7,15.629361433445544,13,325,11
2025-11-21 14:00:00,663.0,0,9.3,29.3,18.746946353584065,14,325,11
2025-11-21 15:00:00,535.0,0,9.5,29.4,18.35026915723649,15,325,11
2025-11-21 16:00:00,356.0,0,8.9,28.8,15.073088062279934,16,325,11
2025-11-21 17:00:00,155.0,0,6.3,25.8,2.253895950329573,17,325,11
2025-11-21 18:00:00,14.0,0,7.8,22.6,7.119427655425081,18,325,11
2025-11-21 19:00:00,0.0,0,7.9,20.8,7.439703951004468,19,325,11
2025-11-21 20:00:00,0.0,0,5.5,20.4,0.9709443857562651,20,325,11
2025-11-21 21:00:00,0.0,1,2.9,20.2,0.0,21,325,11
2025-11-21 22:00:00,0.0,0,1.0,19.9,0.0,22,325,11
2025-11-21 23:00:00,0.0,0,0.4,19.2,0.0,23,325,11
2025-11-22 00:00:00,0.0,0,2.4,17.6,0.0,0,326,11
2025-11-22 01:00:00,0.0,0,3.7,16.8,0.02291636609601894,1,326,11
2025-11-22 02:00:00,0.0,2,5.9,15.8,1.4673363759132854,2,326,11
2025-11-22 03:00:00,0.0,2,3.7,15.6,0.02263436085654102,3,326,11
2025-11-22 04:00:00,0.0,24,2.6,15.3,0.0,4,326,11
2025-11-22 05:00:00,0.0,92,3.3,14.8,0.001899679927149531,5,326,11
2025-11-22 06:00:00,0.0,90,4.6,14.4,0.30540480550678833,6,326,11
2025-11-22 07:00:00,3.0,68,5.1,13.8,0.6217880746594745,7,326,11
2025-11-22 08:00:00,105.0,55,7.4,16.0,5.426920933181866,8,326,11
2025-11-22 09:00:00,300.0,59,4.5,19.1,0.24560558853749467,9,326,11
2025-11-22 10:00:00,488.0,88,3.1,21.8,7.23187503554183e-05,10,326,11
2025-11-22 11:00:00,628.0,25,4.0,24.4,0.07783996433800403,11,326,11
2025-11-22 12:00:00,712.0,9,4.5,26.5,0.25091901043332765,12,326,11
2025-11-22 13:00:00,722.0,0,5.2,28.0,0.7000185499614996,13,326,11
2025-11-22 14:00:00,660.0,5,5.9,28.9,1.5218406725072815,14,326,11
2025-11-22 15:00:00,533.0,5,6.8,29.2,3.691416488440781,15,326,11
2025-11-22 16:00:00,354.0,14,6.5,28.4,3.0374413131479416,16,326,11
2025-11-22 17:00:00,153.0,52,4.8,25.6,0.3773439834971127,17,326,11
2025-11-22 18:00:00,14.0,12,6.7,22.8,3.4333942029648465,18,326,11
2025-11-22 19:00:00,0.0,10,7.4,21.4,5.808269229701231,19,326,11
2025-11-22 20:00:00,0.0,1,3.8,20.9,0.037840353414458155,20,326,11
2025-11-22 21:00:00,0.0,0,1.9,20.3,0.0,21,326,11
2025-11-22 22:00:00,0.0,0,3.6,19.2,0.015728008146110486,22,326,11
2025-11-22 23:00:00,0.0,0,4.0,18.3,0.061006372361195896,23,326,11
2025-11-23 00:00:00,0.0,0,5.3,16.8,0.8571937783708895,0,327,11
2025-11-23 01:00:00,0.0,0,4.7,15.7,0.3296011111805191,1,327,11
2025-11-23 02:00:00,0.0,0,3.6,15.4,0.01572159409897885,2,327,11
2025-11-23 03:00:00,0.0,0,4.3,14.8,0.13105984502905582,3,327,11
2025-11-23 04:00:00,0.0,0,3.7,14.5,0.02292777990899469,4,327,11
2025-11-23 05:00:00,0.0,0,4.3,14.2,0.13841661894894036,5,327,11
2025-11-23 06:00:00,0.0,0,4.5,13.6,0.204321003963522,6,327,11
2025-11-23 07:00:00,3.0,0,3.9,13.5,0.042797281239298914,7,327,11
2025-11-23 08:00:00,104.0,0,4.7,15.6,0.354251391996479,8,327,11
2025-11-23 09:00:00,299.0,0,2.9,18.8,0.0,9,327,11
2025-11-23 10:00:00,487.0,0,1.9,21.9,0.0,10,327,11
2025-11-23 11:00:00,631.0,0,2.6,24.8,0.0,11,327,11
2025-11-23 12:00:00,711.0,0,4.0,26.9,0.07186270741806505,12,327,11
2025-11-23 13:00:00,721.0,0,6.5,28.2,2.545768245158863,13,327,11
2025-11-23 14:00:00,659.0,0,6.3,28.7,2.4801107463338257,14,327,11
2025-11-23 15:00:00,531.0,0,6.9,28.8,4.78270428054553,15,327,11
2025-11-23 16:00:00,353.0,0,6.4,28.1,2.762009316689288,16,327,11
2025-11-23 17:00:00,153.0,0,2.9,25.7,0.0,17,327,11
2025-11-23 18:00:00,14.0,0,4.5,22.6,0.2474562315242706,18,327,11
2025-11-23 19:00:00,0.0,0,6.7,20.6,3.552398471523796,19,327,11
2025-11-23 20:00:00,0.0,0,5.6,19.8,1.2550885873240016,20,327,11
2025-11-23 21:00:00,0.0,0,4.6,19.1,0.29619566031122435,21,327,11
2025-11-23 22:00:00,0.0,0,1.8,18.6,0.0,22,327,11
2025-11-23 23:00:00,0.0,0,0.5,18.5,0.0,23,327,11
2025-11-24 00:00:00,0.0,0,2.2,17.2,0.0,0,328,11
2025-11-24 01:00:00,0.0,0,3.3,16.4,0.0016644189801995667,1,328,11
2025-11-24 02:00:00,0.0,0,5.6,15.3,1.2595933552178764,2,328,11
2025-11-24 03:00:00,0.0,0,5.4,14.4,0.8721377164678552,3,328,11
2025-11-24 04:00:00,0.0,0,4.6,13.8,0.2683328105373264,4,328,11
2025-11-24 05:00:00,0.0,0,3.2,13.6,0.0005571392477580841,5,328,11
2025-11-24 06:00:00,0.0,0,2.7,13.4,0.0,6,328,11
2025-11-24 07:00:00,2.0,0,3.5,13.1,0.007616121515907176,7,328,11
2025-11-24 08:00:00,102.0,0,7.0,15.2,5.075197369784502,8,328,11
2025-11-24 09:00:00,298.0,0,5.0,18.4,0.6107062622090089,9,328,11
2025-11-24 10:00:00,487.0,0,5.7,21.2,1.449080116239346,10,328,11
2025-11-24 11:00:00,631.0,0,6.1,24.0,2.038866901526333,11,328,11
2025-11-24 12:00:00,712.0,0,6.5,26.0,2.7303490250575355,12,328,11
2025-11-24 13:00:00,723.0,0,8.3,27.5,10.35801190346978,13,328,11
2025-11-24 14:00:00,661.0,0,9.4,28.1,18.533579123236553,14,328,11
2025-11-24 15:00:00,533.0,0,8.6,28.1,13.061693471188432,15,328,11
2025-11-24 16:00:00,354.0,0,5.4,27.5,0.9058651848092193,16,328,11
2025-11-24 17:00:00,154.0,0,2.6,25.2,0.0,17,328,11
2025-11-24 18:00:00,14.0,0,3.9,22.3,0.05006270914187454,18,328,11
2025-11-24 19:00:00,0.0,0,3.3,20.5,0.0017596563913005207,19,328,11
2025-11-24 20:00:00,0.0,0,1.0,19.9,0.0,20,328,11
2025-11-24 21:00:00,0.0,0,0.3,19.6,0.0,21,328,11
2025-11-24 22:00:00,0.0,0,6.0,17.9,1.8921083207049727,22,328,11
2025-11-24 23:00:00,0.0,0,6.3,16.5,2.262512703532579,23,328,11
2025-11-25 00:00:00,0.0,0,7.7,15.7,7.096119600781652,0,329,11
2025-11-25 01:00:00,0.0,0,6.9,15.1,3.91230999983599,1,329,11
2025-11-25 02:00:00,0.0,0,6.5,14.9,2.7694757073192817,2,329,11
2025-11-25 03:00:00,0.0,0,5.2,14.5,0.7017684728014822,3,329,11
2025-11-25 04:00:00,0.0,0,4.5,14.0,0.2553331167708059,4,329,11
2025-11-25 05:00:00,0.0,0,5.0,13.4,0.5569418003235714,5,329,11
2025-11-25 06:00:00,0.0,0,6.1,12.9,2.351118696989814,6,329,11
2025-11-25 07:00:00,2.0,0,6.1,12.5,2.0709604634582965,7,329,11
2025-11-25 08:00:00,99.0,0,9.4,14.8,16.685167442678207,8,329,11
2025-11-25 09:00:00,292.0,0,7.9,17.7,7.976973127629058,9,329,11
2025-11-25 10:00:00,477.0,0,7.6,20.1,7.275784882611001,10,329,11
2025-11-25 11:00:00,619.0,0,7.0,22.7,4.125465869426695,11,329,11
2025-11-25 12:00:00,699.0,0,7.4,24.6,6.00503284139841,12,329,11
2025-11-25 13:00:00,709.0,0,8.7,26.0,11.704312577509066,13,329,11
2025-11-25 14:00:00,647.0,0,9.7,26.9,21.729078772652418,14,329,11
2025-11-25 15:00:00,520.0,0,10.3,27.2,27.054606845274403,15,329,11
2025-11-25 16:00:00,344.0,0,9.7,26.9,19.63971125924067,16,329,11
2025-11-25 17:00:00,148.0,0,6.3,24.2,2.620970110218872,17,329,11
2025-11-25 18:00:00,13.0,0,7.6,21.7,6.789650651978557,18,329,11
2025-11-25 19:00:00,0.0,0,7.7,20.6,6.313922403574378,19,329,11
2025-11-25 20:00:00,0.0,0,7.2,19.6,5.477237983167079,20,329,11
2025-11-25 21:00:00,0.0,0,3.3,19.5,0.0019678879210490207,21,329,11
2025-11-25 22:00:00,0.0,0,0.7,19.3,0.0,22,329,11
2025-11-25 23:00:00,0.0,0,0.4,18.9,0.0,23,329,11
2025-11-26 00:00:00,0.0,0,5.3,17.3,0.6619031417358865,0,330,11
2025-11-26 01:00:00,0.0,0,6.4,15.7,2.9759401530815346,1,330,11
2025-11-26 02:00:00,0.0,0,6.3,15.1,2.4329856438819633,2,330,11
2025-11-26 03:00:00,0.0,0,4.1,14.7,0.08854402780375659,3,330,11
2025-11-26 04:00:00,0.0,0,4.1,14.6,0.08209851804185159,4,330,11
2025-11-26 05:00:00,0.0,0,4.6,13.8,0.2840997403520835,5,330,11
2025-11-26 06:00:00,0.0,0,5.1,13.6,0.5719398270741788,6,330,11
2025-11-26 07:00:00,2.0,0,4.6,13.4,0.2528952611675846,7,330,11
2025-11-26 08:00:00,95.0,0,5.0,15.6,0.5499690096385697,8,330,11
2025-11-26 09:00:00,285.0,0,4.0,18.5,0.0687866161826995,9,330,11
2025-11-26 10:00:00,472.0,0,4.3,21.3,0.14511392377753413,10,330,11
2025-11-26 11:00:00,614.0,0,5.2,23.8,0.7208706504225268,11,330,11
2025-11-26 12:00:00,695.0,0,6.7,25.7,3.369841384494825,12,330,11
2025-11-26 13:00:00,707.0,0,9.4,27.2,17.714760655292537,13,330,11
2025-11-26 14:00:00,647.0,0,10.9,27.8,35.677060354450525,14,330,11
2025-11-26 15:00:00,522.0,0,10.3,27.7,29.3642415188869,15,330,11
2025-11-26 16:00:00,347.0,0,8.7,27.0,11.322233831979668,16,330,11
2025-11-26 17:00:00,150.0,0,5.4,24.3,0.9751616988901238,17,330,11
2025-11-26 18:00:00,14.0,0,6.3,21.8,2.5598563031369235,18,330,11
2025-11-26 19:00:00,0.0,0,6.0,20.8,1.8811639886365548,19,330,11
2025-11-26 20:00:00,0.0,0,5.1,19.6,0.5942737994246227,20,330,11
2025-11-26 21:00:00,0.0,0,3.2,18.7,0.0005684799458957374,21,330,11
2025-11-26 22:00:00,0.0,0,3.5,17.9,0.007441080919660237,22,330,11
2025-11-26 23:00:00,0.0,0,5.3,16.6,0.8935721735492247,23,330,11
2025-11-27 00:00:00,0.0,0,7.6,16.0,7.054539485035074,0,331,11
2025-11-27 01:00:00,0.0,0,7.3,15.7,4.684211154307143,1,331,11
2025-11-27 02:00:00,0.0,0,7.1,15.3,4.538160796134251,2,331,11
2025-11-27 03:00:00,0.0,0,6.6,15.0,3.1097519850500412,3,331,11
2025-11-27 04:00:00,0.0,0,5.4,14.5,0.9879367026785126,4,331,11
2025-11-27 05:00:00,0.0,0,4.8,14.0,0.4420265243034026,5,331,11
2025-11-27 06:00:00,0.0,0,5.0,13.7,0.5271727374174981,6,331,11
2025-11-27 07:00:00,2.0,0,5.4,13.6,0.9566515137735192,7,331,11
2025-11-27 08:00:00,93.0,0,9.1,15.6,17.863593234589995,8,331,11
2025-11-27 09:00:00,282.0,0,7.7,18.2,7.14008513480915,9,331,11
2025-11-27 10:00:00,467.0,0,7.8,20.5,7.249713030937543,10,331,11
2025-11-27 11:00:00,609.0,0,8.5,23.2,10.569296504772241,11,331,11
2025-11-27 12:00:00,687.0,0,7.6,25.1,6.266194518209948,12,331,11
2025-11-27 13:00:00,696.0,0,8.6,26.5,10.575466908201921,13,331,11
2025-11-27 14:00:00,636.0,0,9.7,27.3,17.909633944173862,14,331,11
2025-11-27 15:00:00,512.0,0,9.9,27.5,25.35334072657933,15,331,11
2025-11-27 16:00:00,339.0,0,8.9,27.1,15.265200730515149,16,331,11
2025-11-27 17:00:00,146.0,0,4.7,24.9,0.3084507048245239,17,331,11
2025-11-27 18:00:00,13.0,0,5.8,22.6,1.287784072300762,18,331,11
2025-11-27 19:00:00,0.0,0,6.5,21.5,2.495153188773549,19,331,11
2025-11-27 20:00:00,0.0,0,4.5,20.8,0.22234948203309782,20,331,11
2025-11-27 21:00:00,0.0,0,6.6,19.3,2.9971506139301627,21,331,11
2025-11-27 22:00:00,0.0,0,7.6,18.1,6.669106081959419,22,331,11
2025-11-27 23:00:00,0.0,0,8.9,17.9,14.00749458542128,23,331,11
2025-11-28 00:00:00,0.0,0,8.8,17.8,11.103431211105306,0,332,11
2025-11-28 01:00:00,0.0,3,7.1,17.1,4.145072500906888,1,332,11
2025-11-28 02:00:00,0.0,5,6.7,16.7,3.1046157526852887,2,332,11
2025-11-28 03:00:00,0.0,0,6.1,16.3,1.8530505787138307,3,332,11
2025-11-28 04:00:00,0.0,0,6.9,16.0,3.797845849752473,4,332,11
2025-11-28 05:00:00,0.0,0,7.1,15.7,5.154942065515118,5,332,11
2025-11-28 06:00:00,0.0,0,6.5,15.3,3.0179833257463633,6,332,11
2025-11-28 07:00:00,1.0,0,6.0,15.0,1.6433101128698315,7,332,11
2025-11-28 08:00:00,88.0,0,9.3,16.7,16.429223232132657,8,332,11
2025-11-28 09:00:00,270.0,0,8.1,18.8,8.594593182818093,9,332,11
2025-11-28 10:00:00,450.0,0,8.2,20.9,9.476634078644038,10,332,11
2025-11-28 11:00:00,590.0,0,9.1,23.2,13.99388906253588,11,332,11
2025-11-28 12:00:00,669.0,0,9.9,25.0,23.881519795858377,12,332,11
2025-11-28 13:00:00,680.0,0,10.8,26.4,35.45010431175663,13,332,11
2025-11-28 14:00:00,622.0,0,11.2,27.3,37.36916600737301,14,332,11
2025-11-28 15:00:00,500.0,0,12.0,27.5,50.0,15,332,11
2025-11-28 16:00:00,330.0,0,11.9,27.1,48.635769304583064,16,332,11
2025-11-28 17:00:00,142.0,0,6.1,25.2,2.140214498976237,17,332,11
2025-11-28 18:00:00,13.0,0,6.3,23.0,2.313322263907104,18,332,11
2025-11-28 19:00:00,0.0,0,7.0,22.3,3.7063256606682247,19,332,11
2025-11-28 20:00:00,0.0,0,6.1,21.6,1.9049727203580031,20,332,11
2025-11-28 21:00:00,0.0,0,7.0,20.5,4.960837450680775,21,332,11
2025-11-28 22:00:00,0.0,0,8.6,19.9,13.048484092844156,22,332,11
2025-11-28 23:00:00,0.0,0,9.2,19.4,17.248845819937543,23,332,11
2025-11-29 00:00:00,0.0,1,7.7,18.8,6.565130255894667,0,333,11
2025-11-29 01:00:00,0.0,1,7.9,18.4,8.286656750746916,1,333,11
2025-11-29 02:00:00,0.0,5,7.2,17.9,4.870787535895203,2,333,11
2025-11-29 03:00:00,0.0,10,5.9,17.2,1.7617557543855125,3,333,11
2025-11-29 04:00:00,0.0,13,5.6,16.8,1.1174653840440276,4,333,11
2025-11-29 05:00:00,0.0,12,5.6,16.4,1.1551657873344787,5,333,11
2025-11-29 06:00:00,0.0,21,5.9,16.1,1.4676102922638248,6,333,11
2025-11-29 07:00:00,1.0,24,7.3,16.1,4.939864806262198,7,333,11
2025-11-29 08:00:00,81.0,6,9.2,17.6,14.67337167646156,8,333,11
2025-11-29 09:00:00,254.0,9,6.7,19.4,3.764629754509944,9,333,11
2025-11-29 10:00:00,432.0,12,7.0,21.5,4.147495864981908,10,333,11
2025-11-29 11:00:00,576.0,25,7.9,23.7,8.227977485452525,11,333,11
2025-11-29 12:00:00,629.0,26,8.0,25.5,9.402074276746847,12,333,11
2025-11-29 13:00:00,640.0,31,9.1,26.8,13.67264796674731,13,333,11
2025-11-29 14:00:00,585.0,23,10.2,27.5,28.058926782720192,14,333,11
2025-11-29 15:00:00,467.0,13,10.2,27.9,25.385414327182787,15,333,11
2025-11-29 16:00:00,312.0,9,9.7,27.5,21.549801539641592,16,333,11
2025-11-29 17:00:00,134.0,9,5.8,25.8,1.4800129313570936,17,333,11
2025-11-29 18:00:00,12.0,95,6.9,23.5,4.1180600530703195,18,333,11
2025-11-29 19:00:00,0.0,94,6.1,22.6,2.1481043921884484,19,333,11
2025-11-29 20:00:00,0.0,99,6.0,22.2,1.8696572125154967,20,333,11
2025-11-29 21:00:00,0.0,100,4.1,21.8,0.09289474729288089,21,333,11
2025-11-29 22:00:00,0.0,96,6.0,20.7,1.909077495414649,22,333,11
2025-11-29 23:00:00,0.0,58,8.6,20.2,12.491291751348879,23,333,11
2025-11-30 00:00:00,0.0,75,7.3,19.5,5.700009623736377,0,334,11
2025-11-30 01:00:00,0.0,98,6.5,19.0,2.6894030187958973,1,334,11
2025-11-30 02:00:00,0.0,73,5.8,18.4,1.5880981937828798,2,334,11
2025-11-30 03:00:00,0.0,100,5.3,17.8,0.8028500751039037,3,334,11
2025-11-30 04:00:00,0.0,91,5.5,17.8,1.0837489542003982,4,334,11
2025-11-30 05:00:00,0.0,77,6.0,17.2,2.0101957370264,5,334,11
2025-11-30 06:00:00,0.0,87,5.4,16.6,1.0453865381869374,6,334,11
2025-11-30 07:00:00,1.0,92,4.6,16.4,0.30171417519150096,7,334,11
2025-11-30 08:00:00,77.0,13,6.4,18.0,2.4766930334724053,8,334,11
2025-11-30 09:00:00,260.0,7,5.6,20.2,1.2370743383557945,9,334,11
2025-11-30 10:00:00,437.0,12,5.7,22.3,1.3463973927400525,10,334,11
2025-11-30 11:00:00,569.0,9,6.4,24.9,2.8913925993840652,11,334,11
2025-11-30 12:00:00,652.0,17,7.8,26.8,7.796237999307037,12,334,11
2025-11-30 13:00:00,639.0,9,9.6,27.8,20.05001148549779,13,334,11
2025-11-30 14:00:00,590.0,16,8.9,28.4,15.073864433051833,14,334,11
2025-11-30 15:00:00,475.0,5,7.9,28.4,9.355433977983774,15,334,11
2025-11-30 16:00:00,320.0,9,6.4,28.0,2.6870624051924907,16,334,11
2025-11-30 17:00:00,138.0,1,5.6,25.9,1.1773258671946842,17,334,11
2025-11-30 18:00:00,13.0,1,6.8,23.5,3.6267698767513354,18,334,11
2025-11-30 19:00:00,0.0,2,6.9,22.4,3.9964766523937465,19,334,11
2025-11-30 20:00:00,0.0,1,6.3,21.4,2.8050047166385648,20,334,11
2025-11-30 21:00:00,0.0,2,6.2,20.7,2.113409304836376,21,334,11
2025-11-30 22:00:00,0.0,8,3.6,20.4,0.013473680330355248,22,334,11
2025-11-30 23:00:00,0.0,2,3.6,19.9,0.01562680888388734,23,334,11
2025-12-01 00:00:00,0.0,0,4.8,19.1,0.3907037760834664,0,335,12
2025-12-01 01:00:00,0.0,0,5.2,18.3,0.5691937599300934,1,335,12
2025-12-01 02:00:00,0.0,0,5.2,17.7,0.6998119404329344,2,335,12
2025-12-01 03:00:00,0.0,0,3.7,17.4,0.022720394978134877,3,335,12
2025-12-01 04:00:00,0.0,0,4.5,17.1,0.23103361398404124,4,335,12
2025-12-01 05:00:00,0.0,0,4.8,16.2,0.35495844485784245,5,335,12
2025-12-01 06:00:00,0.0,0,2.6,15.9,0.0,6,335,12
2025-12-01 07:00:00,1.0,0,2.0,15.7,0.0,7,335,12
2025-12-01 08:00:00,82.0,0,5.1,17.4,0.6082776742799544,8,335,12
2025-12-01 09:00:00,262.0,4,3.2,20.1,0.0005831123053881317,9,335,12
2025-12-01 10:00:00,441.0,6,3.6,22.8,0.01486838783579427,10,335,12
2025-12-01 11:00:00,578.0,10,7.8,25.5,8.27095123851777,11,335,12
2025-12-01 12:00:00,659.0,0,8.3,26.8,11.417969397218467,12,335,12
2025-12-01 13:00:00,677.0,0,7.1,27.7,5.054373454840784,13,335,12
2025-12-01 14:00:00,620.0,0,5.2,28.2,0.713233059378869,14,335,12
2025-12-01 15:00:00,500.0,0,4.0,28.3,0.06554965330493599,15,335,12
2025-12-01 16:00:00,332.0,0,6.0,27.9,1.7499181736647786,16,335,12
2025-12-01 17:00:00,143.0,0,1.5,26.2,0.0,17,335,12
2025-12-01 18:00:00,13.0,0,3.8,23.8,0.03895994835466536,18,335,12
2025-12-01 19:00:00,0.0,0,5.3,22.0,0.8707338015010884,19,335,12
2025-12-01 20:00:00,0.0,0,3.2,21.3,0.0005744126082806249,20,335,12
2025-12-01 21:00:00,0.0,0,1.0,20.8,0.0,21,335,12
2025-12-01 22:00:00,0.0,0,6.0,19.5,1.5704242342872043,22,335,12
2025-12-01 23:00:00,0.0,0,6.9,18.7,4.062873017199037,23,335,12
2025-12-02 00:00:00,0.0,0,8.5,18.5,12.285752650660879,0,336,12
2025-12-02 01:00:00,0.0,0,9.6,18.0,18.888048487609726,1,336,12
2025-12-02 02:00:00,0.0,0,9.9,17.5,23.731045027973337,2,336,12
2025-12-02 03:00:00,0.0,0,9.4,16.8,18.467046623263176,3,336,12
2025-12-02 04:00:00,0.0,0,8.3,16.1,10.346203480996715,4,336,12
2025-12-02 05:00:00,0.0,0,9.2,15.4,15.305470479459428,5,336,12
2025-12-02 06:00:00,0.0,0,8.3,15.0,11.70285789177378,6,336,12
2025-12-02 07:00:00,1.0,0,6.5,14.6,3.0141719464493355,7,336,12
2025-12-02 08:00:00,83.0,0,6.4,16.0,2.7005806971836064,8,336,12
2025-12-02 09:00:00,270.0,0,1.3,18.3,0.0,9,336,12
2025-12-02 10:00:00,456.0,0,2.0,20.6,0.0,10,336,12
2025-12-02 11:00:00,602.0,0,3.1,23.1,5.692049905407351e-05,11,336,12
2025-12-02 12:00:00,688.0,0,3.7,25.0,0.022428240707864436,12,336,12
2025-12-02 13:00:00,705.0,0,3.7,26.2,0.023353237842170006,13,336,12
2025-12-02 14:00:00,650.0,0,2.9,26.8,0.0,14,336,12
2025-12-02 15:00:00,527.0,0,2.6,27.0,0.0,15,336,12
2025-12-02 16:00:00,351.0,0,3.5,26.6,0.008387027468388921,16,336,12
2025-12-02 17:00:00,153.0,0,5.0,23.7,0.5008293389548254,17,336,12
2025-12-02 18:00:00,14.0,0,6.3,21.2,2.70801809789587,18,336,12
2025-12-02 19:00:00,0.0,0,7.2,19.6,4.947931865710432,19,336,12
2025-12-02 20:00:00,0.0,0,4.9,18.9,0.4477749193576255,20,336,12
2025-12-02 21:00:00,0.0,0,0.9,18.9,0.0,21,336,12
2025-12-02 22:00:00,0.0,0,2.3,18.0,0.0,22,336,12
2025-12-02 23:00:00,0.0,0,3.4,17.5,0.0041958803610031275,23,336,12
2025-12-03 00:00:00,0.0,0,8.3,16.1,9.942024328627038,0,337,12
2025-12-03 01:00:00,0.0,41,6.5,15.0,3.121383534172645,1,337,12
2025-12-03 02:00:00,0.0,9,4.4,14.7,0.18131490779683726,2,337,12
2025-12-03 03:00:00,0.0,45,2.3,14.6,0.0,3,337,12
2025-12-03 04:00:00,0.0,96,4.6,14.0,0.25290966117949254,4,337,12
2025-12-03 05:00:00,0.0,9,5.0,12.9,0.5251568512831042,5,337,12
2025-12-03 06:00:00,0.0,0,5.4,12.3,0.9084823578100483,6,337,12
2025-12-03 07:00:00,1.0,7,5.2,12.0,0.7227991360133987,7,337,12
2025-12-03 08:00:00,83.0,1,5.5,14.2,1.0287393469731372,8,337,12
2025-12-03 09:00:00,272.0,9,3.0,16.9,0.0,9,337,12
2025-12-03 10:00:00,459.0,12,3.5,19.7,0.008266419934587507,10,337,12
2025-12-03 11:00:00,605.0,19,6.0,22.7,1.9048800093246183,11,337,12
2025-12-03 12:00:00,689.0,12,7.0,24.9,3.3902447872878354,12,337,12
2025-12-03 13:00:00,703.0,0,9.5,26.2,18.342472436280328,13,337,12
2025-12-03 14:00:00,643.0,16,10.8,26.9,29.615286541489663,14,337,12
2025-12-03 15:00:00,519.0,0,10.7,27.0,31.962950493595706,15,337,12
2025-12-03 16:00:00,345.0,0,9.4,26.3,12.651144997776541,16,337,12
2025-12-03 17:00:00,150.0,0,7.2,23.6,5.0200538293487,17,337,12
2025-12-03 18:00:00,14.0,0,7.8,20.8,7.485309033330994,18,337,12
2025-12-03 19:00:00,0.0,0,8.4,19.4,10.792870486965906,19,337,12
2025-12-03 20:00:00,0.0,0,9.2,19.1,16.36701480764413,20,337,12
2025-12-03 21:00:00,0.0,0,9.2,19.1,15.021582191086585,21,337,12
2025-12-03 22:00:00,0.0,0,9.6,19.0,16.696009594611333,22,337,12
2025-12-03 23:00:00,0.0,0,8.5,18.4,11.150927285534742,23,337,12
2025-12-04 00:00:00,0.0,0,6.7,17.1,3.1566477287391534,0,338,12
2025-12-04 01:00:00,0.0,0,5.1,16.1,0.5672413265844456,1,338,12
2025-12-04 02:00:00,0.0,0,3.9,15.5,0.050170266711714116,2,338,12
2025-12-04 03:00:00,0.0,0,4.5,14.9,0.20824448612703877,3,338,12
2025-12-04 04:00:00,0.0,0,6.1,14.1,2.056690381233006,4,338,12
2025-12-04 05:00:00,0.0,0,5.7,13.6,1.2117169605764462,5,338,12
2025-12-04 06:00:00,0.0,0,4.6,13.3,0.3054439374890057,6,338,12
2025-12-04 07:00:00,1.0,1,2.7,13.4,0.0,7,338,12
2025-12-04 08:00:00,79.0,2,4.5,15.3,0.24331335315792724,8,338,12
2025-12-04 09:00:00,263.0,1,2.2,18.0,0.0,9,338,12
2025-12-04 10:00:00,446.0,4,5.6,20.3,1.232282829594179,10,338,12
2025-12-04 11:00:00,588.0,0,8.1,22.9,9.535785264297793,11,338,12
2025-12-04 12:00:00,670.0,0,8.5,24.6,11.131330732322262,12,338,12
2025-12-04 13:00:00,684.0,0,9.6,26.1,20.210111627919478,13,338,12
2025-12-04 14:00:00,628.0,0,11.5,27.1,41.284486490948375,14,338,12
2025-12-04 15:00:00,508.0,0,12.4,27.2,46.904285242320185,15,338,12
2025-12-04 16:00:00,338.0,0,10.5,26.8,29.40751239214435,16,338,12
2025-12-04 17:00:00,147.0,0,6.5,24.3,3.04899747576089,17,338,12
2025-12-04 18:00:00,13.0,0,7.6,21.7,6.525210494310203,18,338,12
2025-12-04 19:00:00,0.0,0,8.3,20.3,9.827023301231558,19,338,12
2025-12-04 20:00:00,0.0,0,8.2,19.2,9.0697356309749,20,338,12
2025-12-04 21:00:00,0.0,0,8.1,18.5,8.69311664704549,21,338,12
2025-12-04 22:00:00,0.0,0,7.9,18.2,8.449763302597848,22,338,12
2025-12-04 23:00:00,0.0,0,7.1,17.4,4.292631097855929,23,338,12
2025-12-05 00:00:00,0.0,0,6.3,16.8,2.4722353891644553,0,339,12
2025-12-05 01:00:00,0.0,0,5.8,16.8,1.4025159741539657,1,339,12
2025-12-05 02:00:00,0.0,0,4.5,15.5,0.2560595227884742,2,339,12
2025-12-05 03:00:00,0.0,0,4.6,14.4,0.2810940870734675,3,339,12
2025-12-05 04:00:00,0.0,0,5.0,14.2,0.5952893139567232,4,339,12
2025-12-05 05:00:00,0.0,0,5.1,13.7,0.576873940052927,5,339,12
2025-12-05 06:00:00,0.0,0,4.7,13.4,0.3334751077609231,6,339,12
2025-12-05 07:00:00,0.0,0,2.4,13.4,0.0,7,339,12
2025-12-05 08:00:00,76.0,0,2.4,15.3,0.0,8,339,12
2025-12-05 09:00:00,258.0,0,1.0,18.1,0.0,9,339,12
2025-12-05 10:00:00,441.0,0,4.1,20.9,0.09257843421228092,10,339,12
2025-12-05 11:00:00,584.0,0,8.3,23.9,9.334651069000442,11,339,12
2025-12-05 12:00:00,667.0,0,11.5,25.9,40.08110148283062,12,339,12
2025-12-05 13:00:00,681.0,0,14.0,27.1,41.784963377922466,13,339,12
2025-12-05 14:00:00,626.0,0,14.7,27.6,50.0,14,339,12
2025-12-05 15:00:00,507.0,0,15.3,27.5,46.16319436087223,15,339,12
2025-12-05 16:00:00,337.0,0,14.5,26.9,48.34786706818883,16,339,12
2025-12-05 17:00:00,146.0,0,9.0,24.7,14.075369249489354,17,339,12
2025-12-05 18:00:00,13.0,0,8.9,21.9,15.329534894151486,18,339,12
2025-12-05 19:00:00,0.0,0,9.4,20.8,14.900666320599617,19,339,12
2025-12-05 20:00:00,0.0,0,9.0,19.9,14.60214229098929,20,339,12
2025-12-05 21:00:00,0.0,0,8.4,19.0,10.990511309657046,21,339,12
2025-12-05 22:00:00,0.0,2,8.0,18.6,8.04029435648948,22,339,12
2025-12-05 23:00:00,0.0,1,7.4,17.9,5.969721123272459,23,339,12
2025-12-06 00:00:00,0.0,0,7.6,17.5,6.77826360812989,0,340,12
2025-12-06 01:00:00,0.0,0,6.3,16.7,2.4035046576101284,1,340,12
2025-12-06 02:00:00,0.0,33,5.6,15.8,1.2741693906786062,2,340,12
2025-12-06 03:00:00,0.0,83,4.7,15.3,0.36442609112526886,3,340,12
2025-12-06 04:00:00,0.0,38,4.6,15.0,0.2904105200426016,4,340,12
2025-12-06 05:00:00,0.0,75,4.7,14.7,0.3335768291566519,5,340,12
2025-12-06 06:00:00,0.0,98,3.3,14.4,0.0018268938657540524,6,340,12
2025-12-06 07:00:00,0.0,99,5.5,14.0,1.0562141547335213,7,340,12
2025-12-06 08:00:00,72.0,96,7.4,15.8,5.226685794725985,8,340,12
2025-12-06 09:00:00,239.0,100,7.0,17.9,4.040420184244305,9,340,12
2025-12-06 10:00:00,367.0,100,6.8,20.0,3.9039338682135365,10,340,12
2025-12-06 11:00:00,475.0,98,7.5,22.6,6.592980670658401,11,340,12
2025-12-06 12:00:00,614.0,96,8.0,24.5,8.156867482701408,12,340,12
2025-12-06 13:00:00,616.0,100,9.7,25.8,22.978923671902074,13,340,12
2025-12-06 14:00:00,560.0,100,11.3,26.5,40.88528603454324,14,340,12
2025-12-06 15:00:00,470.0,99,13.2,26.7,49.259768303369206,15,340,12
2025-12-06 16:00:00,279.0,100,12.0,26.0,48.97172532331581,16,340,12
2025-12-06 17:00:00,129.0,75,8.0,23.8,8.587230892942424,17,340,12
2025-12-06 18:00:00,13.0,55,7.7,20.7,7.4248605757203645,18,340,12
2025-12-06 19:00:00,0.0,9,9.0,19.8,14.410446845510853,19,340,12
2025-12-06 20:00:00,0.0,0,8.7,18.7,12.870647343345615,20,340,12
2025-12-06 21:00:00,0.0,0,7.9,17.6,8.519677998268817,21,340,12
2025-12-06 22:00:00,0.0,0,6.9,17.2,4.20471298173478,22,340,12
2025-12-06 23:00:00,0.0,0,6.0,16.8,1.8450268819856204,23,340,12
2025-12-07 00:00:00,0.0,0,5.0,16.4,0.47193635292805586,0,341,12
2025-12-07 01:00:00,0.0,0,2.5,16.1,0.0,1,341,12
2025-12-07 02:00:00,0.0,0,1.3,15.5,0.0,2,341,12
2025-12-07 03:00:00,0.0,0,0.7,15.1,0.0,3,341,12
2025-12-07 04:00:00,0.0,0,0.6,14.7,0.0,4,341,12
2025-12-07 05:00:00,0.0,0,0.9,14.2,0.0,5,341,12
2025-12-07 06:00:00,0.0,0,1.0,13.7,0.0,6,341,12
2025-12-07 07:00:00,0.0,1,1.2,13.2,0.0,7,341,12
2025-12-07 08:00:00,75.0,2,2.5,14.6,0.0,8,341,12
2025-12-07 09:00:00,258.0,0,5.0,17.2,0.5224624677744164,9,341,12
2025-12-07 10:00:00,444.0,0,6.1,20.0,1.8576344077876634,10,341,12
2025-12-07 11:00:00,588.0,0,6.5,23.1,3.1502895106812905,11,341,12
2025-12-07 12:00:00,671.0,0,7.3,25.2,5.402940629711548,12,341,12
2025-12-07 13:00:00,687.0,0,8.1,26.6,8.737990521446825,13,341,12
2025-12-07 14:00:00,633.0,0,8.7,27.4,11.441834456123965,14,341,12
2025-12-07 15:00:00,513.0,7,8.2,27.6,9.85944131675256,15,341,12
2025-12-07 16:00:00,342.0,9,7.0,27.0,4.0550527993366705,16,341,12
2025-12-07 17:00:00,146.0,0,5.4,24.2,0.9587779567049016,17,341,12
2025-12-07 18:00:00,14.0,0,6.9,21.6,4.179178686549431,18,341,12
2025-12-07 19:00:00,0.0,0,8.5,19.8,10.915886272055031,19,341,12
2025-12-07 20:00:00,0.0,0,7.9,18.6,8.19791798235698,20,341,12
2025-12-07 21:00:00,0.0,0,4.8,18.1,0.39585354437878334,21,341,12
2025-12-07 22:00:00,0.0,0,1.8,17.9,0.0,22,341,12
2025-12-07 23:00:00,0.0,0,0.9,17.3,0.0,23,341,12
2025-12-08 00:00:00,0.0,0,1.4,16.2,0.0,0,342,12
2025-12-08 01:00:00,0.0,0,0.7,15.8,0.0,1,342,12
2025-12-08 02:00:00,0.0,0,1.5,15.0,0.0,2,342,12
2025-12-08 03:00:00,0.0,0,2.8,14.0,0.0,3,342,12
2025-12-08 04:00:00,0.0,0,4.0,13.0,0.06855932405204268,4,342,12
2025-12-08 05:00:00,0.0,0,2.6,12.5,0.0,5,342,12
2025-12-08 06:00:00,0.0,0,2.8,12.3,0.0,6,342,12
2025-12-08 07:00:00,0.0,0,3.7,12.1,0.02373606512398314,7,342,12
2025-12-08 08:00:00,72.0,0,5.7,14.0,1.3218170998737324,8,342,12
2025-12-08 09:00:00,255.0,0,2.5,17.0,0.0,9,342,12
2025-12-08 10:00:00,441.0,0,3.0,19.9,0.0,10,342,12
2025-12-08 11:00:00,587.0,0,7.1,23.6,4.953047817212885,11,342,12
2025-12-08 12:00:00,672.0,0,9.7,25.7,18.671242761805566,12,342,12
2025-12-08 13:00:00,689.0,0,11.4,27.4,45.57856396644872,13,342,12
2025-12-08 14:00:00,636.0,0,13.9,28.4,45.00363414093658,14,342,12
2025-12-08 15:00:00,517.0,0,16.0,28.6,50.0,15,342,12
2025-12-08 16:00:00,347.0,0,12.6,27.7,48.54474214635522,16,342,12
2025-12-08 17:00:00,153.0,0,7.6,24.4,5.422897242216927,17,342,12
2025-12-08 18:00:00,15.0,0,8.2,21.6,9.744364721453238,18,342,12
2025-12-08 19:00:00,0.0,0,8.8,19.9,14.113487315961125,19,342,12
2025-12-08 20:00:00,0.0,0,7.9,19.0,8.398492330947962,20,342,12
2025-12-08 21:00:00,0.0,0,7.1,18.1,4.906702517254621,21,342,12
2025-12-08 22:00:00,0.0,0,7.2,16.9,4.244264526336502,22,342,12
2025-12-08 23:00:00,0.0,0,5.9,16.7,1.6298860048581578,23,342,12
2025-12-09 00:00:00,0.0,0,6.5,15.9,2.9939525784941803,0,343,12
2025-12-09 01:00:00,0.0,0,5.5,15.5,1.0405331753254954,1,343,12
2025-12-09 02:00:00,0.0,0,3.8,15.1,0.04120640023857762,2,343,12
2025-12-09 03:00:00,0.0,0,1.8,14.6,0.0,3,343,12
2025-12-09 04:00:00,0.0,0,1.7,13.8,0.0,4,343,12
2025-12-09 05:00:00,0.0,0,0.6,13.0,0.0,5,343,12
2025-12-09 06:00:00,0.0,0,1.1,12.4,0.0,6,343,12
2025-12-09 07:00:00,0.0,0,2.7,11.6,0.0,7,343,12
2025-12-09 08:00:00,73.0,0,1.6,13.5,0.0,8,343,12
2025-12-09 09:00:00,259.0,0,2.2,17.0,0.0,9,343,12
2025-12-09 10:00:00,448.0,0,3.1,20.4,7.091261192634254e-05,10,343,12
2025-12-09 11:00:00,594.0,0,5.5,23.5,1.178179471077125,11,343,12
2025-12-09 12:00:00,680.0,0,5.9,25.5,1.3484194448707796,12,343,12
2025-12-09 13:00:00,696.0,0,6.7,27.2,3.7227728367744506,13,343,12
2025-12-09 14:00:00,641.0,0,7.2,28.4,4.921305964779189,14,343,12
2025-12-09 15:00:00,521.0,0,8.2,28.7,9.371375915589194,15,343,12
2025-12-09 16:00:00,349.0,0,6.4,27.8,3.1173415695027127,16,343,12
2025-12-09 17:00:00,154.0,0,4.3,25.0,0.12703749599631872,17,343,12
2025-12-09 18:00:00,15.0,0,4.9,22.3,0.4642938393626398,18,343,12
2025-12-09 19:00:00,0.0,0,5.9,20.1,1.8774996871828422,19,343,12
2025-12-09 20:00:00,0.0,0,5.0,19.0,0.5429982296135667,20,343,12
2025-12-09 21:00:00,0.0,0,3.4,18.2,0.004580748554390803,21,343,12
2025-12-09 22:00:00,0.0,0,2.8,17.5,0.0,22,343,12
2025-12-09 23:00:00,0.0,0,3.4,17.0,0.004312178500471578,23,343,12
2025-12-10 00:00:00,0.0,0,2.6,16.6,0.0,0,344,12
2025-12-10 01:00:00,0.0,0,1.3,16.5,0.0,1,344,12
2025-12-10 02:00:00,0.0,0,1.1,15.3,0.0,2,344,12
2025-12-10 03:00:00,0.0,0,0.3,14.7,0.0,3,344,12
2025-12-10 04:00:00,0.0,0,0.4,14.5,0.0,4,344,12
2025-12-10 05:00:00,0.0,0,1.1,14.2,0.0,5,344,12
2025-12-10 06:00:00,0.0,0,1.5,13.9,0.0,6,344,12
2025-12-10 07:00:00,0.0,0,1.4,13.7,0.0,7,344,12
2025-12-10 08:00:00,71.0,0,3.6,15.1,0.01435148694798919,8,344,12
2025-12-10 09:00:00,256.0,0,4.0,18.0,0.06643878538166169,9,344,12
2025-12-10 10:00:00,445.0,0,3.2,21.3,0.0005034160763334004,10,344,12
2025-12-10 11:00:00,593.0,0,3.8,24.6,0.03511773321308889,11,344,12
2025-12-10 12:00:00,680.0,0,5.3,26.8,0.8496466976120512,12,344,12
2025-12-10 13:00:00,697.0,0,8.2,28.3,9.724423912406616,13,344,12
2025-12-10 14:00:00,643.0,0,8.4,29.0,11.592068387365421,14,344,12
2025-12-10 15:00:00,523.0,0,8.1,28.9,8.338218523606086,15,344,12
2025-12-10 16:00:00,350.0,0,6.7,27.8,3.4159578379253084,16,344,12
2025-12-10 17:00:00,155.0,0,5.2,24.9,0.6479800336832658,17,344,12
2025-12-10 18:00:00,15.0,0,5.8,22.6,1.6170553866792263,18,344,12
2025-12-10 19:00:00,0.0,0,8.0,20.7,8.046230386599705,19,344,12
2025-12-10 20:00:00,0.0,0,8.6,19.0,12.0440904537039,20,344,12
2025-12-10 21:00:00,0.0,0,2.3,18.3,0.0,21,344,12
2025-12-10 22:00:00,0.0,0,1.2,18.0,0.0,22,344,12
2025-12-10 23:00:00,0.0,0,0.7,18.1,0.0,23,344,12
2025-12-11 00:00:00,0.0,0,1.3,17.5,0.0,0,345,12
2025-12-11 01:00:00,0.0,0,1.0,16.9,0.0,1,345,12
2025-12-11 02:00:00,0.0,0,0.2,16.7,0.0,2,345,12
2025-12-11 03:00:00,0.0,0,4.1,14.8,0.09002771873344172,3,345,12
2025-12-11 04:00:00,0.0,0,1.9,13.6,0.0,4,345,12
2025-12-11 05:00:00,0.0,0,1.7,13.2,0.0,5,345,12
2025-12-11 06:00:00,0.0,0,1.2,13.5,0.0,6,345,12
2025-12-11 07:00:00,0.0,0,2.2,13.8,0.0,7,345,12
2025-12-11 08:00:00,69.0,0,2.3,16.1,0.0,8,345,12
2025-12-11 09:00:00,253.0,0,0.9,19.3,0.0,9,345,12
2025-12-11 10:00:00,441.0,0,1.0,22.0,0.0,10,345,12
2025-12-11 11:00:00,588.0,0,2.7,24.7,0.0,11,345,12
2025-12-11 12:00:00,673.0,0,4.1,26.6,0.0814759153646189,12,345,12
2025-12-11 13:00:00,691.0,0,5.0,27.7,0.636265040478245,13,345,12
2025-12-11 14:00:00,638.0,0,4.9,28.3,0.4939259655103713,14,345,12
2025-12-11 15:00:00,519.0,0,4.8,28.4,0.39015397187808964,15,345,12
2025-12-11 16:00:00,348.0,0,5.0,27.6,0.48248287721116184,16,345,12
2025-12-11 17:00:00,154.0,0,5.3,24.5,0.8624986407692377,17,345,12
2025-12-11 18:00:00,15.0,0,3.3,22.6,0.0018503491365705468,18,345,12
2025-12-11 19:00:00,0.0,0,4.1,20.9,0.08576330312013987,19,345,12
2025-12-11 20:00:00,0.0,0,7.9,18.7,8.260760918598512,20,345,12
2025-12-11 21:00:00,0.0,0,1.7,18.1,0.0,21,345,12
2025-12-11 22:00:00,0.0,0,2.4,17.6,0.0,22,345,12
2025-12-11 23:00:00,0.0,0,1.9,17.3,0.0,23,345,12
2025-12-12 00:00:00,0.0,0,3.8,16.3,0.039738600228830925,0,346,12
2025-12-12 01:00:00,0.0,0,4.9,15.5,0.4407617414471469,1,346,12
2025-12-12 02:00:00,0.0,0,6.9,14.6,3.7135548429187244,2,346,12
2025-12-12 03:00:00,0.0,0,6.3,13.6,2.5704310193269153,3,346,12
2025-12-12 04:00:00,0.0,0,5.4,12.9,0.8747454702498173,4,346,12
2025-12-12 05:00:00,0.0,0,3.8,12.2,0.03382926175476243,5,346,12
2025-12-12 06:00:00,0.0,0,4.4,11.7,0.1763174019223743,6,346,12
2025-12-12 07:00:00,0.0,0,4.5,11.3,0.24039915775274923,7,346,12
2025-12-12 08:00:00,68.0,0,6.0,13.0,1.5412444793803468,8,346,12
2025-12-12 09:00:00,251.0,0,4.6,16.5,0.27622709668369705,9,346,12
2025-12-12 10:00:00,439.0,0,3.2,19.6,0.0005386009498796359,10,346,12
2025-12-12 11:00:00,586.0,0,2.1,22.7,0.0,11,346,12
2025-12-12 12:00:00,673.0,0,2.4,25.1,0.0,12,346,12
2025-12-12 13:00:00,692.0,0,3.4,26.5,0.004683459127814927,13,346,12
2025-12-12 14:00:00,640.0,1,2.7,27.3,0.0,14,346,12
2025-12-12 15:00:00,521.0,0,3.4,27.5,0.004258654224844823,15,346,12
2025-12-12 16:00:00,350.0,0,3.4,27.1,0.00400581635779158,16,346,12
2025-12-12 17:00:00,155.0,0,3.3,24.6,0.0019004112086578068,17,346,12
2025-12-12 18:00:00,16.0,0,3.7,22.2,0.024984936836627815,18,346,12
2025-12-12 19:00:00,0.0,0,4.5,20.4,0.2286565515470088,19,346,12
2025-12-12 20:00:00,0.0,0,4.2,18.8,0.10957296824257141,20,346,12
2025-12-12 21:00:00,0.0,0,2.8,17.9,0.0,21,346,12
2025-12-12 22:00:00,0.0,0,3.5,17.4,0.008882350308151725,22,346,12
2025-12-12 23:00:00,0.0,0,4.1,16.9,0.092756766198555,23,346,12
2025-12-13 00:00:00,0.0,0,5.3,15.9,0.8177208391714519,0,347,12
2025-12-13 01:00:00,0.0,0,7.0,14.8,4.363746416047417,1,347,12
2025-12-13 02:00:00,0.0,0,6.7,13.6,3.1386019396148197,2,347,12
2025-12-13 03:00:00,0.0,0,5.7,12.7,1.4470139550897356,3,347,12
2025-12-13 04:00:00,0.0,0,4.8,12.2,0.43419484696911465,4,347,12
2025-12-13 05:00:00,0.0,1,3.8,12.1,0.036242024556001375,5,347,12
2025-12-13 06:00:00,0.0,53,4.0,11.2,0.06556921842791852,6,347,12
2025-12-13 07:00:00,0.0,100,3.6,11.6,0.014771336081230048,7,347,12
2025-12-13 08:00:00,43.0,100,5.3,13.4,0.8223473198059126,8,347,12
2025-12-13 09:00:00,120.0,100,5.4,14.3,0.9473026438857656,9,347,12
2025-12-13 10:00:00,246.0,100,5.2,15.4,0.7183797149894503,10,347,12
2025-12-13 11:00:00,389.0,54,3.5,18.6,0.0095591612889853,11,347,12
2025-12-13 12:00:00,652.0,17,3.8,22.1,0.03673576057759785,12,347,12
2025-12-13 13:00:00,679.0,1,5.0,24.8,0.5820759442286043,13,347,12
2025-12-13 14:00:00,631.0,0,5.2,26.2,0.8158003431073475,14,347,12
2025-12-13 15:00:00,514.0,0,5.6,26.7,1.0681200400427697,15,347,12
2025-12-13 16:00:00,346.0,0,6.3,26.4,2.3777101242203584,16,347,12
2025-12-13 17:00:00,154.0,0,5.0,23.5,0.6361852756707131,17,347,12
2025-12-13 18:00:00,16.0,0,4.7,21.1,0.34109748063343176,18,347,12
2025-12-13 19:00:00,0.0,0,4.1,19.8,0.0993867119315264,19,347,12
2025-12-13 20:00:00,0.0,0,4.2,18.3,0.09569965902580374,20,347,12
2025-12-13 21:00:00,0.0,0,2.6,17.4,0.0,21,347,12
2025-12-13 22:00:00,0.0,0,1.5,16.8,0.0,22,347,12
2025-12-13 23:00:00,0.0,0,1.5,16.3,0.0,23,347,12
2025-12-14 00:00:00,0.0,0,0.9,15.9,0.0,0,348,12
2025-12-14 01:00:00,0.0,0,0.8,15.6,0.0,1,348,12
2025-12-14 02:00:00,0.0,0,0.5,15.4,0.0,2,348,12
2025-12-14 03:00:00,0.0,0,0.7,15.1,0.0,3,348,12
2025-12-14 04:00:00,0.0,0,1.3,14.5,0.0,4,348,12
2025-12-14 05:00:00,0.0,0,3.4,13.3,0.004613231910606806,5,348,12
2025-12-14 06:00:00,0.0,1,3.6,12.4,0.014879329683090711,6,348,12
2025-12-14 07:00:00,0.0,2,2.5,12.2,0.0,7,348,12
2025-12-14 08:00:00,63.0,57,3.2,14.1,0.0005918334506692155,8,348,12
2025-12-14 09:00:00,242.0,0,2.8,17.2,0.0,9,348,12
2025-12-14 10:00:00,426.0,0,2.9,20.3,0.0,10,348,12
2025-12-14 11:00:00,573.0,3,5.4,23.0,0.9439071394091165,11,348,12
2025-12-14 12:00:00,658.0,9,7.3,25.1,5.2991653538225,12,348,12
2025-12-14 13:00:00,677.0,4,8.3,26.4,10.153186178409317,13,348,12
2025-12-14 14:00:00,627.0,38,8.6,27.2,10.870818576723453,14,348,12
2025-12-14 15:00:00,511.0,16,8.3,27.4,9.279982285973329,15,348,12
2025-12-14 16:00:00,344.0,5,8.1,27.0,8.96243073183462,16,348,12
2025-12-14 17:00:00,154.0,0,6.7,24.2,3.990115264791417,17,348,12
2025-12-14 18:00:00,16.0,0,7.0,21.4,3.3972701219062524,18,348,12
2025-12-14 19:00:00,0.0,0,5.6,20.0,1.1738836181213552,19,348,12
2025-12-14 20:00:00,0.0,3,3.3,19.0,0.0019593681969411777,20,348,12
2025-12-14 21:00:00,0.0,5,2.2,18.7,0.0,21,348,12
2025-12-14 22:00:00,0.0,13,1.7,18.3,0.0,22,348,12
2025-12-14 23:00:00,0.0,20,2.5,17.6,0.0,23,348,12
2025-12-15 00:00:00,0.0,7,3.1,16.2,6.984995574552213e-05,0,349,12
2025-12-15 01:00:00,0.0,0,1.6,15.3,0.0,1,349,12
2025-12-15 02:00:00,0.0,0,0.8,15.1,0.0,2,349,12
2025-12-15 03:00:00,0.0,0,1.5,14.5,0.0,3,349,12
2025-12-15 04:00:00,0.0,0,5.6,13.4,1.2931879197879321,4,349,12
2025-12-15 05:00:00,0.0,0,5.2,12.6,0.7524822045725407,5,349,12
2025-12-15 06:00:00,0.0,0,3.2,12.9,0.0005676226336282862,6,349,12
2025-12-15 07:00:00,0.0,0,2.7,12.8,0.0,7,349,12
2025-12-15 08:00:00,62.0,0,5.7,14.4,1.264471492132701,8,349,12
2025-12-15 09:00:00,239.0,0,5.2,16.9,0.6900607093029477,9,349,12
2025-12-15 10:00:00,425.0,0,5.4,19.7,1.0523449939173173,10,349,12
2025-12-15 11:00:00,572.0,25,5.8,22.8,1.5485856582773252,11,349,12
2025-12-15 12:00:00,660.0,52,7.0,25.0,3.809747705053788,12,349,12
2025-12-15 13:00:00,680.0,0,8.5,26.4,10.696328136491985,13,349,12
2025-12-15 14:00:00,630.0,0,9.9,27.3,22.576082263022307,14,349,12
2025-12-15 15:00:00,515.0,0,10.5,27.7,24.38172662816861,15,349,12
2025-12-15 16:00:00,348.0,0,8.5,27.3,10.895895139228909,16,349,12
2025-12-15 17:00:00,156.0,0,5.5,24.6,1.112546285739131,17,349,12
2025-12-15 18:00:00,16.0,0,7.6,21.6,7.182080481832538,18,349,12
2025-12-15 19:00:00,0.0,0,8.4,19.9,10.675821847189448,19,349,12
2025-12-15 20:00:00,0.0,0,6.8,18.9,4.126824344152151,20,349,12
2025-12-15 21:00:00,0.0,0,5.5,18.4,1.0381380911070444,21,349,12
2025-12-15 22:00:00,0.0,0,5.8,18.0,1.4724837419633934,22,349,12
2025-12-15 23:00:00,0.0,0,4.2,17.1,0.11739853393798651,23,349,12
2025-12-16 00:00:00,0.0,0,4.4,16.1,0.17413147784349223,0,350,12
2025-12-16 01:00:00,0.0,0,4.0,15.7,0.06803892160069688,1,350,12
2025-12-16 02:00:00,0.0,0,4.9,15.0,0.45575199729519966,2,350,12
2025-12-16 03:00:00,0.0,0,4.0,14.4,0.07584632747330715,3,350,12
2025-12-16 04:00:00,0.0,0,2.2,14.1,0.0,4,350,12
2025-12-16 05:00:00,0.0,0,2.4,13.6,0.0,5,350,12
2025-12-16 06:00:00,0.0,0,2.2,13.2,0.0,6,350,12
2025-12-16 07:00:00,0.0,0,2.1,13.1,0.0,7,350,12
2025-12-16 08:00:00,60.0,0,5.3,14.8,0.8485989085291394,8,350,12
2025-12-16 09:00:00,239.0,0,8.1,17.5,9.083974446406012,9,350,12
2025-12-16 10:00:00,425.0,0,9.6,19.9,19.880064352453758,10,350,12
2025-12-16 11:00:00,572.0,0,9.3,22.6,16.807509485809717,11,350,12
2025-12-16 12:00:00,661.0,0,9.6,24.7,20.187128696367175,12,350,12
2025-12-16 13:00:00,683.0,0,10.9,26.2,34.67180913410562,13,350,12
2025-12-16 14:00:00,633.0,0,12.3,27.1,50.0,14,350,12
2025-12-16 15:00:00,518.0,0,13.2,27.3,47.78628249316746,15,350,12
2025-12-16 16:00:00,350.0,0,12.6,26.8,46.317048612116444,16,350,12
2025-12-16 17:00:00,159.0,0,9.4,24.2,17.37224403299076,17,350,12
2025-12-16 18:00:00,17.0,0,9.5,21.4,17.812715590106166,18,350,12
2025-12-16 19:00:00,0.0,0,9.7,19.8,22.11806032758674,19,350,12
2025-12-16 20:00:00,0.0,0,9.7,18.8,19.805228489847675,20,350,12
2025-12-16 21:00:00,0.0,0,9.0,17.7,15.308700944107999,21,350,12
2025-12-16 22:00:00,0.0,0,9.5,17.0,18.892087579960435,22,350,12
2025-12-16 23:00:00,0.0,0,9.7,16.7,18.629654675630988,23,350,12
2025-12-17 00:00:00,0.0,0,7.8,15.6,7.209299323377722,0,351,12
2025-12-17 01:00:00,0.0,0,6.8,14.7,3.5387315400513253,1,351,12
2025-12-17 02:00:00,0.0,0,5.1,14.5,0.6334385255991041,2,351,12
2025-12-17 03:00:00,0.0,0,2.6,14.5,0.0,3,351,12
2025-12-17 04:00:00,0.0,0,2.2,14.1,0.0,4,351,12
2025-12-17 05:00:00,0.0,0,2.7,13.1,0.0,5,351,12
2025-12-17 06:00:00,0.0,0,2.6,12.4,0.0,6,351,12
2025-12-17 07:00:00,0.0,0,2.7,12.3,0.0,7,351,12
2025-12-17 08:00:00,59.0,0,5.7,14.1,1.5555557083207336,8,351,12
2025-12-17 09:00:00,236.0,0,5.6,17.0,1.1763281410512854,9,351,12
2025-12-17 10:00:00,422.0,0,6.5,19.7,2.842324989610427,10,351,12
2025-12-17 11:00:00,571.0,0,8.6,22.8,12.246656426251612,11,351,12
2025-12-17 12:00:00,661.0,0,8.4,24.8,10.69921502422036,12,351,12
2025-12-17 13:00:00,682.0,0,7.7,26.3,6.352137763468695,13,351,12
2025-12-17 14:00:00,633.0,0,7.6,27.2,6.599035155270994,14,351,12
2025-12-17 15:00:00,516.0,0,6.9,27.5,4.238342781519571,15,351,12
2025-12-17 16:00:00,347.0,0,7.0,27.2,3.851503635687064,16,351,12
2025-12-17 17:00:00,156.0,0,5.9,24.4,1.4391222181849135,17,351,12
2025-12-17 18:00:00,17.0,0,6.4,22.0,2.7519049250046295,18,351,12
2025-12-17 19:00:00,0.0,0,7.1,20.1,4.5585765615551335,19,351,12
2025-12-17 20:00:00,0.0,0,6.4,18.7,2.710891344397038,20,351,12
2025-12-17 21:00:00,0.0,0,5.6,18.1,1.241273473184327,21,351,12
2025-12-17 22:00:00,0.0,0,3.5,17.7,0.008218520864467754,22,351,12
2025-12-17 23:00:00,0.0,1,1.9,17.1,0.0,23,351,12
2025-12-18 00:00:00,0.0,0,0.9,16.7,0.0,0,352,12
2025-12-18 01:00:00,0.0,0,2.3,16.4,0.0,1,352,12
2025-12-18 02:00:00,0.0,0,4.2,16.2,0.13616865019776267,2,352,12
2025-12-18 03:00:00,0.0,0,1.8,16.1,0.0,3,352,12
2025-12-18 04:00:00,0.0,4,2.5,14.8,0.0,4,352,12
2025-12-18 05:00:00,0.0,6,2.6,14.7,0.0,5,352,12
2025-12-18 06:00:00,0.0,13,6.1,15.0,2.0836494982645024,6,352,12
2025-12-18 07:00:00,0.0,8,8.4,15.5,9.496471637656601,7,352,12
2025-12-18 08:00:00,55.0,29,8.3,16.4,11.664317905951878,8,352,12
2025-12-18 09:00:00,223.0,30,6.8,18.3,3.4682888491808614,9,352,12
2025-12-18 10:00:00,404.0,30,6.3,21.3,2.4062328118543075,10,352,12
2025-12-18 11:00:00,549.0,9,7.4,24.1,5.832668623663415,11,352,12
2025-12-18 12:00:00,637.0,0,8.0,25.9,8.293205129589015,12,352,12
2025-12-18 13:00:00,659.0,0,8.3,27.2,11.309108266279683,13,352,12
2025-12-18 14:00:00,611.0,0,9.0,28.1,14.309083683089149,14,352,12
2025-12-18 15:00:00,499.0,0,9.3,28.4,18.341827743960597,15,352,12
2025-12-18 16:00:00,337.0,7,8.8,27.9,13.444859211405252,16,352,12
2025-12-18 17:00:00,153.0,0,4.6,25.7,0.2672479169249585,17,352,12
2025-12-18 18:00:00,17.0,0,4.4,23.5,0.16532601111573533,18,352,12
2025-12-18 19:00:00,0.0,0,4.6,21.8,0.2645998292178211,19,352,12
2025-12-18 20:00:00,0.0,0,3.5,20.6,0.00818631801249996,20,352,12
2025-12-18 21:00:00,0.0,0,2.3,20.0,0.0,21,352,12
2025-12-18 22:00:00,0.0,6,2.8,19.6,0.0,22,352,12
2025-12-18 23:00:00,0.0,10,3.6,19.1,0.013087279892894007,23,352,12
2025-12-19 00:00:00,0.0,0,2.7,18.5,0.0,0,353,12
2025-12-19 01:00:00,0.0,12,1.7,18.2,0.0,1,353,12
2025-12-19 02:00:00,0.0,9,2.7,17.1,0.0,2,353,12
2025-12-19 03:00:00,0.0,5,3.4,16.0,0.004541393717119471,3,353,12
2025-12-19 04:00:00,0.0,36,2.9,15.7,0.0,4,353,12
2025-12-19 05:00:00,0.0,13,2.1,15.6,0.0,5,353,12
2025-12-19 06:00:00,0.0,34,0.7,15.6,0.0,6,353,12
2025-12-19 07:00:00,0.0,10,0.9,15.5,0.0,7,353,12
2025-12-19 08:00:00,53.0,0,1.5,17.0,0.0,8,353,12
2025-12-19 09:00:00,222.0,0,1.8,19.3,0.0,9,353,12
2025-12-19 10:00:00,403.0,0,3.1,21.8,6.76608562136728e-05,10,353,12
2025-12-19 11:00:00,549.0,0,4.5,24.5,0.22408848788231517,11,353,12
2025-12-19 12:00:00,637.0,0,6.9,26.5,3.5214719919370894,12,353,12
2025-12-19 13:00:00,659.0,0,8.9,27.9,13.583293542124252,13,353,12
2025-12-19 14:00:00,613.0,0,8.9,28.7,14.948071918561672,14,353,12
2025-12-19 15:00:00,502.0,0,8.1,28.9,8.896136335077264,15,353,12
2025-12-19 16:00:00,340.0,0,7.1,28.6,5.402644460746676,16,353,12
2025-12-19 17:00:00,155.0,0,3.5,26.7,0.007827725101413089,17,353,12
2025-12-19 18:00:00,17.0,0,3.1,24.5,6.187653235289256e-05,18,353,12
2025-12-19 19:00:00,0.0,0,3.4,22.9,0.004308609409036397,19,353,12
2025-12-19 20:00:00,0.0,0,2.5,21.8,0.0,20,353,12
2025-12-19 21:00:00,0.0,0,2.8,21.1,0.0,21,353,12
2025-12-19 22:00:00,0.0,2,2.2,20.7,0.0,22,353,12
2025-12-19 23:00:00,0.0,24,3.5,20.3,0.009367135807807507,23,353,12
2025-12-20 00:00:00,0.0,0,4.2,19.8,0.11068578359574112,0,354,12
2025-12-20 01:00:00,0.0,0,2.0,19.6,0.0,1,354,12
2025-12-20 02:00:00,0.0,9,0.4,19.2,0.0,2,354,12
2025-12-20 03:00:00,0.0,58,1.0,18.1,0.0,3,354,12
2025-12-20 04:00:00,0.0,70,0.7,17.3,0.0,4,354,12
2025-12-20 05:00:00,0.0,8,2.1,16.4,0.0,5,354,12
2025-12-20 06:00:00,0.0,0,3.1,15.7,6.876575853494866e-05,6,354,12
2025-12-20 07:00:00,0.0,0,4.3,15.1,0.13420322151558614,7,354,12
2025-12-20 08:00:00,53.0,0,7.2,16.4,5.442495409502303,8,354,12
2025-12-20 09:00:00,223.0,0,4.5,19.7,0.19639388131402527,9,354,12
2025-12-20 10:00:00,405.0,2,2.2,23.1,0.0,10,354,12
2025-12-20 11:00:00,552.0,0,1.8,26.0,0.0,11,354,12
2025-12-20 12:00:00,642.0,0,4.3,28.0,0.12981484032591362,12,354,12
2025-12-20 13:00:00,666.0,0,5.0,29.3,0.5764434513235305,13,354,12
2025-12-20 14:00:00,620.0,0,4.3,29.9,0.15204528280440163,14,354,12
2025-12-20 15:00:00,509.0,0,4.1,30.1,0.09980946644349173,15,354,12
2025-12-20 16:00:00,346.0,0,4.4,29.8,0.181882061972067,16,354,12
2025-12-20 17:00:00,158.0,0,4.2,27.4,0.1112040653100862,17,354,12
2025-12-20 18:00:00,18.0,0,4.8,24.9,0.39519473911367686,18,354,12
2025-12-20 19:00:00,0.0,0,6.4,23.0,2.7886682744526334,19,354,12
2025-12-20 20:00:00,0.0,0,4.6,22.0,0.2803892616995874,20,354,12
2025-12-20 21:00:00,0.0,4,0.5,21.7,0.0,21,354,12
2025-12-20 22:00:00,0.0,96,1.5,21.2,0.0,22,354,12
2025-12-20 23:00:00,0.0,96,2.1,21.0,0.0,23,354,12
2025-12-21 00:00:00,0.0,100,3.4,20.0,0.004003705281559583,0,355,12
2025-12-21 01:00:00,0.0,75,4.9,18.7,0.43205783868808206,1,355,12
2025-12-21 02:00:00,0.0,15,5.8,17.9,1.373567370623231,2,355,12
2025-12-21 03:00:00,0.0,0,7.8,17.4,8.009537899582375,3,355,12
2025-12-21 04:00:00,0.0,60,6.4,16.0,2.5163548949821117,4,355,12
2025-12-21 05:00:00,0.0,69,5.0,16.1,0.5094204907962155,5,355,12
2025-12-21 06:00:00,0.0,20,5.4,16.1,0.8484135143292827,6,355,12
2025-12-21 07:00:00,0.0,23,2.9,16.0,0.0,7,355,12
2025-12-21 08:00:00,52.0,51,3.5,17.6,0.008866901578868066,8,355,12
2025-12-21 09:00:00,221.0,0,3.8,20.5,0.031699572996618006,9,355,12
2025-12-21 10:00:00,404.0,0,2.2,23.0,0.0,10,355,12
2025-12-21 11:00:00,553.0,0,3.7,25.6,0.023918738259769406,11,355,12
2025-12-21 12:00:00,646.0,0,6.2,27.6,2.124710408348161,12,355,12
2025-12-21 13:00:00,670.0,0,7.1,29.0,4.322779028340592,13,355,12
2025-12-21 14:00:00,624.0,0,6.1,29.7,1.953507019926593,14,355,12
2025-12-21 15:00:00,512.0,0,6.1,29.7,2.064800649601508,15,355,12
2025-12-21 16:00:00,349.0,0,6.7,29.2,3.8711785528403606,16,355,12
2025-12-21 17:00:00,161.0,0,4.4,26.7,0.18748719854870527,17,355,12
2025-12-21 18:00:00,19.0,0,3.3,24.5,0.0015369407666031766,18,355,12
2025-12-21 19:00:00,0.0,0,5.6,22.4,1.1957881180282812,19,355,12
2025-12-21 20:00:00,0.0,0,5.0,21.0,0.5106511058585014,20,355,12
2025-12-21 21:00:00,0.0,0,2.8,20.4,0.0,21,355,12
2025-12-21 22:00:00,0.0,0,1.4,19.9,0.0,22,355,12
2025-12-21 23:00:00,0.0,0,1.3,19.2,0.0,23,355,12
2025-12-22 00:00:00,0.0,0,1.8,18.8,0.0,0,356,12
2025-12-22 01:00:00,0.0,0,7.1,17.6,5.075413050241477,1,356,12
2025-12-22 02:00:00,0.0,0,6.7,16.6,3.6659297745237307,2,356,12
2025-12-22 03:00:00,0.0,0,5.7,16.1,1.2922423802192633,3,356,12
2025-12-22 04:00:00,0.0,0,5.2,16.0,0.7024821116242166,4,356,12
2025-12-22 05:00:00,0.0,0,6.1,15.9,2.013575802036508,5,356,12
2025-12-22 06:00:00,0.0,0,5.9,15.6,1.6095711733371103,6,356,12
2025-12-22 07:00:00,0.0,0,5.5,15.3,0.8744144777737488,7,356,12
2025-12-22 08:00:00,52.0,0,8.0,16.6,9.268125865349116,8,356,12
2025-12-22 09:00:00,222.0,0,6.3,19.3,2.071731804534447,9,356,12
2025-12-22 10:00:00,406.0,0,6.6,22.1,2.825664293576383,10,356,12
2025-12-22 11:00:00,555.0,0,9.8,24.9,20.016256190673523,11,356,12
2025-12-22 12:00:00,645.0,0,12.1,26.7,50.0,12,356,12
2025-12-22 13:00:00,669.0,0,12.5,27.9,48.15066852541555,13,356,12
2025-12-22 14:00:00,624.0,0,12.8,28.4,49.83617234762131,14,356,12
2025-12-22 15:00:00,513.0,0,11.9,28.5,48.386468774550224,15,356,12
2025-12-22 16:00:00,351.0,0,11.2,28.1,36.03827153301775,16,356,12
2025-12-22 17:00:00,163.0,0,6.9,25.9,3.5832072057369437,17,356,12
2025-12-22 18:00:00,20.0,0,7.2,23.0,4.853632319990235,18,356,12
2025-12-22 19:00:00,0.0,0,6.6,21.6,3.2205050010494585,19,356,12
2025-12-22 20:00:00,0.0,0,6.3,20.4,2.6917251670675397,20,356,12
2025-12-22 21:00:00,0.0,0,1.2,20.4,0.0,21,356,12
2025-12-22 22:00:00,0.0,0,0.9,19.4,0.0,22,356,12
2025-12-22 23:00:00,0.0,0,2.2,18.6,0.0,23,356,12
2025-12-23 00:00:00,0.0,0,6.0,16.9,1.9855544678649157,0,357,12
2025-12-23 01:00:00,0.0,0,6.8,16.3,3.7321889873993106,1,357,12
2025-12-23 02:00:00,0.0,0,7.9,16.2,7.144385215333717,2,357,12
2025-12-23 03:00:00,0.0,0,8.6,16.5,11.807651122390393,3,357,12
2025-12-23 04:00:00,0.0,0,8.3,16.3,9.468602136448634,4,357,12
2025-12-23 05:00:00,0.0,0,6.9,15.5,3.874460776576927,5,357,12
2025-12-23 06:00:00,0.0,0,6.3,15.2,2.622571082911759,6,357,12
2025-12-23 07:00:00,0.0,0,6.0,14.7,1.7386190794564746,7,357,12
2025-12-23 08:00:00,51.0,0,7.3,16.2,4.940494064034639,8,357,12
2025-12-23 09:00:00,220.0,0,7.4,18.5,5.820552094439344,9,357,12
2025-12-23 10:00:00,405.0,0,8.5,21.0,11.649188172710963,10,357,12
2025-12-23 11:00:00,555.0,0,9.8,23.5,24.366801740584652,11,357,12
2025-12-23 12:00:00,648.0,0,11.0,25.3,34.689194848906595,12,357,12
2025-12-23 13:00:00,672.0,0,12.3,26.6,50.0,13,357,12
2025-12-23 14:00:00,627.0,0,13.0,27.5,45.10157758779852,14,357,12
2025-12-23 15:00:00,516.0,0,12.7,27.8,50.0,15,357,12
2025-12-23 16:00:00,353.0,0,12.0,27.4,46.391086769180944,16,357,12
2025-12-23 17:00:00,165.0,0,6.7,25.3,3.160009454470029,17,357,12
2025-12-23 18:00:00,21.0,0,5.4,22.5,0.8709391716441555,18,357,12
2025-12-23 19:00:00,0.0,0,5.4,21.0,0.867586264258781,19,357,12
2025-12-23 20:00:00,0.0,0,2.9,20.4,0.0,20,357,12
2025-12-23 21:00:00,0.0,0,3.6,19.3,0.012881686024662834,21,357,12
2025-12-23 22:00:00,0.0,0,8.0,18.1,8.509440562530191,22,357,12
2025-12-23 23:00:00,0.0,0,9.6,18.2,19.157622968579968,23,357,12
2025-12-24 00:00:00,0.0,0,9.0,17.7,16.03161263270495,0,358,12
2025-12-24 01:00:00,0.0,0,8.5,16.9,11.46829350897276,1,358,12
2025-12-24 02:00:00,0.0,0,7.9,16.2,9.302509724400572,2,358,12
2025-12-24 03:00:00,0.0,0,7.5,15.5,6.208752109531384,3,358,12
2025-12-24 04:00:00,0.0,0,5.4,15.1,0.9308385261564244,4,358,12
2025-12-24 05:00:00,0.0,0,3.6,14.7,0.01553898127834004,5,358,12
2025-12-24 06:00:00,0.0,0,4.6,14.0,0.2596450801187201,6,358,12
2025-12-24 07:00:00,0.0,0,3.1,13.5,6.165745620669247e-05,7,358,12
2025-12-24 08:00:00,51.0,0,3.3,14.9,0.0021225416851173027,8,358,12
2025-12-24 09:00:00,224.0,0,3.2,17.5,0.0004889834110626916,9,358,12
2025-12-24 10:00:00,411.0,0,5.2,20.0,0.7682571384920651,10,358,12
2025-12-24 11:00:00,562.0,0,7.9,22.7,8.23020577885685,11,358,12
2025-12-24 12:00:00,656.0,0,8.7,24.6,13.666791413108102,12,358,12
2025-12-24 13:00:00,682.0,0,10.7,26.2,30.9403710298493,13,358,12
2025-12-24 14:00:00,638.0,0,10.7,27.1,26.42154672491051,14,358,12
2025-12-24 15:00:00,527.0,0,10.3,27.2,25.567819916839735,15,358,12
2025-12-24 16:00:00,363.0,0,9.9,26.7,22.719997209618626,16,358,12
2025-12-24 17:00:00,171.0,0,6.5,24.3,2.878608002996836,17,358,12
2025-12-24 18:00:00,22.0,0,7.9,21.1,7.437537128962164,18,358,12
2025-12-24 19:00:00,0.0,0,6.0,19.9,1.6056534721133247,19,358,12
2025-12-24 20:00:00,0.0,0,3.0,19.2,0.0,20,358,12
2025-12-24 21:00:00,0.0,0,2.4,18.4,0.0,21,358,12
2025-12-24 22:00:00,0.0,0,0.9,18.1,0.0,22,358,12
2025-12-24 23:00:00,0.0,0,0.6,17.3,0.0,23,358,12
2025-12-25 00:00:00,0.0,0,2.8,15.7,0.0,0,359,12
2025-12-25 01:00:00,0.0,0,2.7,14.4,0.0,1,359,12
2025-12-25 02:00:00,0.0,0,0.7,14.0,0.0,2,359,12
2025-12-25 03:00:00,0.0,0,1.8,13.5,0.0,3,359,12
2025-12-25 04:00:00,0.0,0,3.2,12.9,0.0004925710071617187,4,359,12
2025-12-25 05:00:00,0.0,0,1.9,12.5,0.0,5,359,12
2025-12-25 06:00:00,0.0,8,2.7,12.2,0.0,6,359,12
2025-12-25 07:00:00,0.0,42,2.3,11.7,0.0,7,359,12
2025-12-25 08:00:00,51.0,48,1.7,13.3,0.0,8,359,12
2025-12-25 09:00:00,226.0,57,0.8,16.2,0.0,9,359,12
2025-12-25 10:00:00,416.0,4,2.5,19.6,0.0,10,359,12
2025-12-25 11:00:00,572.0,15,4.3,22.4,0.14066885689581402,11,359,12
2025-12-25 12:00:00,666.0,13,6.2,24.5,2.548014491069211,12,359,12
2025-12-25 13:00:00,693.0,12,6.5,25.6,3.0751155280823097,13,359,12
2025-12-25 14:00:00,648.0,9,5.6,26.1,1.1563865150197856,14,359,12
2025-12-25 15:00:00,536.0,7,5.2,26.2,0.7277666704740627,15,359,12
2025-12-25 16:00:00,369.0,28,5.6,25.8,1.1263770685127668,16,359,12
2025-12-25 17:00:00,174.0,25,3.9,23.5,0.052576774329555605,17,359,12
2025-12-25 18:00:00,23.0,48,5.7,20.6,1.3564182836529655,18,359,12
2025-12-25 19:00:00,0.0,56,7.0,18.6,4.549411634359606,19,359,12
2025-12-25 20:00:00,0.0,90,4.0,17.8,0.06294691753972596,20,359,12
2025-12-25 21:00:00,0.0,95,2.1,17.4,0.0,21,359,12
2025-12-25 22:00:00,0.0,95,1.6,16.8,0.0,22,359,12
2025-12-25 23:00:00,0.0,73,2.7,16.1,0.0,23,359,12
2025-12-26 00:00:00,0.0,99,2.9,15.3,0.0,0,360,12
2025-12-26 01:00:00,0.0,84,2.3,14.7,0.0,1,360,12
2025-12-26 02:00:00,0.0,68,5.0,13.3,0.560679292212185,2,360,12
2025-12-26 03:00:00,0.0,53,1.9,13.0,0.0,3,360,12
2025-12-26 04:00:00,0.0,0,2.9,12.6,0.0,4,360,12
2025-12-26 05:00:00,0.0,0,2.7,12.2,0.0,5,360,12
2025-12-26 06:00:00,0.0,0,2.5,12.1,0.0,6,360,12
2025-12-26 07:00:00,0.0,0,2.0,11.9,0.0,7,360,12
2025-12-26 08:00:00,50.0,0,1.3,13.3,0.0,8,360,12
2025-12-26 09:00:00,224.0,0,1.3,15.8,0.0,9,360,12
2025-12-26 10:00:00,412.0,0,1.1,19.1,0.0,10,360,12
2025-12-26 11:00:00,562.0,0,3.5,22.1,0.00774804705011547,11,360,12
2025-12-26 12:00:00,654.0,0,5.2,24.3,0.7316930605743368,12,360,12
2025-12-26 13:00:00,679.0,0,5.2,25.4,0.7750956219589811,13,360,12
2025-12-26 14:00:00,635.0,0,3.6,26.0,0.014071932639458544,14,360,12
2025-12-26 15:00:00,526.0,0,4.2,26.1,0.11353655963587411,15,360,12
2025-12-26 16:00:00,364.0,0,6.0,25.8,1.9330825938057157,16,360,12
2025-12-26 17:00:00,174.0,0,5.0,23.7,0.5157250024106989,17,360,12
2025-12-26 18:00:00,23.0,0,5.6,21.2,1.1346454517717526,18,360,12
2025-12-26 19:00:00,0.0,0,8.4,19.4,11.230306072896804,19,360,12
2025-12-26 20:00:00,0.0,0,8.1,18.1,8.747758609485075,20,360,12
2025-12-26 21:00:00,0.0,0,5.9,17.3,1.5105079294255652,21,360,12
2025-12-26 22:00:00,0.0,0,2.9,16.9,0.0,22,360,12
2025-12-26 23:00:00,0.0,0,0.9,16.6,0.0,23,360,12
2025-12-27 00:00:00,0.0,0,0.6,16.0,0.0,0,361,12
2025-12-27 01:00:00,0.0,0,1.1,15.3,0.0,1,361,12
2025-12-27 02:00:00,0.0,8,4.1,14.7,0.09340172231073414,2,361,12
2025-12-27 03:00:00,0.0,8,5.8,13.6,1.475555550518896,3,361,12
2025-12-27 04:00:00,0.0,6,4.5,12.8,0.25075376734838,4,361,12
2025-12-27 05:00:00,0.0,0,0.5,12.7,0.0,5,361,12
2025-12-27 06:00:00,0.0,0,0.9,12.4,0.0,6,361,12
2025-12-27 07:00:00,0.0,0,1.8,12.3,0.0,7,361,12
2025-12-27 08:00:00,48.0,0,2.7,13.9,0.0,8,361,12
2025-12-27 09:00:00,217.0,0,2.8,16.8,0.0,9,361,12
2025-12-27 10:00:00,403.0,0,2.6,19.6,0.0,10,361,12
2025-12-27 11:00:00,554.0,1,4.7,22.2,0.3001836655887339,11,361,12
2025-12-27 12:00:00,647.0,0,6.4,24.0,2.2965844369233834,12,361,12
2025-12-27 13:00:00,674.0,0,7.4,25.2,5.9205767174618895,13,361,12
2025-12-27 14:00:00,631.0,0,6.6,25.9,3.0673197018728406,14,361,12
2025-12-27 15:00:00,523.0,0,6.7,26.1,3.7273994558701515,15,361,12
2025-12-27 16:00:00,361.0,0,7.6,25.8,6.621638251742992,16,361,12
2025-12-27 17:00:00,172.0,0,5.8,23.6,1.5689548812783853,17,361,12
2025-12-27 18:00:00,23.0,0,7.7,20.6,6.842948510887166,18,361,12
2025-12-27 19:00:00,0.0,0,8.1,19.4,8.984930017907818,19,361,12
2025-12-27 20:00:00,0.0,0,6.5,18.2,2.6582901750283083,20,361,12
2025-12-27 21:00:00,0.0,0,5.7,17.1,1.35457074218594,21,361,12
2025-12-27 22:00:00,0.0,0,3.6,16.7,0.01391673861713862,22,361,12
2025-12-27 23:00:00,0.0,0,3.4,16.4,0.004464066247864138,23,361,12
2025-12-28 00:00:00,0.0,0,1.7,16.1,0.0,0,362,12
2025-12-28 01:00:00,0.0,0,0.9,15.6,0.0,1,362,12
2025-12-28 02:00:00,0.0,0,0.8,15.0,0.0,2,362,12
2025-12-28 03:00:00,0.0,0,4.8,13.5,0.3663024774304385,3,362,12
2025-12-28 04:00:00,0.0,0,1.5,13.2,0.0,4,362,12
2025-12-28 05:00:00,0.0,0,1.1,13.5,0.0,5,362,12
2025-12-28 06:00:00,0.0,0,0.6,13.5,0.0,6,362,12
2025-12-28 07:00:00,0.0,0,0.2,13.4,0.0,7,362,12
2025-12-28 08:00:00,47.0,0,0.6,14.6,0.0,8,362,12
2025-12-28 09:00:00,218.0,0,3.1,17.1,6.993831919820685e-05,9,362,12
2025-12-28 10:00:00,405.0,0,3.6,20.1,0.014589339918151801,10,362,12
2025-12-28 11:00:00,557.0,0,4.2,22.9,0.12357983970640135,11,362,12
2025-12-28 12:00:00,651.0,0,4.6,24.6,0.24552049186513022,12,362,12
2025-12-28 13:00:00,679.0,0,3.6,25.6,0.01488664858907491,13,362,12
2025-12-28 14:00:00,635.0,0,2.9,26.1,0.0,14,362,12
2025-12-28 15:00:00,527.0,0,2.7,26.4,0.0,15,362,12
2025-12-28 16:00:00,365.0,0,3.3,26.2,0.0018571005517002705,16,362,12
2025-12-28 17:00:00,175.0,0,4.4,24.0,0.20288245661329238,17,362,12
2025-12-28 18:00:00,24.0,0,5.5,21.7,0.9419705301564514,18,362,12
2025-12-28 19:00:00,0.0,0,5.2,20.4,0.683875391857331,19,362,12
2025-12-28 20:00:00,0.0,0,7.7,18.2,8.139023314122635,20,362,12
2025-12-28 21:00:00,0.0,1,6.3,17.3,2.411746745522872,21,362,12
2025-12-28 22:00:00,0.0,0,3.7,17.2,0.023925235644754638,22,362,12
2025-12-28 23:00:00,0.0,9,2.8,16.8,0.0,23,362,12
2025-12-29 00:00:00,0.0,25,1.9,16.5,0.0,0,363,12
2025-12-29 01:00:00,0.0,5,1.4,16.2,0.0,1,363,12
2025-12-29 02:00:00,0.0,30,0.7,15.9,0.0,2,363,12
2025-12-29 03:00:00,0.0,14,1.6,14.8,0.0,3,363,12
2025-12-29 04:00:00,0.0,0,0.2,14.2,0.0,4,363,12
2025-12-29 05:00:00,0.0,0,0.7,14.2,0.0,5,363,12
2025-12-29 06:00:00,0.0,0,0.6,14.2,0.0,6,363,12
2025-12-29 07:00:00,0.0,0,1.6,13.5,0.0,7,363,12
2025-12-29 08:00:00,46.0,0,3.7,14.6,0.02573819211661799,8,363,12
2025-12-29 09:00:00,216.0,0,5.1,17.7,0.6448610107567327,9,363,12
2025-12-29 10:00:00,403.0,0,4.8,20.5,0.35597714888780896,10,363,12
2025-12-29 11:00:00,555.0,0,5.8,23.4,1.5856786538372656,11,363,12
2025-12-29 12:00:00,649.0,0,6.0,25.0,1.8017765432430817,12,363,12
2025-12-29 13:00:00,677.0,0,4.0,26.1,0.06329835507228124,13,363,12
2025-12-29 14:00:00,634.0,0,3.9,26.7,0.0494499401016304,14,363,12
2025-12-29 15:00:00,526.0,0,5.1,27.0,0.6214319754772671,15,363,12
2025-12-29 16:00:00,364.0,0,6.3,26.7,2.563133468123777,16,363,12
2025-12-29 17:00:00,175.0,0,4.7,24.8,0.3453619172524467,17,363,12
2025-12-29 18:00:00,25.0,0,6.9,22.1,3.905571520843154,18,363,12
2025-12-29 19:00:00,0.0,0,8.2,20.6,9.163140163557527,19,363,12
2025-12-29 20:00:00,0.0,2,2.7,19.5,0.0,20,363,12
2025-12-29 21:00:00,0.0,2,3.3,18.6,0.0017697059232943267,21,363,12
2025-12-29 22:00:00,0.0,0,0.7,18.5,0.0,22,363,12
2025-12-29 23:00:00,0.0,0,0.7,18.2,0.0,23,363,12
2025-12-30 00:00:00,0.0,0,1.1,17.8,0.0,0,364,12
2025-12-30 01:00:00,0.0,0,1.9,17.4,0.0,1,364,12
2025-12-30 02:00:00,0.0,0,1.5,17.0,0.0,2,364,12
2025-12-30 03:00:00,0.0,0,0.9,16.4,0.0,3,364,12
2025-12-30 04:00:00,0.0,0,4.7,14.7,0.3985404507097458,4,364,12
2025-12-30 05:00:00,0.0,0,3.3,13.9,0.0018840830488989593,5,364,12
2025-12-30 06:00:00,0.0,0,4.5,13.8,0.19331018872447076,6,364,12
2025-12-30 07:00:00,0.0,0,5.0,13.3,0.5415625607012345,7,364,12
2025-12-30 08:00:00,45.0,0,6.6,14.9,3.37923941179874,8,364,12
2025-12-30 09:00:00,212.0,0,5.7,18.2,1.3862948026860449,9,364,12
2025-12-30 10:00:00,398.0,0,4.4,21.3,0.1718139613203755,10,364,12
2025-12-30 11:00:00,550.0,0,2.8,24.3,0.0,11,364,12
2025-12-30 12:00:00,646.0,0,4.4,25.7,0.16828362030279298,12,364,12
2025-12-30 13:00:00,676.0,0,5.9,26.3,1.7235639504201357,13,364,12
2025-12-30 14:00:00,630.0,10,8.1,26.6,8.01094379036138,14,364,12
2025-12-30 15:00:00,507.0,12,7.8,26.7,7.8794947550779035,15,364,12
2025-12-30 16:00:00,339.0,18,4.8,26.7,0.36688001463216646,16,364,12
2025-12-30 17:00:00,169.0,39,20.3,25.7,50.0,17,364,12
2025-12-30 18:00:00,23.0,13,9.1,22.7,15.38064877156394,18,364,12
2025-12-30 19:00:00,0.0,19,1.5,21.5,0.0,19,364,12
2025-12-30 20:00:00,0.0,2,5.0,20.5,0.6430167858036502,20,364,12
2025-12-30 21:00:00,0.0,1,7.3,19.6,5.287710218917923,21,364,12
2025-12-30 22:00:00,0.0,0,8.7,19.2,11.903244526456776,22,364,12
2025-12-30 23:00:00,0.0,0,10.8,19.0,32.963781044073585,23,364,12
2025-12-31 00:00:00,0.0,0,12.1,19.3,50.0,0,365,12
2025-12-31 01:00:00,0.0,3,11.8,19.2,44.63427910150022,1,365,12
2025-12-31 02:00:00,0.0,8,11.7,19.2,39.42907277011538,2,365,12
2025-12-31 03:00:00,0.0,10,12.0,19.3,50.0,3,365,12
2025-12-31 04:00:00,0.0,6,11.5,19.1,37.12192638176414,4,365,12
2025-12-31 05:00:00,0.0,16,9.0,18.3,13.90643910052373,5,365,12
2025-12-31 06:00:00,0.0,9,9.2,18.2,15.811542555639587,6,365,12
2025-12-31 07:00:00,0.0,2,9.7,18.2,20.677249292701408,7,365,12
2025-12-31 08:00:00,43.0,8,12.1,19.4,43.156937972148,8,365,12
2025-12-31 09:00:00,200.0,8,11.2,22.3,32.38002484840673,9,365,12
2025-12-31 10:00:00,377.0,41,15.7,24.8,42.46943176608292,10,365,12
2025-12-31 11:00:00,444.0,27,15.9,26.0,50.0,11,365,12
2025-12-31 12:00:00,575.0,58,16.2,26.6,48.47873757068653,12,365,12
2025-12-31 13:00:00,530.0,75,19.0,25.6,42.16777575217018,13,365,12
2025-12-31 14:00:00,380.0,13,17.8,25.2,48.4302788230426,14,365,12
2025-12-31 15:00:00,493.0,44,16.3,23.6,50.0,15,365,12
2025-12-31 16:00:00,243.0,52,14.3,24.3,50.0,16,365,12
2025-12-31 17:00:00,137.0,14,4.8,23.8,0.4216544833222108,17,365,12
2025-12-31 18:00:00,24.0,16,6.5,22.1,3.181914478687797,18,365,12
2025-12-31 19:00:00,0.0,5,7.6,21.5,7.230181446155728,19,365,12
2025-12-31 20:00:00,0.0,1,10.7,20.7,33.55436359889494,20,365,12
2025-12-31 21:00:00,0.0,1,12.3,20.0,45.168148894699044,21,365,12
2025-12-31 22:00:00,0.0,0,13.3,19.2,46.72894046221009,22,365,12
2025-12-31 23:00:00,0.0,0,14.4,18.6,50.0,23,365,12
2026-01-01 00:00:00,0.0,0,13.3,17.7,50.0,0,1,1
2026-01-01 01:00:00,0.0,0,12.3,17.3,46.209838310569516,1,1,1
2026-01-01 02:00:00,0.0,0,10.4,16.5,25.472221683131007,2,1,1
2026-01-01 03:00:00,0.0,0,8.1,15.6,8.687656165296819,3,1,1
2026-01-01 04:00:00,0.0,0,6.0,14.6,2.0459510569501136,4,1,1
2026-01-01 05:00:00,0.0,0,7.1,14.9,4.849300352245287,5,1,1
2026-01-01 06:00:00,0.0,1,6.6,14.5,3.3175968962944236,6,1,1
2026-01-01 07:00:00,0.0,2,7.6,14.4,6.1021891517783375,7,1,1
2026-01-01 08:00:00,43.0,5,7.7,15.4,6.594692022746191,8,1,1
2026-01-01 09:00:00,208.0,9,4.9,17.5,0.41038817040238124,9,1,1
2026-01-01 10:00:00,392.0,7,7.9,19.8,7.70494873072094,10,1,1
2026-01-01 11:00:00,545.0,24,14.9,21.4,50.0,11,1,1
2026-01-01 12:00:00,587.0,27,15.0,23.0,50.0,12,1,1
2026-01-01 13:00:00,608.0,32,13.1,23.7,46.587266171933074,13,1,1
2026-01-01 14:00:00,569.0,30,10.4,24.1,27.134177385390313,14,1,1
2026-01-01 15:00:00,499.0,21,8.3,24.1,9.057209308244952,15,1,1
2026-01-01 16:00:00,345.0,2,8.8,23.8,12.18421818152324,16,1,1
2026-01-01 17:00:00,180.0,4,8.8,23.0,13.115758869092948,17,1,1
2026-01-01 18:00:00,28.0,0,7.3,20.1,4.61353770307668,18,1,1
2026-01-01 19:00:00,0.0,0,7.1,18.6,5.472174497843757,19,1,1
2026-01-01 20:00:00,0.0,0,6.6,17.3,3.1661615975670334,20,1,1
2026-01-01 21:00:00,0.0,0,9.7,17.0,19.821965887778394,21,1,1
2026-01-01 22:00:00,0.0,0,11.6,17.0,47.70444398415258,22,1,1
2026-01-01 23:00:00,0.0,0,12.3,16.4,49.36971159905019,23,1,1
2026-01-02 00:00:00,0.0,0,11.4,15.8,38.95737382163809,0,2,1
2026-01-02 01:00:00,0.0,0,9.2,15.1,16.41979634073043,1,2,1
2026-01-02 02:00:00,0.0,0,8.3,14.5,9.554101826393348,2,2,1
2026-01-02 03:00:00,0.0,0,7.2,13.8,4.857576750747857,3,2,1
2026-01-02 04:00:00,0.0,0,6.1,13.2,2.00815432378808,4,2,1
2026-01-02 05:00:00,0.0,0,5.7,12.7,1.0659062127159697,5,2,1
2026-01-02 06:00:00,0.0,0,3.0,12.7,0.0,6,2,1
2026-01-02 07:00:00,0.0,0,1.7,12.5,0.0,7,2,1
2026-01-02 08:00:00,44.0,0,4.3,13.6,0.13395288191839458,8,2,1
2026-01-02 09:00:00,214.0,0,3.6,15.6,0.013229499221283232,9,2,1
2026-01-02 10:00:00,403.0,0,6.5,17.7,3.293731259386544,10,2,1
2026-01-02 11:00:00,559.0,0,8.0,19.6,8.931721023160943,11,2,1
2026-01-02 12:00:00,659.0,0,9.8,21.6,21.35714037008213,12,2,1
2026-01-02 13:00:00,690.0,0,12.1,23.1,50.0,13,2,1
2026-01-02 14:00:00,650.0,0,13.8,23.6,50.0,14,2,1
2026-01-02 15:00:00,544.0,0,14.5,23.6,50.0,15,2,1
2026-01-02 16:00:00,383.0,0,13.5,23.0,42.356730745051564,16,2,1
2026-01-02 17:00:00,190.0,0,7.1,21.7,4.286251557165737,17,2,1
2026-01-02 18:00:00,30.0,0,6.8,18.7,4.238861445697023,18,2,1
2026-01-02 19:00:00,0.0,0,7.6,17.6,6.595165573911524,19,2,1
2026-01-02 20:00:00,0.0,0,7.1,16.5,4.483047735523032,20,2,1
2026-01-02 21:00:00,0.0,0,7.3,15.4,5.203602746433469,21,2,1
2026-01-02 22:00:00,0.0,0,8.4,14.7,10.268850311090201,22,2,1
2026-01-02 23:00:00,0.0,0,9.1,14.4,13.370744004743278,23,2,1
2026-01-03 00:00:00,0.0,0,9.4,13.6,18.142510763709033,0,3,1
2026-01-03 01:00:00,0.0,0,8.2,13.0,8.266230951765554,1,3,1
2026-01-03 02:00:00,0.0,0,7.4,12.2,5.335923475703232,2,3,1
2026-01-03 03:00:00,0.0,0,6.4,11.6,2.337125394570134,3,3,1
2026-01-03 04:00:00,0.0,0,5.9,11.2,1.603318708087073,4,3,1
2026-01-03 05:00:00,0.0,0,4.5,10.6,0.2606456736684068,5,3,1
2026-01-03 06:00:00,0.0,0,3.1,10.3,6.910282231143732e-05,6,3,1
2026-01-03 07:00:00,0.0,0,1.9,10.0,0.0,7,3,1
2026-01-03 08:00:00,45.0,0,3.0,11.2,0.0,8,3,1
2026-01-03 09:00:00,217.0,0,1.0,13.7,0.0,9,3,1
2026-01-03 10:00:00,410.0,0,2.7,16.4,0.0,10,3,1
2026-01-03 11:00:00,568.0,0,4.8,18.6,0.41155253029289074,11,3,1
2026-01-03 12:00:00,668.0,0,7.0,20.9,4.7666343299576575,12,3,1
2026-01-03 13:00:00,699.0,0,8.5,22.3,12.169070516721096,13,3,1
2026-01-03 14:00:00,658.0,0,8.7,23.1,11.397694696637112,14,3,1
2026-01-03 15:00:00,550.0,0,9.6,23.4,18.794669373572052,15,3,1
2026-01-03 16:00:00,387.0,0,11.7,23.0,42.60349523488079,16,3,1
2026-01-03 17:00:00,193.0,0,8.2,21.5,8.947192111724021,17,3,1
2026-01-03 18:00:00,31.0,0,7.5,18.4,6.7268345980224025,18,3,1
2026-01-03 19:00:00,0.0,0,7.6,17.3,6.963460617487023,19,3,1
2026-01-03 20:00:00,0.0,0,7.6,16.4,6.035525768621795,20,3,1
2026-01-03 21:00:00,0.0,0,5.4,15.5,1.0172407374905748,21,3,1
2026-01-03 22:00:00,0.0,0,4.7,14.9,0.38029424672456896,22,3,1
2026-01-03 23:00:00,0.0,0,7.1,14.0,5.128563697210763,23,3,1
2026-01-04 00:00:00,0.0,0,6.8,13.0,3.688864495791285,0,4,1
2026-01-04 01:00:00,0.0,0,5.0,12.6,0.5978723122553999,1,4,1
2026-01-04 02:00:00,0.0,0,5.2,12.4,0.672045165994913,2,4,1
2026-01-04 03:00:00,0.0,0,4.1,11.9,0.09317502771968715,3,4,1
2026-01-04 04:00:00,0.0,0,2.3,11.5,0.0,4,4,1
2026-01-04 05:00:00,0.0,0,2.1,10.9,0.0,5,4,1
2026-01-04 06:00:00,0.0,0,1.6,10.7,0.0,6,4,1
2026-01-04 07:00:00,0.0,0,1.9,10.3,0.0,7,4,1
2026-01-04 08:00:00,44.0,0,3.3,11.6,0.001643262654282282,8,4,1
2026-01-04 09:00:00,218.0,0,2.4,14.3,0.0,9,4,1
2026-01-04 10:00:00,411.0,0,2.2,16.8,0.0,10,4,1
2026-01-04 11:00:00,568.0,0,6.0,19.5,1.8282678336193299,11,4,1
2026-01-04 12:00:00,667.0,0,7.0,21.7,3.8603766737487675,12,4,1
2026-01-04 13:00:00,699.0,0,7.4,23.0,5.75675615101788,13,4,1
2026-01-04 14:00:00,658.0,0,8.1,23.8,8.681005844685377,14,4,1
2026-01-04 15:00:00,550.0,0,9.2,24.1,17.445330841564772,15,4,1
2026-01-04 16:00:00,387.0,0,10.3,23.8,21.797202692599946,16,4,1
2026-01-04 17:00:00,194.0,0,6.2,22.0,2.121143167949202,17,4,1
2026-01-04 18:00:00,32.0,0,4.9,19.0,0.5158083017557301,18,4,1
2026-01-04 19:00:00,0.0,0,5.5,17.2,1.1578121508688597,19,4,1
2026-01-04 20:00:00,0.0,0,5.6,15.8,1.04958088123981,20,4,1
2026-01-04 21:00:00,0.0,0,4.0,15.3,0.07530292523383234,21,4,1
2026-01-04 22:00:00,0.0,0,3.2,14.9,0.0005186754659015081,22,4,1
2026-01-04 23:00:00,0.0,0,2.7,14.2,0.0,23,4,1
2026-01-05 00:00:00,0.0,0,2.4,13.4,0.0,0,5,1
2026-01-05 01:00:00,0.0,0,1.5,13.0,0.0,1,5,1
2026-01-05 02:00:00,0.0,0,1.0,12.9,0.0,2,5,1
2026-01-05 03:00:00,0.0,0,2.1,12.0,0.0,3,5,1
2026-01-05 04:00:00,0.0,0,1.9,11.3,0.0,4,5,1
2026-01-05 05:00:00,0.0,0,1.1,11.0,0.0,5,5,1
2026-01-05 06:00:00,0.0,0,0.6,10.9,0.0,6,5,1
2026-01-05 07:00:00,0.0,0,0.4,10.6,0.0,7,5,1
2026-01-05 08:00:00,43.0,0,0.7,11.7,0.0,8,5,1
2026-01-05 09:00:00,214.0,0,1.5,14.3,0.0,9,5,1
2026-01-05 10:00:00,406.0,0,4.0,17.2,0.05778689679267544,10,5,1
2026-01-05 11:00:00,563.0,0,5.7,19.5,1.4492402466628482,11,5,1
2026-01-05 12:00:00,663.0,0,7.1,21.7,4.644771820647257,12,5,1
2026-01-05 13:00:00,695.0,0,8.2,23.5,9.26891275794375,13,5,1
2026-01-05 14:00:00,656.0,0,8.2,24.5,8.801385220046521,14,5,1
2026-01-05 15:00:00,550.0,0,9.6,24.8,20.794953518027135,15,5,1
2026-01-05 16:00:00,388.0,0,11.1,24.5,37.62391433484453,16,5,1
2026-01-05 17:00:00,196.0,0,8.0,22.9,7.9543272502123905,17,5,1
2026-01-05 18:00:00,33.0,0,8.6,19.7,10.501948959246649,18,5,1
2026-01-05 19:00:00,0.0,0,8.5,18.1,11.28980631505098,19,5,1
2026-01-05 20:00:00,0.0,0,6.6,17.0,3.2182127512236627,20,5,1
2026-01-05 21:00:00,0.0,0,4.9,15.9,0.3906135783481073,21,5,1
2026-01-05 22:00:00,0.0,0,3.1,15.4,7.099100009857844e-05,22,5,1
2026-01-05 23:00:00,0.0,0,1.4,15.0,0.0,23,5,1
2026-01-06 00:00:00,0.0,0,4.9,13.2,0.46607267418042864,0,6,1
2026-01-06 01:00:00,0.0,0,5.6,12.8,1.3207177537459251,1,6,1
2026-01-06 02:00:00,0.0,0,7.4,12.6,5.480301404862099,2,6,1
2026-01-06 03:00:00,0.0,0,7.0,12.2,4.107550717376316,3,6,1
2026-01-06 04:00:00,0.0,0,6.2,11.8,2.1790377169746886,4,6,1
2026-01-06 05:00:00,0.0,0,6.3,11.2,2.2136267942380305,5,6,1
2026-01-06 06:00:00,0.0,0,5.2,11.0,0.7440725987910605,6,6,1
2026-01-06 07:00:00,0.0,0,5.0,10.7,0.6183231128316479,7,6,1
2026-01-06 08:00:00,43.0,0,4.9,12.0,0.49496574130844573,8,6,1
2026-01-06 09:00:00,215.0,0,2.7,14.4,0.0,9,6,1
2026-01-06 10:00:00,407.0,0,2.7,16.8,0.0,10,6,1
2026-01-06 11:00:00,566.0,0,6.1,19.5,2.147286398635853,11,6,1
2026-01-06 12:00:00,667.0,0,8.7,21.8,14.399747998697531,12,6,1
2026-01-06 13:00:00,701.0,0,10.9,23.5,34.83815436461023,13,6,1
2026-01-06 14:00:00,663.0,0,13.0,24.5,50.0,14,6,1
2026-01-06 15:00:00,556.0,0,14.3,24.8,50.0,15,6,1
2026-01-06 16:00:00,394.0,0,14.4,24.4,50.0,16,6,1
2026-01-06 17:00:00,200.0,0,8.5,22.8,10.007534276100122,17,6,1
2026-01-06 18:00:00,34.0,0,5.4,19.4,0.9507668877581099,18,6,1
2026-01-06 19:00:00,0.0,0,3.1,18.2,7.421964706757568e-05,19,6,1
2026-01-06 20:00:00,0.0,0,2.3,17.4,0.0,20,6,1
2026-01-06 21:00:00,0.0,0,2.9,16.4,0.0,21,6,1
2026-01-06 22:00:00,0.0,0,7.1,14.9,4.868173978934882,22,6,1
2026-01-06 23:00:00,0.0,0,9.4,14.8,19.193747063711,23,6,1
2026-01-07 00:00:00,0.0,0,10.6,14.9,28.72954289927825,0,7,1
2026-01-07 01:00:00,0.0,0,10.0,14.3,24.0773196456759,1,7,1
2026-01-07 02:00:00,0.0,0,9.0,13.4,15.009811375613712,2,7,1
2026-01-07 03:00:00,0.0,0,7.4,12.2,6.147331836767965,3,7,1
2026-01-07 04:00:00,0.0,0,5.6,11.7,1.178411684542518,4,7,1
2026-01-07 05:00:00,0.0,0,5.9,11.1,1.6696210682938755,5,7,1
2026-01-07 06:00:00,0.0,0,4.8,10.8,0.32825421411661204,6,7,1
2026-01-07 07:00:00,0.0,0,3.5,10.6,0.00798843564782719,7,7,1
2026-01-07 08:00:00,43.0,0,5.0,11.7,0.5467801374322879,8,7,1
2026-01-07 09:00:00,216.0,0,4.3,14.3,0.16300136596410997,9,7,1
2026-01-07 10:00:00,410.0,0,5.5,16.8,1.0956124326842107,10,7,1
2026-01-07 11:00:00,569.0,0,5.8,18.9,1.2887227542935928,11,7,1
2026-01-07 12:00:00,671.0,0,8.4,21.0,10.474194823554514,12,7,1
2026-01-07 13:00:00,705.0,0,11.8,22.6,42.686158753766115,13,7,1
2026-01-07 14:00:00,667.0,0,13.3,23.4,50.0,14,7,1
2026-01-07 15:00:00,561.0,0,13.4,23.4,50.0,15,7,1
2026-01-07 16:00:00,398.0,0,13.2,23.0,48.42647268628039,16,7,1
2026-01-07 17:00:00,203.0,0,7.3,21.5,5.007732786928408,17,7,1
2026-01-07 18:00:00,36.0,0,6.2,18.3,2.2294643623074046,18,7,1
2026-01-07 19:00:00,0.0,0,4.0,17.5,0.06997453072950843,19,7,1
2026-01-07 20:00:00,0.0,0,2.8,16.7,0.0,20,7,1
2026-01-07 21:00:00,0.0,0,10.4,15.5,28.229423215112757,21,7,1
2026-01-07 22:00:00,0.0,0,13.4,15.4,45.1522405975649,22,7,1
2026-01-07 23:00:00,0.0,0,13.9,14.7,49.321753978309204,23,7,1
2026-01-08 00:00:00,0.0,0,12.2,13.8,47.07361442983323,0,8,1
2026-01-08 01:00:00,0.0,0,10.3,12.8,22.39035697341323,1,8,1
2026-01-08 02:00:00,0.0,0,8.1,11.9,9.016180578104414,2,8,1
2026-01-08 03:00:00,0.0,0,7.2,11.1,4.59798169517657,3,8,1
2026-01-08 04:00:00,0.0,0,6.7,10.5,3.1888624121980036,4,8,1
2026-01-08 05:00:00,0.0,0,6.0,9.9,1.6801387099521294,5,8,1
2026-01-08 06:00:00,0.0,0,6.2,9.6,2.4020591631045347,6,8,1
2026-01-08 07:00:00,0.0,0,6.9,9.3,3.8766224951960337,7,8,1
2026-01-08 08:00:00,42.0,0,8.9,10.6,14.888554397574389,8,8,1
2026-01-08 09:00:00,213.0,0,8.2,13.1,8.830216849130204,9,8,1
2026-01-08 10:00:00,405.0,0,9.8,15.4,22.07359044828859,10,8,1
2026-01-08 11:00:00,563.0,0,11.2,17.8,35.314441409765514,11,8,1
2026-01-08 12:00:00,666.0,0,11.8,19.7,46.04358891630452,12,8,1
2026-01-08 13:00:00,700.0,0,12.8,21.1,48.82179158370198,13,8,1
2026-01-08 14:00:00,664.0,0,14.7,21.9,50.0,14,8,1
2026-01-08 15:00:00,559.0,0,14.7,22.0,47.84686007170073,15,8,1
2026-01-08 16:00:00,398.0,0,15.0,21.5,49.320634552048936,16,8,1
2026-01-08 17:00:00,203.0,0,11.6,20.2,44.52021818365222,17,8,1
2026-01-08 18:00:00,36.0,0,7.4,17.1,5.364109167074118,18,8,1
2026-01-08 19:00:00,0.0,0,8.2,15.9,10.146033893420405,19,8,1
2026-01-08 20:00:00,0.0,0,10.1,15.5,23.209824384948547,20,8,1
2026-01-08 21:00:00,0.0,0,11.2,14.7,39.170176514004645,21,8,1
2026-01-08 22:00:00,0.0,0,11.9,13.9,50.0,22,8,1
2026-01-08 23:00:00,0.0,0,10.8,13.1,32.100230099107065,23,8,1
2026-01-09 00:00:00,0.0,0,9.1,12.3,15.30106156573294,0,9,1
2026-01-09 01:00:00,0.0,0,8.9,11.5,14.667482242784752,1,9,1
2026-01-09 02:00:00,0.0,0,9.6,11.1,20.419303532984213,2,9,1
2026-01-09 03:00:00,0.0,0,8.3,10.4,10.482574561937021,3,9,1
2026-01-09 04:00:00,0.0,0,7.6,9.8,5.386612131341705,4,9,1
2026-01-09 05:00:00,0.0,0,7.4,9.4,5.221295247403588,5,9,1
2026-01-09 06:00:00,0.0,0,7.0,9.0,4.584244526054313,6,9,1
2026-01-09 07:00:00,0.0,0,8.0,8.7,8.162321490084985,7,9,1
2026-01-09 08:00:00,43.0,0,10.8,9.8,30.84209395444807,8,9,1
2026-01-09 09:00:00,218.0,0,8.0,12.2,9.073576866000778,9,9,1
2026-01-09 10:00:00,414.0,0,6.9,14.6,3.69427481262415,10,9,1
2026-01-09 11:00:00,574.0,0,9.4,17.4,17.142417360136147,11,9,1
2026-01-09 12:00:00,676.0,0,12.3,19.6,50.0,12,9,1
2026-01-09 13:00:00,712.0,0,14.4,20.9,50.0,13,9,1
2026-01-09 14:00:00,675.0,0,14.3,21.5,42.73651829649316,14,9,1
2026-01-09 15:00:00,569.0,0,14.1,21.6,49.071585988098896,15,9,1
2026-01-09 16:00:00,407.0,0,13.3,21.4,46.682884066270354,16,9,1
2026-01-09 17:00:00,210.0,0,8.6,20.3,12.18035715041016,17,9,1
2026-01-09 18:00:00,39.0,0,6.3,17.1,2.5355779269137404,18,9,1
2026-01-09 19:00:00,0.0,0,7.8,16.0,7.427978197059063,19,9,1
2026-01-09 20:00:00,0.0,0,9.1,15.4,15.196043343915555,20,9,1
2026-01-09 21:00:00,0.0,0,9.6,14.4,19.47762246832106,21,9,1
2026-01-09 22:00:00,0.0,0,10.3,13.7,26.202793748737346,22,9,1
2026-01-09 23:00:00,0.0,0,9.8,12.8,19.62015256086007,23,9,1
2026-01-10 00:00:00,0.0,0,9.2,12.0,16.247542504826562,0,10,1
2026-01-10 01:00:00,0.0,0,8.9,11.5,13.322051951611265,1,10,1
2026-01-10 02:00:00,0.0,0,7.6,10.6,6.303030939642384,2,10,1
2026-01-10 03:00:00,0.0,0,7.5,10.2,5.359551637522848,3,10,1
2026-01-10 04:00:00,0.0,0,6.2,9.7,2.4052293697534015,4,10,1
2026-01-10 05:00:00,0.0,0,6.4,9.2,2.7643890554270385,5,10,1
2026-01-10 06:00:00,0.0,0,4.6,9.1,0.3049043366711985,6,10,1
2026-01-10 07:00:00,0.0,0,3.7,8.9,0.022430448679637907,7,10,1
2026-01-10 08:00:00,43.0,0,11.0,9.9,34.206279236555496,8,10,1
2026-01-10 09:00:00,216.0,0,8.7,12.3,13.253331928529429,9,10,1
2026-01-10 10:00:00,411.0,0,7.4,14.8,6.789112996032096,10,10,1
2026-01-10 11:00:00,574.0,0,8.5,17.3,11.631688621151714,11,10,1
2026-01-10 12:00:00,681.0,0,11.5,19.7,39.8273048335552,12,10,1
2026-01-10 13:00:00,717.0,0,14.4,21.0,50.0,13,10,1
2026-01-10 14:00:00,681.0,0,15.8,21.5,43.91200219208464,14,10,1
2026-01-10 15:00:00,577.0,0,16.2,21.4,50.0,15,10,1
2026-01-10 16:00:00,414.0,0,15.1,21.3,47.956899865465644,16,10,1
2026-01-10 17:00:00,215.0,0,11.9,20.3,50.0,17,10,1
2026-01-10 18:00:00,41.0,0,9.6,17.3,19.96503704907694,18,10,1
2026-01-10 19:00:00,0.0,0,10.6,16.2,27.845425524211922,19,10,1
2026-01-10 20:00:00,0.0,0,12.1,15.3,50.0,20,10,1
2026-01-10 21:00:00,0.0,0,12.3,14.5,48.32330239738801,21,10,1
2026-01-10 22:00:00,0.0,0,11.5,13.6,40.412340354098276,22,10,1
2026-01-10 23:00:00,0.0,0,11.4,12.8,44.62384048106994,23,10,1
2026-01-11 00:00:00,0.0,0,11.7,12.0,49.1806698142196,0,11,1
2026-01-11 01:00:00,0.0,0,10.9,11.2,28.183297320369586,1,11,1
2026-01-11 02:00:00,0.0,0,8.9,10.3,12.462188345921335,2,11,1
2026-01-11 03:00:00,0.0,0,7.9,9.4,8.527525721476923,3,11,1
2026-01-11 04:00:00,0.0,0,6.1,9.0,1.9159272084778742,4,11,1
2026-01-11 05:00:00,0.0,0,4.8,8.7,0.44397956313630854,5,11,1
2026-01-11 06:00:00,0.0,0,2.9,8.3,0.0,6,11,1
2026-01-11 07:00:00,0.0,0,3.6,7.7,0.014723851493380478,7,11,1
2026-01-11 08:00:00,44.0,0,4.6,8.8,0.2787669844302941,8,11,1
2026-01-11 09:00:00,224.0,0,5.1,11.5,0.6655600879809942,9,11,1
2026-01-11 10:00:00,424.0,0,6.7,14.4,3.395022243643461,10,11,1
2026-01-11 11:00:00,588.0,0,11.6,17.4,42.300077629699295,11,11,1
2026-01-11 12:00:00,693.0,0,13.7,19.2,50.0,12,11,1
2026-01-11 13:00:00,729.0,0,15.8,20.4,50.0,13,11,1
2026-01-11 14:00:00,692.0,0,17.2,21.3,50.0,14,11,1
2026-01-11 15:00:00,586.0,0,17.7,21.7,49.71655158173878,15,11,1
2026-01-11 16:00:00,421.0,0,17.0,21.7,46.73885774375431,16,11,1
2026-01-11 17:00:00,221.0,0,11.7,20.4,49.26951312524838,17,11,1
2026-01-11 18:00:00,43.0,0,10.1,17.3,28.22999338961712,18,11,1
2026-01-11 19:00:00,0.0,0,13.1,16.2,44.79351192216959,19,11,1
2026-01-11 20:00:00,0.0,0,13.7,15.2,46.02902932207224,20,11,1
2026-01-11 21:00:00,0.0,0,12.2,13.9,50.0,21,11,1
2026-01-11 22:00:00,0.0,0,12.0,13.1,50.0,22,11,1
2026-01-11 23:00:00,0.0,0,10.9,12.2,33.039214399653844,23,11,1
2026-01-12 00:00:00,0.0,0,9.8,11.5,24.386549626086442,0,12,1
2026-01-12 01:00:00,0.0,0,8.1,10.4,9.676160167187994,1,12,1
2026-01-12 02:00:00,0.0,0,7.0,9.5,3.9965631155597214,2,12,1
2026-01-12 03:00:00,0.0,0,7.1,8.9,4.893634265336606,3,12,1
2026-01-12 04:00:00,0.0,0,6.8,8.4,4.016043636801423,4,12,1
2026-01-12 05:00:00,0.0,0,5.6,7.8,1.2559124476842984,5,12,1
2026-01-12 06:00:00,0.0,0,6.9,7.6,3.8329418508262023,6,12,1
2026-01-12 07:00:00,0.0,0,6.5,7.2,2.6753291088140667,7,12,1
2026-01-12 08:00:00,44.0,0,6.7,8.5,3.2816232390579945,8,12,1
2026-01-12 09:00:00,221.0,0,4.5,11.0,0.21317621100449202,9,12,1
2026-01-12 10:00:00,422.0,0,6.2,13.8,2.153841314351934,10,12,1
2026-01-12 11:00:00,586.0,0,8.9,17.4,12.879295983000853,11,12,1
2026-01-12 12:00:00,692.0,0,11.0,19.8,33.944776203064,12,12,1
2026-01-12 13:00:00,728.0,0,12.2,21.5,42.572526138246545,13,12,1
2026-01-12 14:00:00,692.0,0,12.8,22.4,44.19260196971608,14,12,1
2026-01-12 15:00:00,585.0,0,12.8,22.8,50.0,15,12,1
2026-01-12 16:00:00,421.0,0,11.7,22.5,41.27063223268493,16,12,1
2026-01-12 17:00:00,221.0,0,6.7,20.8,3.456627587066317,17,12,1
2026-01-12 18:00:00,44.0,0,4.5,17.9,0.23368607444102507,18,12,1
2026-01-12 19:00:00,0.0,0,4.5,16.7,0.24314872363273018,19,12,1
2026-01-12 20:00:00,0.0,0,4.3,15.6,0.15040062502898063,20,12,1
2026-01-12 21:00:00,0.0,0,6.5,14.0,2.6337060727938066,21,12,1
2026-01-12 22:00:00,0.0,0,7.5,12.5,5.922310546961495,22,12,1
2026-01-12 23:00:00,0.0,0,6.6,11.7,3.2241606378915604,23,12,1
2026-01-13 00:00:00,0.0,0,5.5,10.9,1.0763841071160192,0,13,1
2026-01-13 01:00:00,0.0,0,5.4,10.1,0.9178351860851117,1,13,1
2026-01-13 02:00:00,0.0,0,6.6,9.3,3.190099266543998,2,13,1
2026-01-13 03:00:00,0.0,0,7.0,8.8,4.3462729149254855,3,13,1
2026-01-13 04:00:00,0.0,0,6.8,8.2,3.6617825090211675,4,13,1
2026-01-13 05:00:00,0.0,0,5.4,7.8,1.0807987710326294,5,13,1
2026-01-13 06:00:00,0.0,0,4.8,7.7,0.43676881650607075,6,13,1
2026-01-13 07:00:00,0.0,0,6.9,7.6,3.9955860102804235,7,13,1
2026-01-13 08:00:00,43.0,0,9.6,8.8,20.357519197703258,8,13,1
2026-01-13 09:00:00,217.0,0,8.4,11.4,9.576420398860517,9,13,1
2026-01-13 10:00:00,415.0,0,8.1,14.3,9.436593057788738,10,13,1
2026-01-13 11:00:00,579.0,0,9.6,18.1,18.070216059467707,11,13,1
2026-01-13 12:00:00,685.0,0,11.3,21.1,38.14252415254094,12,13,1
2026-01-13 13:00:00,723.0,0,12.6,23.0,46.33690087166784,13,13,1
2026-01-13 14:00:00,688.0,0,12.0,23.9,50.0,14,13,1
2026-01-13 15:00:00,583.0,0,11.2,24.2,37.0514124635239,15,13,1
2026-01-13 16:00:00,421.0,0,10.4,23.9,26.908720962626923,16,13,1
2026-01-13 17:00:00,223.0,0,6.7,22.2,3.2848304822859204,17,13,1
2026-01-13 18:00:00,45.0,0,7.0,18.7,4.166361707016517,18,13,1
2026-01-13 19:00:00,0.0,0,8.4,16.8,10.413309555380888,19,13,1
2026-01-13 20:00:00,0.0,0,9.8,15.9,22.101952775377256,20,13,1
2026-01-13 21:00:00,0.0,0,10.3,14.7,24.39280372813976,21,13,1
2026-01-13 22:00:00,0.0,0,8.4,13.0,10.546488466371281,22,13,1
2026-01-13 23:00:00,0.0,0,7.9,11.9,8.118117792856486,23,13,1
2026-01-14 00:00:00,0.0,0,7.8,11.2,7.171368284829826,0,14,1
2026-01-14 01:00:00,0.0,0,7.9,10.5,7.521102865386296,1,14,1
2026-01-14 02:00:00,0.0,0,7.4,9.7,5.792188719839441,2,14,1
2026-01-14 03:00:00,0.0,0,7.0,9.0,3.9208062925212226,3,14,1
2026-01-14 04:00:00,0.0,0,6.8,8.5,3.8562883318670265,4,14,1
2026-01-14 05:00:00,0.0,0,4.4,8.4,0.19819775089418631,5,14,1
2026-01-14 06:00:00,0.0,0,5.5,8.0,1.1119056191756678,6,14,1
2026-01-14 07:00:00,0.0,0,5.4,7.5,0.9620116971502437,7,14,1
2026-01-14 08:00:00,43.0,0,6.4,9.0,2.607078239699894,8,14,1
2026-01-14 09:00:00,222.0,0,7.1,11.9,4.772975364413768,9,14,1
2026-01-14 10:00:00,424.0,0,5.6,14.7,1.1382330044478741,10,14,1
2026-01-14 11:00:00,590.0,0,6.9,18.5,4.0222880371098135,11,14,1
2026-01-14 12:00:00,696.0,0,8.8,21.1,13.128876491669281,12,14,1
2026-01-14 13:00:00,734.0,0,10.7,22.8,31.46388572046195,13,14,1
2026-01-14 14:00:00,700.0,0,11.9,23.9,44.96172414910047,14,14,1
2026-01-14 15:00:00,596.0,0,12.3,24.3,44.802004979680255,15,14,1
2026-01-14 16:00:00,431.0,0,11.4,24.1,38.96159982638217,16,14,1
2026-01-14 17:00:00,230.0,0,5.9,22.3,1.9623627371883479,17,14,1
2026-01-14 18:00:00,47.0,0,4.9,19.1,0.3860987646955451,18,14,1
2026-01-14 19:00:00,0.0,0,2.8,17.8,0.0,19,14,1
2026-01-14 20:00:00,0.0,0,3.4,16.3,0.004189635025424655,20,14,1
2026-01-14 21:00:00,0.0,0,3.4,15.1,0.004453844044625862,21,14,1
2026-01-14 22:00:00,0.0,0,3.6,14.8,0.012853475551564714,22,14,1
2026-01-14 23:00:00,0.0,0,1.2,15.2,0.0,23,14,1
2026-01-15 00:00:00,0.0,0,8.0,13.8,8.074725530587232,0,15,1
2026-01-15 01:00:00,0.0,0,7.8,12.5,7.489477624556712,1,15,1
2026-01-15 02:00:00,0.0,0,8.0,11.9,8.668759630978867,2,15,1
2026-01-15 03:00:00,0.0,0,7.0,11.5,4.375427573992802,3,15,1
2026-01-15 04:00:00,0.0,0,5.6,11.3,1.1184132880725492,4,15,1
2026-01-15 05:00:00,0.0,0,3.7,11.0,0.022837349947345775,5,15,1
2026-01-15 06:00:00,0.0,0,2.2,10.8,0.0,6,15,1
2026-01-15 07:00:00,0.0,0,1.5,10.6,0.0,7,15,1
2026-01-15 08:00:00,42.0,0,1.3,11.6,0.0,8,15,1
2026-01-15 09:00:00,218.0,0,2.2,14.6,0.0,9,15,1
2026-01-15 10:00:00,416.0,0,1.7,18.0,0.0,10,15,1
2026-01-15 11:00:00,582.0,0,2.6,21.2,0.0,11,15,1
2026-01-15 12:00:00,690.0,0,4.9,23.2,0.3703929908028889,12,15,1
2026-01-15 13:00:00,731.0,0,4.4,24.4,0.1791865749743874,13,15,1
2026-01-15 14:00:00,699.0,0,3.1,25.1,7.67964980589324e-05,14,15,1
2026-01-15 15:00:00,596.0,0,2.9,25.5,0.0,15,15,1
2026-01-15 16:00:00,432.0,0,3.8,25.4,0.030368983257200045,16,15,1
2026-01-15 17:00:00,231.0,0,3.8,23.5,0.03192280703675976,17,15,1
2026-01-15 18:00:00,49.0,0,5.0,20.4,0.5548978622019591,18,15,1
2026-01-15 19:00:00,0.0,0,3.3,19.3,0.001879202998196904,19,15,1
2026-01-15 20:00:00,0.0,0,4.1,17.7,0.09805085227941589,20,15,1
2026-01-15 21:00:00,0.0,0,3.8,16.3,0.03388467574276761,21,15,1
2026-01-15 22:00:00,0.0,0,1.3,15.8,0.0,22,15,1
2026-01-15 23:00:00,0.0,0,4.5,14.4,0.23609419648222985,23,15,1
2026-01-16 00:00:00,0.0,1,3.1,13.7,7.115397375605329e-05,0,16,1
2026-01-16 01:00:00,0.0,0,3.9,13.0,0.04569291967352287,1,16,1
2026-01-16 02:00:00,0.0,0,4.8,12.3,0.39828098575275467,2,16,1
2026-01-16 03:00:00,0.0,100,6.3,12.3,2.4829238682233177,3,16,1
2026-01-16 04:00:00,0.0,100,7.0,12.4,4.029061432251968,4,16,1
2026-01-16 05:00:00,0.0,100,6.2,11.7,2.25631687652255,5,16,1
2026-01-16 06:00:00,0.0,100,6.4,11.5,2.1267518943905745,6,16,1
2026-01-16 07:00:00,0.0,100,6.6,11.4,2.9171706604537087,7,16,1
2026-01-16 08:00:00,34.0,100,6.9,12.2,3.8446105867745004,8,16,1
2026-01-16 09:00:00,168.0,100,4.3,13.9,0.14421624848099737,9,16,1
2026-01-16 10:00:00,321.0,29,1.7,16.8,0.0,10,16,1
2026-01-16 11:00:00,547.0,0,3.1,20.7,6.574138829210778e-05,11,16,1
2026-01-16 12:00:00,685.0,0,4.6,23.2,0.28088735112759977,12,16,1
2026-01-16 13:00:00,725.0,0,3.6,24.5,0.01521947472440332,13,16,1
2026-01-16 14:00:00,691.0,0,4.6,25.2,0.3159761279665966,14,16,1
2026-01-16 15:00:00,585.0,0,6.7,25.6,3.4597379574754474,15,16,1
2026-01-16 16:00:00,422.0,0,7.1,25.5,4.394086135698811,16,16,1
2026-01-16 17:00:00,225.0,0,3.6,24.4,0.013735909302025298,17,16,1
2026-01-16 18:00:00,48.0,0,2.0,21.9,0.0,18,16,1
2026-01-16 19:00:00,0.0,0,6.6,19.6,3.2651075475915725,19,16,1
2026-01-16 20:00:00,0.0,0,1.0,18.7,0.0,20,16,1
2026-01-16 21:00:00,0.0,0,9.1,17.9,15.145059560358156,21,16,1
2026-01-16 22:00:00,0.0,0,8.0,16.9,8.194025183462932,22,16,1
2026-01-16 23:00:00,0.0,0,9.0,16.2,14.84165314206457,23,16,1
2026-01-17 00:00:00,0.0,0,8.7,15.7,13.808171182946387,0,17,1
2026-01-17 01:00:00,0.0,0,7.9,15.3,8.424420539015394,1,17,1
2026-01-17 02:00:00,0.0,0,7.7,14.9,7.037370304438487,2,17,1
2026-01-17 03:00:00,0.0,0,7.3,14.4,5.5562198468472594,3,17,1
2026-01-17 04:00:00,0.0,0,7.0,14.0,4.380074780394578,4,17,1
2026-01-17 05:00:00,0.0,0,7.0,13.2,4.1646355683668945,5,17,1
2026-01-17 06:00:00,0.0,0,7.4,13.2,5.504690893513771,6,17,1
2026-01-17 07:00:00,0.0,0,7.0,12.6,3.798738033405965,7,17,1
2026-01-17 08:00:00,43.0,0,6.4,14.2,2.8516482793661413,8,17,1
2026-01-17 09:00:00,217.0,0,6.5,17.6,2.991244838769519,9,17,1
2026-01-17 10:00:00,409.0,0,3.4,21.4,0.004351265758931182,10,17,1
2026-01-17 11:00:00,567.0,28,10.4,23.9,28.08088594243326,11,17,1
2026-01-17 12:00:00,619.0,44,11.9,25.0,48.52924193472836,12,17,1
2026-01-17 13:00:00,633.0,48,13.3,26.0,46.65768489780962,13,17,1
2026-01-17 14:00:00,497.0,45,13.3,26.4,50.0,14,17,1
2026-01-17 15:00:00,469.0,27,11.9,26.8,43.823108352557334,15,17,1
2026-01-17 16:00:00,380.0,9,11.2,26.8,41.11226779460708,16,17,1
2026-01-17 17:00:00,214.0,27,6.9,25.6,3.94225950083562,17,17,1
2026-01-17 18:00:00,44.0,21,6.6,23.1,2.4451114939282883,18,17,1
2026-01-17 19:00:00,0.0,91,5.1,21.8,0.6707661448347636,19,17,1
2026-01-17 20:00:00,0.0,16,12.1,21.4,50.0,20,17,1
2026-01-17 21:00:00,0.0,0,11.6,20.1,41.586178613452496,21,17,1
2026-01-17 22:00:00,0.0,0,10.7,18.9,27.391087499402882,22,17,1
2026-01-17 23:00:00,0.0,0,12.6,18.6,48.52546587302151,23,17,1
2026-01-18 00:00:00,0.0,0,11.0,18.0,30.395484983154223,0,18,1
2026-01-18 01:00:00,0.0,1,10.7,17.4,29.60428804368072,1,18,1
2026-01-18 02:00:00,0.0,0,9.7,16.9,23.465125712512222,2,18,1
2026-01-18 03:00:00,0.0,1,8.6,16.4,11.547568188223032,3,18,1
2026-01-18 04:00:00,0.0,1,7.6,15.9,5.954889309402354,4,18,1
2026-01-18 05:00:00,0.0,0,7.6,15.7,7.014434567418237,5,18,1
2026-01-18 06:00:00,0.0,1,7.4,15.5,4.697896552836722,6,18,1
2026-01-18 07:00:00,0.0,0,7.7,15.2,6.858973458704221,7,18,1
2026-01-18 08:00:00,41.0,0,10.7,16.0,33.377315565244075,8,18,1
2026-01-18 09:00:00,211.0,0,10.1,18.5,24.258154115788727,9,18,1
2026-01-18 10:00:00,407.0,0,12.5,21.3,46.14904820172665,10,18,1
2026-01-18 11:00:00,572.0,0,13.8,23.1,50.0,11,18,1
2026-01-18 12:00:00,680.0,5,11.4,24.0,42.40721094624019,12,18,1
2026-01-18 13:00:00,708.0,0,10.5,24.7,23.766365456651183,13,18,1
2026-01-18 14:00:00,686.0,1,10.0,25.1,20.487590822725597,14,18,1
2026-01-18 15:00:00,587.0,1,9.7,25.3,17.17658001248396,15,18,1
2026-01-18 16:00:00,427.0,1,9.7,25.0,21.663017696826373,16,18,1
2026-01-18 17:00:00,231.0,0,9.0,24.0,16.039654156976678,17,18,1
2026-01-18 18:00:00,52.0,0,6.8,20.9,3.573039249398652,18,18,1
2026-01-18 19:00:00,0.0,0,2.8,19.9,0.0,19,18,1
2026-01-18 20:00:00,0.0,0,4.6,18.8,0.30168588154024656,20,18,1
2026-01-18 21:00:00,0.0,0,1.5,19.3,0.0,21,18,1
2026-01-18 22:00:00,0.0,1,7.7,17.9,7.414413589014123,22,18,1
2026-01-18 23:00:00,0.0,0,10.5,16.8,30.854174835463375,23,18,1
2026-01-19 00:00:00,0.0,0,9.4,16.0,19.189077642984653,0,19,1
2026-01-19 01:00:00,0.0,0,8.3,15.6,10.892777492981269,1,19,1
2026-01-19 02:00:00,0.0,0,7.9,15.3,7.4388849262709345,2,19,1
2026-01-19 03:00:00,0.0,0,8.1,14.9,8.321157355170907,3,19,1
2026-01-19 04:00:00,0.0,0,7.7,14.6,7.043009765826031,4,19,1
2026-01-19 05:00:00,0.0,0,5.8,13.7,1.4245673194943078,5,19,1
2026-01-19 06:00:00,0.0,0,5.7,13.3,1.3469712115331895,6,19,1
2026-01-19 07:00:00,0.0,0,5.0,13.0,0.48881254276343833,7,19,1
2026-01-19 08:00:00,43.0,0,5.2,14.0,0.7007296628758876,8,19,1
2026-01-19 09:00:00,218.0,0,5.1,16.5,0.6708187138597289,9,19,1
2026-01-19 10:00:00,416.0,0,5.4,19.3,0.9467422678229094,10,19,1
2026-01-19 11:00:00,582.0,0,5.8,22.4,1.5658130171417641,11,19,1
2026-01-19 12:00:00,689.0,0,7.3,24.2,4.7817321358483085,12,19,1
2026-01-19 13:00:00,729.0,0,8.5,25.2,10.379621614938303,13,19,1
2026-01-19 14:00:00,696.0,0,9.6,25.7,18.773025989519287,14,19,1
2026-01-19 15:00:00,594.0,0,10.7,25.8,32.48080279391295,15,19,1
2026-01-19 16:00:00,434.0,0,10.9,25.5,38.79240260465186,16,19,1
2026-01-19 17:00:00,237.0,0,7.7,24.1,7.198555746838051,17,19,1
2026-01-19 18:00:00,54.0,0,6.6,20.8,3.2584041653029185,18,19,1
2026-01-19 19:00:00,0.0,0,2.2,20.1,0.0,19,19,1
2026-01-19 20:00:00,0.0,0,2.7,19.0,0.0,20,19,1
2026-01-19 21:00:00,0.0,0,3.1,18.0,6.879621329437757e-05,21,19,1
2026-01-19 22:00:00,0.0,0,2.3,17.3,0.0,22,19,1
2026-01-19 23:00:00,0.0,0,2.1,17.0,0.0,23,19,1
2026-01-20 00:00:00,0.0,0,2.3,16.4,0.0,0,20,1
2026-01-20 01:00:00,0.0,0,9.5,15.0,19.80753404278131,1,20,1
2026-01-20 02:00:00,0.0,0,8.7,13.9,11.762454978711242,2,20,1
2026-01-20 03:00:00,0.0,0,9.6,14.0,20.845956611978714,3,20,1
2026-01-20 04:00:00,0.0,0,9.6,14.4,20.84941366261928,4,20,1
2026-01-20 05:00:00,0.0,0,7.0,13.1,3.7477549447601493,5,20,1
2026-01-20 06:00:00,0.0,0,7.3,13.1,5.5686818467006685,6,20,1
2026-01-20 07:00:00,0.0,0,6.7,12.6,3.756261904562291,7,20,1
2026-01-20 08:00:00,43.0,0,8.6,14.1,13.021803265772855,8,20,1
2026-01-20 09:00:00,217.0,0,7.4,16.7,5.197874375639993,9,20,1
2026-01-20 10:00:00,416.0,0,5.5,19.5,1.100526257830088,10,20,1
2026-01-20 11:00:00,581.0,3,7.0,22.2,4.39724382464575,11,20,1
2026-01-20 12:00:00,689.0,0,7.9,24.2,7.823332871588329,12,20,1
2026-01-20 13:00:00,729.0,0,8.3,25.2,9.277380733760369,13,20,1
2026-01-20 14:00:00,699.0,0,7.3,25.7,5.0309311552937395,14,20,1
2026-01-20 15:00:00,597.0,0,5.5,25.9,0.976975031834145,15,20,1
2026-01-20 16:00:00,438.0,0,3.7,25.7,0.024615157872050614,16,20,1
2026-01-20 17:00:00,240.0,0,3.5,24.7,0.008426267450084993,17,20,1
2026-01-20 18:00:00,56.0,0,4.9,21.9,0.4010430968491889,18,20,1
2026-01-20 19:00:00,0.0,0,7.2,19.9,5.03737167395709,19,20,1
2026-01-20 20:00:00,0.0,0,5.5,18.5,1.0623129086746443,20,20,1
2026-01-20 21:00:00,0.0,0,2.6,17.8,0.0,21,20,1
2026-01-20 22:00:00,0.0,0,1.5,17.4,0.0,22,20,1
2026-01-20 23:00:00,0.0,0,3.2,16.4,0.0005998283842830021,23,20,1
2026-01-21 00:00:00,0.0,0,1.9,15.6,0.0,0,21,1
2026-01-21 01:00:00,0.0,0,5.6,14.3,1.1754007494311178,1,21,1
2026-01-21 02:00:00,0.0,0,11.4,13.8,40.78234438697328,2,21,1
2026-01-21 03:00:00,0.0,0,9.9,13.4,23.706342847435376,3,21,1
2026-01-21 04:00:00,0.0,0,7.9,13.4,7.851069690340882,4,21,1
2026-01-21 05:00:00,0.0,0,7.5,13.4,6.529881922468323,5,21,1
2026-01-21 06:00:00,0.0,0,6.6,13.1,3.0115364646016656,6,21,1
2026-01-21 07:00:00,0.0,0,5.1,12.5,0.6928305606015074,7,21,1
2026-01-21 08:00:00,44.0,0,6.7,13.6,3.486743285419602,8,21,1
2026-01-21 09:00:00,221.0,0,7.8,16.4,7.235882015599895,9,21,1
2026-01-21 10:00:00,422.0,0,7.9,19.4,8.120603392354175,10,21,1
2026-01-21 11:00:00,588.0,0,8.2,22.3,10.325566465818527,11,21,1
2026-01-21 12:00:00,697.0,0,8.6,24.4,11.168754395395982,12,21,1
2026-01-21 13:00:00,738.0,0,8.0,25.5,8.192760247100763,13,21,1
2026-01-21 14:00:00,706.0,0,6.0,26.1,1.7400893615913768,14,21,1
2026-01-21 15:00:00,604.0,0,4.4,26.3,0.18249089360007267,15,21,1
2026-01-21 16:00:00,442.0,0,4.3,26.2,0.160958074205492,16,21,1
2026-01-21 17:00:00,243.0,0,3.5,25.0,0.008165054528343133,17,21,1
2026-01-21 18:00:00,58.0,0,3.1,22.0,5.744810257727921e-05,18,21,1
2026-01-21 19:00:00,0.0,0,6.4,19.9,2.5336390502312485,19,21,1
2026-01-21 20:00:00,0.0,0,7.3,18.7,6.179826362204525,20,21,1
2026-01-21 21:00:00,0.0,0,6.2,18.1,2.181413203595416,21,21,1
2026-01-21 22:00:00,0.0,0,7.0,17.4,4.682398176740856,22,21,1
2026-01-21 23:00:00,0.0,0,7.7,16.4,6.2895984474429625,23,21,1
2026-01-22 00:00:00,0.0,0,9.4,15.7,17.23365998396714,0,22,1
2026-01-22 01:00:00,0.0,0,10.0,14.7,21.01342323548356,1,22,1
2026-01-22 02:00:00,0.0,0,8.3,14.0,9.50486688632203,2,22,1
2026-01-22 03:00:00,0.0,0,7.3,13.4,5.295611186149219,3,22,1
2026-01-22 04:00:00,0.0,0,6.0,12.7,1.904856423863733,4,22,1
2026-01-22 05:00:00,0.0,0,6.9,12.7,3.305472217136652,5,22,1
2026-01-22 06:00:00,0.0,0,6.7,12.7,3.359928016945161,6,22,1
2026-01-22 07:00:00,0.0,0,6.0,12.3,1.7248201991588665,7,22,1
2026-01-22 08:00:00,44.0,0,8.5,13.4,12.464563963094797,8,22,1
2026-01-22 09:00:00,219.0,0,3.6,16.5,0.015315022948899013,9,22,1
2026-01-22 10:00:00,418.0,0,1.5,19.6,0.0,10,22,1
2026-01-22 11:00:00,586.0,0,1.5,22.8,0.0,11,22,1
2026-01-22 12:00:00,692.0,0,4.1,25.3,0.09099085536511625,12,22,1
2026-01-22 13:00:00,733.0,0,11.7,28.0,49.08600692700218,13,22,1
2026-01-22 14:00:00,701.0,0,21.2,28.1,47.58779363208747,14,22,1
2026-01-22 15:00:00,603.0,0,21.1,27.7,50.0,15,22,1
2026-01-22 16:00:00,446.0,0,21.0,26.6,50.0,16,22,1
2026-01-22 17:00:00,248.0,2,17.7,24.7,50.0,17,22,1
2026-01-22 18:00:00,59.0,2,16.2,22.4,50.0,18,22,1
2026-01-22 19:00:00,0.0,0,18.7,21.1,50.0,19,22,1
2026-01-22 20:00:00,0.0,1,15.2,20.1,48.1034268240902,20,22,1
2026-01-22 21:00:00,0.0,5,13.9,19.5,50.0,21,22,1
2026-01-22 22:00:00,0.0,33,15.0,19.3,49.11789192791163,22,22,1
2026-01-22 23:00:00,0.0,16,18.2,19.2,50.0,23,22,1
2026-01-23 00:00:00,0.0,52,12.3,18.4,46.194087411244766,0,23,1
2026-01-23 01:00:00,0.0,100,9.3,18.1,16.738464363031984,1,23,1
2026-01-23 02:00:00,0.0,100,7.2,18.1,5.497280371702884,2,23,1
2026-01-23 03:00:00,0.0,91,13.1,18.7,45.75879971225718,3,23,1
2026-01-23 04:00:00,0.0,21,19.4,18.0,46.84249072295841,4,23,1
2026-01-23 05:00:00,0.0,5,17.4,16.0,50.0,5,23,1
2026-01-23 06:00:00,0.0,0,15.4,14.5,46.13272345054708,6,23,1
2026-01-23 07:00:00,0.0,0,13.2,12.9,50.0,7,23,1
2026-01-23 08:00:00,45.0,0,14.4,13.0,50.0,8,23,1
2026-01-23 09:00:00,228.0,0,14.2,14.2,47.4595490793187,9,23,1
2026-01-23 10:00:00,434.0,0,12.4,15.6,42.03103903341766,10,23,1
2026-01-23 11:00:00,606.0,0,11.7,17.4,50.0,11,23,1
2026-01-23 12:00:00,717.0,0,10.8,18.7,32.42936906222504,12,23,1
2026-01-23 13:00:00,760.0,0,8.8,19.6,14.36703322792533,13,23,1
2026-01-23 14:00:00,730.0,0,8.3,20.5,10.334172522667762,14,23,1
2026-01-23 15:00:00,627.0,0,8.7,21.2,11.977846692772548,15,23,1
2026-01-23 16:00:00,464.0,0,10.6,21.1,29.056662230681393,16,23,1
2026-01-23 17:00:00,259.0,0,7.8,20.2,7.154162607888286,17,23,1
2026-01-23 18:00:00,64.0,0,7.9,17.2,8.551927049849887,18,23,1
2026-01-23 19:00:00,0.0,0,8.9,15.5,14.876459866399589,19,23,1
2026-01-23 20:00:00,0.0,0,8.1,14.0,8.891825154537496,20,23,1
2026-01-23 21:00:00,0.0,0,6.4,12.9,2.9426363807990032,21,23,1
2026-01-23 22:00:00,0.0,0,7.1,12.1,5.0705145351373115,22,23,1
2026-01-23 23:00:00,0.0,0,5.4,11.1,0.8914956276790594,23,23,1
2026-01-24 00:00:00,0.0,6,1.9,10.7,0.0,0,24,1
2026-01-24 01:00:00,0.0,0,0.7,10.3,0.0,1,24,1
2026-01-24 02:00:00,0.0,0,0.4,9.7,0.0,2,24,1
2026-01-24 03:00:00,0.0,0,1.7,9.0,0.0,3,24,1
2026-01-24 04:00:00,0.0,23,1.4,8.9,0.0,4,24,1
2026-01-24 05:00:00,0.0,0,2.5,8.8,0.0,5,24,1
2026-01-24 06:00:00,0.0,0,4.3,8.1,0.15497213185189151,6,24,1
2026-01-24 07:00:00,0.0,0,5.0,7.5,0.4531058476015736,7,24,1
2026-01-24 08:00:00,46.0,0,9.5,9.0,17.627054635955112,8,24,1
2026-01-24 09:00:00,230.0,3,9.9,12.0,21.372051283608265,9,24,1
2026-01-24 10:00:00,439.0,43,12.6,14.3,50.0,10,24,1
2026-01-24 11:00:00,611.0,21,15.6,16.7,50.0,11,24,1
2026-01-24 12:00:00,724.0,55,16.8,18.8,50.0,12,24,1
2026-01-24 13:00:00,765.0,73,17.9,20.2,50.0,13,24,1
2026-01-24 14:00:00,721.0,100,16.8,20.9,46.167471363507026,14,24,1
2026-01-24 15:00:00,588.0,100,16.7,21.1,48.62508783132835,15,24,1
2026-01-24 16:00:00,448.0,100,16.6,20.8,50.0,16,24,1
2026-01-24 17:00:00,229.0,100,13.4,19.2,50.0,17,24,1
2026-01-24 18:00:00,58.0,100,8.1,16.6,9.062798444131932,18,24,1
2026-01-24 19:00:00,0.0,100,7.3,14.9,5.091326407468922,19,24,1
2026-01-24 20:00:00,0.0,100,5.8,14.0,1.5013087263647915,20,24,1
2026-01-24 21:00:00,0.0,100,7.4,13.1,6.16469587036604,21,24,1
2026-01-24 22:00:00,0.0,100,10.4,12.6,28.512744489741777,22,24,1
2026-01-24 23:00:00,0.0,99,11.8,12.4,44.7152001270187,23,24,1
2026-01-25 00:00:00,0.0,98,10.3,11.5,23.675427148991332,0,25,1
2026-01-25 01:00:00,0.0,99,10.3,11.1,25.441248439065472,1,25,1
2026-01-25 02:00:00,0.0,80,10.7,10.5,29.336817379981138,2,25,1
2026-01-25 03:00:00,0.0,18,9.7,9.9,21.744359640662612,3,25,1
2026-01-25 04:00:00,0.0,24,8.9,9.3,12.284110073011403,4,25,1
2026-01-25 05:00:00,0.0,1,9.2,8.9,14.589559503237373,5,25,1
2026-01-25 06:00:00,0.0,60,9.8,9.0,23.369559062672106,6,25,1
2026-01-25 07:00:00,0.0,24,8.3,8.6,9.00461652148236,7,25,1
2026-01-25 08:00:00,46.0,12,10.0,9.7,22.516980350204967,8,25,1
2026-01-25 09:00:00,227.0,61,10.2,11.9,24.173137955188068,9,25,1
2026-01-25 10:00:00,428.0,45,13.1,14.2,50.0,10,25,1
2026-01-25 11:00:00,597.0,54,15.3,16.6,50.0,11,25,1
2026-01-25 12:00:00,705.0,80,15.6,18.5,49.459475937581644,12,25,1
2026-01-25 13:00:00,742.0,16,15.9,20.1,41.121550656717154,13,25,1
2026-01-25 14:00:00,717.0,50,16.2,21.2,43.705912227209666,14,25,1
2026-01-25 15:00:00,615.0,93,16.4,21.7,43.81050625044413,15,25,1
2026-01-25 16:00:00,443.0,99,16.1,21.5,50.0,16,25,1
2026-01-25 17:00:00,238.0,98,13.1,20.4,50.0,17,25,1
2026-01-25 18:00:00,61.0,76,7.9,17.8,8.066863654775062,18,25,1
2026-01-25 19:00:00,0.0,80,7.3,15.7,5.017568198593507,19,25,1
2026-01-25 20:00:00,0.0,93,6.9,14.7,3.6451013684383526,20,25,1
2026-01-25 21:00:00,0.0,45,6.7,13.7,3.346256204642562,21,25,1
2026-01-25 22:00:00,0.0,98,7.7,12.7,7.088234637231399,22,25,1
2026-01-25 23:00:00,0.0,100,7.6,12.5,6.522492210949431,23,25,1
2026-01-26 00:00:00,0.0,100,7.6,12.5,6.939824777098394,0,26,1
2026-01-26 01:00:00,0.0,99,7.8,11.8,6.56332073047004,1,26,1
2026-01-26 02:00:00,0.0,100,6.7,10.9,3.5089531001892125,2,26,1
2026-01-26 03:00:00,0.0,100,6.5,10.5,2.98904756492772,3,26,1
2026-01-26 04:00:00,0.0,100,5.9,10.1,1.7979526493759872,4,26,1
2026-01-26 05:00:00,0.0,100,5.1,9.7,0.6067471611597505,5,26,1
2026-01-26 06:00:00,0.0,100,4.5,9.4,0.19657129566761644,6,26,1
2026-01-26 07:00:00,0.0,100,3.1,9.2,6.359657616348181e-05,7,26,1
2026-01-26 08:00:00,42.0,100,4.3,10.5,0.1589165166580174,8,26,1
2026-01-26 09:00:00,208.0,95,2.7,12.9,0.0,9,26,1
2026-01-26 10:00:00,407.0,100,5.1,15.4,0.6804124757476836,10,26,1
2026-01-26 11:00:00,581.0,48,6.1,17.9,1.8927152680735215,11,26,1
2026-01-26 12:00:00,707.0,100,6.5,20.3,2.856854353067264,12,26,1
2026-01-26 13:00:00,741.0,95,7.4,22.0,5.217090904988723,13,26,1
2026-01-26 14:00:00,715.0,80,8.6,23.2,11.130500838914328,14,26,1
2026-01-26 15:00:00,618.0,0,9.6,23.6,17.462316995426207,15,26,1
2026-01-26 16:00:00,459.0,0,9.4,23.3,15.460756402848997,16,26,1
2026-01-26 17:00:00,258.0,0,7.6,22.4,5.981140506891534,17,26,1
2026-01-26 18:00:00,66.0,0,7.0,19.2,4.123556499952168,18,26,1
2026-01-26 19:00:00,0.0,0,7.5,17.6,6.112796464349546,19,26,1
2026-01-26 20:00:00,0.0,0,7.1,16.4,4.314615685703958,20,26,1
2026-01-26 21:00:00,0.0,0,5.3,15.5,0.867717446263106,21,26,1
2026-01-26 22:00:00,0.0,0,6.6,14.6,2.9783602542140994,22,26,1
2026-01-26 23:00:00,0.0,0,8.7,14.2,11.160826820781788,23,26,1
2026-01-27 00:00:00,0.0,0,9.3,13.6,15.646525327329654,0,27,1
2026-01-27 01:00:00,0.0,0,7.3,12.5,5.428215752397623,1,27,1
2026-01-27 02:00:00,0.0,0,7.9,12.0,6.256210985472095,2,27,1
2026-01-27 03:00:00,0.0,0,6.7,11.3,3.4091226888425123,3,27,1
2026-01-27 04:00:00,0.0,0,8.1,11.0,10.896532196590652,4,27,1
2026-01-27 05:00:00,0.0,0,7.3,10.5,5.588149623978496,5,27,1
2026-01-27 06:00:00,0.0,0,6.1,10.0,2.1664808428545244,6,27,1
2026-01-27 07:00:00,0.0,0,6.8,9.7,3.714169304146365,7,27,1
2026-01-27 08:00:00,46.0,0,10.2,10.9,27.45002168967446,8,27,1
2026-01-27 09:00:00,227.0,0,10.2,13.4,23.415460342986737,9,27,1
2026-01-27 10:00:00,430.0,0,10.1,15.8,25.331589715382535,10,27,1
2026-01-27 11:00:00,598.0,1,9.1,18.8,14.361276825740203,11,27,1
2026-01-27 12:00:00,707.0,1,11.1,20.8,36.706876018105596,12,27,1
2026-01-27 13:00:00,747.0,0,13.2,22.1,50.0,13,27,1
2026-01-27 14:00:00,718.0,0,13.1,23.0,50.0,14,27,1
2026-01-27 15:00:00,621.0,0,13.3,23.4,50.0,15,27,1
2026-01-27 16:00:00,462.0,0,13.0,23.3,49.402501188189774,16,27,1
2026-01-27 17:00:00,261.0,0,8.8,22.6,13.351855083522873,17,27,1
2026-01-27 18:00:00,69.0,0,5.0,19.6,0.5519619621953363,18,27,1
2026-01-27 19:00:00,0.0,0,5.2,18.0,0.7903872753920632,19,27,1
2026-01-27 20:00:00,0.0,0,6.1,16.6,1.771434000466678,20,27,1
2026-01-27 21:00:00,0.0,0,7.9,15.3,8.175873262876186,21,27,1
2026-01-27 22:00:00,0.0,0,8.5,14.5,12.349675800391704,22,27,1
2026-01-27 23:00:00,0.0,0,9.6,14.5,21.275937843838594,23,27,1
2026-01-28 00:00:00,0.0,0,9.5,13.8,16.181132807971437,0,28,1
2026-01-28 01:00:00,0.0,0,8.2,12.9,9.206161170973981,1,28,1
2026-01-28 02:00:00,0.0,0,7.4,12.0,5.146397483928256,2,28,1
2026-01-28 03:00:00,0.0,0,6.2,11.5,2.2552080990205425,3,28,1
2026-01-28 04:00:00,0.0,0,6.9,11.0,3.8855865257273225,4,28,1
2026-01-28 05:00:00,0.0,0,8.0,11.0,7.506577446733102,5,28,1
2026-01-28 06:00:00,0.0,2,7.8,10.5,8.634132690611619,6,28,1
2026-01-28 07:00:00,0.0,7,7.6,10.1,5.152226451749163,7,28,1
2026-01-28 08:00:00,49.0,0,7.9,11.6,8.0145658254092,8,28,1
2026-01-28 09:00:00,235.0,0,6.1,14.4,2.0687801041999934,9,28,1
2026-01-28 10:00:00,442.0,0,7.4,17.4,5.7572112471765795,10,28,1
2026-01-28 11:00:00,615.0,0,10.6,20.2,32.23073526164421,11,28,1
2026-01-28 12:00:00,728.0,0,13.9,21.7,50.0,12,28,1
2026-01-28 13:00:00,771.0,0,15.5,22.6,50.0,13,28,1
2026-01-28 14:00:00,741.0,0,16.3,23.1,50.0,14,28,1
2026-01-28 15:00:00,638.0,0,16.3,23.3,48.11287063109712,15,28,1
2026-01-28 16:00:00,474.0,44,15.7,23.1,50.0,16,28,1
2026-01-28 17:00:00,270.0,9,12.1,22.2,50.0,17,28,1
2026-01-28 18:00:00,73.0,5,7.3,19.0,5.599507529349917,18,28,1
2026-01-28 19:00:00,0.0,18,7.2,17.1,5.223697364070503,19,28,1
2026-01-28 20:00:00,0.0,16,4.4,16.5,0.19363409612885402,20,28,1
2026-01-28 21:00:00,0.0,6,2.7,16.3,0.0,21,28,1
2026-01-28 22:00:00,0.0,8,2.4,15.6,0.0,22,28,1
2026-01-28 23:00:00,0.0,41,5.6,14.0,1.1568394525131898,23,28,1
2026-01-29 00:00:00,0.0,11,7.7,12.3,7.1189453080830045,0,29,1
2026-01-29 01:00:00,0.0,38,7.9,11.7,8.282370379258458,1,29,1
2026-01-29 02:00:00,0.0,27,8.7,11.7,11.51134463456843,2,29,1
2026-01-29 03:00:00,0.0,8,9.4,11.6,18.953509671222236,3,29,1
2026-01-29 04:00:00,0.0,40,7.7,10.8,6.263280141643441,4,29,1
2026-01-29 05:00:00,0.0,47,5.0,10.1,0.5513116602568567,5,29,1
2026-01-29 06:00:00,0.0,17,4.7,9.9,0.3040499917461234,6,29,1
2026-01-29 07:00:00,0.0,99,4.0,9.7,0.07051274859956376,7,29,1
2026-01-29 08:00:00,49.0,55,4.9,11.4,0.4250831425995694,8,29,1
2026-01-29 09:00:00,235.0,84,5.8,14.1,1.6568582843057484,9,29,1
2026-01-29 10:00:00,437.0,98,9.5,16.8,16.92690933518823,10,29,1
2026-01-29 11:00:00,599.0,77,11.9,19.4,40.78754376210092,11,29,1
2026-01-29 12:00:00,720.0,98,13.0,21.6,50.0,12,29,1
2026-01-29 13:00:00,765.0,98,14.1,23.3,49.38769664344066,13,29,1
2026-01-29 14:00:00,711.0,100,15.5,24.2,47.18715396676014,14,29,1
2026-01-29 15:00:00,614.0,99,16.4,24.5,49.799904065163794,15,29,1
2026-01-29 16:00:00,453.0,100,16.3,24.3,50.0,16,29,1
2026-01-29 17:00:00,250.0,99,12.9,23.2,43.09594513118962,17,29,1
2026-01-29 18:00:00,72.0,91,8.3,20.3,9.929821398395983,18,29,1
2026-01-29 19:00:00,0.0,100,8.3,18.0,11.393378553986945,19,29,1
2026-01-29 20:00:00,0.0,94,8.3,16.9,9.665212840381168,20,29,1
2026-01-29 21:00:00,0.0,98,7.9,15.9,7.407443376010813,21,29,1
2026-01-29 22:00:00,0.0,89,7.0,15.0,4.265545548717882,22,29,1
2026-01-29 23:00:00,0.0,62,5.2,14.8,0.7188616257120218,23,29,1
2026-01-30 00:00:00,0.0,41,3.9,14.3,0.04683086448680832,0,30,1
2026-01-30 01:00:00,0.0,60,5.0,13.7,0.525439048974528,1,30,1
2026-01-30 02:00:00,0.0,55,5.1,12.6,0.48482305957644106,2,30,1
2026-01-30 03:00:00,0.0,86,3.9,11.9,0.05147667703196977,3,30,1
2026-01-30 04:00:00,0.0,91,4.9,11.3,0.4098344208926704,4,30,1
2026-01-30 05:00:00,0.0,70,5.6,10.8,1.1367200997145646,5,30,1
2026-01-30 06:00:00,0.0,99,5.7,10.5,1.2940973227282084,6,30,1
2026-01-30 07:00:00,0.0,100,5.5,10.4,1.0704405911025474,7,30,1
2026-01-30 08:00:00,45.0,100,6.3,12.1,2.4502428876139666,8,30,1
2026-01-30 09:00:00,211.0,98,4.0,14.8,0.06185450277490904,9,30,1
2026-01-30 10:00:00,422.0,93,4.7,17.6,0.3408142846199212,10,30,1
2026-01-30 11:00:00,588.0,96,7.3,20.2,4.981396167338818,11,30,1
2026-01-30 12:00:00,690.0,97,8.7,22.4,11.536437595162734,12,30,1
2026-01-30 13:00:00,710.0,83,9.6,24.2,17.288396017716522,13,30,1
2026-01-30 14:00:00,710.0,76,9.8,25.7,23.62484460156366,14,30,1
2026-01-30 15:00:00,608.0,95,10.6,26.4,28.552975810690562,15,30,1
2026-01-30 16:00:00,448.0,100,11.6,26.3,50.0,16,30,1
2026-01-30 17:00:00,250.0,98,11.9,25.0,46.1179976110442,17,30,1
2026-01-30 18:00:00,68.0,100,8.4,22.4,8.38563686246982,18,30,1
2026-01-30 19:00:00,0.0,84,6.0,20.4,1.6828604773799194,19,30,1
2026-01-30 20:00:00,0.0,84,6.2,19.1,2.3669353144816805,20,30,1
2026-01-30 21:00:00,0.0,94,6.6,18.2,2.706003835938522,21,30,1
2026-01-30 22:00:00,0.0,100,8.3,17.4,10.371530863453716,22,30,1
2026-01-30 23:00:00,0.0,97,9.3,17.0,17.569181068930376,23,30,1
2026-01-31 00:00:00,0.0,100,8.4,16.2,9.446916042295534,0,31,1
2026-01-31 01:00:00,0.0,98,7.7,15.4,7.841380888632384,1,31,1
2026-01-31 02:00:00,0.0,88,7.4,15.1,6.108841735006469,2,31,1
2026-01-31 03:00:00,0.0,75,7.4,14.5,6.11318359115211,3,31,1
2026-01-31 04:00:00,0.0,77,7.6,14.1,6.47672040951391,4,31,1
2026-01-31 05:00:00,0.0,73,6.8,13.6,3.6235929250289254,5,31,1
2026-01-31 06:00:00,0.0,50,6.3,13.4,2.3121153789501645,6,31,1
2026-01-31 07:00:00,0.0,39,6.1,13.1,2.1387818074318425,7,31,1
2026-01-31 08:00:00,48.0,48,7.0,14.6,4.484359551304013,8,31,1
2026-01-31 09:00:00,223.0,42,5.9,16.9,1.6597830438332166,9,31,1
2026-01-31 10:00:00,426.0,15,6.1,19.4,2.0987319191250373,10,31,1
2026-01-31 11:00:00,598.0,1,8.0,22.4,7.862307485070865,11,31,1
2026-01-31 12:00:00,713.0,2,12.1,24.7,42.97991612321531,12,31,1
2026-01-31 13:00:00,757.0,0,12.8,25.9,47.93461626995173,13,31,1
2026-01-31 14:00:00,728.0,0,11.4,26.5,40.800525309456134,14,31,1
2026-01-31 15:00:00,628.0,0,10.3,26.8,28.759418600615078,15,31,1
2026-01-31 16:00:00,468.0,0,10.3,26.8,25.096128159098935,16,31,1
2026-01-31 17:00:00,269.0,0,9.4,25.9,17.96373537706535,17,31,1
2026-01-31 18:00:00,76.0,0,6.5,22.7,2.95051348161402,18,31,1
2026-01-31 19:00:00,0.0,0,6.2,20.8,2.2473020075657058,19,31,1
2026-01-31 20:00:00,0.0,0,6.8,19.6,3.5185268898101802,20,31,1
2026-01-31 21:00:00,0.0,0,7.2,18.6,4.467443318435963,21,31,1
2026-01-31 22:00:00,0.0,0,7.5,18.0,6.025029857443402,22,31,1
2026-01-31 23:00:00,0.0,0,7.8,17.2,7.818022021035672,23,31,1
2026-02-01 00:00:00,0.0,0,7.7,16.2,7.180104807077141,0,32,2
2026-02-01 01:00:00,0.0,0,7.4,15.4,5.191101534339376,1,32,2
2026-02-01 02:00:00,0.0,0,6.4,14.9,2.3785785817547724,2,32,2
2026-02-01 03:00:00,0.0,0,5.4,14.7,0.9577844112666944,3,32,2
2026-02-01 04:00:00,0.0,0,5.9,14.1,1.3997520978851663,4,32,2
2026-02-01 05:00:00,0.0,0,4.4,13.8,0.18802535167701553,5,32,2
2026-02-01 06:00:00,0.0,0,3.9,13.5,0.04886553527333926,6,32,2
2026-02-01 07:00:00,0.0,0,5.0,13.0,0.5832757521843572,7,32,2
2026-02-01 08:00:00,50.0,0,7.4,14.4,5.677723005143822,8,32,2
2026-02-01 09:00:00,234.0,0,7.0,17.5,4.321999600310276,9,32,2
2026-02-01 10:00:00,439.0,0,7.2,20.6,4.862706589165867,10,32,2
2026-02-01 11:00:00,610.0,0,8.6,23.5,11.384008189843833,11,32,2
2026-02-01 12:00:00,722.0,0,11.7,25.5,48.3097255398329,12,32,2
2026-02-01 13:00:00,766.0,0,11.5,26.7,44.93831714467679,13,32,2
2026-02-01 14:00:00,737.0,0,10.4,27.5,23.486706712890253,14,32,2
2026-02-01 15:00:00,637.0,0,10.3,27.8,23.63820010761618,15,32,2
2026-02-01 16:00:00,476.0,0,9.8,27.5,19.27072267401572,16,32,2
2026-02-01 17:00:00,274.0,0,6.1,26.6,1.7101559600031078,17,32,2
2026-02-01 18:00:00,78.0,0,5.4,23.3,0.8527971207812859,18,32,2
2026-02-01 19:00:00,0.0,0,3.2,22.4,0.0005378167187407359,19,32,2
2026-02-01 20:00:00,0.0,0,2.0,21.8,0.0,20,32,2
2026-02-01 21:00:00,0.0,0,1.9,20.4,0.0,21,32,2
2026-02-01 22:00:00,0.0,0,2.7,18.9,0.0,22,32,2
2026-02-01 23:00:00,0.0,0,6.1,17.2,1.9862987196683193,23,32,2
2026-02-02 00:00:00,0.0,0,7.8,16.3,6.681489371214484,0,33,2
2026-02-02 01:00:00,0.0,0,7.7,16.0,7.040799806825047,1,33,2
2026-02-02 02:00:00,0.0,0,7.9,15.4,7.713491059978393,2,33,2
2026-02-02 03:00:00,0.0,0,7.5,14.9,6.532778688994193,3,33,2
2026-02-02 04:00:00,0.0,0,6.2,14.4,2.5255656464869416,4,33,2
2026-02-02 05:00:00,0.0,0,4.6,14.4,0.26981961194321996,5,33,2
2026-02-02 06:00:00,0.0,0,4.1,13.9,0.09748549608321307,6,33,2
2026-02-02 07:00:00,0.0,0,1.3,13.7,0.0,7,33,2
2026-02-02 08:00:00,51.0,0,2.2,15.4,0.0,8,33,2
2026-02-02 09:00:00,235.0,0,5.2,18.4,0.7418069271552694,9,33,2
2026-02-02 10:00:00,440.0,0,7.9,20.9,7.390406743261424,10,33,2
2026-02-02 11:00:00,611.0,0,8.9,23.3,13.213218198178708,11,33,2
2026-02-02 12:00:00,722.0,0,9.1,25.3,16.593180961070242,12,33,2
2026-02-02 13:00:00,766.0,0,10.5,27.1,27.420998896580695,13,33,2
2026-02-02 14:00:00,736.0,0,11.2,28.2,36.878082822245915,14,33,2
2026-02-02 15:00:00,636.0,0,10.6,28.6,28.034679451235807,15,33,2
2026-02-02 16:00:00,476.0,0,10.4,28.3,31.947634018663294,16,33,2
2026-02-02 17:00:00,275.0,0,8.2,27.3,10.306938712561806,17,33,2
2026-02-02 18:00:00,79.0,0,6.3,23.8,2.654096417784667,18,33,2
2026-02-02 19:00:00,0.0,0,3.8,22.3,0.032657908488642355,19,33,2
2026-02-02 20:00:00,0.0,0,1.6,21.4,0.0,20,33,2
2026-02-02 21:00:00,0.0,0,2.1,20.3,0.0,21,33,2
2026-02-02 22:00:00,0.0,0,7.6,18.5,5.87124290354956,22,33,2
2026-02-02 23:00:00,0.0,0,7.9,17.8,8.385287460262452,23,33,2
2026-02-03 00:00:00,0.0,0,9.2,17.2,14.6816763167476,0,34,2
2026-02-03 01:00:00,0.0,0,9.4,16.8,15.394632739611579,1,34,2
2026-02-03 02:00:00,0.0,0,8.3,15.8,9.01346221807384,2,34,2
2026-02-03 03:00:00,0.0,0,6.5,15.0,2.700654610275512,3,34,2
2026-02-03 04:00:00,0.0,0,4.3,14.5,0.14974940223434138,4,34,2
2026-02-03 05:00:00,0.0,0,2.2,14.3,0.0,5,34,2
2026-02-03 06:00:00,0.0,0,2.0,14.0,0.0,6,34,2
2026-02-03 07:00:00,0.0,0,2.4,13.8,0.0,7,34,2
2026-02-03 08:00:00,53.0,0,5.1,15.2,0.6113549043739296,8,34,2
2026-02-03 09:00:00,242.0,0,7.6,18.0,6.40701102943854,9,34,2
2026-02-03 10:00:00,450.0,0,8.8,20.5,10.190515205225665,10,34,2
2026-02-03 11:00:00,623.0,0,9.8,23.3,18.537318820760035,11,34,2
2026-02-03 12:00:00,737.0,0,11.3,25.9,39.57143666005607,12,34,2
2026-02-03 13:00:00,782.0,0,14.5,27.8,50.0,13,34,2
2026-02-03 14:00:00,752.0,0,16.8,28.7,50.0,14,34,2
2026-02-03 15:00:00,652.0,0,17.0,28.7,46.547567441981315,15,34,2
2026-02-03 16:00:00,488.0,0,16.0,28.3,46.577532196751626,16,34,2
2026-02-03 17:00:00,284.0,0,12.5,27.2,50.0,17,34,2
2026-02-03 18:00:00,83.0,0,8.2,23.6,8.913292921016335,18,34,2
2026-02-03 19:00:00,0.0,0,9.3,21.6,15.37508881726639,19,34,2
2026-02-03 20:00:00,0.0,0,8.3,20.4,9.860817404057041,20,34,2
2026-02-03 21:00:00,0.0,0,7.3,19.3,5.166766899347252,21,34,2
2026-02-03 22:00:00,0.0,0,5.1,18.9,0.6216976417227396,22,34,2
2026-02-03 23:00:00,0.0,0,4.6,18.4,0.31277259206205515,23,34,2
2026-02-04 00:00:00,0.0,0,4.3,17.5,0.13007157085551896,0,35,2
2026-02-04 01:00:00,0.0,0,4.6,16.4,0.28167200524683544,1,35,2
2026-02-04 02:00:00,0.0,0,5.8,14.9,1.4412732968886968,2,35,2
2026-02-04 03:00:00,0.0,0,3.8,14.6,0.033155262138779354,3,35,2
2026-02-04 04:00:00,0.0,0,2.9,14.5,0.0,4,35,2
2026-02-04 05:00:00,0.0,0,4.4,14.5,0.17441129720313497,5,35,2
2026-02-04 06:00:00,0.0,0,6.5,14.3,3.326989627687239,6,35,2
2026-02-04 07:00:00,0.0,0,7.7,13.7,7.617599453365358,7,35,2
2026-02-04 08:00:00,54.0,0,8.3,15.3,10.336844696817474,8,35,2
2026-02-04 09:00:00,241.0,0,8.5,18.1,12.800917094984369,9,35,2
2026-02-04 10:00:00,446.0,0,10.1,20.8,24.446331052822057,10,35,2
2026-02-04 11:00:00,615.0,0,13.6,23.8,41.48314250987449,11,35,2
2026-02-04 12:00:00,727.0,0,16.3,26.0,44.32239523871591,12,35,2
2026-02-04 13:00:00,771.0,0,17.3,27.5,48.09429459203471,13,35,2
2026-02-04 14:00:00,741.0,0,18.4,28.4,47.7542474264928,14,35,2
2026-02-04 15:00:00,641.0,0,18.5,28.7,50.0,15,35,2
2026-02-04 16:00:00,481.0,0,18.3,28.4,49.88177878996058,16,35,2
2026-02-04 17:00:00,281.0,0,16.0,27.4,50.0,17,35,2
2026-02-04 18:00:00,84.0,0,9.4,24.7,18.372211391956164,18,35,2
2026-02-04 19:00:00,1.0,0,9.0,22.4,15.888487529553364,19,35,2
2026-02-04 20:00:00,0.0,0,8.3,21.2,11.226429140640901,20,35,2
2026-02-04 21:00:00,0.0,0,7.5,20.1,5.138939388616738,21,35,2
2026-02-04 22:00:00,0.0,0,6.6,19.3,3.366035791228689,22,35,2
2026-02-04 23:00:00,0.0,0,7.4,18.9,5.7366953044694275,23,35,2
2026-02-05 00:00:00,0.0,0,7.9,18.3,7.214174829636728,0,36,2
2026-02-05 01:00:00,0.0,0,8.7,17.7,12.37625528452312,1,36,2
2026-02-05 02:00:00,0.0,0,8.4,17.1,11.889249884096884,2,36,2
2026-02-05 03:00:00,0.0,0,7.3,16.3,5.210060101355735,3,36,2
2026-02-05 04:00:00,0.0,0,7.0,15.8,4.080720600314665,4,36,2
2026-02-05 05:00:00,0.0,0,7.5,15.4,6.5436291553386,5,36,2
2026-02-05 06:00:00,0.0,0,7.1,14.8,4.654629910654068,6,36,2
2026-02-05 07:00:00,0.0,0,7.3,14.7,5.011088844431904,7,36,2
2026-02-05 08:00:00,54.0,0,10.6,16.3,29.860518712129224,8,36,2
2026-02-05 09:00:00,239.0,0,10.6,19.0,32.35124960129071,9,36,2
2026-02-05 10:00:00,443.0,0,11.0,21.7,34.35998071878151,10,36,2
2026-02-05 11:00:00,613.0,0,12.1,24.3,50.0,11,36,2
2026-02-05 12:00:00,725.0,0,12.1,26.3,44.75042010103485,12,36,2
2026-02-05 13:00:00,770.0,0,11.4,28.0,39.89541377239329,13,36,2
2026-02-05 14:00:00,742.0,0,10.0,29.0,23.830087366375423,14,36,2
2026-02-05 15:00:00,643.0,0,8.8,29.4,12.158013887128202,15,36,2
2026-02-05 16:00:00,483.0,0,8.1,29.2,10.403085664475832,16,36,2
2026-02-05 17:00:00,282.0,0,7.0,28.4,4.241641482857894,17,36,2
2026-02-05 18:00:00,85.0,3,7.3,25.5,4.733763340184626,18,36,2
2026-02-05 19:00:00,1.0,2,9.1,23.7,13.051017779701624,19,36,2
2026-02-05 20:00:00,0.0,1,7.3,21.9,5.555293163217301,20,36,2
2026-02-05 21:00:00,0.0,5,6.6,21.1,3.276337788221177,21,36,2
2026-02-05 22:00:00,0.0,0,7.1,20.6,4.540532108686297,22,36,2
2026-02-05 23:00:00,0.0,0,2.8,20.2,0.0,23,36,2
2026-02-06 00:00:00,0.0,0,1.8,19.3,0.0,0,37,2
2026-02-06 01:00:00,0.0,0,2.4,18.2,0.0,1,37,2
2026-02-06 02:00:00,0.0,0,4.7,17.4,0.32116363888444377,2,37,2
2026-02-06 03:00:00,0.0,0,5.8,16.4,1.5532329466812627,3,37,2
2026-02-06 04:00:00,0.0,0,4.9,16.1,0.492769964282768,4,37,2
2026-02-06 05:00:00,0.0,0,4.1,16.1,0.09568950077367527,5,37,2
2026-02-06 06:00:00,0.0,0,3.4,15.8,0.0044464448222352225,6,37,2
2026-02-06 07:00:00,0.0,0,4.9,15.2,0.51010046067628,7,37,2
2026-02-06 08:00:00,56.0,0,8.0,16.7,9.595910693375858,8,37,2
2026-02-06 09:00:00,245.0,0,3.4,19.5,0.004044281755184244,9,37,2
2026-02-06 10:00:00,454.0,0,1.9,22.4,0.0,10,37,2
2026-02-06 11:00:00,628.0,0,3.2,25.2,0.0006009911346385653,11,37,2
2026-02-06 12:00:00,742.0,0,6.5,27.6,2.9176020587939973,12,37,2
2026-02-06 13:00:00,786.0,4,8.4,29.2,9.316727472935465,13,37,2
2026-02-06 14:00:00,757.0,0,7.1,30.0,4.550432165512833,14,37,2
2026-02-06 15:00:00,657.0,0,4.1,30.1,0.09371495987438841,15,37,2
2026-02-06 16:00:00,496.0,0,3.6,30.0,0.013719283815270461,16,37,2
2026-02-06 17:00:00,292.0,0,3.1,29.3,6.0398239619029215e-05,17,37,2
2026-02-06 18:00:00,89.0,0,5.5,26.1,0.9525197034368807,18,37,2
2026-02-06 19:00:00,1.0,1,9.0,23.7,16.47976878838552,19,37,2
2026-02-06 20:00:00,0.0,100,9.7,22.6,22.12964193120095,20,37,2
2026-02-06 21:00:00,0.0,100,8.1,21.4,8.904676343721748,21,37,2
2026-02-06 22:00:00,0.0,100,6.4,20.9,2.949635533634458,22,37,2
2026-02-06 23:00:00,0.0,100,8.4,20.3,11.511111037672373,23,37,2
2026-02-07 00:00:00,0.0,100,9.4,19.7,16.871169880668575,0,38,2
2026-02-07 01:00:00,0.0,100,6.6,18.2,3.245831658029452,1,38,2
2026-02-07 02:00:00,0.0,100,4.7,17.5,0.3155850954456781,2,38,2
2026-02-07 03:00:00,0.0,100,2.2,17.3,0.0,3,38,2
2026-02-07 04:00:00,0.0,100,3.2,16.6,0.00047122761962660426,4,38,2
2026-02-07 05:00:00,0.0,100,4.5,15.7,0.2204361589586866,5,38,2
2026-02-07 06:00:00,0.0,90,2.9,15.5,0.0,6,38,2
2026-02-07 07:00:00,0.0,44,1.8,15.3,0.0,7,38,2
2026-02-07 08:00:00,59.0,11,5.5,16.7,0.9003427185473543,8,38,2
2026-02-07 09:00:00,252.0,41,6.0,19.5,1.905922643182218,9,38,2
2026-02-07 10:00:00,463.0,10,4.9,22.6,0.4305718537628494,10,38,2
2026-02-07 11:00:00,637.0,20,7.1,25.9,4.443119050413425,11,38,2
2026-02-07 12:00:00,752.0,23,8.8,28.0,13.419709985280639,12,38,2
2026-02-07 13:00:00,798.0,16,9.0,29.2,15.480076075943735,13,38,2
2026-02-07 14:00:00,770.0,88,7.8,29.7,7.653925170377248,14,38,2
2026-02-07 15:00:00,667.0,18,7.4,29.9,6.2039094535949815,15,38,2
2026-02-07 16:00:00,506.0,13,7.4,29.7,4.625074814930511,16,38,2
2026-02-07 17:00:00,299.0,2,4.9,28.6,0.4180844909900227,17,38,2
2026-02-07 18:00:00,93.0,13,6.4,25.0,2.54017680144954,18,38,2
2026-02-07 19:00:00,1.0,24,6.4,22.4,2.9566251769988057,19,38,2
2026-02-07 20:00:00,0.0,32,4.2,21.1,0.09946202157744317,20,38,2
2026-02-07 21:00:00,0.0,4,3.6,20.3,0.015395000641196515,21,38,2
2026-02-07 22:00:00,0.0,2,1.8,20.0,0.0,22,38,2
2026-02-07 23:00:00,0.0,5,1.8,19.3,0.0,23,38,2
2026-02-08 00:00:00,0.0,0,1.2,19.8,0.0,0,39,2
2026-02-08 01:00:00,0.0,0,9.6,17.6,19.766279843808174,1,39,2
2026-02-08 02:00:00,0.0,0,8.8,16.4,12.576894942453553,2,39,2
2026-02-08 03:00:00,0.0,0,6.6,15.3,2.518187911156308,3,39,2
2026-02-08 04:00:00,0.0,0,5.0,15.0,0.5056893116358823,4,39,2
2026-02-08 05:00:00,0.0,0,4.0,14.6,0.0690950386494854,5,39,2
2026-02-08 06:00:00,0.0,0,3.1,14.5,6.327319720380931e-05,6,39,2
2026-02-08 07:00:00,0.0,0,2.7,14.2,0.0,7,39,2
2026-02-08 08:00:00,60.0,0,0.9,16.1,0.0,8,39,2
2026-02-08 09:00:00,256.0,0,2.7,19.3,0.0,9,39,2
2026-02-08 10:00:00,467.0,0,4.3,22.5,0.14001944005775158,10,39,2
2026-02-08 11:00:00,642.0,0,5.9,26.1,1.63636373345783,11,39,2
2026-02-08 12:00:00,757.0,0,7.8,28.5,6.408235487776431,12,39,2
2026-02-08 13:00:00,802.0,0,7.3,29.9,5.507427761679862,13,39,2
2026-02-08 14:00:00,771.0,0,4.2,30.3,0.11332697704943724,14,39,2
2026-02-08 15:00:00,668.0,0,2.7,30.5,0.0,15,39,2
2026-02-08 16:00:00,503.0,0,3.6,30.6,0.0155564784004735,16,39,2
2026-02-08 17:00:00,296.0,0,7.5,29.7,5.659233543823274,17,39,2
2026-02-08 18:00:00,93.0,0,9.7,26.6,21.951514072847758,18,39,2
2026-02-08 19:00:00,1.0,0,2.5,24.2,0.0,19,39,2
2026-02-08 20:00:00,0.0,0,9.7,23.7,22.84269009103208,20,39,2
2026-02-08 21:00:00,0.0,0,11.8,23.2,49.0352863774389,21,39,2
2026-02-08 22:00:00,0.0,0,7.7,20.9,7.14176435350852,22,39,2
2026-02-08 23:00:00,0.0,0,6.7,19.7,3.367314599882264,23,39,2
2026-02-09 00:00:00,0.0,0,8.4,19.5,10.594008504364206,0,40,2
2026-02-09 01:00:00,0.0,0,8.3,18.5,9.057461633933109,1,40,2
2026-02-09 02:00:00,0.0,0,8.4,17.7,9.390872775405857,2,40,2
2026-02-09 03:00:00,0.0,0,8.6,16.8,11.264799863844768,3,40,2
2026-02-09 04:00:00,0.0,0,8.2,16.0,10.859355649248903,4,40,2
2026-02-09 05:00:00,0.0,0,7.3,14.9,5.787798504432123,5,40,2
2026-02-09 06:00:00,0.0,0,7.1,14.4,4.4375377730892005,6,40,2
2026-02-09 07:00:00,0.0,0,5.9,13.7,1.9747829906477112,7,40,2
2026-02-09 08:00:00,62.0,0,8.1,15.7,9.899747780667736,8,40,2
2026-02-09 09:00:00,261.0,0,6.1,19.2,2.120341774586878,9,40,2
2026-02-09 10:00:00,475.0,0,5.4,22.4,0.857179685617975,10,40,2
2026-02-09 11:00:00,652.0,0,7.6,25.5,7.730538384171445,11,40,2
2026-02-09 12:00:00,769.0,0,8.5,27.2,11.436807171597428,12,40,2
2026-02-09 13:00:00,813.0,0,10.0,28.5,24.98655160307021,13,40,2
2026-02-09 14:00:00,780.0,0,12.8,29.4,50.0,14,40,2
2026-02-09 15:00:00,676.0,0,15.4,29.5,49.43622207018266,15,40,2
2026-02-09 16:00:00,510.0,0,15.7,29.1,50.0,16,40,2
2026-02-09 17:00:00,302.0,0,16.1,28.4,50.0,17,40,2
2026-02-09 18:00:00,94.0,0,15.9,25.8,47.00533060274394,18,40,2
2026-02-09 19:00:00,1.0,0,15.3,23.8,41.145315686644494,19,40,2
2026-02-09 20:00:00,0.0,0,15.2,22.3,50.0,20,40,2
2026-02-09 21:00:00,0.0,0,14.2,21.3,46.990448088714714,21,40,2
2026-02-09 22:00:00,0.0,0,13.5,20.5,47.25512462146285,22,40,2
2026-02-09 23:00:00,0.0,0,13.2,19.8,49.28600633465639,23,40,2
2026-02-10 00:00:00,0.0,0,11.6,19.2,37.58148193570602,0,41,2
2026-02-10 01:00:00,0.0,0,11.3,18.5,38.49813522075039,1,41,2
2026-02-10 02:00:00,0.0,0,11.3,17.9,36.84126890145842,2,41,2
2026-02-10 03:00:00,0.0,0,11.2,17.6,36.05343549914197,3,41,2
2026-02-10 04:00:00,0.0,0,10.2,17.3,24.342278493625056,4,41,2
2026-02-10 05:00:00,0.0,0,8.9,16.6,13.533340339858098,5,41,2
2026-02-10 06:00:00,0.0,0,7.0,16.2,4.415335073534242,6,41,2
2026-02-10 07:00:00,0.0,0,6.7,16.0,3.9566968779550873,7,41,2
2026-02-10 08:00:00,61.0,0,9.9,17.4,23.46383607697858,8,41,2
2026-02-10 09:00:00,254.0,0,7.6,20.2,5.398873995833035,9,41,2
2026-02-10 10:00:00,461.0,0,10.9,23.1,32.67662553145316,10,41,2
2026-02-10 11:00:00,632.0,2,13.8,25.6,47.55752451565321,11,41,2
2026-02-10 12:00:00,740.0,2,13.4,27.0,45.23507528066232,12,41,2
2026-02-10 13:00:00,783.0,2,11.7,28.0,49.23944898446229,13,41,2
2026-02-10 14:00:00,756.0,2,9.9,28.5,19.071169859778777,14,41,2
2026-02-10 15:00:00,648.0,3,9.3,28.7,18.130946103154592,15,41,2
2026-02-10 16:00:00,493.0,13,9.2,28.6,16.16474631520454,16,41,2
2026-02-10 17:00:00,286.0,20,10.4,27.8,24.34292738326463,17,41,2
2026-02-10 18:00:00,89.0,4,6.9,25.9,4.28860647352054,18,41,2
2026-02-10 19:00:00,1.0,1,7.4,24.1,5.2324235866540185,19,41,2
2026-02-10 20:00:00,0.0,7,1.8,23.2,0.0,20,41,2
2026-02-10 21:00:00,0.0,8,14.6,22.3,50.0,21,41,2
2026-02-10 22:00:00,0.0,0,12.7,21.5,50.0,22,41,2
2026-02-10 23:00:00,0.0,0,11.7,20.6,38.11821596231888,23,41,2
2026-02-11 00:00:00,0.0,0,10.8,20.3,35.570346601345086,0,42,2
2026-02-11 01:00:00,0.0,0,10.9,19.8,32.06037574040539,1,42,2
2026-02-11 02:00:00,0.0,0,9.3,19.3,18.772386006953017,2,42,2
2026-02-11 03:00:00,0.0,0,6.3,18.4,2.224266785553475,3,42,2
2026-02-11 04:00:00,0.0,0,5.5,17.7,1.0079904644658413,4,42,2
2026-02-11 05:00:00,0.0,0,5.7,17.2,1.5734688161651964,5,42,2
2026-02-11 06:00:00,0.0,0,5.1,17.0,0.6519857748064983,6,42,2
2026-02-11 07:00:00,0.0,0,5.4,16.6,1.026411770622223,7,42,2
2026-02-11 08:00:00,63.0,0,8.6,18.1,11.352140686838572,8,42,2
2026-02-11 09:00:00,258.0,0,8.9,20.6,14.40119257691559,9,42,2
2026-02-11 10:00:00,468.0,0,10.6,23.2,27.367143119809455,10,42,2
2026-02-11 11:00:00,643.0,0,12.3,25.5,50.0,11,42,2
2026-02-11 12:00:00,759.0,0,15.0,27.5,50.0,12,42,2
2026-02-11 13:00:00,806.0,0,17.8,29.0,50.0,13,42,2
2026-02-11 14:00:00,777.0,9,18.7,29.6,43.59655391418829,14,42,2
2026-02-11 15:00:00,676.0,6,18.9,29.8,50.0,15,42,2
2026-02-11 16:00:00,513.0,0,18.1,29.6,50.0,16,42,2
2026-02-11 17:00:00,307.0,0,14.6,28.8,50.0,17,42,2
2026-02-11 18:00:00,99.0,0,6.7,25.8,3.2637099682743163,18,42,2
2026-02-11 19:00:00,2.0,0,3.8,23.8,0.033552597772372086,19,42,2
2026-02-11 20:00:00,0.0,0,3.7,22.6,0.02242671854987236,20,42,2
2026-02-11 21:00:00,0.0,0,5.9,21.2,1.8173787751087676,21,42,2
2026-02-11 22:00:00,0.0,0,8.0,20.5,8.734343536306085,22,42,2
2026-02-11 23:00:00,0.0,0,10.7,20.2,29.853455477704088,23,42,2
2026-02-12 00:00:00,0.0,0,9.8,19.7,23.717225650890985,0,43,2
2026-02-12 01:00:00,0.0,0,9.4,18.9,18.244550758656523,1,43,2
2026-02-12 02:00:00,0.0,0,9.1,18.3,13.134246466372579,2,43,2
2026-02-12 03:00:00,0.0,0,8.0,17.5,7.178231149372512,3,43,2
2026-02-12 04:00:00,0.0,5,6.0,16.9,2.028689899773902,4,43,2
2026-02-12 05:00:00,0.0,0,4.1,16.8,0.08743013395710572,5,43,2
2026-02-12 06:00:00,0.0,0,3.9,16.5,0.051827243668890036,6,43,2
2026-02-12 07:00:00,0.0,0,5.1,16.1,0.6732759286172625,7,43,2
2026-02-12 08:00:00,65.0,2,6.1,18.1,2.110721521564095,8,43,2
2026-02-12 09:00:00,263.0,4,6.1,20.9,2.1605629488778337,9,43,2
2026-02-12 10:00:00,475.0,10,8.1,23.4,8.321108289826114,10,43,2
2026-02-12 11:00:00,651.0,49,9.6,25.8,19.43768606933826,11,43,2
2026-02-12 12:00:00,768.0,93,10.5,27.9,29.471123512802798,12,43,2
2026-02-12 13:00:00,808.0,97,12.0,29.4,50.0,13,43,2
2026-02-12 14:00:00,780.0,76,12.4,30.5,48.08371943595047,14,43,2
2026-02-12 15:00:00,680.0,19,11.9,30.9,41.49177103626709,15,43,2
2026-02-12 16:00:00,516.0,16,11.5,30.8,40.67282056094138,16,43,2
2026-02-12 17:00:00,310.0,99,10.5,29.9,27.529948208740873,17,43,2
2026-02-12 18:00:00,101.0,66,6.5,26.6,3.1941583176621227,18,43,2
2026-02-12 19:00:00,2.0,71,6.6,24.3,2.99904253682009,19,43,2
2026-02-12 20:00:00,0.0,55,6.0,22.9,1.4346048940405145,20,43,2
2026-02-12 21:00:00,0.0,45,1.4,22.4,0.0,21,43,2
2026-02-12 22:00:00,0.0,89,11.1,21.1,35.19385185139585,22,43,2
2026-02-12 23:00:00,0.0,100,11.7,21.2,44.23806850658945,23,43,2
2026-02-13 00:00:00,0.0,99,11.9,20.5,45.276131330577165,0,44,2
2026-02-13 01:00:00,0.0,99,10.9,19.7,31.025654807722766,1,44,2
2026-02-13 02:00:00,0.0,98,8.5,18.6,9.955386029292132,2,44,2
2026-02-13 03:00:00,0.0,93,6.7,17.4,3.1560655536583924,3,44,2
2026-02-13 04:00:00,0.0,94,4.1,17.1,0.09737993456577516,4,44,2
2026-02-13 05:00:00,0.0,32,2.6,16.9,0.0,5,44,2
2026-02-13 06:00:00,0.0,98,3.0,16.4,0.0,6,44,2
2026-02-13 07:00:00,0.0,96,3.1,15.9,7.070938688908411e-05,7,44,2
2026-02-13 08:00:00,68.0,27,4.8,17.5,0.3600843420863263,8,44,2
2026-02-13 09:00:00,272.0,25,4.0,20.5,0.06788440276471677,9,44,2
2026-02-13 10:00:00,486.0,55,2.9,23.3,0.0,10,44,2
2026-02-13 11:00:00,664.0,9,3.9,26.2,0.04890583095309321,11,44,2
2026-02-13 12:00:00,780.0,0,4.1,28.5,0.10078248786379078,12,44,2
2026-02-13 13:00:00,825.0,0,4.0,30.0,0.07324775057149463,13,44,2
2026-02-13 14:00:00,796.0,0,1.3,30.6,0.0,14,44,2
2026-02-13 15:00:00,696.0,0,2.6,31.1,0.0,15,44,2
2026-02-13 16:00:00,532.0,0,4.6,31.1,0.26274237654454125,16,44,2
2026-02-13 17:00:00,321.0,0,6.9,30.4,3.5425648013407836,17,44,2
2026-02-13 18:00:00,107.0,0,7.3,26.9,5.630506291096207,18,44,2
2026-02-13 19:00:00,2.0,0,8.4,24.4,9.887061611617693,19,44,2
2026-02-13 20:00:00,0.0,0,8.1,22.8,9.350439229745247,20,44,2
2026-02-13 21:00:00,0.0,0,8.0,21.7,7.941422348586615,21,44,2
2026-02-13 22:00:00,0.0,0,5.4,20.6,0.862043414250448,22,44,2
2026-02-13 23:00:00,0.0,0,1.5,20.3,0.0,23,44,2
2026-02-14 00:00:00,0.0,0,6.3,19.3,2.3941619586414116,0,45,2
2026-02-14 01:00:00,0.0,0,7.6,18.0,6.287131681558591,1,45,2
2026-02-14 02:00:00,0.0,0,9.1,17.1,13.540042272952952,2,45,2
2026-02-14 03:00:00,0.0,0,8.1,16.6,8.952488469168463,3,45,2
2026-02-14 04:00:00,0.0,0,7.2,16.0,4.729163430182426,4,45,2
2026-02-14 05:00:00,0.0,0,6.3,15.3,2.152650593681976,5,45,2
2026-02-14 06:00:00,0.0,0,5.0,15.1,0.5702177868168735,6,45,2
2026-02-14 07:00:00,0.0,0,4.8,14.8,0.3850361622366158,7,45,2
2026-02-14 08:00:00,71.0,0,5.7,16.7,1.2945975099560723,8,45,2
2026-02-14 09:00:00,274.0,0,2.9,19.7,0.0,9,45,2
2026-02-14 10:00:00,490.0,0,6.0,22.9,1.584760120197965,10,45,2
2026-02-14 11:00:00,667.0,0,7.6,26.6,6.5392519058298495,11,45,2
2026-02-14 12:00:00,785.0,0,7.6,29.2,7.105859394199729,12,45,2
2026-02-14 13:00:00,833.0,0,5.6,30.5,1.2589845030747295,13,45,2
2026-02-14 14:00:00,806.0,0,4.5,31.3,0.23047824821942592,14,45,2
2026-02-14 15:00:00,704.0,0,5.2,31.7,0.6717472660136308,15,45,2
2026-02-14 16:00:00,537.0,0,5.6,31.7,1.1174568627774348,16,45,2
2026-02-14 17:00:00,325.0,0,4.6,30.8,0.2860667190938224,17,45,2
2026-02-14 18:00:00,109.0,0,3.8,27.6,0.034632124115066464,18,45,2
2026-02-14 19:00:00,2.0,0,7.3,24.7,5.364428957785812,19,45,2
2026-02-14 20:00:00,0.0,0,6.9,23.1,4.281995859618453,20,45,2
2026-02-14 21:00:00,0.0,0,6.8,22.5,3.977961726696105,21,45,2
2026-02-14 22:00:00,0.0,0,5.4,21.2,0.9789539474753467,22,45,2
2026-02-14 23:00:00,0.0,0,8.8,20.3,13.963363544875437,23,45,2
2026-02-15 00:00:00,0.0,0,9.2,19.0,13.695347007769174,0,46,2
2026-02-15 01:00:00,0.0,0,7.6,17.8,6.867533794654968,1,46,2
2026-02-15 02:00:00,0.0,0,7.3,17.3,6.087721248208173,2,46,2
2026-02-15 03:00:00,0.0,0,7.0,16.8,3.527520548143876,3,46,2
2026-02-15 04:00:00,0.0,0,6.7,16.3,3.3832356954391836,4,46,2
2026-02-15 05:00:00,0.0,0,7.1,15.8,4.429293604890221,5,46,2
2026-02-15 06:00:00,0.0,0,7.7,15.3,7.0358798645147465,6,46,2
2026-02-15 07:00:00,0.0,0,7.0,14.7,4.733976449730377,7,46,2
2026-02-15 08:00:00,73.0,0,9.6,16.7,19.414209370660465,8,46,2
2026-02-15 09:00:00,278.0,0,5.5,19.9,1.0940378602781058,9,46,2
2026-02-15 10:00:00,493.0,0,5.6,23.2,1.235888373113239,10,46,2
2026-02-15 11:00:00,670.0,0,7.1,27.2,4.212391919601545,11,46,2
2026-02-15 12:00:00,787.0,0,6.4,29.7,2.495567046503007,12,46,2
2026-02-15 13:00:00,833.0,0,6.3,31.0,2.2836765429961936,13,46,2
2026-02-15 14:00:00,804.0,0,5.8,31.7,1.327336204145331,14,46,2
2026-02-15 15:00:00,702.0,0,4.5,31.8,0.23711330271793093,15,46,2
2026-02-15 16:00:00,536.0,0,3.1,31.7,6.078445674376668e-05,16,46,2
2026-02-15 17:00:00,325.0,0,3.9,31.1,0.04950569177489141,17,46,2
2026-02-15 18:00:00,110.0,0,1.5,28.6,0.0,18,46,2
2026-02-15 19:00:00,3.0,0,11.9,26.2,48.214202703647025,19,46,2
2026-02-15 20:00:00,0.0,0,10.8,24.2,33.332683720220686,20,46,2
2026-02-15 21:00:00,0.0,0,11.5,22.6,40.795781956645996,21,46,2
2026-02-15 22:00:00,0.0,0,11.1,21.1,31.18268462472329,22,46,2
2026-02-15 23:00:00,0.0,0,9.1,19.8,13.58443770943288,23,46,2
2026-02-16 00:00:00,0.0,0,9.6,19.0,17.011208055269545,0,47,2
2026-02-16 01:00:00,0.0,0,9.4,18.1,17.10873953386972,1,47,2
2026-02-16 02:00:00,0.0,0,8.5,17.2,10.390822634806073,2,47,2
2026-02-16 03:00:00,0.0,0,8.3,16.4,9.703331253609965,3,47,2
2026-02-16 04:00:00,0.0,1,9.0,15.8,13.556193149959816,4,47,2
2026-02-16 05:00:00,0.0,14,9.4,15.2,16.32748391205495,5,47,2
2026-02-16 06:00:00,0.0,100,9.4,15.2,18.71753333844981,6,47,2
2026-02-16 07:00:00,0.0,100,9.5,15.5,18.696436876227803,7,47,2
2026-02-16 08:00:00,35.0,100,9.9,15.9,21.90617967718298,8,47,2
2026-02-16 09:00:00,155.0,93,11.2,16.8,43.48833204831527,9,47,2
2026-02-16 10:00:00,406.0,2,8.7,20.4,10.765647264173817,10,47,2
2026-02-16 11:00:00,665.0,8,9.2,23.4,17.05985774652119,11,47,2
2026-02-16 12:00:00,788.0,0,9.4,25.9,19.304207327005468,12,47,2
2026-02-16 13:00:00,839.0,0,10.7,27.7,31.24832245496504,13,47,2
2026-02-16 14:00:00,807.0,0,13.2,29.3,43.91530134656361,14,47,2
2026-02-16 15:00:00,705.0,0,15.8,30.0,50.0,15,47,2
2026-02-16 16:00:00,543.0,0,17.7,29.8,49.715584190147176,16,47,2
2026-02-16 17:00:00,335.0,0,16.9,28.5,48.98363127411115,17,47,2
2026-02-16 18:00:00,116.0,0,13.1,25.9,50.0,18,47,2
2026-02-16 19:00:00,3.0,0,13.1,23.5,50.0,19,47,2
2026-02-16 20:00:00,0.0,0,12.3,21.5,46.682523285421716,20,47,2
2026-02-16 21:00:00,0.0,0,11.8,19.9,48.73333115521621,21,47,2
2026-02-16 22:00:00,0.0,0,10.5,18.7,31.562869653605116,22,47,2
2026-02-16 23:00:00,0.0,0,9.8,17.7,22.071160223549736,23,47,2
2026-02-17 00:00:00,0.0,0,10.2,17.4,24.817937640692236,0,48,2
2026-02-17 01:00:00,0.0,0,10.6,17.0,32.36630590946426,1,48,2
2026-02-17 02:00:00,0.0,0,9.9,16.7,18.88222653550518,2,48,2
2026-02-17 03:00:00,0.0,0,9.6,16.2,16.327821481317034,3,48,2
2026-02-17 04:00:00,0.0,6,8.1,16.0,8.931764697777945,4,48,2
2026-02-17 05:00:00,0.0,62,5.8,16.8,1.604053011331375,5,48,2
2026-02-17 06:00:00,0.0,13,2.9,16.0,0.0,6,48,2
2026-02-17 07:00:00,0.0,14,2.7,15.7,0.0,7,48,2
2026-02-17 08:00:00,74.0,9,6.5,17.4,3.1435207948839263,8,48,2
2026-02-17 09:00:00,282.0,1,4.5,20.0,0.24205523582445504,9,48,2
2026-02-17 10:00:00,500.0,2,1.9,21.9,0.0,10,48,2
2026-02-17 11:00:00,672.0,5,1.4,23.3,0.0,11,48,2
2026-02-17 12:00:00,788.0,2,1.7,25.0,0.0,12,48,2
2026-02-17 13:00:00,838.0,0,1.5,26.1,0.0,13,48,2
2026-02-17 14:00:00,810.0,0,1.0,27.1,0.0,14,48,2
2026-02-17 15:00:00,708.0,0,3.7,27.9,0.02549473304129646,15,48,2
2026-02-17 16:00:00,542.0,0,4.9,28.2,0.49620120600585765,16,48,2
2026-02-17 17:00:00,327.0,1,6.3,28.1,2.5220980931604235,17,48,2
2026-02-17 18:00:00,110.0,2,6.7,26.3,3.221021020439303,18,48,2
2026-02-17 19:00:00,3.0,0,7.2,23.9,5.097028439199232,19,48,2
2026-02-17 20:00:00,0.0,0,7.3,22.6,4.663983674183886,20,48,2
2026-02-17 21:00:00,0.0,0,5.5,21.8,0.9506015312036482,21,48,2
2026-02-17 22:00:00,0.0,2,13.9,21.2,43.504003851614364,22,48,2
2026-02-17 23:00:00,0.0,0,10.2,20.1,21.45038512511527,23,48,2
2026-02-18 00:00:00,0.0,0,10.7,19.6,28.81273962664896,0,49,2
2026-02-18 01:00:00,0.0,0,9.1,18.9,16.48265940396897,1,49,2
2026-02-18 02:00:00,0.0,0,7.0,18.0,4.972868845175776,2,49,2
2026-02-18 03:00:00,0.0,0,7.1,17.5,4.0817952787528435,3,49,2
2026-02-18 04:00:00,0.0,0,7.1,17.0,4.429156181706939,4,49,2
2026-02-18 05:00:00,0.0,0,6.9,16.7,3.723219770356335,5,49,2
2026-02-18 06:00:00,0.0,0,6.3,16.4,2.679427901248011,6,49,2
2026-02-18 07:00:00,0.0,0,6.0,16.0,1.9616557915056192,7,49,2
2026-02-18 08:00:00,77.0,2,8.7,17.9,12.360686538812338,8,49,2
2026-02-18 09:00:00,276.0,7,8.0,20.2,9.841803722583684,9,49,2
2026-02-18 10:00:00,485.0,1,7.6,22.6,6.517756455861314,10,49,2
2026-02-18 11:00:00,668.0,2,7.0,25.3,4.723954193466251,11,49,2
2026-02-18 12:00:00,783.0,0,7.5,27.1,6.044744977143337,12,49,2
2026-02-18 13:00:00,832.0,0,7.8,28.2,7.625500056356228,13,49,2
2026-02-18 14:00:00,802.0,1,8.3,28.8,9.70625804743997,14,49,2
2026-02-18 15:00:00,698.0,2,8.7,29.2,14.383821285471603,15,49,2
2026-02-18 16:00:00,525.0,7,8.7,29.0,12.298701686764156,16,49,2
2026-02-18 17:00:00,315.0,2,7.3,28.6,5.56143027868422,17,49,2
2026-02-18 18:00:00,112.0,2,3.7,26.1,0.022139682387823986,18,49,2
2026-02-18 19:00:00,3.0,2,5.0,23.9,0.5284942855340538,19,49,2
2026-02-18 20:00:00,0.0,2,6.2,22.6,2.3553293619347295,20,49,2
2026-02-18 21:00:00,0.0,2,4.4,22.2,0.184454322331202,21,49,2
2026-02-18 22:00:00,0.0,1,4.9,21.1,0.46938717774174876,22,49,2
2026-02-18 23:00:00,0.0,0,7.1,20.6,5.069882720190552,23,49,2
2026-02-19 00:00:00,0.0,0,9.3,20.2,17.48561669584232,0,50,2
2026-02-19 01:00:00,0.0,0,7.3,19.2,5.79274053319545,1,50,2
2026-02-19 02:00:00,0.0,0,7.2,18.5,5.296975596775448,2,50,2
2026-02-19 03:00:00,0.0,0,6.2,17.7,2.473985459410884,3,50,2
2026-02-19 04:00:00,0.0,0,6.0,17.1,2.0151875343728234,4,50,2
2026-02-19 05:00:00,0.0,0,3.3,17.4,0.0017969237464433361,5,50,2
2026-02-19 06:00:00,0.0,0,3.1,17.2,6.680622221676158e-05,6,50,2
2026-02-19 07:00:00,0.0,0,4.6,16.7,0.3094701753396357,7,50,2
2026-02-19 08:00:00,80.0,0,8.4,18.4,10.904663712669432,8,50,2
2026-02-19 09:00:00,285.0,0,6.7,21.5,3.300433010419605,9,50,2
2026-02-19 10:00:00,500.0,0,8.4,23.9,10.731353760229625,10,50,2
2026-02-19 11:00:00,675.0,0,7.8,25.7,6.663279697097868,11,50,2
2026-02-19 12:00:00,790.0,0,7.3,27.6,5.8351208288411485,12,50,2
2026-02-19 13:00:00,835.0,0,8.5,29.0,10.952234376220433,13,50,2
2026-02-19 14:00:00,805.0,0,9.4,29.9,16.682052618032948,14,50,2
2026-02-19 15:00:00,704.0,0,9.9,30.1,19.47605782176957,15,50,2
2026-02-19 16:00:00,539.0,0,9.4,30.0,17.112222245739787,16,50,2
2026-02-19 17:00:00,330.0,0,10.0,29.6,25.167430818926025,17,50,2
2026-02-19 18:00:00,116.0,0,6.0,27.0,2.0091043813563756,18,50,2
2026-02-19 19:00:00,4.0,0,7.6,24.5,7.017432868252861,19,50,2
2026-02-19 20:00:00,0.0,0,10.2,23.7,25.645149342238604,20,50,2
2026-02-19 21:00:00,0.0,0,9.3,22.7,16.012012921251447,21,50,2
2026-02-19 22:00:00,0.0,0,8.0,21.5,7.5716420129428,22,50,2
2026-02-19 23:00:00,0.0,0,7.7,20.4,6.881667115193446,23,50,2
2026-02-20 00:00:00,0.0,0,7.2,19.6,5.1925406520360236,0,51,2
2026-02-20 01:00:00,0.0,0,3.8,19.0,0.034779720009779615,1,51,2
2026-02-20 02:00:00,0.0,0,5.2,17.9,0.777034556576796,2,51,2
2026-02-20 03:00:00,0.0,0,2.2,17.6,0.0,3,51,2
2026-02-20 04:00:00,0.0,0,4.3,17.0,0.15071024090117832,4,51,2
2026-02-20 05:00:00,0.0,0,5.7,16.3,1.4297679825157676,5,51,2
2026-02-20 06:00:00,0.0,0,4.9,16.1,0.44948376399058476,6,51,2
2026-02-20 07:00:00,0.0,0,3.5,16.1,0.009364073036300716,7,51,2
2026-02-20 08:00:00,83.0,0,8.1,18.1,9.583940067812003,8,51,2
2026-02-20 09:00:00,291.0,0,7.6,21.2,6.447544584207804,9,51,2
2026-02-20 10:00:00,507.0,0,10.2,23.8,24.5022059404319,10,51,2
2026-02-20 11:00:00,685.0,0,11.4,26.3,32.74076911245246,11,51,2
2026-02-20 12:00:00,802.0,0,12.2,28.6,47.65592169153476,12,51,2
2026-02-20 13:00:00,848.0,0,13.4,30.3,50.0,13,51,2
2026-02-20 14:00:00,818.0,0,12.3,31.1,50.0,14,51,2
2026-02-20 15:00:00,714.0,0,10.0,31.4,21.42306312046295,15,51,2
2026-02-20 16:00:00,547.0,0,8.7,31.3,13.758446734325604,16,51,2
2026-02-20 17:00:00,335.0,0,9.9,30.6,25.498217629633974,17,51,2
2026-02-20 18:00:00,118.0,0,7.2,27.7,4.827722694558234,18,51,2
2026-02-20 19:00:00,4.0,0,8.2,25.1,9.106167291369463,19,51,2
2026-02-20 20:00:00,0.0,0,7.6,23.5,6.538580957327538,20,51,2
2026-02-20 21:00:00,0.0,0,3.7,22.9,0.02515278785011866,21,51,2
2026-02-20 22:00:00,0.0,0,2.9,22.1,0.0,22,51,2
2026-02-20 23:00:00,0.0,0,2.7,20.9,0.0,23,51,2
2026-02-21 00:00:00,0.0,0,1.7,20.6,0.0,0,52,2
2026-02-21 01:00:00,0.0,0,6.4,19.0,2.6286727501546157,1,52,2
2026-02-21 02:00:00,0.0,0,6.1,18.0,1.8181169473873584,2,52,2
2026-02-21 03:00:00,0.0,0,6.0,17.6,1.7316226806108481,3,52,2
2026-02-21 04:00:00,0.0,0,5.2,17.0,0.7388981787152844,4,52,2
2026-02-21 05:00:00,0.0,0,3.5,16.5,0.009012727655109288,5,52,2
2026-02-21 06:00:00,0.0,0,2.1,16.5,0.0,6,52,2
2026-02-21 07:00:00,0.0,0,0.8,16.4,0.0,7,52,2
2026-02-21 08:00:00,85.0,0,2.2,18.0,0.0,8,52,2
2026-02-21 09:00:00,295.0,0,1.9,21.4,0.0,9,52,2
2026-02-21 10:00:00,513.0,0,3.6,24.2,0.01481774933878366,10,52,2
2026-02-21 11:00:00,691.0,0,3.6,27.2,0.01572610350307529,11,52,2
2026-02-21 12:00:00,805.0,0,3.0,29.3,0.0,12,52,2
2026-02-21 13:00:00,851.0,0,2.8,31.0,0.0,13,52,2
2026-02-21 14:00:00,822.0,0,3.6,31.5,0.014235477637346882,14,52,2
2026-02-21 15:00:00,719.0,0,6.7,32.0,3.5852945992883334,15,52,2
2026-02-21 16:00:00,552.0,0,9.3,32.0,18.91060495761446,16,52,2
2026-02-21 17:00:00,339.0,0,8.6,31.5,12.327457268434326,17,52,2
2026-02-21 18:00:00,121.0,0,6.4,28.5,2.408887352226617,18,52,2
2026-02-21 19:00:00,4.0,0,9.0,26.0,12.821626010692507,19,52,2
2026-02-21 20:00:00,0.0,0,7.4,24.3,5.833700670319018,20,52,2
2026-02-21 21:00:00,0.0,0,3.6,23.7,0.015175364371299327,21,52,2
2026-02-21 22:00:00,0.0,0,3.5,22.5,0.008432692228061572,22,52,2
2026-02-21 23:00:00,0.0,0,7.2,20.9,4.619117491931353,23,52,2
2026-02-22 00:00:00,0.0,0,7.8,20.1,7.989457152282872,0,53,2
2026-02-22 01:00:00,0.0,0,8.7,19.3,13.325115611600404,1,53,2
2026-02-22 02:00:00,0.0,0,8.3,18.6,12.463804314357677,2,53,2
2026-02-22 03:00:00,0.0,0,7.8,18.0,7.24173226682596,3,53,2
2026-02-22 04:00:00,0.0,0,7.7,17.6,7.1082696601617394,4,53,2
2026-02-22 05:00:00,0.0,0,7.7,17.2,7.483550455032762,5,53,2
2026-02-22 06:00:00,0.0,0,8.5,17.2,11.252886363424812,6,53,2
2026-02-22 07:00:00,1.0,0,7.4,16.6,5.969134340793772,7,53,2
2026-02-22 08:00:00,88.0,0,10.0,18.8,21.515322341450446,8,53,2
2026-02-22 09:00:00,300.0,0,7.1,22.2,4.603609593948281,9,53,2
2026-02-22 10:00:00,518.0,0,7.3,25.3,5.284605520440494,10,53,2
2026-02-22 11:00:00,696.0,0,9.0,28.8,13.564404897909897,11,53,2
2026-02-22 12:00:00,811.0,0,10.2,30.8,25.40749548176546,12,53,2
2026-02-22 13:00:00,856.0,0,11.2,31.9,36.22993124207656,13,53,2
2026-02-22 14:00:00,824.0,0,11.5,32.7,48.55429367951789,14,53,2
2026-02-22 15:00:00,718.0,3,12.2,33.1,48.59488276698998,15,53,2
2026-02-22 16:00:00,545.0,5,14.2,32.9,46.092497721855544,16,53,2
2026-02-22 17:00:00,332.0,8,12.8,32.0,45.91234263651527,17,53,2
2026-02-22 18:00:00,117.0,17,11.9,29.6,42.94817497621146,18,53,2
2026-02-22 19:00:00,4.0,13,13.2,27.6,47.19688446209662,19,53,2
2026-02-22 20:00:00,0.0,5,14.1,26.2,42.575783940771366,20,53,2
2026-02-22 21:00:00,0.0,3,13.2,24.9,50.0,21,53,2
2026-02-22 22:00:00,0.0,0,11.5,23.7,46.210523968743786,22,53,2
2026-02-22 23:00:00,0.0,11,10.6,23.0,26.766767334042882,23,53,2
2026-02-23 00:00:00,0.0,32,9.2,21.8,17.56358880224013,0,54,2
2026-02-23 01:00:00,0.0,84,7.9,21.0,8.987977738417202,1,54,2
2026-02-23 02:00:00,0.0,88,8.5,21.4,10.507168199483152,2,54,2
2026-02-23 03:00:00,0.0,23,7.6,20.8,6.432378275053196,3,54,2
2026-02-23 04:00:00,0.0,3,6.7,19.4,3.255215572591784,4,54,2
2026-02-23 05:00:00,0.0,8,5.8,18.1,1.3561686852759232,5,54,2
2026-02-23 06:00:00,0.0,2,5.3,17.8,0.8091209609718093,6,54,2
2026-02-23 07:00:00,1.0,0,6.0,17.2,1.9368221964884726,7,54,2
2026-02-23 08:00:00,88.0,1,8.7,19.3,12.649935090183947,8,54,2
2026-02-23 09:00:00,298.0,6,6.3,22.4,2.597580998069543,9,54,2
2026-02-23 10:00:00,504.0,15,7.8,25.1,8.019826330117837,10,54,2
2026-02-23 11:00:00,673.0,25,9.5,28.4,17.83093220652358,11,54,2
2026-02-23 12:00:00,783.0,4,9.1,30.3,15.76783516449108,12,54,2
2026-02-23 13:00:00,849.0,1,7.0,31.5,4.790702527959218,13,54,2
2026-02-23 14:00:00,821.0,0,5.2,32.0,0.7029168509626049,14,54,2
2026-02-23 15:00:00,717.0,1,5.0,32.2,0.5636977215812642,15,54,2
2026-02-23 16:00:00,547.0,36,4.7,32.5,0.36558092651758395,16,54,2
2026-02-23 17:00:00,293.0,3,3.1,31.8,6.745784993885695e-05,17,54,2
2026-02-23 18:00:00,117.0,0,4.8,29.3,0.41801406675425057,18,54,2
2026-02-23 19:00:00,4.0,9,8.9,27.3,13.567764235603889,19,54,2
2026-02-23 20:00:00,0.0,3,4.4,25.5,0.18773654420583072,20,54,2
2026-02-23 21:00:00,0.0,2,10.8,25.3,33.74322937544115,21,54,2
2026-02-23 22:00:00,0.0,0,9.1,24.4,16.829821810828463,22,54,2
2026-02-23 23:00:00,0.0,0,9.0,23.0,16.532880783972736,23,54,2
2026-02-24 00:00:00,0.0,12,7.4,21.9,6.266584011099272,0,55,2
2026-02-24 01:00:00,0.0,20,7.3,21.0,4.600688414047959,1,55,2
2026-02-24 02:00:00,0.0,2,6.2,20.1,2.398704150716501,2,55,2
2026-02-24 03:00:00,0.0,0,4.5,19.6,0.2413445911510013,3,55,2
2026-02-24 04:00:00,0.0,16,3.1,19.3,6.578357859467662e-05,4,55,2
2026-02-24 05:00:00,0.0,56,4.0,19.4,0.07391052415579663,5,55,2
2026-02-24 06:00:00,0.0,100,4.3,19.2,0.15111198998469214,6,55,2
2026-02-24 07:00:00,1.0,100,4.1,19.9,0.0824301657964997,7,55,2
2026-02-24 08:00:00,55.0,98,5.1,21.3,0.599775095126502,8,55,2
2026-02-24 09:00:00,157.0,86,4.9,23.2,0.4768119383780842,9,55,2
2026-02-24 10:00:00,322.0,26,5.5,25.1,1.1115643354161757,10,55,2
2026-02-24 11:00:00,646.0,7,3.5,28.5,0.008378327684905519,11,55,2
2026-02-24 12:00:00,790.0,1,4.1,31.1,0.08202110208097456,12,55,2
2026-02-24 13:00:00,845.0,6,8.0,32.3,8.150005183884751,13,55,2
2026-02-24 14:00:00,753.0,25,6.6,32.8,2.8621335931685707,14,55,2
2026-02-24 15:00:00,635.0,50,5.2,33.0,0.7693691096516495,15,55,2
2026-02-24 16:00:00,346.0,84,6.0,32.5,1.9646029733483372,16,55,2
2026-02-24 17:00:00,195.0,100,7.7,32.1,6.7096692918835865,17,55,2
2026-02-24 18:00:00,45.0,100,8.6,30.7,10.649091919859814,18,55,2
2026-02-24 19:00:00,2.0,75,6.5,29.3,2.578310925943901,19,55,2
2026-02-24 20:00:00,0.0,23,14.7,27.5,50.0,20,55,2
2026-02-24 21:00:00,0.0,16,8.8,26.2,14.023433713548457,21,55,2
2026-02-24 22:00:00,0.0,10,7.9,24.9,8.24704137794805,22,55,2
2026-02-24 23:00:00,0.0,7,9.2,24.3,18.191603773310003,23,55,2
2026-02-25 00:00:00,0.0,5,6.4,23.2,3.0580470132005795,0,56,2
2026-02-25 01:00:00,0.0,7,6.3,22.4,2.3446274260598314,1,56,2
2026-02-25 02:00:00,0.0,10,9.2,21.9,15.287598859433665,2,56,2
2026-02-25 03:00:00,0.0,35,10.2,21.6,23.394444799516755,3,56,2
2026-02-25 04:00:00,0.0,90,8.5,20.6,11.426656479238934,4,56,2
2026-02-25 05:00:00,0.0,85,9.4,21.3,18.40436744212943,5,56,2
2026-02-25 06:00:00,0.0,46,8.2,21.1,9.509552788556297,6,56,2
2026-02-25 07:00:00,1.0,98,5.7,20.6,1.412687158261573,7,56,2
2026-02-25 08:00:00,66.0,50,8.5,22.3,10.104076279720632,8,56,2
2026-02-25 09:00:00,285.0,0,7.2,25.1,4.848806943423024,9,56,2
2026-02-25 10:00:00,515.0,0,8.3,27.7,8.169046044659844,10,56,2
2026-02-25 11:00:00,692.0,2,8.5,30.3,11.47720189291917,11,56,2
2026-02-25 12:00:00,805.0,2,5.5,31.9,1.1195105065676707,12,56,2
2026-02-25 13:00:00,849.0,0,7.4,32.9,5.9458793286209595,13,56,2
2026-02-25 14:00:00,820.0,1,7.8,33.3,7.285730380499842,14,56,2
2026-02-25 15:00:00,712.0,9,9.4,33.8,18.38056956794748,15,56,2
2026-02-25 16:00:00,524.0,18,6.7,33.5,3.5341539211523205,16,56,2
2026-02-25 17:00:00,337.0,14,8.7,32.6,11.794191820347567,17,56,2
2026-02-25 18:00:00,101.0,35,11.5,31.6,45.955653618239516,18,56,2
2026-02-25 19:00:00,4.0,10,21.9,27.7,50.0,19,56,2
2026-02-25 20:00:00,0.0,15,14.6,26.6,47.07305771051844,20,56,2
2026-02-25 21:00:00,0.0,0,16.4,24.9,48.905463504328324,21,56,2
2026-02-25 22:00:00,0.0,0,17.3,23.7,50.0,22,56,2
2026-02-25 23:00:00,0.0,0,11.2,22.8,33.365283376873364,23,56,2
2026-02-26 00:00:00,0.0,0,13.4,22.3,50.0,0,57,2
2026-02-26 01:00:00,0.0,0,15.3,21.7,50.0,1,57,2
2026-02-26 02:00:00,0.0,0,12.5,21.1,50.0,2,57,2
2026-02-26 03:00:00,0.0,0,9.1,20.4,16.020528475765875,3,57,2
2026-02-26 04:00:00,0.0,0,8.3,19.9,9.585412676058825,4,57,2
2026-02-26 05:00:00,0.0,0,7.4,19.4,5.559239034937723,5,57,2
2026-02-26 06:00:00,0.0,0,9.4,19.3,14.896361479220772,6,57,2
2026-02-26 07:00:00,1.0,0,10.0,19.0,24.95801781477642,7,57,2
2026-02-26 08:00:00,95.0,0,10.8,20.7,38.522142445453376,8,57,2
2026-02-26 09:00:00,306.0,0,10.1,23.6,23.01473799701686,9,57,2
2026-02-26 10:00:00,522.0,0,10.5,26.7,28.566277395748426,10,57,2
2026-02-26 11:00:00,699.0,0,9.9,29.9,23.572916339396826,11,57,2
2026-02-26 12:00:00,814.0,0,7.5,31.4,5.736645909840271,12,57,2
2026-02-26 13:00:00,858.0,0,4.0,32.3,0.059863980339584774,13,57,2
2026-02-26 14:00:00,829.0,0,1.1,32.8,0.0,14,57,2
2026-02-26 15:00:00,729.0,0,1.3,32.9,0.0,15,57,2
2026-02-26 16:00:00,561.0,2,1.6,32.4,0.0,16,57,2
2026-02-26 17:00:00,343.0,3,5.7,32.2,1.3875436958562306,17,57,2
2026-02-26 18:00:00,124.0,3,3.6,30.2,0.014337201385806497,18,57,2
2026-02-26 19:00:00,5.0,1,21.3,26.3,39.436674340706965,19,57,2
2026-02-26 20:00:00,0.0,0,19.9,25.1,46.214307383256575,20,57,2
2026-02-26 21:00:00,0.0,0,18.1,24.0,49.59711538357506,21,57,2
2026-02-26 22:00:00,0.0,0,15.3,23.0,47.511286311399274,22,57,2
2026-02-26 23:00:00,0.0,0,13.8,22.5,48.01267230255868,23,57,2
2026-02-27 00:00:00,0.0,0,13.7,22.1,50.0,0,58,2
2026-02-27 01:00:00,0.0,0,13.6,21.7,43.91025042358502,1,58,2
2026-02-27 02:00:00,0.0,0,12.8,21.3,45.528262492690146,2,58,2
2026-02-27 03:00:00,0.0,0,11.8,20.9,45.1137520999575,3,58,2
2026-02-27 04:00:00,0.0,0,11.6,20.5,42.31482045456194,4,58,2
2026-02-27 05:00:00,0.0,0,12.7,20.3,50.0,5,58,2
2026-02-27 06:00:00,0.0,0,12.1,20.3,47.70985877799436,6,58,2
2026-02-27 07:00:00,1.0,0,12.0,20.2,50.0,7,58,2
2026-02-27 08:00:00,97.0,0,12.9,21.9,50.0,8,58,2
2026-02-27 09:00:00,309.0,0,12.7,24.8,50.0,9,58,2
2026-02-27 10:00:00,527.0,0,12.8,27.1,50.0,10,58,2
2026-02-27 11:00:00,706.0,0,12.2,29.3,47.09003177321005,11,58,2
2026-02-27 12:00:00,822.0,0,12.5,30.7,46.53347844184686,12,58,2
2026-02-27 13:00:00,867.0,0,11.3,31.6,40.03965531388436,13,58,2
2026-02-27 14:00:00,834.0,0,10.3,32.2,26.37432556016377,14,58,2
2026-02-27 15:00:00,727.0,2,11.4,32.5,45.37597899607795,15,58,2
2026-02-27 16:00:00,557.0,13,17.9,32.1,50.0,16,58,2
2026-02-27 17:00:00,338.0,41,21.8,30.9,44.68507559229595,17,58,2
2026-02-27 18:00:00,98.0,2,23.7,28.9,45.883621532248156,18,58,2
2026-02-27 19:00:00,6.0,0,23.7,27.0,50.0,19,58,2
2026-02-27 20:00:00,0.0,0,23.1,25.4,50.0,20,58,2
2026-02-27 21:00:00,0.0,0,21.0,23.8,50.0,21,58,2
2026-02-27 22:00:00,0.0,0,18.6,22.8,41.70841337628004,22,58,2
2026-02-27 23:00:00,0.0,0,16.5,22.1,50.0,23,58,2
2026-02-28 00:00:00,0.0,0,16.2,21.5,50.0,0,59,2
2026-02-28 01:00:00,0.0,0,15.0,20.9,49.99368690631,1,59,2
2026-02-28 02:00:00,0.0,0,14.1,20.6,50.0,2,59,2
2026-02-28 03:00:00,0.0,0,13.5,20.3,50.0,3,59,2
2026-02-28 04:00:00,0.0,0,12.6,20.0,50.0,4,59,2
2026-02-28 05:00:00,0.0,1,13.5,19.8,44.4605554307167,5,59,2
2026-02-28 06:00:00,0.0,3,12.8,19.8,45.25423912607857,6,59,2
2026-02-28 07:00:00,2.0,0,12.3,19.6,43.43087189835041,7,59,2
2026-02-28 08:00:00,102.0,0,13.5,20.6,50.0,8,59,2
2026-02-28 09:00:00,319.0,0,13.0,23.4,46.69255964245862,9,59,2
2026-02-28 10:00:00,536.0,0,16.1,25.9,50.0,10,59,2
2026-02-28 11:00:00,714.0,0,12.9,28.1,48.889911198270845,11,59,2
2026-02-28 12:00:00,829.0,0,10.9,29.8,33.132638751038215,12,59,2
2026-02-28 13:00:00,873.0,0,9.2,30.9,17.277596738125844,13,59,2
2026-02-28 14:00:00,842.0,0,8.0,31.4,8.455419001173249,14,59,2
2026-02-28 15:00:00,736.0,0,6.7,31.6,3.536676196581018,15,59,2
2026-02-28 16:00:00,566.0,0,5.3,31.6,0.8608929002159452,16,59,2
2026-02-28 17:00:00,352.0,0,4.3,31.4,0.1283242903587872,17,59,2
2026-02-28 18:00:00,130.0,0,11.3,29.4,37.003561879152045,18,59,2
2026-02-28 19:00:00,6.0,0,21.5,26.3,43.75428964436586,19,59,2
2026-02-28 20:00:00,0.0,0,16.2,25.1,49.402750772077724,20,59,2
2026-02-28 21:00:00,0.0,0,14.5,23.6,50.0,21,59,2
2026-02-28 22:00:00,0.0,0,12.8,22.6,45.044012724447185,22,59,2
2026-02-28 23:00:00,0.0,0,10.5,21.8,25.24921362429359,23,59,2
2026-03-01 00:00:00,0.0,3,9.7,21.3,19.967375381408228,0,60,3
2026-03-01 01:00:00,0.0,100,10.6,21.1,27.08327818408324,1,60,3
2026-03-01 02:00:00,0.0,100,11.5,20.9,42.26802481268219,2,60,3
2026-03-01 03:00:00,0.0,100,13.7,20.9,49.72151463274299,3,60,3
2026-03-01 04:00:00,0.0,100,13.9,20.4,45.446598050365395,4,60,3
2026-03-01 05:00:00,0.0,100,13.8,20.6,50.0,5,60,3
2026-03-01 06:00:00,0.0,100,8.8,20.5,14.289887566374357,6,60,3
2026-03-01 07:00:00,2.0,100,8.0,20.4,9.97610193443024,7,60,3
2026-03-01 08:00:00,55.0,23,10.4,21.2,25.47094322288887,8,60,3
2026-03-01 09:00:00,304.0,12,9.1,22.9,14.623961435091616,9,60,3
2026-03-01 10:00:00,529.0,5,7.3,25.0,6.1326469095227125,10,60,3
2026-03-01 11:00:00,710.0,0,5.5,27.3,1.1624680315372353,11,60,3
2026-03-01 12:00:00,825.0,0,3.9,29.3,0.04889837717502648,12,60,3
2026-03-01 13:00:00,870.0,0,2.2,30.4,0.0,13,60,3
2026-03-01 14:00:00,837.0,0,1.5,31.0,0.0,14,60,3
2026-03-01 15:00:00,732.0,0,2.8,31.4,0.0,15,60,3
2026-03-01 16:00:00,563.0,0,4.0,31.6,0.0659542289585004,16,60,3
2026-03-01 17:00:00,349.0,0,3.2,31.1,0.0006131938790581696,17,60,3
2026-03-01 18:00:00,132.0,2,3.7,29.3,0.02352739920513618,18,60,3
2026-03-01 19:00:00,6.0,7,4.7,27.6,0.3696434260209663,19,60,3
2026-03-01 20:00:00,0.0,0,16.6,26.0,45.96950511434779,20,60,3
2026-03-01 21:00:00,0.0,0,13.3,24.3,49.121583353651275,21,60,3
2026-03-01 22:00:00,0.0,0,12.2,23.0,49.510832961550676,22,60,3
2026-03-01 23:00:00,0.0,0,11.5,22.2,39.9312048504793,23,60,3
2026-03-02 00:00:00,0.0,0,11.2,21.7,39.19342599683691,0,61,3
2026-03-02 01:00:00,0.0,0,10.0,20.9,21.81505744905603,1,61,3
2026-03-02 02:00:00,0.0,0,10.6,20.3,28.875931579716138,2,61,3
2026-03-02 03:00:00,0.0,0,10.9,19.9,33.11270501079631,3,61,3
2026-03-02 04:00:00,0.0,0,10.6,19.5,27.637430742622655,4,61,3
2026-03-02 05:00:00,0.0,5,8.8,19.2,14.530775997653869,5,61,3
2026-03-02 06:00:00,0.0,16,7.3,19.3,5.217990846313294,6,61,3
2026-03-02 07:00:00,2.0,100,8.1,19.3,8.962531639060863,7,61,3
2026-03-02 08:00:00,98.0,100,12.2,20.1,46.81447819650603,8,61,3
2026-03-02 09:00:00,263.0,30,10.0,22.0,26.005245396580616,9,61,3
2026-03-02 10:00:00,520.0,5,7.4,24.6,6.026236975275647,10,61,3
2026-03-02 11:00:00,713.0,0,6.9,27.6,3.506374859808333,11,61,3
2026-03-02 12:00:00,829.0,0,4.4,29.8,0.17470053915494602,12,61,3
2026-03-02 13:00:00,874.0,0,0.2,31.0,0.0,13,61,3
2026-03-02 14:00:00,842.0,0,2.1,31.8,0.0,14,61,3
2026-03-02 15:00:00,735.0,0,1.7,32.1,0.0,15,61,3
2026-03-02 16:00:00,565.0,0,2.3,32.1,0.0,16,61,3
2026-03-02 17:00:00,349.0,0,3.2,31.9,0.0005259981058041423,17,61,3
2026-03-02 18:00:00,120.0,27,6.2,30.5,2.5086516368601957,18,61,3
2026-03-02 19:00:00,6.0,30,10.5,29.3,30.767552743376804,19,61,3
2026-03-02 20:00:00,0.0,9,5.4,27.5,1.0032400496638123,20,61,3
2026-03-02 21:00:00,0.0,2,15.0,25.9,47.302868260140734,21,61,3
2026-03-02 22:00:00,0.0,1,10.3,24.9,27.558441086634307,22,61,3
2026-03-02 23:00:00,0.0,0,10.1,23.8,22.60190622411663,23,61,3
2026-03-03 00:00:00,0.0,0,9.3,22.9,18.520470716132895,0,62,3
2026-03-03 01:00:00,0.0,0,10.1,21.9,22.58520832130769,1,62,3
2026-03-03 02:00:00,0.0,0,10.1,20.9,24.74532789224643,2,62,3
2026-03-03 03:00:00,0.0,0,9.6,20.1,19.932791528743934,3,62,3
2026-03-03 04:00:00,0.0,0,7.2,19.2,5.521054585906385,4,62,3
2026-03-03 05:00:00,0.0,0,5.9,18.5,1.7219784412675179,5,62,3
2026-03-03 06:00:00,0.0,0,6.2,18.5,2.14619207485291,6,62,3
2026-03-03 07:00:00,3.0,0,6.3,18.2,2.7429293095969003,7,62,3
2026-03-03 08:00:00,111.0,0,7.1,20.2,4.721895357535469,8,62,3
2026-03-03 09:00:00,330.0,0,5.7,23.1,1.3006383487080904,9,62,3
2026-03-03 10:00:00,551.0,0,4.4,26.4,0.15335644612039476,10,62,3
2026-03-03 11:00:00,731.0,0,5.8,29.7,1.513027619623179,11,62,3
2026-03-03 12:00:00,846.0,0,6.4,32.0,2.0224573947066555,12,62,3
2026-03-03 13:00:00,890.0,0,5.2,33.3,0.8157125137321475,13,62,3
2026-03-03 14:00:00,857.0,0,4.1,34.1,0.09821318372014244,14,62,3
2026-03-03 15:00:00,748.0,0,4.0,34.4,0.058955422981473146,15,62,3
2026-03-03 16:00:00,576.0,0,3.8,34.4,0.03782547744682389,16,62,3
2026-03-03 17:00:00,359.0,0,3.0,33.8,0.0,17,62,3
2026-03-03 18:00:00,136.0,0,3.5,31.8,0.009058775313318848,18,62,3
2026-03-03 19:00:00,7.0,0,3.4,29.2,0.00438413070617712,19,62,3
2026-03-03 20:00:00,0.0,0,18.8,27.5,45.498960798328376,20,62,3
2026-03-03 21:00:00,0.0,0,12.6,26.7,50.0,21,62,3
2026-03-03 22:00:00,0.0,0,10.4,25.4,25.118923769400833,22,62,3
2026-03-03 23:00:00,0.0,0,11.5,24.4,42.36715155049147,23,62,3
2026-03-04 00:00:00,0.0,0,10.8,23.7,32.16379379412227,0,63,3
2026-03-04 01:00:00,0.0,0,9.4,22.6,15.761082130657726,1,63,3
2026-03-04 02:00:00,0.0,0,9.3,21.7,16.445178794242963,2,63,3
2026-03-04 03:00:00,0.0,0,8.5,21.0,11.550728040051105,3,63,3
2026-03-04 04:00:00,0.0,0,7.7,20.3,6.442188847042624,4,63,3
2026-03-04 05:00:00,0.0,0,7.6,19.7,6.559326347757998,5,63,3
2026-03-04 06:00:00,0.0,0,6.7,19.2,3.664231469809228,6,63,3
2026-03-04 07:00:00,3.0,0,6.0,18.8,1.5417737114245194,7,63,3
2026-03-04 08:00:00,113.0,0,7.6,21.1,6.590146792490113,8,63,3
2026-03-04 09:00:00,333.0,0,6.2,24.2,1.8786139592576485,9,63,3
2026-03-04 10:00:00,553.0,0,5.9,27.6,1.5820260773422634,10,63,3
2026-03-04 11:00:00,733.0,0,6.7,30.5,3.134891825663505,11,63,3
2026-03-04 12:00:00,846.0,0,7.2,32.7,5.628814106155868,12,63,3
2026-03-04 13:00:00,888.0,0,9.2,34.4,18.18018001253487,13,63,3
2026-03-04 14:00:00,855.0,0,13.3,35.4,47.52600503784037,14,63,3
2026-03-04 15:00:00,748.0,0,17.3,35.5,50.0,15,63,3
2026-03-04 16:00:00,576.0,0,17.5,35.2,50.0,16,63,3
2026-03-04 17:00:00,361.0,0,17.3,34.6,50.0,17,63,3
2026-03-04 18:00:00,138.0,0,15.2,32.3,45.966699716813686,18,63,3
2026-03-04 19:00:00,7.0,0,11.9,29.6,47.20889205546288,19,63,3
2026-03-04 20:00:00,0.0,0,12.2,27.6,47.727105363169805,20,63,3
2026-03-04 21:00:00,0.0,0,11.7,25.8,43.83808605569727,21,63,3
2026-03-04 22:00:00,0.0,0,10.8,24.3,32.07323120149058,22,63,3
2026-03-04 23:00:00,0.0,0,12.6,23.3,42.23762470820509,23,63,3
2026-03-05 00:00:00,0.0,0,13.0,22.5,41.932213126490225,0,64,3
2026-03-05 01:00:00,0.0,0,12.6,21.5,50.0,1,64,3
2026-03-05 02:00:00,0.0,0,10.4,20.6,28.442174987426178,2,64,3
2026-03-05 03:00:00,0.0,0,8.3,19.7,10.398894480935992,3,64,3
2026-03-05 04:00:00,0.0,0,7.4,19.0,5.470605680538301,4,64,3
2026-03-05 05:00:00,0.0,0,8.6,18.7,10.999557817687036,5,64,3
2026-03-05 06:00:00,0.0,0,9.2,18.5,18.084231654886707,6,64,3
2026-03-05 07:00:00,3.0,0,10.1,18.5,26.581041160086276,7,64,3
2026-03-05 08:00:00,117.0,0,11.9,20.8,47.94882553555289,8,64,3
2026-03-05 09:00:00,338.0,0,12.4,24.0,40.91378184522708,9,64,3
2026-03-05 10:00:00,558.0,0,13.5,27.2,47.108410928413846,10,64,3
2026-03-05 11:00:00,737.0,0,16.4,30.5,50.0,11,64,3
2026-03-05 12:00:00,852.0,0,20.1,32.4,50.0,12,64,3
2026-03-05 13:00:00,893.0,0,22.2,33.9,45.75977755205746,13,64,3
2026-03-05 14:00:00,859.0,0,23.3,34.6,49.88504281817976,14,64,3
2026-03-05 15:00:00,751.0,0,22.6,34.4,50.0,15,64,3
2026-03-05 16:00:00,580.0,0,21.6,33.9,48.667384789615845,16,64,3
2026-03-05 17:00:00,363.0,0,20.9,32.8,47.77104682908047,17,64,3
2026-03-05 18:00:00,140.0,0,19.6,30.6,49.197938360030754,18,64,3
2026-03-05 19:00:00,8.0,0,18.8,28.1,50.0,19,64,3
2026-03-05 20:00:00,0.0,0,19.0,25.9,47.72673777296018,20,64,3
2026-03-05 21:00:00,0.0,0,17.9,24.1,46.87317566790007,21,64,3
2026-03-05 22:00:00,0.0,0,16.4,22.6,50.0,22,64,3
2026-03-05 23:00:00,0.0,0,15.3,21.7,49.09552154486558,23,64,3
2026-03-06 00:00:00,0.0,0,13.9,21.2,46.23446898350392,0,65,3
2026-03-06 01:00:00,0.0,0,11.7,20.5,44.96299114843121,1,65,3
2026-03-06 02:00:00,0.0,0,11.2,20.1,36.27236603451258,2,65,3
2026-03-06 03:00:00,0.0,0,10.6,19.9,28.903232286638058,3,65,3
2026-03-06 04:00:00,0.0,0,11.3,19.7,43.88963920742909,4,65,3
2026-03-06 05:00:00,0.0,9,11.4,19.7,40.57992764843392,5,65,3
2026-03-06 06:00:00,0.0,2,9.8,19.7,21.540494892799174,6,65,3
2026-03-06 07:00:00,4.0,0,10.2,19.5,24.77673350063939,7,65,3
2026-03-06 08:00:00,123.0,0,11.9,20.7,44.43646035620637,8,65,3
2026-03-06 09:00:00,342.0,0,13.4,23.4,50.0,9,65,3
2026-03-06 10:00:00,567.0,2,13.9,26.0,46.56714432539885,10,65,3
2026-03-06 11:00:00,747.0,2,13.6,28.6,44.487861363570815,11,65,3
2026-03-06 12:00:00,862.0,0,13.8,30.8,48.648034073289985,12,65,3
2026-03-06 13:00:00,905.0,0,14.1,32.6,47.92984598321967,13,65,3
2026-03-06 14:00:00,869.0,0,14.6,33.8,50.0,14,65,3
2026-03-06 15:00:00,758.0,0,15.0,34.4,50.0,15,65,3
2026-03-06 16:00:00,583.0,0,16.5,34.3,48.622136535766124,16,65,3
2026-03-06 17:00:00,365.0,0,17.4,33.5,50.0,17,65,3
2026-03-06 18:00:00,141.0,0,18.2,30.6,50.0,18,65,3
2026-03-06 19:00:00,8.0,0,19.9,27.6,47.604484038940406,19,65,3
2026-03-06 20:00:00,0.0,0,19.1,25.6,50.0,20,65,3
2026-03-06 21:00:00,0.0,0,17.6,24.1,50.0,21,65,3
2026-03-06 22:00:00,0.0,0,16.6,23.1,50.0,22,65,3
2026-03-06 23:00:00,0.0,0,16.0,22.2,48.52398361576085,23,65,3
2026-03-07 00:00:00,0.0,3,14.6,21.7,46.04828958268518,0,66,3
2026-03-07 01:00:00,0.0,100,13.8,21.4,50.0,1,66,3
2026-03-07 02:00:00,0.0,100,12.5,21.1,44.026004752983404,2,66,3
2026-03-07 03:00:00,0.0,100,13.8,21.2,44.40574108123453,3,66,3
2026-03-07 04:00:00,0.0,100,9.9,20.7,22.464453709772208,4,66,3
2026-03-07 05:00:00,0.0,100,12.3,21.1,50.0,5,66,3
2026-03-07 06:00:00,0.0,100,9.6,20.7,21.11982091534292,6,66,3
2026-03-07 07:00:00,3.0,100,11.0,20.8,35.84762677527208,7,66,3
2026-03-07 08:00:00,90.0,88,11.3,21.8,34.586382448097204,8,66,3
2026-03-07 09:00:00,299.0,38,8.6,23.6,11.765609604897525,9,66,3
2026-03-07 10:00:00,547.0,16,6.8,26.1,4.356012655505778,10,66,3
2026-03-07 11:00:00,750.0,1,6.4,29.1,2.918344290467445,11,66,3
2026-03-07 12:00:00,872.0,0,6.2,31.5,2.34401899853804,12,66,3
2026-03-07 13:00:00,914.0,0,6.8,33.4,3.890525078117951,13,66,3
2026-03-07 14:00:00,878.0,0,7.9,34.7,8.413157948443814,14,66,3
2026-03-07 15:00:00,767.0,0,8.5,35.4,10.737698338601623,15,66,3
2026-03-07 16:00:00,592.0,0,8.3,35.5,9.387711058782779,16,66,3
2026-03-07 17:00:00,372.0,0,7.0,35.3,4.6477187725868845,17,66,3
2026-03-07 18:00:00,145.0,0,6.0,32.7,2.018595481994754,18,66,3
2026-03-07 19:00:00,9.0,0,14.7,30.5,50.0,19,66,3
2026-03-07 20:00:00,0.0,0,16.5,27.6,50.0,20,66,3
2026-03-07 21:00:00,0.0,0,13.8,25.5,41.789005165361274,21,66,3
2026-03-07 22:00:00,0.0,0,10.9,24.0,30.225241246649922,22,66,3
2026-03-07 23:00:00,0.0,0,10.4,23.0,23.367475957568043,23,66,3
2026-03-08 00:00:00,0.0,0,9.6,22.4,19.54992333088601,0,67,3
2026-03-08 01:00:00,0.0,1,9.4,21.9,18.695972811496812,1,67,3
2026-03-08 02:00:00,0.0,100,10.1,21.4,22.429916220674556,2,67,3
2026-03-08 03:00:00,0.0,100,9.9,20.9,23.964099934049358,3,67,3
2026-03-08 04:00:00,0.0,100,10.6,20.4,29.614032481407037,4,67,3
2026-03-08 05:00:00,0.0,100,10.7,20.2,32.12156566020331,5,67,3
2026-03-08 06:00:00,0.0,100,8.6,19.9,11.678207087257032,6,67,3
2026-03-08 07:00:00,3.0,100,8.5,19.9,10.794585459465711,7,67,3
2026-03-08 08:00:00,70.0,95,6.7,20.5,3.321299358891573,8,67,3
2026-03-08 09:00:00,261.0,10,3.9,22.5,0.04871752148175207,9,67,3
2026-03-08 10:00:00,568.0,0,1.5,25.3,0.0,10,67,3
2026-03-08 11:00:00,757.0,3,1.3,28.4,0.0,11,67,3
2026-03-08 12:00:00,871.0,0,1.5,31.5,0.0,12,67,3
2026-03-08 13:00:00,915.0,0,1.2,33.3,0.0,13,67,3
2026-03-08 14:00:00,878.0,0,2.8,34.6,0.0,14,67,3
2026-03-08 15:00:00,765.0,0,4.3,35.3,0.14667246986870583,15,67,3
2026-03-08 16:00:00,590.0,0,5.2,35.4,0.7449466274712796,16,67,3
2026-03-08 17:00:00,373.0,0,4.1,35.1,0.08099001961565887,17,67,3
2026-03-08 18:00:00,146.0,0,4.2,32.5,0.12105892045239532,18,67,3
2026-03-08 19:00:00,9.0,0,4.1,30.4,0.08082078168030646,19,67,3
2026-03-08 20:00:00,0.0,0,7.1,28.9,4.934379370086587,20,67,3
2026-03-08 21:00:00,0.0,0,11.1,27.7,32.592621189751746,21,67,3
2026-03-08 22:00:00,0.0,0,10.1,26.0,17.36048837515199,22,67,3
2026-03-08 23:00:00,0.0,0,9.8,24.8,22.70313581017366,23,67,3
2026-03-09 00:00:00,0.0,0,8.7,23.7,13.630767608815573,0,68,3
2026-03-09 01:00:00,0.0,0,8.4,22.5,10.984263314727812,1,68,3
2026-03-09 02:00:00,0.0,0,8.3,21.4,9.60275314524424,2,68,3
2026-03-09 03:00:00,0.0,0,7.4,20.2,5.779422502143464,3,68,3
2026-03-09 04:00:00,0.0,0,6.0,19.2,1.8441635890963783,4,68,3
2026-03-09 05:00:00,0.0,0,5.9,18.5,1.7329901621048442,5,68,3
2026-03-09 06:00:00,0.0,2,5.2,18.4,0.7830932561403205,6,68,3
2026-03-09 07:00:00,5.0,12,4.5,18.4,0.2530427045866805,7,68,3
2026-03-09 08:00:00,130.0,10,5.3,20.6,0.812777899614292,8,68,3
2026-03-09 09:00:00,353.0,13,5.1,23.4,0.5703700871486774,9,68,3
2026-03-09 10:00:00,576.0,0,5.0,27.0,0.5423498479601642,10,68,3
2026-03-09 11:00:00,757.0,0,6.6,31.7,3.0476315029429863,11,68,3
2026-03-09 12:00:00,871.0,0,6.2,34.5,2.149650665183964,12,68,3
2026-03-09 13:00:00,913.0,0,4.8,36.2,0.4075725899120751,13,68,3
2026-03-09 14:00:00,876.0,0,2.7,37.0,0.0,14,68,3
2026-03-09 15:00:00,765.0,0,2.4,37.3,0.0,15,68,3
2026-03-09 16:00:00,591.0,0,3.7,37.4,0.024825962313978135,16,68,3
2026-03-09 17:00:00,373.0,0,4.9,37.1,0.48592078989090076,17,68,3
2026-03-09 18:00:00,147.0,0,1.9,34.1,0.0,18,68,3
2026-03-09 19:00:00,9.0,0,6.1,31.2,1.9346202889528357,19,68,3
2026-03-09 20:00:00,0.0,0,8.4,29.3,11.052797285816125,20,68,3
2026-03-09 21:00:00,0.0,0,11.1,28.4,32.38538655285445,21,68,3
2026-03-09 22:00:00,0.0,0,10.4,26.9,23.677757042807727,22,68,3
2026-03-09 23:00:00,0.0,0,11.5,26.0,38.00584212672346,23,68,3
2026-03-10 00:00:00,0.0,0,11.1,24.8,34.27308286639067,0,69,3
2026-03-10 01:00:00,0.0,0,10.2,23.9,26.73163418637787,1,69,3
2026-03-10 02:00:00,0.0,0,7.5,22.8,5.202408346481804,2,69,3
2026-03-10 03:00:00,0.0,0,4.7,22.0,0.33174617083368546,3,69,3
2026-03-10 04:00:00,0.0,0,4.7,21.4,0.360959980815977,4,69,3
2026-03-10 05:00:00,0.0,0,4.7,20.9,0.2797732939118705,5,69,3
2026-03-10 06:00:00,0.0,0,5.0,20.6,0.5017167866464031,6,69,3
2026-03-10 07:00:00,6.0,0,5.4,20.6,0.9179530818937801,7,69,3
2026-03-10 08:00:00,131.0,0,7.1,23.3,4.582111759914623,8,69,3
2026-03-10 09:00:00,356.0,0,4.8,26.6,0.4132111084767621,9,69,3
2026-03-10 10:00:00,576.0,0,5.9,29.8,1.5212225781095834,10,69,3
2026-03-10 11:00:00,755.0,0,7.2,33.4,5.408755532630427,11,69,3
2026-03-10 12:00:00,871.0,0,5.8,35.6,1.4666353135250114,12,69,3
2026-03-10 13:00:00,912.0,0,4.8,36.7,0.37456532815125293,13,69,3
2026-03-10 14:00:00,877.0,0,3.6,37.5,0.01393285411719578,14,69,3
2026-03-10 15:00:00,768.0,0,1.5,37.9,0.0,15,69,3
2026-03-10 16:00:00,592.0,0,1.4,37.8,0.0,16,69,3
2026-03-10 17:00:00,374.0,0,2.8,37.3,0.0,17,69,3
2026-03-10 18:00:00,147.0,0,0.9,34.8,0.0,18,69,3
2026-03-10 19:00:00,9.0,0,1.3,32.1,0.0,19,69,3
2026-03-10 20:00:00,0.0,0,8.7,30.0,14.001160906668128,20,69,3
2026-03-10 21:00:00,0.0,0,11.3,29.3,33.982204235214695,21,69,3
2026-03-10 22:00:00,0.0,0,10.9,27.9,29.992136562279292,22,69,3
2026-03-10 23:00:00,0.0,0,11.8,26.7,45.90516900939944,23,69,3
2026-03-11 00:00:00,0.0,0,10.1,25.7,24.693755069171097,0,70,3
2026-03-11 01:00:00,0.0,0,7.9,24.4,6.453976962958256,1,70,3
2026-03-11 02:00:00,0.0,0,9.0,23.6,14.673654110241307,2,70,3
2026-03-11 03:00:00,0.0,0,8.2,22.6,10.669155276025025,3,70,3
2026-03-11 04:00:00,0.0,0,7.1,21.6,4.707918516841814,4,70,3
2026-03-11 05:00:00,0.0,0,6.2,20.6,2.2607464997585405,5,70,3
2026-03-11 06:00:00,0.0,0,6.3,20.3,2.350259289162514,6,70,3
2026-03-11 07:00:00,7.0,0,6.3,20.2,2.4906206028231277,7,70,3
2026-03-11 08:00:00,136.0,0,8.0,23.2,8.7998567769095,8,70,3
2026-03-11 09:00:00,364.0,0,6.8,27.0,3.86699073436006,9,70,3
2026-03-11 10:00:00,588.0,0,10.1,30.7,23.379018971923035,10,70,3
2026-03-11 11:00:00,767.0,0,12.0,33.8,50.0,11,70,3
2026-03-11 12:00:00,882.0,0,12.3,35.7,43.78348305598878,12,70,3
2026-03-11 13:00:00,922.0,0,12.1,36.7,48.396896497844956,13,70,3
2026-03-11 14:00:00,884.0,0,11.5,37.3,41.558889464714326,14,70,3
2026-03-11 15:00:00,772.0,0,11.7,37.8,42.704196353734176,15,70,3
2026-03-11 16:00:00,598.0,0,15.7,37.9,44.15496846353917,16,70,3
2026-03-11 17:00:00,380.0,0,18.7,36.9,50.0,17,70,3
2026-03-11 18:00:00,152.0,0,16.2,34.5,48.05436762382059,18,70,3
2026-03-11 19:00:00,10.0,2,13.9,31.8,50.0,19,70,3
2026-03-11 20:00:00,0.0,55,12.3,29.5,41.79104164644871,20,70,3
2026-03-11 21:00:00,0.0,59,14.1,27.4,50.0,21,70,3
2026-03-11 22:00:00,0.0,13,13.4,25.7,50.0,22,70,3
2026-03-11 23:00:00,0.0,0,13.0,24.6,47.75789944946989,23,70,3
2026-03-12 00:00:00,0.0,3,13.1,23.4,49.7127865156076,0,71,3
2026-03-12 01:00:00,0.0,37,13.0,22.4,48.17461191703331,1,71,3
2026-03-12 02:00:00,0.0,19,12.1,21.4,48.34357989728115,2,71,3
2026-03-12 03:00:00,0.0,0,11.1,20.9,38.140532340675556,3,71,3
2026-03-12 04:00:00,0.0,0,11.0,20.5,34.46203389108232,4,71,3
2026-03-12 05:00:00,0.0,0,12.9,20.2,44.877680585282754,5,71,3
2026-03-12 06:00:00,0.0,9,13.1,19.9,50.0,6,71,3
2026-03-12 07:00:00,7.0,5,12.6,19.9,50.0,7,71,3
2026-03-12 08:00:00,143.0,0,13.3,21.6,50.0,8,71,3
2026-03-12 09:00:00,375.0,0,10.1,25.2,24.418360938887698,9,71,3
2026-03-12 10:00:00,601.0,0,9.5,29.2,18.172985528571804,10,71,3
2026-03-12 11:00:00,780.0,0,11.8,33.1,49.22589202670174,11,71,3
2026-03-12 12:00:00,894.0,0,12.2,35.3,45.03383179891719,12,71,3
2026-03-12 13:00:00,934.0,0,10.9,36.6,30.09309569057241,13,71,3
2026-03-12 14:00:00,896.0,0,12.0,37.3,50.0,14,71,3
2026-03-12 15:00:00,781.0,0,10.5,37.6,29.52037823784473,15,71,3
2026-03-12 16:00:00,604.0,0,9.6,37.5,18.695678471425,16,71,3
2026-03-12 17:00:00,381.0,0,10.0,37.0,23.850759575069436,17,71,3
2026-03-12 18:00:00,150.0,0,6.1,33.9,2.0827318076397257,18,71,3
2026-03-12 19:00:00,10.0,0,12.3,31.4,45.70813217328726,19,71,3
2026-03-12 20:00:00,0.0,0,15.6,29.2,47.13477273530334,20,71,3
2026-03-12 21:00:00,0.0,0,12.2,27.4,41.640662089640365,21,71,3
2026-03-12 22:00:00,0.0,0,13.3,26.4,47.15814969693685,22,71,3
2026-03-12 23:00:00,0.0,0,13.3,26.0,50.0,23,71,3
2026-03-13 00:00:00,0.0,0,12.1,25.4,45.08056675307783,0,72,3
2026-03-13 01:00:00,0.0,0,10.5,24.7,27.699181813288117,1,72,3
2026-03-13 02:00:00,0.0,0,9.9,23.8,21.245274681236364,2,72,3
2026-03-13 03:00:00,0.0,0,10.3,23.1,24.554364858224943,3,72,3
2026-03-13 04:00:00,0.0,0,9.6,22.4,18.295010682892865,4,72,3
2026-03-13 05:00:00,0.0,0,9.8,21.8,22.01828620332527,5,72,3
2026-03-13 06:00:00,0.0,0,8.3,21.4,8.905527976998794,6,72,3
2026-03-13 07:00:00,8.0,0,9.1,21.3,16.8190855296693,7,72,3
2026-03-13 08:00:00,143.0,0,10.6,23.9,24.776900777654728,8,72,3
2026-03-13 09:00:00,372.0,0,10.1,27.1,27.355655720503638,9,72,3
2026-03-13 10:00:00,595.0,0,10.0,30.1,23.48837112868763,10,72,3
2026-03-13 11:00:00,774.0,0,10.5,33.2,28.295486608064785,11,72,3
2026-03-13 12:00:00,883.0,0,8.8,34.8,11.969585590769862,12,72,3
2026-03-13 13:00:00,922.0,0,9.2,35.8,15.7684684738242,13,72,3
2026-03-13 14:00:00,885.0,0,11.3,36.6,38.187671958191856,14,72,3
2026-03-13 15:00:00,774.0,0,14.7,36.9,50.0,15,72,3
2026-03-13 16:00:00,597.0,0,18.8,36.4,43.490767826131076,16,72,3
2026-03-13 17:00:00,378.0,0,20.9,35.4,46.345194283063975,17,72,3
2026-03-13 18:00:00,152.0,0,20.3,33.1,46.7091471377333,18,72,3
2026-03-13 19:00:00,11.0,0,19.3,30.2,45.08282104612981,19,72,3
2026-03-13 20:00:00,0.0,0,17.2,28.0,47.625890686590616,20,72,3
2026-03-13 21:00:00,0.0,0,14.9,26.4,50.0,21,72,3
2026-03-13 22:00:00,0.0,2,14.3,25.4,50.0,22,72,3
2026-03-13 23:00:00,0.0,0,15.3,24.5,45.2748186911724,23,72,3
2026-03-14 00:00:00,0.0,2,14.3,23.8,45.87910505753996,0,73,3
2026-03-14 01:00:00,0.0,0,13.3,23.2,48.578302957774525,1,73,3
2026-03-14 02:00:00,0.0,0,13.0,22.4,50.0,2,73,3
2026-03-14 03:00:00,0.0,0,11.9,21.9,49.99684195830235,3,73,3
2026-03-14 04:00:00,0.0,0,10.8,21.4,30.802393424086787,4,73,3
2026-03-14 05:00:00,0.0,0,11.1,21.2,31.519089037069172,5,73,3
2026-03-14 06:00:00,0.0,0,10.5,21.3,29.693882404079048,6,73,3
2026-03-14 07:00:00,8.0,0,10.9,21.5,32.79782004429989,7,73,3
2026-03-14 08:00:00,141.0,0,12.0,24.1,45.848189079086,8,73,3
2026-03-14 09:00:00,364.0,0,15.2,27.4,43.37537113432514,9,73,3
2026-03-14 10:00:00,582.0,0,16.7,30.2,49.68001727579085,10,73,3
2026-03-14 11:00:00,759.0,0,16.9,33.0,50.0,11,73,3
2026-03-14 12:00:00,873.0,0,17.5,35.0,47.775585049017465,12,73,3
2026-03-14 13:00:00,912.0,0,19.4,36.3,50.0,13,73,3
2026-03-14 14:00:00,873.0,0,19.1,37.1,44.13871325570331,14,73,3
2026-03-14 15:00:00,764.0,0,20.2,37.1,47.07061883174914,15,73,3
2026-03-14 16:00:00,591.0,0,23.5,36.2,46.520652857750946,16,73,3
2026-03-14 17:00:00,373.0,0,28.5,34.1,0.0,17,73,3
2026-03-14 18:00:00,148.0,0,25.4,32.1,0.0,18,73,3
2026-03-14 19:00:00,10.0,0,23.9,29.4,48.18194543398764,19,73,3
2026-03-14 20:00:00,0.0,0,22.7,27.6,47.88282460905935,20,73,3
2026-03-14 21:00:00,0.0,0,21.4,26.2,50.0,21,73,3
2026-03-14 22:00:00,0.0,0,20.6,25.4,48.73370828780256,22,73,3
2026-03-14 23:00:00,0.0,0,18.4,24.9,50.0,23,73,3
2026-03-15 00:00:00,0.0,0,17.2,24.5,45.896927605396556,0,74,3
2026-03-15 01:00:00,0.0,0,15.8,23.9,50.0,1,74,3
2026-03-15 02:00:00,0.0,0,16.0,23.2,42.747276380077295,2,74,3
2026-03-15 03:00:00,0.0,0,16.1,22.8,48.98019254639783,3,74,3
2026-03-15 04:00:00,0.0,0,14.1,22.4,49.01832244202033,4,74,3
2026-03-15 05:00:00,0.0,0,15.4,22.7,46.25173695722621,5,74,3
2026-03-15 06:00:00,0.0,0,14.3,22.6,45.44145537057112,6,74,3
2026-03-15 07:00:00,9.0,0,13.7,22.7,50.0,7,74,3
2026-03-15 08:00:00,145.0,2,15.3,24.9,49.08579019649925,8,74,3
2026-03-15 09:00:00,371.0,11,17.6,27.2,45.25944438527379,9,74,3
2026-03-15 10:00:00,592.0,7,15.8,29.9,50.0,10,74,3
2026-03-15 11:00:00,772.0,0,14.8,32.9,50.0,11,74,3
2026-03-15 12:00:00,886.0,0,14.5,34.8,44.7504667423545,12,74,3
2026-03-15 13:00:00,930.0,20,13.8,36.1,50.0,13,74,3
2026-03-15 14:00:00,895.0,51,16.5,36.9,45.842558193043644,14,74,3
2026-03-15 15:00:00,782.0,63,17.5,36.7,47.37023477972486,15,74,3
2026-03-15 16:00:00,600.0,66,13.9,36.4,48.115453955942044,16,74,3
2026-03-15 17:00:00,382.0,50,9.1,35.9,17.39912148989736,17,74,3
2026-03-15 18:00:00,156.0,10,6.1,32.7,1.8682257276580339,18,74,3
2026-03-15 19:00:00,11.0,0,3.4,30.1,0.0044497150675720945,19,74,3
2026-03-15 20:00:00,0.0,0,10.4,28.8,28.864212695848135,20,74,3
2026-03-15 21:00:00,0.0,0,14.1,28.0,45.64189502221157,21,74,3
2026-03-15 22:00:00,0.0,0,16.5,26.6,44.69171885379181,22,74,3
2026-03-15 23:00:00,0.0,0,18.6,25.4,50.0,23,74,3
2026-03-16 00:00:00,0.0,0,16.0,24.4,47.623832912162456,0,75,3
2026-03-16 01:00:00,0.0,0,14.8,23.5,42.91519622438775,1,75,3
2026-03-16 02:00:00,0.0,0,16.3,22.7,49.43991181055834,2,75,3
2026-03-16 03:00:00,0.0,1,14.8,22.1,45.49400969087034,3,75,3
2026-03-16 04:00:00,0.0,2,13.0,21.5,50.0,4,75,3
2026-03-16 05:00:00,0.0,0,12.9,20.9,50.0,5,75,3
2026-03-16 06:00:00,0.0,0,11.5,20.7,38.91873762738314,6,75,3
2026-03-16 07:00:00,10.0,0,12.6,21.0,50.0,7,75,3
2026-03-16 08:00:00,154.0,0,13.8,23.7,50.0,8,75,3
2026-03-16 09:00:00,385.0,0,15.5,27.1,48.18750154980302,9,75,3
2026-03-16 10:00:00,607.0,0,16.6,29.9,43.86618828225323,10,75,3
2026-03-16 11:00:00,781.0,0,16.4,32.5,50.0,11,75,3
2026-03-16 12:00:00,892.0,0,15.1,34.2,42.15950121763085,12,75,3
2026-03-16 13:00:00,931.0,0,16.3,35.5,49.667731105497374,13,75,3
2026-03-16 14:00:00,892.0,0,18.1,36.2,45.98305218120136,14,75,3
2026-03-16 15:00:00,779.0,2,20.1,36.4,45.46336891725883,15,75,3
2026-03-16 16:00:00,595.0,2,24.8,35.7,38.95551478651745,16,75,3
2026-03-16 17:00:00,376.0,2,24.3,34.9,50.0,17,75,3
2026-03-16 18:00:00,153.0,0,24.2,32.4,43.319095118668585,18,75,3
2026-03-16 19:00:00,11.0,0,22.7,29.8,48.54057581461843,19,75,3
2026-03-16 20:00:00,0.0,0,19.7,27.7,45.8676072946816,20,75,3
2026-03-16 21:00:00,0.0,0,18.7,26.0,46.330948493457115,21,75,3
2026-03-16 22:00:00,0.0,0,19.0,25.0,50.0,22,75,3
2026-03-16 23:00:00,0.0,0,17.7,24.3,44.39757806552564,23,75,3
2026-03-17 00:00:00,0.0,0,18.3,24.1,50.0,0,76,3
2026-03-17 01:00:00,0.0,0,16.8,23.5,45.058789974397726,1,76,3
2026-03-17 02:00:00,0.0,0,13.9,22.8,50.0,2,76,3
2026-03-17 03:00:00,0.0,0,8.0,21.7,7.5284122963717035,3,76,3
2026-03-17 04:00:00,0.0,0,7.4,21.0,5.956758591668455,4,76,3
2026-03-17 05:00:00,0.0,0,10.2,21.1,26.49087402939593,5,76,3
2026-03-17 06:00:00,0.0,0,10.7,21.6,31.09437351264438,6,76,3
2026-03-17 07:00:00,11.0,0,10.9,21.7,34.14854604225615,7,76,3
2026-03-17 08:00:00,152.0,0,11.7,23.9,41.55893401859086,8,76,3
2026-03-17 09:00:00,379.0,11,14.3,26.7,50.0,9,76,3
2026-03-17 10:00:00,598.0,30,14.5,29.4,43.24632936479461,10,76,3
2026-03-17 11:00:00,774.0,91,11.2,31.6,31.17521413512033,11,76,3
2026-03-17 12:00:00,885.0,66,11.4,33.7,45.78190477673111,12,76,3
2026-03-17 13:00:00,927.0,81,11.7,34.9,46.294664166093355,13,76,3
2026-03-17 14:00:00,886.0,1,11.6,35.6,41.86670213397193,14,76,3
2026-03-17 15:00:00,777.0,0,12.2,35.9,50.0,15,76,3
2026-03-17 16:00:00,600.0,11,14.5,35.6,44.49225223780434,16,76,3
2026-03-17 17:00:00,370.0,58,16.8,34.6,46.51186163730912,17,76,3
2026-03-17 18:00:00,153.0,0,18.7,32.5,45.79718260484293,18,76,3
2026-03-17 19:00:00,12.0,2,19.4,29.7,43.41569849724083,19,76,3
2026-03-17 20:00:00,0.0,19,19.9,27.2,50.0,20,76,3
2026-03-17 21:00:00,0.0,4,17.1,25.1,50.0,21,76,3
2026-03-17 22:00:00,0.0,0,15.0,23.9,50.0,22,76,3
2026-03-17 23:00:00,0.0,11,13.2,23.3,43.428326064238505,23,76,3
2026-03-18 00:00:00,0.0,5,11.3,22.9,31.614720251302174,0,77,3
2026-03-18 01:00:00,0.0,22,10.5,22.5,25.089106208745722,1,77,3
2026-03-18 02:00:00,0.0,88,10.4,22.1,27.348635980720164,2,77,3
2026-03-18 03:00:00,0.0,98,10.7,21.9,34.74650167740957,3,77,3
2026-03-18 04:00:00,0.0,76,10.1,21.8,24.995095693739152,4,77,3
2026-03-18 05:00:00,0.0,95,9.6,22.1,18.41458121397009,5,77,3
2026-03-18 06:00:00,0.0,100,7.2,22.2,4.541415709448877,6,77,3
2026-03-18 07:00:00,9.0,100,4.8,22.4,0.3584911950783535,7,77,3
2026-03-18 08:00:00,99.0,26,9.1,23.6,16.419228988681787,8,77,3
2026-03-18 09:00:00,350.0,24,8.3,25.4,11.310027778195643,9,77,3
2026-03-18 10:00:00,584.0,32,6.6,27.7,2.9005837076457053,10,77,3
2026-03-18 11:00:00,757.0,4,6.2,30.2,2.3672484827906515,11,77,3
2026-03-18 12:00:00,873.0,2,5.9,32.5,1.7880200642236226,12,77,3
2026-03-18 13:00:00,910.0,46,7.4,34.2,5.421487633923723,13,77,3
2026-03-18 14:00:00,788.0,91,11.0,35.2,29.220824043597162,14,77,3
2026-03-18 15:00:00,448.0,45,8.8,34.8,13.11602868338455,15,77,3
2026-03-18 16:00:00,530.0,68,11.2,34.9,35.891795907301,16,77,3
2026-03-18 17:00:00,293.0,92,19.2,34.4,50.0,17,77,3
2026-03-18 18:00:00,103.0,83,17.0,32.2,50.0,18,77,3
2026-03-18 19:00:00,11.0,100,15.9,29.3,50.0,19,77,3
2026-03-18 20:00:00,0.0,100,14.3,27.6,50.0,20,77,3
2026-03-18 21:00:00,0.0,100,13.0,26.3,49.95692093081378,21,77,3
2026-03-18 22:00:00,0.0,100,8.8,25.5,11.970368791572092,22,77,3
2026-03-18 23:00:00,0.0,34,7.1,24.7,4.72439937564238,23,77,3
2026-03-19 00:00:00,0.0,63,6.5,23.8,2.9136579532857763,0,78,3
2026-03-19 01:00:00,0.0,41,4.0,22.9,0.06718565699242911,1,78,3
2026-03-19 02:00:00,0.0,78,5.3,22.3,0.8333221127147932,2,78,3
2026-03-19 03:00:00,0.0,98,5.2,22.1,0.6986787897542038,3,78,3
2026-03-19 04:00:00,0.0,100,11.3,22.1,35.71388696578368,4,78,3
2026-03-19 05:00:00,0.0,100,3.9,21.9,0.04699558894908265,5,78,3
2026-03-19 06:00:00,0.0,100,8.4,22.2,9.627934898407188,6,78,3
2026-03-19 07:00:00,9.0,23,11.0,21.8,25.140438424181216,7,78,3
2026-03-19 08:00:00,150.0,13,13.4,23.4,50.0,8,78,3
2026-03-19 09:00:00,365.0,42,14.1,25.6,49.04655970985387,9,78,3
2026-03-19 10:00:00,567.0,47,9.3,27.9,15.809742194866395,10,78,3
2026-03-19 11:00:00,601.0,98,9.9,29.5,24.018081524651773,11,78,3
2026-03-19 12:00:00,654.0,100,10.0,30.2,21.38721104204084,12,78,3
2026-03-19 13:00:00,643.0,100,13.8,29.3,50.0,13,78,3
2026-03-19 14:00:00,249.0,100,20.4,28.3,43.47269207843356,14,78,3
2026-03-19 15:00:00,248.0,100,20.7,27.1,47.05339118053253,15,78,3
2026-03-19 16:00:00,166.0,100,6.8,26.2,3.8307038082391536,16,78,3
2026-03-19 17:00:00,162.0,97,14.3,25.4,48.832200632481296,17,78,3
2026-03-19 18:00:00,111.0,52,10.4,24.7,34.62691396168992,18,78,3
2026-03-19 19:00:00,12.0,9,9.0,23.5,16.97729523876853,19,78,3
2026-03-19 20:00:00,0.0,0,10.0,22.7,21.420596356888435,20,78,3
2026-03-19 21:00:00,0.0,0,8.9,22.4,12.52102874673891,21,78,3
2026-03-19 22:00:00,0.0,7,5.2,21.8,0.6552073438846245,22,78,3
2026-03-19 23:00:00,0.0,3,2.2,21.3,0.0,23,78,3
2026-03-20 00:00:00,0.0,17,0.5,20.9,0.0,0,79,3
2026-03-20 01:00:00,0.0,15,4.8,20.4,0.4040196460984546,1,79,3
2026-03-20 02:00:00,0.0,0,9.0,20.4,12.752216052849928,2,79,3
2026-03-20 03:00:00,0.0,0,5.6,20.1,1.1160570819359412,3,79,3
2026-03-20 04:00:00,0.0,0,6.8,20.1,3.309884351343932,4,79,3
2026-03-20 05:00:00,0.0,22,4.4,19.1,0.18754253893394326,5,79,3
2026-03-20 06:00:00,0.0,17,3.1,19.2,6.971433456296269e-05,6,79,3
2026-03-20 07:00:00,13.0,69,1.2,19.6,0.0,7,79,3
2026-03-20 08:00:00,155.0,28,1.7,21.4,0.0,8,79,3
2026-03-20 09:00:00,378.0,0,1.2,23.5,0.0,9,79,3
2026-03-20 10:00:00,595.0,0,1.8,25.6,0.0,10,79,3
2026-03-20 11:00:00,771.0,0,3.8,27.1,0.03717199288474351,11,79,3
2026-03-20 12:00:00,884.0,8,5.1,28.7,0.6513916333554519,12,79,3
2026-03-20 13:00:00,890.0,31,6.6,29.9,3.483282913510304,13,79,3
2026-03-20 14:00:00,768.0,20,9.1,30.5,16.083400270487243,14,79,3
2026-03-20 15:00:00,724.0,11,11.2,30.6,30.718357947750572,15,79,3
2026-03-20 16:00:00,546.0,4,10.0,30.5,26.922177786012305,16,79,3
2026-03-20 17:00:00,372.0,1,7.4,30.3,5.043410941744241,17,79,3
2026-03-20 18:00:00,157.0,4,5.3,28.7,0.8526095271665676,18,79,3
2026-03-20 19:00:00,13.0,2,6.4,26.2,2.5435380832656707,19,79,3
2026-03-20 20:00:00,0.0,1,5.7,24.8,1.2877063299451865,20,79,3
2026-03-20 21:00:00,0.0,2,2.2,24.2,0.0,21,79,3
2026-03-20 22:00:00,0.0,0,7.1,23.2,4.23258558316889,22,79,3
2026-03-20 23:00:00,0.0,0,11.8,22.7,41.14125857524772,23,79,3
2026-03-21 00:00:00,0.0,0,10.4,22.4,27.822507082933992,0,80,3
2026-03-21 01:00:00,0.0,0,10.6,22.0,28.783865589794203,1,80,3
2026-03-21 02:00:00,0.0,0,8.5,21.6,12.498870610638876,2,80,3
2026-03-21 03:00:00,0.0,0,5.1,21.0,0.6177559924664342,3,80,3
2026-03-21 04:00:00,0.0,12,5.2,20.6,0.7153912061666581,4,80,3
2026-03-21 05:00:00,0.0,95,8.2,20.8,8.30901916374147,5,80,3
2026-03-21 06:00:00,0.0,93,7.4,21.1,5.29056444898592,6,80,3
2026-03-21 07:00:00,14.0,99,8.1,21.4,9.727457669578081,7,80,3
2026-03-21 08:00:00,137.0,67,7.5,23.2,6.27063955115547,8,80,3
2026-03-21 09:00:00,370.0,92,8.3,25.5,9.93756963087693,9,80,3
2026-03-21 10:00:00,575.0,96,5.1,27.6,0.5347338594982665,10,80,3
2026-03-21 11:00:00,722.0,37,4.1,29.0,0.08033607549168703,11,80,3
2026-03-21 12:00:00,867.0,26,6.9,30.6,4.111870380385837,12,80,3
2026-03-21 13:00:00,903.0,32,7.3,31.7,4.407337837580148,13,80,3
2026-03-21 14:00:00,827.0,86,6.7,32.4,3.6530588743480004,14,80,3
2026-03-21 15:00:00,700.0,100,8.5,33.0,10.368437030573359,15,80,3
2026-03-21 16:00:00,463.0,28,14.6,31.9,47.3484952736872,16,80,3
2026-03-21 17:00:00,346.0,18,16.8,30.9,47.97812976571307,17,80,3
2026-03-21 18:00:00,145.0,2,14.8,29.8,50.0,18,80,3
2026-03-21 19:00:00,12.0,8,12.0,28.4,48.59453482498645,19,80,3
2026-03-21 20:00:00,0.0,1,15.5,27.5,46.87120007542914,20,80,3
2026-03-21 21:00:00,0.0,89,15.3,26.0,50.0,21,80,3
2026-03-21 22:00:00,0.0,95,13.5,25.0,46.85889783772965,22,80,3
2026-03-21 23:00:00,0.0,88,12.8,24.7,50.0,23,80,3
2026-03-22 00:00:00,0.0,0,11.5,24.2,39.80530812972732,0,81,3
2026-03-22 01:00:00,0.0,0,10.7,23.5,33.67109720639801,1,81,3
2026-03-22 02:00:00,0.0,6,9.4,22.9,17.468774492852077,2,81,3
2026-03-22 03:00:00,0.0,35,9.4,22.5,18.62004596207159,3,81,3
2026-03-22 04:00:00,0.0,3,10.4,22.2,25.76845461110584,4,81,3
2026-03-22 05:00:00,0.0,97,8.9,22.2,13.663869626194966,5,81,3
2026-03-22 06:00:00,0.0,14,8.4,22.2,10.432978286191204,6,81,3
2026-03-22 07:00:00,15.0,42,7.2,22.2,4.363491034058915,7,81,3
2026-03-22 08:00:00,160.0,76,11.2,23.9,38.01193720105017,8,81,3
2026-03-22 09:00:00,370.0,100,8.3,25.9,11.010178010912256,9,81,3
2026-03-22 10:00:00,561.0,38,9.4,28.0,18.47785682462272,10,81,3
2026-03-22 11:00:00,770.0,98,7.3,30.4,5.184047552418656,11,81,3
2026-03-22 12:00:00,843.0,46,7.5,31.9,5.992442058017204,12,81,3
2026-03-22 13:00:00,910.0,31,9.3,33.2,17.61879096959089,13,81,3
2026-03-22 14:00:00,840.0,17,11.7,33.9,47.966604948394696,14,81,3
2026-03-22 15:00:00,721.0,20,14.2,34.4,49.15831268807747,15,81,3
2026-03-22 16:00:00,547.0,22,12.7,34.4,41.79763662535937,16,81,3
2026-03-22 17:00:00,354.0,41,12.4,34.2,48.991221244130834,17,81,3
2026-03-22 18:00:00,145.0,100,17.9,32.5,45.99362852269013,18,81,3
2026-03-22 19:00:00,13.0,100,17.1,30.0,45.7036913268873,19,81,3
2026-03-22 20:00:00,0.0,100,18.1,28.3,50.0,20,81,3
2026-03-22 21:00:00,0.0,100,14.4,26.5,49.203885973115845,21,81,3
2026-03-22 22:00:00,0.0,100,12.4,25.1,50.0,22,81,3
2026-03-22 23:00:00,0.0,100,10.8,24.5,33.09147539337273,23,81,3
2026-03-23 00:00:00,0.0,100,10.9,24.3,36.257214617011364,0,82,3
2026-03-23 01:00:00,0.0,100,12.0,23.8,47.436383770310066,1,82,3
2026-03-23 02:00:00,0.0,77,11.3,23.5,34.71540311679009,2,82,3
2026-03-23 03:00:00,0.0,100,11.2,22.8,39.087932850621314,3,82,3
2026-03-23 04:00:00,0.0,6,10.7,22.1,28.884165188655594,4,82,3
2026-03-23 05:00:00,0.0,12,9.3,22.0,18.029322515136272,5,82,3
2026-03-23 06:00:00,0.0,4,8.8,22.0,13.148257806846114,6,82,3
2026-03-23 07:00:00,16.0,2,9.1,22.1,16.677902275200335,7,82,3
2026-03-23 08:00:00,165.0,17,8.9,24.0,13.382356484119759,8,82,3
2026-03-23 09:00:00,386.0,5,9.1,26.3,16.658630304776825,9,82,3
2026-03-23 10:00:00,601.0,56,10.9,28.8,32.84845328174086,10,82,3
2026-03-23 11:00:00,765.0,2,11.2,31.0,40.75691735611824,11,82,3
2026-03-23 12:00:00,878.0,37,12.9,32.4,42.38030424557646,12,82,3
2026-03-23 13:00:00,912.0,100,13.5,33.2,50.0,13,82,3
2026-03-23 14:00:00,825.0,35,13.7,33.8,50.0,14,82,3
2026-03-23 15:00:00,758.0,5,12.7,34.1,41.39840715924771,15,82,3
2026-03-23 16:00:00,589.0,2,13.0,34.2,50.0,16,82,3
2026-03-23 17:00:00,371.0,88,11.9,33.6,44.386863935687536,17,82,3
2026-03-23 18:00:00,153.0,65,7.3,32.4,6.260701691719889,18,82,3
2026-03-23 19:00:00,13.0,3,12.3,30.2,44.75390408520714,19,82,3
2026-03-23 20:00:00,0.0,2,19.1,27.4,45.564309415867,20,82,3
2026-03-23 21:00:00,0.0,1,15.8,26.5,50.0,21,82,3
2026-03-23 22:00:00,0.0,0,13.7,25.6,46.78431267263607,22,82,3
2026-03-23 23:00:00,0.0,100,13.2,25.2,46.7174265732333,23,82,3
2026-03-24 00:00:00,0.0,98,13.9,24.9,47.70638440262956,0,83,3
2026-03-24 01:00:00,0.0,22,13.8,24.6,43.852410865596774,1,83,3
2026-03-24 02:00:00,0.0,8,12.9,23.9,50.0,2,83,3
2026-03-24 03:00:00,0.0,5,11.9,23.4,37.44569921837649,3,83,3
2026-03-24 04:00:00,0.0,93,9.6,22.8,20.010790836452944,4,83,3
2026-03-24 05:00:00,0.0,93,7.7,22.7,7.248155811123716,5,83,3
2026-03-24 06:00:00,0.0,88,9.1,22.8,14.70238127921134,6,83,3
2026-03-24 07:00:00,16.0,100,11.1,23.0,35.180619787796324,7,83,3
2026-03-24 08:00:00,144.0,93,12.8,24.7,45.39043200504939,8,83,3
2026-03-24 09:00:00,367.0,96,11.6,26.7,38.10729295350812,9,83,3
2026-03-24 10:00:00,530.0,92,10.2,28.9,26.87689333267268,10,83,3
2026-03-24 11:00:00,741.0,99,8.5,31.3,11.626392920533508,11,83,3
2026-03-24 12:00:00,857.0,100,7.1,32.8,4.568606723195847,12,83,3
2026-03-24 13:00:00,806.0,100,4.2,33.5,0.10989732670248625,13,83,3
2026-03-24 14:00:00,520.0,100,4.5,33.4,0.2526687095584085,14,83,3
2026-03-24 15:00:00,405.0,100,5.1,33.3,0.6612684908899946,15,83,3
2026-03-24 16:00:00,263.0,99,5.6,33.2,1.1958696253595003,16,83,3
2026-03-24 17:00:00,322.0,100,7.5,33.4,6.149749837800332,17,83,3
2026-03-24 18:00:00,129.0,77,10.1,31.9,23.769576662561658,18,83,3
2026-03-24 19:00:00,14.0,77,11.4,29.7,45.36120777373339,19,83,3
2026-03-24 20:00:00,0.0,99,20.2,27.1,41.745484548339924,20,83,3
2026-03-24 21:00:00,0.0,59,17.0,26.4,44.50112215237032,21,83,3
2026-03-24 22:00:00,0.0,41,15.6,25.4,50.0,22,83,3
2026-03-24 23:00:00,0.0,56,14.0,25.1,50.0,23,83,3
2026-03-25 00:00:00,0.0,5,13.4,24.5,44.280285339519835,0,84,3
2026-03-25 01:00:00,0.0,64,15.5,24.0,48.582321862389655,1,84,3
2026-03-25 02:00:00,0.0,24,15.5,23.6,48.44571592892292,2,84,3
2026-03-25 03:00:00,0.0,53,14.4,23.2,49.451685604580604,3,84,3
2026-03-25 04:00:00,0.0,94,13.1,23.0,43.570966750709665,4,84,3
2026-03-25 05:00:00,0.0,88,11.7,23.4,41.473553264036155,5,84,3
2026-03-25 06:00:00,0.0,100,10.3,23.3,28.32651055387883,6,84,3
2026-03-25 07:00:00,14.0,100,7.2,23.5,5.289681638609018,7,84,3
2026-03-25 08:00:00,80.0,99,3.3,24.4,0.0018919608681459395,8,84,3
2026-03-25 09:00:00,165.0,25,7.6,25.7,6.996211958957833,9,84,3
2026-03-25 10:00:00,628.0,5,4.4,28.9,0.1720504372113419,10,84,3
2026-03-25 11:00:00,787.0,0,9.3,32.0,16.296179587080264,11,84,3
2026-03-25 12:00:00,895.0,0,10.1,33.6,23.618045606241697,12,84,3
2026-03-25 13:00:00,931.0,0,11.1,34.8,35.536781966152425,13,84,3
2026-03-25 14:00:00,889.0,12,14.0,35.6,48.88658818064938,14,84,3
2026-03-25 15:00:00,750.0,20,20.1,35.6,49.13075136204267,15,84,3
2026-03-25 16:00:00,586.0,30,21.3,34.7,44.49906596421131,16,84,3
2026-03-25 17:00:00,350.0,27,20.2,33.6,49.565428299526175,17,84,3
2026-03-25 18:00:00,162.0,100,17.2,31.9,42.882186729847405,18,84,3
2026-03-25 19:00:00,14.0,100,16.3,29.7,47.67082510437706,19,84,3
2026-03-25 20:00:00,0.0,100,16.6,28.1,37.304667323723564,20,84,3
2026-03-25 21:00:00,0.0,100,14.0,26.7,49.632170917264425,21,84,3
2026-03-25 22:00:00,0.0,100,13.0,25.6,50.0,22,84,3
2026-03-25 23:00:00,0.0,100,10.9,24.9,34.39758194675587,23,84,3
2026-03-26 00:00:00,0.0,99,11.5,24.2,39.77594628321886,0,85,3
2026-03-26 01:00:00,0.0,37,10.2,23.3,23.46135244089687,1,85,3
2026-03-26 02:00:00,0.0,0,9.8,22.5,21.47410778086911,2,85,3
2026-03-26 03:00:00,0.0,0,9.4,22.0,15.062690341564586,3,85,3
2026-03-26 04:00:00,0.0,20,7.7,21.5,7.022274058779381,4,85,3
2026-03-26 05:00:00,0.0,69,9.6,21.8,20.280123861996216,5,85,3
2026-03-26 06:00:00,0.0,61,7.6,21.9,6.804149302418105,6,85,3
2026-03-26 07:00:00,20.0,29,8.8,22.1,12.95509944917607,7,85,3
2026-03-26 08:00:00,177.0,27,9.4,24.2,18.85187404780718,8,85,3
2026-03-26 09:00:00,404.0,21,11.9,26.6,50.0,9,85,3
2026-03-26 10:00:00,621.0,99,11.8,28.8,45.84819099604447,10,85,3
2026-03-26 11:00:00,776.0,1,9.5,31.2,17.530687954695274,11,85,3
2026-03-26 12:00:00,898.0,10,8.2,32.7,10.20962332907325,12,85,3
2026-03-26 13:00:00,930.0,31,5.9,33.7,1.6391797097110918,13,85,3
2026-03-26 14:00:00,891.0,95,6.8,34.5,4.192207023191657,14,85,3
2026-03-26 15:00:00,732.0,99,11.8,34.7,50.0,15,85,3
2026-03-26 16:00:00,540.0,96,11.4,35.2,36.99156723933795,16,85,3
2026-03-26 17:00:00,359.0,93,11.3,35.2,36.67522052836609,17,85,3
2026-03-26 18:00:00,131.0,50,19.7,32.4,47.07283790845258,18,85,3
2026-03-26 19:00:00,14.0,14,13.0,30.8,44.128132879783166,19,85,3
2026-03-26 20:00:00,0.0,0,15.1,29.3,43.587929522912354,20,85,3
2026-03-26 21:00:00,0.0,0,13.9,27.8,50.0,21,85,3
2026-03-26 22:00:00,0.0,0,12.8,26.8,48.83970532350729,22,85,3
2026-03-26 23:00:00,0.0,4,11.2,26.3,37.096490671253925,23,85,3
2026-03-27 00:00:00,0.0,0,10.8,26.0,29.76064368911865,0,86,3
2026-03-27 01:00:00,0.0,19,12.9,25.4,49.50223751221181,1,86,3
2026-03-27 02:00:00,0.0,5,11.4,24.8,41.7920524707075,2,86,3
2026-03-27 03:00:00,0.0,0,9.2,23.9,16.210941365995964,3,86,3
2026-03-27 04:00:00,0.0,0,8.1,23.1,9.532684880719444,4,86,3
2026-03-27 05:00:00,0.0,0,14.0,23.4,50.0,5,86,3
2026-03-27 06:00:00,0.0,0,15.0,23.4,50.0,6,86,3
2026-03-27 07:00:00,21.0,0,14.5,23.5,45.76405299817798,7,86,3
2026-03-27 08:00:00,179.0,0,13.0,25.2,50.0,8,86,3
2026-03-27 09:00:00,404.0,0,12.8,27.4,46.4673451148469,9,86,3
2026-03-27 10:00:00,618.0,0,11.1,29.7,35.005080053540965,10,86,3
2026-03-27 11:00:00,789.0,0,11.2,32.0,38.119835161575914,11,86,3
2026-03-27 12:00:00,895.0,0,11.8,33.6,41.72693753359153,12,86,3
2026-03-27 13:00:00,930.0,0,12.2,34.8,41.92925433136323,13,86,3
2026-03-27 14:00:00,891.0,0,14.0,35.5,47.18534395983063,14,86,3
2026-03-27 15:00:00,780.0,0,15.6,35.5,44.997456657286826,15,86,3
2026-03-27 16:00:00,605.0,2,13.7,35.5,50.0,16,86,3
2026-03-27 17:00:00,388.0,8,18.8,35.4,50.0,17,86,3
2026-03-27 18:00:00,161.0,2,23.9,33.3,50.0,18,86,3
2026-03-27 19:00:00,15.0,0,23.8,30.5,50.0,19,86,3
2026-03-27 20:00:00,0.0,1,20.3,28.8,44.179918253686516,20,86,3
2026-03-27 21:00:00,0.0,98,18.8,27.5,49.297081382813246,21,86,3
2026-03-27 22:00:00,0.0,99,16.9,26.4,50.0,22,86,3
2026-03-27 23:00:00,0.0,5,13.7,25.9,45.0831222765966,23,86,3
2026-03-28 00:00:00,0.0,0,14.8,25.4,43.229000091043055,0,87,3
2026-03-28 01:00:00,0.0,0,14.2,24.6,49.46988321741445,1,87,3
2026-03-28 02:00:00,0.0,0,9.9,23.9,23.347431655103797,2,87,3
2026-03-28 03:00:00,0.0,0,13.2,23.4,48.95598336059507,3,87,3
2026-03-28 04:00:00,0.0,0,13.3,23.3,49.48647392937973,4,87,3
2026-03-28 05:00:00,0.0,0,17.3,23.8,48.34650163346995,5,87,3
2026-03-28 06:00:00,0.0,1,17.5,24.3,44.91904674903287,6,87,3
2026-03-28 07:00:00,22.0,3,17.5,24.8,48.34263375857262,7,87,3
2026-03-28 08:00:00,178.0,7,22.3,26.7,42.451966461408745,8,87,3
2026-03-28 09:00:00,394.0,2,20.7,28.7,50.0,9,87,3
2026-03-28 10:00:00,613.0,8,22.7,30.4,50.0,10,87,3
2026-03-28 11:00:00,757.0,24,28.7,32.6,0.0,11,87,3
2026-03-28 12:00:00,820.0,13,26.8,33.2,0.0,12,87,3
2026-03-28 13:00:00,889.0,0,26.7,34.6,0.0,13,87,3
2026-03-28 14:00:00,876.0,1,24.8,35.3,46.230337297016575,14,87,3
2026-03-28 15:00:00,763.0,0,26.8,36.0,0.0,15,87,3
2026-03-28 16:00:00,596.0,0,28.2,35.5,0.0,16,87,3
2026-03-28 17:00:00,383.0,0,30.3,34.3,0.0,17,87,3
2026-03-28 18:00:00,163.0,0,26.6,32.8,0.0,18,87,3
2026-03-28 19:00:00,15.0,0,25.1,30.3,0.0,19,87,3
2026-03-28 20:00:00,0.0,7,21.8,28.4,49.14988870817721,20,87,3
2026-03-28 21:00:00,0.0,98,22.6,27.3,50.0,21,87,3
2026-03-28 22:00:00,0.0,100,19.9,26.7,50.0,22,87,3
2026-03-28 23:00:00,0.0,100,17.6,26.7,50.0,23,87,3
2026-03-29 00:00:00,0.0,93,19.6,26.4,45.46262305122218,0,88,3
2026-03-29 01:00:00,0.0,99,18.4,26.1,47.19219287356974,1,88,3
2026-03-29 02:00:00,0.0,100,15.7,25.7,50.0,2,88,3
2026-03-29 03:00:00,0.0,99,15.2,25.4,50.0,3,88,3
2026-03-29 04:00:00,0.0,100,14.8,25.0,50.0,4,88,3
2026-03-29 05:00:00,0.0,100,14.7,25.1,49.553851214512775,5,88,3
2026-03-29 06:00:00,0.0,100,13.8,25.2,46.07647507135979,6,88,3
2026-03-29 07:00:00,22.0,94,15.6,25.4,46.895339676325406,7,88,3
2026-03-29 08:00:00,176.0,85,18.6,27.1,46.55870179954179,8,88,3
2026-03-29 09:00:00,390.0,98,22.5,28.9,50.0,9,88,3
2026-03-29 10:00:00,541.0,100,24.5,30.4,50.0,10,88,3
2026-03-29 11:00:00,597.0,100,25.5,31.8,0.0,11,88,3
2026-03-29 12:00:00,603.0,95,25.9,31.6,0.0,12,88,3
2026-03-29 13:00:00,682.0,97,24.7,33.1,50.0,13,88,3
2026-03-29 14:00:00,661.0,91,25.2,33.6,0.0,14,88,3
2026-03-29 15:00:00,664.0,56,25.4,33.8,0.0,15,88,3
2026-03-29 16:00:00,416.0,15,22.7,33.2,50.0,16,88,3
2026-03-29 17:00:00,341.0,3,25.1,32.2,0.0,17,88,3
2026-03-29 18:00:00,162.0,56,24.0,30.6,47.12335083892371,18,88,3
2026-03-29 19:00:00,13.0,88,19.7,30.0,47.70536554744767,19,88,3
2026-03-29 20:00:00,0.0,99,18.3,28.8,49.895201198049584,20,88,3
2026-03-29 21:00:00,0.0,100,18.3,28.0,50.0,21,88,3
2026-03-29 22:00:00,0.0,100,20.0,25.9,45.66838164751764,22,88,3
2026-03-29 23:00:00,0.0,100,13.7,24.2,49.14253579021451,23,88,3
2026-03-30 00:00:00,0.0,100,13.4,24.0,43.980880054623874,0,89,3
2026-03-30 01:00:00,0.0,100,9.7,24.0,21.498341939199776,1,89,3
2026-03-30 02:00:00,0.0,99,11.1,23.6,29.744273273412674,2,89,3
2026-03-30 03:00:00,0.0,38,8.6,23.6,12.515486695205693,3,89,3
2026-03-30 04:00:00,0.0,22,8.8,23.4,11.516645336552674,4,89,3
2026-03-30 05:00:00,0.0,58,5.2,23.3,0.6521646197635764,5,89,3
2026-03-30 06:00:00,0.0,20,2.9,23.8,0.0,6,89,3
2026-03-30 07:00:00,23.0,27,5.7,24.4,1.323172831324767,7,89,3
2026-03-30 08:00:00,179.0,21,12.2,26.3,46.711223520287035,8,89,3
2026-03-30 09:00:00,388.0,27,11.8,27.9,44.25734016869018,9,89,3
2026-03-30 10:00:00,579.0,27,12.0,29.3,48.496703063104604,10,89,3
2026-03-30 11:00:00,740.0,34,16.8,31.2,50.0,11,89,3
2026-03-30 12:00:00,759.0,29,16.5,31.9,50.0,12,89,3
2026-03-30 13:00:00,779.0,50,17.3,32.1,44.064084757902926,13,89,3
2026-03-30 14:00:00,653.0,58,15.2,30.9,42.47965782353751,14,89,3
2026-03-30 15:00:00,587.0,46,17.0,30.9,50.0,15,89,3
2026-03-30 16:00:00,484.0,63,16.4,31.6,46.713990207122905,16,89,3
2026-03-30 17:00:00,315.0,24,18.4,31.9,50.0,17,89,3
2026-03-30 18:00:00,148.0,1,17.9,30.4,42.090409136445224,18,89,3
2026-03-30 19:00:00,16.0,9,18.6,28.3,50.0,19,89,3
2026-03-30 20:00:00,0.0,100,19.7,27.1,48.904547323027494,20,89,3
2026-03-30 21:00:00,0.0,68,15.8,26.2,47.69797717337012,21,89,3
2026-03-30 22:00:00,0.0,11,14.6,25.3,44.62217438965614,22,89,3
2026-03-30 23:00:00,0.0,52,15.2,25.3,49.21356049832969,23,89,3
2026-03-31 00:00:00,0.0,26,14.5,24.9,44.201969718022546,0,90,3
2026-03-31 01:00:00,0.0,29,13.0,24.0,47.47414454394373,1,90,3
2026-03-31 02:00:00,0.0,89,9.7,22.9,19.36213873427328,2,90,3
2026-03-31 03:00:00,0.0,28,7.0,21.9,4.357476424458911,3,90,3
2026-03-31 04:00:00,0.0,55,5.8,21.0,1.5844183360133697,4,90,3
2026-03-31 05:00:00,0.0,100,5.4,21.2,0.9886280787544242,5,90,3
2026-03-31 06:00:00,0.0,98,5.1,21.8,0.5889485681344313,6,90,3
2026-03-31 07:00:00,23.0,45,6.0,22.0,1.84162411419236,7,90,3
2026-03-31 08:00:00,195.0,100,7.7,24.1,7.510885599766801,8,90,3
2026-03-31 09:00:00,368.0,100,12.7,25.9,50.0,9,90,3
2026-03-31 10:00:00,416.0,100,14.4,26.7,44.071860146624005,10,90,3
2026-03-31 11:00:00,534.0,100,13.3,27.6,50.0,11,90,3
2026-03-31 12:00:00,844.0,100,11.1,29.4,38.32227057111065,12,90,3
2026-03-31 13:00:00,848.0,100,9.9,30.6,21.759405012143546,13,90,3
2026-03-31 14:00:00,807.0,100,10.3,31.5,26.50907227376634,14,90,3
2026-03-31 15:00:00,727.0,100,11.4,32.2,35.31775312135932,15,90,3
2026-03-31 16:00:00,481.0,100,14.3,31.9,47.54984934484152,16,90,3
2026-03-31 17:00:00,220.0,100,17.6,30.0,48.93194076721351,17,90,3
2026-03-31 18:00:00,90.0,100,18.8,28.6,46.44795738176841,18,90,3
2026-03-31 19:00:00,11.0,100,20.4,27.0,42.17827784124972,19,90,3
2026-03-31 20:00:00,0.0,100,20.3,25.7,50.0,20,90,3
2026-03-31 21:00:00,0.0,100,18.4,24.9,50.0,21,90,3
2026-03-31 22:00:00,0.0,100,13.1,23.9,49.882447983016604,22,90,3
2026-03-31 23:00:00,0.0,57,12.6,23.4,50.0,23,90,3
2026-04-01 00:00:00,0.0,92,12.2,22.7,45.454533757363386,0,91,4
2026-04-01 01:00:00,0.0,99,9.1,22.3,15.080855399859947,1,91,4
2026-04-01 02:00:00,0.0,100,5.8,21.0,1.281138447414143,2,91,4
2026-04-01 03:00:00,0.0,98,5.2,20.7,0.6668620253767504,3,91,4
2026-04-01 04:00:00,0.0,74,4.1,20.2,0.0719086256921942,4,91,4
2026-04-01 05:00:00,0.0,100,5.5,19.9,1.1613569840904736,5,91,4
2026-04-01 06:00:00,0.0,96,5.9,20.4,1.4391518434001094,6,91,4
2026-04-01 07:00:00,22.0,95,6.4,21.3,2.4277717493721838,7,91,4
2026-04-01 08:00:00,188.0,100,4.5,23.5,0.22548762328934868,8,91,4
2026-04-01 09:00:00,418.0,100,5.2,25.6,0.7212138499938313,9,91,4
2026-04-01 10:00:00,617.0,100,8.3,27.1,11.922418807494598,10,91,4
2026-04-01 11:00:00,757.0,100,9.7,28.6,19.35935620085562,11,91,4
2026-04-01 12:00:00,917.0,100,8.8,30.0,13.742684639679322,12,91,4
2026-04-01 13:00:00,928.0,100,10.7,31.2,30.77979597777671,13,91,4
2026-04-01 14:00:00,861.0,100,12.6,32.0,43.30034794829086,14,91,4
2026-04-01 15:00:00,686.0,100,16.9,32.1,44.284481798277305,15,91,4
2026-04-01 16:00:00,411.0,100,19.0,30.9,48.62417313055957,16,91,4
2026-04-01 17:00:00,245.0,100,17.0,29.7,50.0,17,91,4
2026-04-01 18:00:00,147.0,100,17.7,28.9,49.180322581236126,18,91,4
2026-04-01 19:00:00,14.0,100,16.6,27.3,44.11391456385749,19,91,4
2026-04-01 20:00:00,0.0,100,18.5,26.1,46.43961217124051,20,91,4
2026-04-01 21:00:00,0.0,100,16.1,25.2,50.0,21,91,4
2026-04-01 22:00:00,0.0,100,15.0,24.4,46.99916429309586,22,91,4
2026-04-01 23:00:00,0.0,97,10.1,24.0,23.658330026960492,23,91,4
2026-04-02 00:00:00,0.0,100,8.2,23.5,8.443687920740908,0,92,4
2026-04-02 01:00:00,0.0,100,11.3,23.3,37.237297514323856,1,92,4
2026-04-02 02:00:00,0.0,100,13.8,23.1,50.0,2,92,4
2026-04-02 03:00:00,0.0,100,11.8,22.7,44.86387044353734,3,92,4
2026-04-02 04:00:00,0.0,98,9.9,22.3,24.137592315041573,4,92,4
2026-04-02 05:00:00,0.0,100,9.4,22.0,15.933263484154791,5,92,4
2026-04-02 06:00:00,0.0,98,8.7,21.9,12.397362625406917,6,92,4
2026-04-02 07:00:00,27.0,92,8.2,22.3,9.152984327242349,7,92,4
2026-04-02 08:00:00,180.0,100,4.2,23.9,0.10977689147802033,8,92,4
2026-04-02 09:00:00,406.0,100,6.6,26.0,3.020633366545061,9,92,4
2026-04-02 10:00:00,540.0,100,10.8,28.1,32.319976512819245,10,92,4
2026-04-02 11:00:00,584.0,100,14.8,29.8,50.0,11,92,4
2026-04-02 12:00:00,326.0,100,19.8,26.0,48.62239043732864,12,92,4
2026-04-02 13:00:00,144.0,100,12.9,26.0,42.73067620972303,13,92,4
2026-04-02 14:00:00,527.0,100,18.5,29.5,48.76225963058877,14,92,4
2026-04-02 15:00:00,478.0,100,23.5,26.8,46.01936451317702,15,92,4
2026-04-02 16:00:00,119.0,100,7.4,25.2,5.804994543782861,16,92,4
2026-04-02 17:00:00,128.0,100,19.3,27.5,50.0,17,92,4
2026-04-02 18:00:00,106.0,100,11.0,27.0,32.70390503034259,18,92,4
2026-04-02 19:00:00,14.0,93,10.2,25.5,24.793483634386345,19,92,4
2026-04-02 20:00:00,0.0,20,13.6,24.4,40.481750570462104,20,92,4
2026-04-02 21:00:00,0.0,0,7.2,23.2,4.716470064462028,21,92,4
2026-04-02 22:00:00,0.0,7,6.6,22.4,2.7040110010657,22,92,4
2026-04-02 23:00:00,0.0,53,8.6,22.7,11.082036278803741,23,92,4
2026-04-03 00:00:00,0.0,52,5.5,21.6,1.0105124996804187,0,93,4
2026-04-03 01:00:00,0.0,60,4.7,20.8,0.3490333359981331,1,93,4
2026-04-03 02:00:00,0.0,30,6.7,20.8,3.2306104603061523,2,93,4
2026-04-03 03:00:00,0.0,95,3.7,20.5,0.021718173127207457,3,93,4
2026-04-03 04:00:00,0.0,99,16.4,19.9,49.934042525282855,4,93,4
2026-04-03 05:00:00,0.0,29,12.0,19.2,49.133231429967154,5,93,4
2026-04-03 06:00:00,0.0,94,10.7,19.4,28.39642389362694,6,93,4
2026-04-03 07:00:00,15.0,97,17.3,20.4,50.0,7,93,4
2026-04-03 08:00:00,91.0,77,19.9,21.2,50.0,8,93,4
2026-04-03 09:00:00,351.0,100,20.1,24.4,50.0,9,93,4
2026-04-03 10:00:00,335.0,92,21.8,24.8,49.338229833256115,10,93,4
2026-04-03 11:00:00,500.0,73,18.8,27.5,47.45483267607923,11,93,4
2026-04-03 12:00:00,549.0,38,19.8,28.3,47.20184862901022,12,93,4
2026-04-03 13:00:00,810.0,22,22.6,29.3,46.01779735838987,13,93,4
2026-04-03 14:00:00,815.0,38,24.3,30.2,46.3292254871872,14,93,4
2026-04-03 15:00:00,745.0,21,25.3,30.5,0.0,15,93,4
2026-04-03 16:00:00,613.0,99,23.7,30.0,45.14309110126634,16,93,4
2026-04-03 17:00:00,338.0,100,21.4,29.3,45.90356703441111,17,93,4
2026-04-03 18:00:00,120.0,98,18.2,28.1,50.0,18,93,4
2026-04-03 19:00:00,18.0,41,16.2,26.0,47.947258286919315,19,93,4
2026-04-03 20:00:00,0.0,98,14.4,24.6,38.42107096810929,20,93,4
2026-04-03 21:00:00,0.0,95,13.9,24.0,48.33491227877388,21,93,4
2026-04-03 22:00:00,0.0,35,13.6,23.2,43.07142086355772,22,93,4
2026-04-03 23:00:00,0.0,73,13.4,22.3,49.64270236999086,23,93,4
2026-04-04 00:00:00,0.0,13,13.5,22.0,50.0,0,94,4
2026-04-04 01:00:00,0.0,17,11.8,21.3,43.30918844825264,1,94,4
2026-04-04 02:00:00,0.0,0,10.3,20.7,22.725590320932444,2,94,4
2026-04-04 03:00:00,0.0,12,8.9,20.2,14.495240816902461,3,94,4
2026-04-04 04:00:00,0.0,29,8.4,19.8,10.048137241495366,4,94,4
2026-04-04 05:00:00,0.0,2,7.7,20.0,7.299021574791105,5,94,4
2026-04-04 06:00:00,0.0,2,6.6,20.4,3.697382326025817,6,94,4
2026-04-04 07:00:00,33.0,2,9.0,21.2,17.129771965336396,7,94,4
2026-04-04 08:00:00,207.0,3,5.5,24.0,1.0301258831880373,8,94,4
2026-04-04 09:00:00,435.0,17,11.2,26.3,36.366015147039235,9,94,4
2026-04-04 10:00:00,621.0,21,11.7,27.7,44.892046068230954,10,94,4
2026-04-04 11:00:00,719.0,25,10.9,29.2,33.0408982721114,11,94,4
2026-04-04 12:00:00,835.0,8,8.7,30.3,11.673590077013241,12,94,4
2026-04-04 13:00:00,918.0,14,6.9,31.3,3.694826780150888,13,94,4
2026-04-04 14:00:00,852.0,13,7.2,31.8,5.8064657420168295,14,94,4
2026-04-04 15:00:00,760.0,18,9.6,32.4,16.944488942634802,15,94,4
2026-04-04 16:00:00,566.0,23,12.5,32.2,49.320931185657145,16,94,4
2026-04-04 17:00:00,368.0,48,12.3,32.0,46.72182506584927,17,94,4
2026-04-04 18:00:00,166.0,5,27.7,28.8,0.0,18,94,4
2026-04-04 19:00:00,19.0,0,20.5,27.4,50.0,19,94,4
2026-04-04 20:00:00,0.0,0,18.9,25.8,43.55192460809611,20,94,4
2026-04-04 21:00:00,0.0,34,16.6,24.5,48.073028661410106,21,94,4
2026-04-04 22:00:00,0.0,96,17.3,23.8,50.0,22,94,4
2026-04-04 23:00:00,0.0,100,14.7,23.6,50.0,23,94,4
2026-04-05 00:00:00,0.0,100,12.4,23.9,47.20295084848672,0,95,4
2026-04-05 01:00:00,0.0,95,9.2,23.5,18.18162085765237,1,95,4
2026-04-05 02:00:00,0.0,30,6.1,22.1,1.991683622630038,2,95,4
2026-04-05 03:00:00,0.0,2,6.6,21.4,2.8480759810185203,3,95,4
2026-04-05 04:00:00,0.0,43,7.4,20.9,6.050319370516215,4,95,4
2026-04-05 05:00:00,0.0,5,6.2,20.7,1.976803855782418,5,95,4
2026-04-05 06:00:00,0.0,98,4.8,20.6,0.4243467696668555,6,95,4
2026-04-05 07:00:00,30.0,99,7.4,21.6,5.002304931500351,7,95,4
2026-04-05 08:00:00,187.0,64,6.0,23.7,1.7851082927784665,8,95,4
2026-04-05 09:00:00,437.0,2,9.9,25.8,19.483188878176954,9,95,4
2026-04-05 10:00:00,657.0,0,10.7,28.2,30.851788075768905,10,95,4
2026-04-05 11:00:00,825.0,34,10.3,30.5,26.96560979972449,11,95,4
2026-04-05 12:00:00,927.0,31,9.5,32.1,20.62409320785996,12,95,4
2026-04-05 13:00:00,941.0,63,7.9,32.7,7.6293556006709675,13,95,4
2026-04-05 14:00:00,867.0,98,8.8,33.1,12.714784013082536,14,95,4
2026-04-05 15:00:00,697.0,100,9.8,33.4,22.950771707114786,15,95,4
2026-04-05 16:00:00,500.0,100,11.6,33.3,49.113749667058535,16,95,4
2026-04-05 17:00:00,312.0,100,20.2,31.4,47.01679196752495,17,95,4
2026-04-05 18:00:00,130.0,100,24.5,28.8,41.14584126169369,18,95,4
2026-04-05 19:00:00,16.0,67,21.4,27.7,50.0,19,95,4
2026-04-05 20:00:00,0.0,10,21.7,25.9,50.0,20,95,4
2026-04-05 21:00:00,0.0,0,19.9,24.7,50.0,21,95,4
2026-04-05 22:00:00,0.0,0,17.5,23.8,50.0,22,95,4
2026-04-05 23:00:00,0.0,0,17.3,23.7,50.0,23,95,4
2026-04-06 00:00:00,0.0,0,15.7,23.4,47.268884952508266,0,96,4
2026-04-06 01:00:00,0.0,0,14.4,23.0,50.0,1,96,4
2026-04-06 02:00:00,0.0,0,12.1,22.5,44.97114744702756,2,96,4
2026-04-06 03:00:00,0.0,0,10.1,21.8,24.33289369625118,3,96,4
2026-04-06 04:00:00,0.0,0,8.3,21.2,8.99328316497835,4,96,4
2026-04-06 05:00:00,0.0,0,8.2,20.7,7.882945976251175,5,96,4
2026-04-06 06:00:00,0.0,0,5.9,20.7,1.6336374718368776,6,96,4
2026-04-06 07:00:00,36.0,0,8.1,21.5,8.987549012819795,7,96,4
2026-04-06 08:00:00,217.0,0,8.9,24.0,13.192762342397264,8,96,4
2026-04-06 09:00:00,444.0,2,12.6,26.6,46.5238015714266,9,96,4
2026-04-06 10:00:00,652.0,2,12.1,28.7,50.0,10,96,4
2026-04-06 11:00:00,818.0,2,13.0,30.9,50.0,11,96,4
2026-04-06 12:00:00,918.0,5,14.5,32.5,48.53228230738855,12,96,4
2026-04-06 13:00:00,932.0,2,18.8,33.3,48.31549699357451,13,96,4
2026-04-06 14:00:00,894.0,12,24.2,33.6,50.0,14,96,4
2026-04-06 15:00:00,711.0,5,26.2,32.7,0.0,15,96,4
2026-04-06 16:00:00,599.0,8,27.3,31.7,0.0,16,96,4
2026-04-06 17:00:00,383.0,9,26.0,30.5,0.0,17,96,4
2026-04-06 18:00:00,165.0,2,26.2,28.9,0.0,18,96,4
2026-04-06 19:00:00,19.0,4,23.4,27.6,39.716244214840586,19,96,4
2026-04-06 20:00:00,0.0,1,22.3,27.0,49.97054081924872,20,96,4
2026-04-06 21:00:00,0.0,0,20.4,26.6,50.0,21,96,4
2026-04-06 22:00:00,0.0,0,20.0,26.2,50.0,22,96,4
2026-04-06 23:00:00,0.0,0,20.6,26.2,47.08819861574486,23,96,4
2026-04-07 00:00:00,0.0,1,21.4,25.9,43.98194611768692,0,97,4
2026-04-07 01:00:00,0.0,0,20.4,25.7,48.96291900005496,1,97,4
2026-04-07 02:00:00,0.0,1,20.2,25.4,50.0,2,97,4
2026-04-07 03:00:00,0.0,2,17.6,25.1,49.4660588663692,3,97,4
2026-04-07 04:00:00,0.0,2,15.9,24.8,44.08714575581488,4,97,4
2026-04-07 05:00:00,0.0,7,18.1,25.1,34.815632542111935,5,97,4
2026-04-07 06:00:00,0.0,20,17.4,25.2,45.88025148611793,6,97,4
2026-04-07 07:00:00,35.0,20,21.0,25.9,49.5193057165179,7,97,4
2026-04-07 08:00:00,201.0,19,24.8,27.6,40.76146765765473,8,97,4
2026-04-07 09:00:00,407.0,10,27.5,29.3,0.0,9,97,4
2026-04-07 10:00:00,611.0,20,30.2,31.1,0.0,10,97,4
2026-04-07 11:00:00,700.0,13,33.2,32.3,0.0,11,97,4
2026-04-07 12:00:00,803.0,12,33.0,33.3,0.0,12,97,4
2026-04-07 13:00:00,852.0,31,34.1,33.3,0.0,13,97,4
2026-04-07 14:00:00,730.0,30,33.8,33.0,0.0,14,97,4
2026-04-07 15:00:00,722.0,16,35.3,32.9,0.0,15,97,4
2026-04-07 16:00:00,548.0,15,35.1,31.8,0.0,16,97,4
2026-04-07 17:00:00,379.0,2,34.8,30.6,0.0,17,97,4
2026-04-07 18:00:00,173.0,0,31.3,29.0,0.0,18,97,4
2026-04-07 19:00:00,20.0,2,26.0,27.4,0.0,19,97,4
2026-04-07 20:00:00,0.0,4,24.0,26.4,50.0,20,97,4
2026-04-07 21:00:00,0.0,9,21.2,25.8,48.53798717992097,21,97,4
2026-04-07 22:00:00,0.0,13,20.6,25.3,50.0,22,97,4
2026-04-07 23:00:00,0.0,10,20.2,25.6,50.0,23,97,4
2026-04-08 00:00:00,0.0,15,20.3,25.4,50.0,0,98,4
2026-04-08 01:00:00,0.0,0,19.2,25.2,50.0,1,98,4
2026-04-08 02:00:00,0.0,0,16.8,24.7,50.0,2,98,4
2026-04-08 03:00:00,0.0,0,15.8,24.3,47.042488174548744,3,98,4
2026-04-08 04:00:00,0.0,2,15.0,23.8,50.0,4,98,4
2026-04-08 05:00:00,0.0,16,12.5,23.7,50.0,5,98,4
2026-04-08 06:00:00,0.0,15,8.6,23.6,12.282730831700851,6,98,4
2026-04-08 07:00:00,37.0,7,8.5,23.9,11.23477613502001,7,98,4
2026-04-08 08:00:00,220.0,3,12.1,25.5,47.62897657756167,8,98,4
2026-04-08 09:00:00,458.0,1,14.1,27.2,43.86954203692159,9,98,4
2026-04-08 10:00:00,676.0,0,14.4,29.3,48.817982589588276,10,98,4
2026-04-08 11:00:00,844.0,0,13.7,31.2,47.818684841351356,11,98,4
2026-04-08 12:00:00,944.0,0,12.7,32.6,50.0,12,98,4
2026-04-08 13:00:00,972.0,0,10.5,33.5,27.539506158915692,13,98,4
2026-04-08 14:00:00,925.0,0,9.4,34.2,15.872861894682288,14,98,4
2026-04-08 15:00:00,805.0,0,10.1,34.7,20.96877502067759,15,98,4
2026-04-08 16:00:00,621.0,20,11.9,34.6,48.778601451544674,16,98,4
2026-04-08 17:00:00,383.0,44,13.1,33.7,50.0,17,98,4
2026-04-08 18:00:00,160.0,12,24.0,31.1,48.14378384387632,18,98,4
2026-04-08 19:00:00,17.0,0,21.7,28.9,45.1533126966708,19,98,4
2026-04-08 20:00:00,0.0,0,20.4,26.8,42.72175563284147,20,98,4
2026-04-08 21:00:00,0.0,0,16.5,25.7,50.0,21,98,4
2026-04-08 22:00:00,0.0,0,14.6,24.7,47.31380466501173,22,98,4
2026-04-08 23:00:00,0.0,0,12.6,24.2,50.0,23,98,4
2026-04-09 00:00:00,0.0,0,10.5,24.0,25.082544937943705,0,99,4
2026-04-09 01:00:00,0.0,0,9.9,23.5,20.402644754011675,1,99,4
2026-04-09 02:00:00,0.0,0,10.3,23.0,29.599188947538554,2,99,4
2026-04-09 03:00:00,0.0,0,9.6,22.5,19.560171566289615,3,99,4
2026-04-09 04:00:00,0.0,0,7.7,22.0,6.891536492508988,4,99,4
2026-04-09 05:00:00,0.0,0,4.6,21.8,0.3019411840182774,5,99,4
2026-04-09 06:00:00,0.0,2,3.7,22.1,0.02328702064017375,6,99,4
2026-04-09 07:00:00,40.0,0,3.5,22.8,0.00931477894518352,7,99,4
2026-04-09 08:00:00,222.0,0,4.1,24.6,0.0863175168546401,8,99,4
2026-04-09 09:00:00,451.0,0,4.6,26.7,0.28157546092146607,9,99,4
2026-04-09 10:00:00,663.0,0,3.0,28.9,0.0,10,99,4
2026-04-09 11:00:00,829.0,0,1.9,30.9,0.0,11,99,4
2026-04-09 12:00:00,931.0,0,4.7,33.0,0.30230296926277095,12,99,4
2026-04-09 13:00:00,962.0,0,7.8,34.3,7.793112565993785,13,99,4
2026-04-09 14:00:00,916.0,0,8.6,35.0,13.59489241214023,14,99,4
2026-04-09 15:00:00,799.0,0,9.5,35.7,19.266835515569056,15,99,4
2026-04-09 16:00:00,623.0,0,11.2,35.5,38.166477791896234,16,99,4
2026-04-09 17:00:00,408.0,0,9.7,34.8,20.73420437785563,17,99,4
2026-04-09 18:00:00,179.0,0,3.4,34.2,0.004699768929708526,18,99,4
2026-04-09 19:00:00,20.0,0,5.9,31.7,1.591155678179988,19,99,4
2026-04-09 20:00:00,0.0,1,8.2,31.0,8.476023269909781,20,99,4
2026-04-09 21:00:00,0.0,0,14.9,28.7,50.0,21,99,4
2026-04-09 22:00:00,0.0,0,15.8,26.7,50.0,22,99,4
2026-04-09 23:00:00,0.0,0,14.6,26.3,47.877750879995695,23,99,4
2026-04-10 00:00:00,0.0,0,11.7,25.8,48.313309958207505,0,100,4
2026-04-10 01:00:00,0.0,0,10.6,25.1,28.116981270302663,1,100,4
2026-04-10 02:00:00,0.0,0,11.0,24.6,33.62386080920487,2,100,4
2026-04-10 03:00:00,0.0,0,8.8,23.8,14.14932538668531,3,100,4
2026-04-10 04:00:00,0.0,0,8.4,23.3,10.557514623803794,4,100,4
2026-04-10 05:00:00,0.0,0,5.1,22.9,0.620446964141005,5,100,4
2026-04-10 06:00:00,0.0,0,4.1,23.1,0.07374982894225635,6,100,4
2026-04-10 07:00:00,42.0,0,5.4,24.0,1.0097877140343428,7,100,4
2026-04-10 08:00:00,228.0,0,4.0,26.3,0.06917264977728735,8,100,4
2026-04-10 09:00:00,458.0,0,7.0,29.3,3.882336588854038,9,100,4
2026-04-10 10:00:00,668.0,0,6.3,31.9,2.5261772244667755,10,100,4
2026-04-10 11:00:00,830.0,0,6.9,34.0,3.5293353475159255,11,100,4
2026-04-10 12:00:00,928.0,0,9.1,35.4,13.967114140721469,12,100,4
2026-04-10 13:00:00,956.0,0,8.1,36.3,8.870137299447798,13,100,4
2026-04-10 14:00:00,912.0,0,6.8,37.0,3.903143945107748,14,100,4
2026-04-10 15:00:00,797.0,0,4.5,37.2,0.19752681878626227,15,100,4
2026-04-10 16:00:00,622.0,0,3.1,37.3,6.50639648068873e-05,16,100,4
2026-04-10 17:00:00,405.0,0,6.7,36.9,3.376813313139347,17,100,4
2026-04-10 18:00:00,179.0,0,1.1,35.7,0.0,18,100,4
2026-04-10 19:00:00,21.0,0,7.3,33.4,5.477018489385804,19,100,4
2026-04-10 20:00:00,0.0,0,18.5,30.9,50.0,20,100,4
2026-04-10 21:00:00,0.0,0,18.9,30.3,45.19724531326259,21,100,4
2026-04-10 22:00:00,0.0,0,18.5,29.1,44.82198718694468,22,100,4
2026-04-10 23:00:00,0.0,0,15.7,28.5,47.37072501553432,23,100,4
2026-04-11 00:00:00,0.0,0,14.8,27.7,47.76498959222435,0,101,4
2026-04-11 01:00:00,0.0,0,12.4,26.8,50.0,1,101,4
2026-04-11 02:00:00,0.0,0,10.4,26.1,24.984034818810173,2,101,4
2026-04-11 03:00:00,0.0,0,12.3,25.5,47.75009650159104,3,101,4
2026-04-11 04:00:00,0.0,0,13.9,25.1,40.996120014713625,4,101,4
2026-04-11 05:00:00,0.0,0,12.2,24.5,50.0,5,101,4
2026-04-11 06:00:00,0.0,0,14.7,24.5,46.96053888476367,6,101,4
2026-04-11 07:00:00,44.0,0,9.5,24.9,16.18848138698651,7,101,4
2026-04-11 08:00:00,230.0,0,9.5,27.2,19.86052758558735,8,101,4
2026-04-11 09:00:00,459.0,0,13.4,29.7,46.885491706473005,9,101,4
2026-04-11 10:00:00,670.0,0,13.5,32.7,47.8688978102598,10,101,4
2026-04-11 11:00:00,836.0,0,15.1,35.4,46.84009148968486,11,101,4
2026-04-11 12:00:00,938.0,0,14.7,36.8,48.896965284832106,12,101,4
2026-04-11 13:00:00,965.0,0,14.5,37.8,47.920562620146285,13,101,4
2026-04-11 14:00:00,918.0,0,15.5,38.5,50.0,14,101,4
2026-04-11 15:00:00,802.0,0,17.8,38.7,50.0,15,101,4
2026-04-11 16:00:00,626.0,0,20.9,38.1,44.54523046369941,16,101,4
2026-04-11 17:00:00,407.0,0,16.6,37.7,49.18413884525095,17,101,4
2026-04-11 18:00:00,182.0,0,17.1,36.1,48.46352173351892,18,101,4
2026-04-11 19:00:00,22.0,0,22.2,32.3,47.24596226995643,19,101,4
2026-04-11 20:00:00,0.0,0,20.2,30.8,50.0,20,101,4
2026-04-11 21:00:00,0.0,0,19.9,29.5,50.0,21,101,4
2026-04-11 22:00:00,0.0,0,18.8,28.3,44.40029057178758,22,101,4
2026-04-11 23:00:00,0.0,0,16.4,27.5,49.590060679544365,23,101,4
2026-04-12 00:00:00,0.0,0,15.9,26.8,50.0,0,102,4
2026-04-12 01:00:00,0.0,0,14.4,26.1,47.82642534778637,1,102,4
2026-04-12 02:00:00,0.0,0,12.6,25.5,50.0,2,102,4
2026-04-12 03:00:00,0.0,0,11.4,24.9,43.57796704014315,3,102,4
2026-04-12 04:00:00,0.0,0,9.1,24.2,15.192273768122444,4,102,4
2026-04-12 05:00:00,0.0,0,7.2,23.7,4.828918819191337,5,102,4
2026-04-12 06:00:00,0.0,0,6.0,23.7,1.9042008301054962,6,102,4
2026-04-12 07:00:00,47.0,0,9.1,24.6,14.611406653176465,7,102,4
2026-04-12 08:00:00,237.0,0,8.9,27.0,15.852852315773427,8,102,4
2026-04-12 09:00:00,467.0,0,7.6,29.9,6.402581541235459,9,102,4
2026-04-12 10:00:00,679.0,0,8.8,32.9,12.09754770450021,10,102,4
2026-04-12 11:00:00,845.0,0,11.5,35.8,45.20419810839171,11,102,4
2026-04-12 12:00:00,950.0,0,9.8,37.2,16.92605322056737,12,102,4
2026-04-12 13:00:00,980.0,0,6.3,38.0,2.2416658297021668,13,102,4
2026-04-12 14:00:00,933.0,0,1.3,38.4,0.0,14,102,4
2026-04-12 15:00:00,814.0,0,2.8,38.5,0.0,15,102,4
2026-04-12 16:00:00,635.0,0,2.2,38.4,0.0,16,102,4
2026-04-12 17:00:00,415.0,0,3.6,38.1,0.016213003125521968,17,102,4
2026-04-12 18:00:00,185.0,0,2.8,37.0,0.0,18,102,4
2026-04-12 19:00:00,22.0,0,2.6,34.3,0.0,19,102,4
2026-04-12 20:00:00,0.0,0,2.5,32.8,0.0,20,102,4
2026-04-12 21:00:00,0.0,0,17.1,31.0,50.0,21,102,4
2026-04-12 22:00:00,0.0,0,12.6,29.5,46.46306738012499,22,102,4
2026-04-12 23:00:00,0.0,0,11.7,28.4,42.989830674125706,23,102,4
2026-04-13 00:00:00,0.0,1,13.0,27.9,42.688902008660456,0,103,4
2026-04-13 01:00:00,0.0,0,13.5,27.2,43.52361499432348,1,103,4
2026-04-13 02:00:00,0.0,0,13.7,26.6,48.0078852424603,2,103,4
2026-04-13 03:00:00,0.0,0,12.8,26.0,48.36508480031679,3,103,4
2026-04-13 04:00:00,0.0,96,12.7,25.3,47.78642714672828,4,103,4
2026-04-13 05:00:00,0.0,82,12.1,24.7,47.76927672718825,5,103,4
2026-04-13 06:00:00,0.0,3,10.2,24.6,25.096383140595186,6,103,4
2026-04-13 07:00:00,49.0,1,11.4,25.2,43.55583432845887,7,103,4
2026-04-13 08:00:00,241.0,0,9.6,27.5,21.190633776839388,8,103,4
2026-04-13 09:00:00,472.0,9,9.7,30.4,16.6166239043486,9,103,4
2026-04-13 10:00:00,685.0,1,10.5,33.9,23.479738428157894,10,103,4
2026-04-13 11:00:00,853.0,0,12.9,37.2,50.0,11,103,4
2026-04-13 12:00:00,959.0,0,14.2,38.8,46.12167702102466,12,103,4
2026-04-13 13:00:00,991.0,0,16.8,39.9,48.196107570879384,13,103,4
2026-04-13 14:00:00,939.0,0,23.0,40.2,50.0,14,103,4
2026-04-13 15:00:00,817.0,0,26.3,39.5,0.0,15,103,4
2026-04-13 16:00:00,634.0,0,28.3,38.3,0.0,16,103,4
2026-04-13 17:00:00,413.0,0,26.8,37.7,0.0,17,103,4
2026-04-13 18:00:00,184.0,0,25.2,35.7,0.0,18,103,4
2026-04-13 19:00:00,23.0,0,20.9,32.9,48.42632842031447,19,103,4
2026-04-13 20:00:00,0.0,0,19.0,31.6,47.81520979452153,20,103,4
2026-04-13 21:00:00,0.0,0,17.7,30.5,47.93749023759774,21,103,4
2026-04-13 22:00:00,0.0,0,15.3,29.2,50.0,22,103,4
2026-04-13 23:00:00,0.0,0,13.5,28.1,42.63889634865368,23,103,4
2026-04-14 00:00:00,0.0,0,13.8,27.3,42.97848170646531,0,104,4
2026-04-14 01:00:00,0.0,0,13.0,26.4,50.0,1,104,4
2026-04-14 02:00:00,0.0,0,11.9,25.7,49.23110745253359,2,104,4
2026-04-14 03:00:00,0.0,0,11.8,25.0,42.37818297302665,3,104,4
2026-04-14 04:00:00,0.0,0,11.4,24.4,37.749579179381435,4,104,4
2026-04-14 05:00:00,0.0,0,12.0,24.5,47.252565285512574,5,104,4
2026-04-14 06:00:00,0.0,0,10.8,24.5,37.83526787107937,6,104,4
2026-04-14 07:00:00,51.0,0,12.7,25.4,45.52413874610229,7,104,4
2026-04-14 08:00:00,243.0,0,14.1,27.7,47.42290705683085,8,104,4
2026-04-14 09:00:00,473.0,3,15.2,30.3,50.0,9,104,4
2026-04-14 10:00:00,682.0,9,15.9,33.0,48.47883655022274,10,104,4
2026-04-14 11:00:00,845.0,19,15.7,35.7,50.0,11,104,4
2026-04-14 12:00:00,945.0,35,15.7,37.4,50.0,12,104,4
2026-04-14 13:00:00,971.0,13,17.1,38.6,47.78802432282877,13,104,4
2026-04-14 14:00:00,921.0,49,19.3,39.3,46.38637954070241,14,104,4
2026-04-14 15:00:00,801.0,16,23.4,39.0,50.0,15,104,4
2026-04-14 16:00:00,624.0,9,24.9,38.1,47.909726485646516,16,104,4
2026-04-14 17:00:00,409.0,2,23.3,37.3,50.0,17,104,4
2026-04-14 18:00:00,185.0,2,24.4,34.4,49.030969205569185,18,104,4
2026-04-14 19:00:00,23.0,0,22.5,31.1,45.28630933248564,19,104,4
2026-04-14 20:00:00,0.0,0,20.7,29.3,43.751324340169695,20,104,4
2026-04-14 21:00:00,0.0,1,20.4,28.1,47.563934362797916,21,104,4
2026-04-14 22:00:00,0.0,0,20.3,27.2,50.0,22,104,4
2026-04-14 23:00:00,0.0,0,18.8,26.6,50.0,23,104,4
2026-04-15 00:00:00,0.0,0,17.7,26.0,50.0,0,105,4
2026-04-15 01:00:00,0.0,0,17.0,25.3,45.14771562681371,1,105,4
2026-04-15 02:00:00,0.0,0,16.4,24.6,50.0,2,105,4
2026-04-15 03:00:00,0.0,0,14.0,23.9,43.97900239653251,3,105,4
2026-04-15 04:00:00,0.0,0,11.9,23.4,50.0,4,105,4
2026-04-15 05:00:00,0.0,0,11.4,23.0,42.02983698098521,5,105,4
2026-04-15 06:00:00,0.0,0,11.2,23.0,36.45351279896135,6,105,4
2026-04-15 07:00:00,52.0,0,11.4,23.9,42.81552435762937,7,105,4
2026-04-15 08:00:00,246.0,0,11.9,26.3,48.6015252653458,8,105,4
2026-04-15 09:00:00,477.0,6,12.2,29.1,48.25186820607229,9,105,4
2026-04-15 10:00:00,688.0,9,10.2,32.1,24.008213433983595,10,105,4
2026-04-15 11:00:00,852.0,0,8.7,34.5,12.528947867029073,11,105,4
2026-04-15 12:00:00,953.0,0,7.6,36.6,6.623948181263923,12,105,4
2026-04-15 13:00:00,981.0,0,7.0,38.0,3.470446753769382,13,105,4
2026-04-15 14:00:00,932.0,0,7.6,38.8,7.330858441260593,14,105,4
2026-04-15 15:00:00,811.0,0,10.3,39.2,28.0266274478481,15,105,4
2026-04-15 16:00:00,630.0,2,18.2,38.0,46.43886486613681,16,105,4
2026-04-15 17:00:00,409.0,0,21.6,36.5,50.0,17,105,4
2026-04-15 18:00:00,184.0,2,24.2,33.7,46.04638825355463,18,105,4
2026-04-15 19:00:00,24.0,2,23.6,30.6,47.262782818644034,19,105,4
2026-04-15 20:00:00,0.0,2,22.1,28.7,50.0,20,105,4
2026-04-15 21:00:00,0.0,0,20.0,27.4,50.0,21,105,4
2026-04-15 22:00:00,0.0,0,18.9,26.3,38.90528053365096,22,105,4
2026-04-15 23:00:00,0.0,0,17.5,25.8,43.14479073141116,23,105,4
2026-04-16 00:00:00,0.0,0,14.4,25.5,50.0,0,106,4
2026-04-16 01:00:00,0.0,0,14.0,25.0,50.0,1,106,4
2026-04-16 02:00:00,0.0,43,12.4,24.5,49.28740435360145,2,106,4
2026-04-16 03:00:00,0.0,88,11.3,24.0,36.177817040949854,3,106,4
2026-04-16 04:00:00,0.0,49,11.6,23.5,39.83164193049186,4,106,4
2026-04-16 05:00:00,0.0,5,10.5,23.4,26.019834436072273,5,106,4
2026-04-16 06:00:00,0.0,30,11.4,23.5,40.71801819497392,6,106,4
2026-04-16 07:00:00,54.0,84,13.4,24.5,48.6828121959786,7,106,4
2026-04-16 08:00:00,247.0,60,14.4,27.1,50.0,8,106,4
2026-04-16 09:00:00,483.0,81,15.7,30.1,50.0,9,106,4
2026-04-16 10:00:00,691.0,80,15.3,33.0,50.0,10,106,4
2026-04-16 11:00:00,845.0,74,15.9,35.4,49.88055380967464,11,106,4
2026-04-16 12:00:00,955.0,99,16.5,37.2,50.0,12,106,4
2026-04-16 13:00:00,969.0,100,17.1,38.5,50.0,13,106,4
2026-04-16 14:00:00,857.0,100,20.1,38.6,50.0,14,106,4
2026-04-16 15:00:00,710.0,99,22.5,38.1,44.76666251861819,15,106,4
2026-04-16 16:00:00,516.0,100,24.2,36.8,46.052073255572125,16,106,4
2026-04-16 17:00:00,373.0,100,23.6,35.1,50.0,17,106,4
2026-04-16 18:00:00,169.0,100,21.1,33.1,49.35539220837299,18,106,4
2026-04-16 19:00:00,23.0,100,17.4,30.3,46.210333319114646,19,106,4
2026-04-16 20:00:00,0.0,100,16.1,28.6,43.412960411151865,20,106,4
2026-04-16 21:00:00,0.0,100,14.5,27.1,50.0,21,106,4
2026-04-16 22:00:00,0.0,100,11.8,25.9,39.08070766683064,22,106,4
2026-04-16 23:00:00,0.0,100,12.5,25.4,48.45833210858452,23,106,4
2026-04-17 00:00:00,0.0,100,11.8,25.0,46.023554822247,0,107,4
2026-04-17 01:00:00,0.0,99,11.7,24.6,47.85889169248665,1,107,4
2026-04-17 02:00:00,0.0,100,12.0,24.1,44.635697727143814,2,107,4
2026-04-17 03:00:00,0.0,100,11.6,23.7,46.341894807860726,3,107,4
2026-04-17 04:00:00,0.0,100,11.0,23.2,32.34370789646918,4,107,4
2026-04-17 05:00:00,0.0,100,10.1,23.1,27.32019380762016,5,107,4
2026-04-17 06:00:00,0.0,41,11.0,23.4,39.66172626287521,6,107,4
2026-04-17 07:00:00,56.0,0,12.2,24.6,50.0,7,107,4
2026-04-17 08:00:00,250.0,0,13.1,27.2,47.90416244171343,8,107,4
2026-04-17 09:00:00,480.0,0,15.2,30.2,49.845928528367146,9,107,4
2026-04-17 10:00:00,691.0,0,16.9,33.0,46.634583800956904,10,107,4
2026-04-17 11:00:00,852.0,0,19.8,35.0,46.30086556890265,11,107,4
2026-04-17 12:00:00,949.0,0,20.7,36.9,50.0,12,107,4
2026-04-17 13:00:00,977.0,0,20.5,38.6,46.11578621796664,13,107,4
2026-04-17 14:00:00,934.0,0,20.2,39.1,44.26856526141287,14,107,4
2026-04-17 15:00:00,816.0,0,19.9,39.2,44.84240975676396,15,107,4
2026-04-17 16:00:00,637.0,0,19.5,38.8,50.0,16,107,4
2026-04-17 17:00:00,418.0,0,20.6,37.8,49.41431401484953,17,107,4
2026-04-17 18:00:00,190.0,1,21.1,35.4,50.0,18,107,4
2026-04-17 19:00:00,25.0,55,20.9,32.1,49.524959777173386,19,107,4
2026-04-17 20:00:00,0.0,61,18.9,30.0,45.30614731027417,20,107,4
2026-04-17 21:00:00,0.0,0,17.6,28.6,50.0,21,107,4
2026-04-17 22:00:00,0.0,0,16.6,27.4,44.49367508461961,22,107,4
2026-04-17 23:00:00,0.0,0,14.4,26.6,50.0,23,107,4
2026-04-18 00:00:00,0.0,0,13.1,25.7,46.24183796325943,0,108,4
2026-04-18 01:00:00,0.0,0,13.0,24.9,50.0,1,108,4
2026-04-18 02:00:00,0.0,0,12.3,24.0,46.987010726658205,2,108,4
2026-04-18 03:00:00,0.0,0,10.7,23.1,30.940384327425782,3,108,4
2026-04-18 04:00:00,0.0,0,9.9,22.4,20.777093958550275,4,108,4
2026-04-18 05:00:00,0.0,0,9.9,22.0,21.46872443457738,5,108,4
2026-04-18 06:00:00,0.0,0,9.5,21.7,17.83161267055346,6,108,4
2026-04-18 07:00:00,60.0,0,12.0,23.0,50.0,7,108,4
2026-04-18 08:00:00,263.0,57,9.3,25.9,18.285331081459983,8,108,4
2026-04-18 09:00:00,496.0,70,9.7,29.2,20.732685378411247,9,108,4
2026-04-18 10:00:00,709.0,61,9.2,32.5,16.304103743529303,10,108,4
2026-04-18 11:00:00,864.0,93,12.5,35.0,49.41620165796742,11,108,4
2026-04-18 12:00:00,952.0,99,14.0,36.8,46.0331407375775,12,108,4
2026-04-18 13:00:00,988.0,100,15.2,38.0,44.98097828362725,13,108,4
2026-04-18 14:00:00,901.0,85,17.5,38.3,50.0,14,108,4
2026-04-18 15:00:00,810.0,29,19.2,38.1,42.7197154123009,15,108,4
2026-04-18 16:00:00,643.0,37,20.2,37.4,50.0,16,108,4
2026-04-18 17:00:00,425.0,11,20.1,36.3,46.11807905767881,17,108,4
2026-04-18 18:00:00,194.0,0,18.4,34.0,50.0,18,108,4
2026-04-18 19:00:00,26.0,7,16.1,31.0,47.43422030540758,19,108,4
2026-04-18 20:00:00,0.0,5,17.0,28.6,50.0,20,108,4
2026-04-18 21:00:00,0.0,9,15.1,26.5,50.0,21,108,4
2026-04-18 22:00:00,0.0,16,14.9,25.1,49.08033766596272,22,108,4
2026-04-18 23:00:00,0.0,48,15.9,24.2,50.0,23,108,4
2026-04-19 00:00:00,0.0,22,14.8,23.6,47.650496117929634,0,109,4
2026-04-19 01:00:00,0.0,92,12.5,23.0,41.67410937548625,1,109,4
2026-04-19 02:00:00,0.0,15,11.2,22.3,40.00559124760023,2,109,4
2026-04-19 03:00:00,0.0,2,11.0,21.6,30.255087084471164,3,109,4
2026-04-19 04:00:00,0.0,55,11.7,21.1,46.19851837087608,4,109,4
2026-04-19 05:00:00,0.0,69,12.3,21.1,50.0,5,109,4
2026-04-19 06:00:00,0.0,6,11.2,21.1,37.03011096759086,6,109,4
2026-04-19 07:00:00,61.0,0,12.3,22.2,50.0,7,109,4
2026-04-19 08:00:00,263.0,0,12.3,25.0,48.25952655110558,8,109,4
2026-04-19 09:00:00,500.0,0,14.1,27.9,39.72807824685042,9,109,4
2026-04-19 10:00:00,712.0,0,13.0,30.9,50.0,10,109,4
2026-04-19 11:00:00,873.0,0,11.5,33.4,40.91201947743874,11,109,4
2026-04-19 12:00:00,970.0,0,10.7,35.3,32.89553710158961,12,109,4
2026-04-19 13:00:00,992.0,0,13.7,36.9,48.08233183848762,13,109,4
2026-04-19 14:00:00,938.0,0,17.9,37.5,43.710952065083184,14,109,4
2026-04-19 15:00:00,814.0,0,21.4,37.4,42.38168262907821,15,109,4
2026-04-19 16:00:00,632.0,0,22.9,36.6,50.0,16,109,4
2026-04-19 17:00:00,415.0,0,21.4,35.6,50.0,17,109,4
2026-04-19 18:00:00,190.0,0,18.2,33.9,47.656501388771396,18,109,4
2026-04-19 19:00:00,26.0,0,16.2,31.3,45.09443841489551,19,109,4
2026-04-19 20:00:00,0.0,0,15.7,29.0,47.0376701109466,20,109,4
2026-04-19 21:00:00,0.0,0,14.1,27.4,47.62696082022336,21,109,4
2026-04-19 22:00:00,0.0,0,13.8,26.1,43.955968395303394,22,109,4
2026-04-19 23:00:00,0.0,0,14.4,25.5,48.58037771914216,23,109,4
2026-04-20 00:00:00,0.0,0,14.6,24.8,50.0,0,110,4
2026-04-20 01:00:00,0.0,0,13.9,24.1,50.0,1,110,4
2026-04-20 02:00:00,0.0,0,12.8,23.4,50.0,2,110,4
2026-04-20 03:00:00,0.0,0,11.3,23.0,41.700377723904964,3,110,4
2026-04-20 04:00:00,0.0,0,9.4,22.8,17.33828029952557,4,110,4
2026-04-20 05:00:00,0.0,0,10.5,23.1,26.900945115721623,5,110,4
2026-04-20 06:00:00,0.0,0,10.1,23.3,22.99899726284984,6,110,4
2026-04-20 07:00:00,62.0,0,11.8,24.1,47.72994426407844,7,110,4
2026-04-20 08:00:00,262.0,5,13.3,26.5,50.0,8,110,4
2026-04-20 09:00:00,486.0,4,13.9,28.8,47.37798651057195,9,110,4
2026-04-20 10:00:00,696.0,0,13.1,31.5,46.55997880698838,10,110,4
2026-04-20 11:00:00,862.0,1,12.5,33.9,48.37842767158831,11,110,4
2026-04-20 12:00:00,960.0,0,13.0,35.6,50.0,12,110,4
2026-04-20 13:00:00,984.0,0,12.6,36.9,47.30876301441389,13,110,4
2026-04-20 14:00:00,933.0,0,13.8,37.6,49.855959535473495,14,110,4
2026-04-20 15:00:00,814.0,0,15.5,38.0,50.0,15,110,4
2026-04-20 16:00:00,639.0,0,17.2,37.7,47.49508898802881,16,110,4
2026-04-20 17:00:00,424.0,5,21.1,36.5,48.310266126295694,17,110,4
2026-04-20 18:00:00,195.0,0,22.6,34.0,50.0,18,110,4
2026-04-20 19:00:00,27.0,2,19.4,31.1,50.0,19,110,4
2026-04-20 20:00:00,0.0,3,18.8,29.0,47.954439812111296,20,110,4
2026-04-20 21:00:00,0.0,0,17.4,27.2,46.27285955069871,21,110,4
2026-04-20 22:00:00,0.0,1,17.3,25.9,50.0,22,110,4
2026-04-20 23:00:00,0.0,67,15.4,25.1,46.55535829309016,23,110,4
2026-04-21 00:00:00,0.0,0,14.5,24.6,50.0,0,111,4
2026-04-21 01:00:00,0.0,31,13.5,23.8,45.70288715024151,1,111,4
2026-04-21 02:00:00,0.0,1,13.7,23.2,44.96189062498778,2,111,4
2026-04-21 03:00:00,0.0,55,12.3,22.8,48.5279959043304,3,111,4
2026-04-21 04:00:00,0.0,69,11.9,22.6,39.75636368222093,4,111,4
2026-04-21 05:00:00,0.0,4,12.2,22.6,50.0,5,111,4
2026-04-21 06:00:00,0.0,0,11.0,22.6,30.706553490386117,6,111,4
2026-04-21 07:00:00,66.0,0,11.5,23.4,44.94571895675886,7,111,4
2026-04-21 08:00:00,269.0,0,11.5,26.0,38.138280808532706,8,111,4
2026-04-21 09:00:00,503.0,0,13.2,29.0,45.82560553946789,9,111,4
2026-04-21 10:00:00,716.0,0,14.7,32.2,50.0,10,111,4
2026-04-21 11:00:00,880.0,0,13.8,34.6,50.0,11,111,4
2026-04-21 12:00:00,983.0,0,12.0,36.1,49.466719583200295,12,111,4
2026-04-21 13:00:00,1009.0,0,13.0,37.2,50.0,13,111,4
2026-04-21 14:00:00,961.0,0,15.8,37.9,48.69617564874662,14,111,4
2026-04-21 15:00:00,840.0,0,17.7,37.9,42.286445293184286,15,111,4
2026-04-21 16:00:00,657.0,0,19.6,37.2,47.69112756000983,16,111,4
2026-04-21 17:00:00,434.0,0,18.3,36.3,43.85804609591462,17,111,4
2026-04-21 18:00:00,201.0,0,16.9,34.2,50.0,18,111,4
2026-04-21 19:00:00,28.0,0,16.6,31.5,50.0,19,111,4
2026-04-21 20:00:00,0.0,0,18.3,29.3,43.33349331941372,20,111,4
2026-04-21 21:00:00,0.0,0,17.7,27.0,47.87626269766323,21,111,4
2026-04-21 22:00:00,0.0,2,17.0,25.0,44.96976387485621,22,111,4
2026-04-21 23:00:00,0.0,0,15.8,24.1,50.0,23,111,4
2026-04-22 00:00:00,0.0,0,14.8,23.7,49.388608965832645,0,112,4
2026-04-22 01:00:00,0.0,3,13.6,23.4,50.0,1,112,4
2026-04-22 02:00:00,0.0,23,12.2,23.0,50.0,2,112,4
2026-04-22 03:00:00,0.0,100,10.8,22.9,29.513065231558954,3,112,4
2026-04-22 04:00:00,0.0,100,10.4,23.0,25.965908019159397,4,112,4
2026-04-22 05:00:00,0.0,100,12.0,23.5,48.96610989313574,5,112,4
2026-04-22 06:00:00,0.0,80,11.8,23.5,47.87143452838384,6,112,4
2026-04-22 07:00:00,59.0,27,14.9,24.3,42.91986367960259,7,112,4
2026-04-22 08:00:00,254.0,4,12.3,26.5,50.0,8,112,4
2026-04-22 09:00:00,501.0,14,11.9,28.9,46.48125082493214,9,112,4
2026-04-22 10:00:00,709.0,34,13.5,32.0,48.69772167630305,10,112,4
2026-04-22 11:00:00,872.0,52,16.3,34.7,45.78563776913538,11,112,4
2026-04-22 12:00:00,968.0,11,16.2,36.0,48.7191202847206,12,112,4
2026-04-22 13:00:00,991.0,0,18.1,36.8,50.0,13,112,4
2026-04-22 14:00:00,935.0,0,22.1,36.5,47.69900995679338,14,112,4
2026-04-22 15:00:00,811.0,0,23.3,36.2,50.0,15,112,4
2026-04-22 16:00:00,635.0,0,23.4,35.6,50.0,16,112,4
2026-04-22 17:00:00,421.0,0,22.3,34.7,46.544641891162016,17,112,4
2026-04-22 18:00:00,193.0,0,22.1,32.9,50.0,18,112,4
2026-04-22 19:00:00,28.0,0,19.7,30.3,50.0,19,112,4
2026-04-22 20:00:00,0.0,0,17.8,28.3,47.41891975449707,20,112,4
2026-04-22 21:00:00,0.0,0,15.9,27.0,50.0,21,112,4
2026-04-22 22:00:00,0.0,0,15.5,26.2,50.0,22,112,4
2026-04-22 23:00:00,0.0,0,15.2,25.9,50.0,23,112,4
2026-04-23 00:00:00,0.0,0,14.5,25.6,44.33301860710179,0,113,4
2026-04-23 01:00:00,0.0,0,15.1,25.2,45.238585189294625,1,113,4
2026-04-23 02:00:00,0.0,0,14.8,25.0,45.34957201126703,2,113,4
2026-04-23 03:00:00,0.0,0,13.6,24.8,48.97029170601943,3,113,4
2026-04-23 04:00:00,0.0,0,12.3,24.5,50.0,4,113,4
2026-04-23 05:00:00,0.0,7,14.8,24.7,46.49087186079362,5,113,4
2026-04-23 06:00:00,0.0,1,13.3,24.7,49.98829886090785,6,113,4
2026-04-23 07:00:00,65.0,0,15.7,25.9,43.83004362307374,7,113,4
2026-04-23 08:00:00,262.0,0,15.3,28.4,50.0,8,113,4
2026-04-23 09:00:00,490.0,98,14.4,31.2,50.0,9,113,4
2026-04-23 10:00:00,686.0,100,15.6,34.8,48.71558901797907,10,113,4
2026-04-23 11:00:00,836.0,99,18.5,37.1,50.0,11,113,4
2026-04-23 12:00:00,923.0,100,20.7,38.6,45.24326070835599,12,113,4
2026-04-23 13:00:00,945.0,100,23.3,39.3,50.0,13,113,4
2026-04-23 14:00:00,900.0,95,25.0,39.3,50.0,14,113,4
2026-04-23 15:00:00,785.0,34,25.8,39.2,0.0,15,113,4
2026-04-23 16:00:00,630.0,0,26.5,38.2,0.0,16,113,4
2026-04-23 17:00:00,418.0,20,22.0,38.0,50.0,17,113,4
2026-04-23 18:00:00,193.0,0,19.5,36.1,50.0,18,113,4
2026-04-23 19:00:00,28.0,9,16.4,33.3,50.0,19,113,4
2026-04-23 20:00:00,0.0,8,16.4,31.1,49.04239032874152,20,113,4
2026-04-23 21:00:00,0.0,0,17.1,29.3,48.48607250093571,21,113,4
2026-04-23 22:00:00,0.0,0,16.3,27.9,50.0,22,113,4
2026-04-23 23:00:00,0.0,0,17.7,27.1,50.0,23,113,4
2026-04-24 00:00:00,0.0,0,14.9,26.5,48.011824048026334,0,114,4
2026-04-24 01:00:00,0.0,37,14.4,25.8,50.0,1,114,4
2026-04-24 02:00:00,0.0,10,14.7,25.2,44.483544864613116,2,114,4
2026-04-24 03:00:00,0.0,66,13.6,24.9,45.80348746380241,3,114,4
2026-04-24 04:00:00,0.0,94,13.5,24.6,45.67338251795399,4,114,4
2026-04-24 05:00:00,0.0,100,14.2,24.9,48.85934030204785,5,114,4
2026-04-24 06:00:00,0.0,98,16.6,25.5,50.0,6,114,4
2026-04-24 07:00:00,59.0,13,15.4,26.2,50.0,7,114,4
2026-04-24 08:00:00,254.0,7,14.3,28.2,50.0,8,114,4
2026-04-24 09:00:00,481.0,2,13.5,30.9,47.96216982785856,9,114,4
2026-04-24 10:00:00,691.0,0,12.6,34.1,50.0,10,114,4
2026-04-24 11:00:00,851.0,0,13.6,36.9,41.94998885674904,11,114,4
2026-04-24 12:00:00,948.0,0,15.7,38.6,50.0,12,114,4
2026-04-24 13:00:00,972.0,0,17.1,39.6,49.53234959531913,13,114,4
2026-04-24 14:00:00,923.0,0,18.5,40.2,48.935716488189556,14,114,4
2026-04-24 15:00:00,805.0,0,20.1,39.9,49.714404789537504,15,114,4
2026-04-24 16:00:00,623.0,18,22.9,38.8,43.46219867045035,16,114,4
2026-04-24 17:00:00,404.0,96,21.7,37.5,47.87217483813968,17,114,4
2026-04-24 18:00:00,155.0,100,20.0,35.6,46.29487092322695,18,114,4
2026-04-24 19:00:00,25.0,98,18.0,33.6,45.72521254825822,19,114,4
2026-04-24 20:00:00,0.0,48,16.2,31.7,50.0,20,114,4
2026-04-24 21:00:00,0.0,22,15.7,29.8,49.26392631140108,21,114,4
2026-04-24 22:00:00,0.0,12,15.0,28.5,50.0,22,114,4
2026-04-24 23:00:00,0.0,21,14.4,27.8,50.0,23,114,4
2026-04-25 00:00:00,0.0,5,13.7,27.3,50.0,0,115,4
2026-04-25 01:00:00,0.0,0,12.8,26.7,50.0,1,115,4
2026-04-25 02:00:00,0.0,0,13.4,26.1,49.15910998473296,2,115,4
2026-04-25 03:00:00,0.0,0,12.8,25.6,50.0,3,115,4
2026-04-25 04:00:00,0.0,0,11.7,25.2,43.298465971809094,4,115,4
2026-04-25 05:00:00,0.0,0,10.7,24.8,31.713996145224357,5,115,4
2026-04-25 06:00:00,0.0,40,12.0,24.8,50.0,6,115,4
2026-04-25 07:00:00,65.0,38,13.3,25.6,48.01153297292844,7,115,4
2026-04-25 08:00:00,259.0,0,12.5,28.0,49.350005133894264,8,115,4
2026-04-25 09:00:00,491.0,0,11.6,31.1,44.47821319998383,9,115,4
2026-04-25 10:00:00,695.0,0,10.8,34.2,34.43519862668576,10,115,4
2026-04-25 11:00:00,854.0,0,11.2,37.4,35.601867434274304,11,115,4
2026-04-25 12:00:00,952.0,0,10.2,39.6,25.402884118207393,12,115,4
2026-04-25 13:00:00,977.0,0,10.0,41.0,19.565686436934588,13,115,4
2026-04-25 14:00:00,928.0,0,11.2,41.8,40.337429934844096,14,115,4
2026-04-25 15:00:00,803.0,39,14.3,42.0,50.0,15,115,4
2026-04-25 16:00:00,527.0,86,18.3,40.6,50.0,16,115,4
2026-04-25 17:00:00,319.0,41,20.8,39.4,50.0,17,115,4
2026-04-25 18:00:00,182.0,11,23.5,36.3,50.0,18,115,4
2026-04-25 19:00:00,28.0,24,20.3,33.8,46.89480184178469,19,115,4
2026-04-25 20:00:00,0.0,33,20.1,31.6,47.55554084212738,20,115,4
2026-04-25 21:00:00,0.0,77,20.6,29.9,41.648630968864566,21,115,4
2026-04-25 22:00:00,0.0,4,18.4,28.6,49.31084631208103,22,115,4
2026-04-25 23:00:00,0.0,1,15.8,28.3,50.0,23,115,4
2026-04-26 00:00:00,0.0,3,15.8,27.9,50.0,0,116,4
2026-04-26 01:00:00,0.0,0,14.7,27.3,47.832891397857054,1,116,4
2026-04-26 02:00:00,0.0,0,13.2,26.6,42.80080120517445,2,116,4
2026-04-26 03:00:00,0.0,0,13.0,26.1,48.235842878668635,3,116,4
2026-04-26 04:00:00,0.0,0,14.0,25.8,47.11225783905526,4,116,4
2026-04-26 05:00:00,0.0,0,13.3,25.6,50.0,5,116,4
2026-04-26 06:00:00,0.0,0,12.3,25.8,50.0,6,116,4
2026-04-26 07:00:00,71.0,0,13.3,27.0,45.261239126487446,7,116,4
2026-04-26 08:00:00,269.0,0,13.9,29.9,48.74462390264884,8,116,4
2026-04-26 09:00:00,496.0,0,14.8,33.3,49.27738033492657,9,116,4
2026-04-26 10:00:00,702.0,0,15.5,36.7,48.37818561812402,10,116,4
2026-04-26 11:00:00,859.0,0,15.5,39.6,50.0,11,116,4
2026-04-26 12:00:00,955.0,0,15.4,41.4,48.134447599277806,12,116,4
2026-04-26 13:00:00,976.0,0,16.6,42.6,48.40621669557093,13,116,4
2026-04-26 14:00:00,925.0,0,19.2,43.2,46.78586717432929,14,116,4
2026-04-26 15:00:00,807.0,0,24.2,42.8,49.96435451560879,15,116,4
2026-04-26 16:00:00,631.0,0,26.8,41.6,0.0,16,116,4
2026-04-26 17:00:00,418.0,0,25.4,41.2,0.0,17,116,4
2026-04-26 18:00:00,197.0,0,21.7,39.0,42.90139029222785,18,116,4
2026-04-26 19:00:00,29.0,0,18.4,35.6,50.0,19,116,4
2026-04-26 20:00:00,0.0,0,17.5,33.3,48.32957395080735,20,116,4
2026-04-26 21:00:00,0.0,0,19.3,31.6,46.8117248440788,21,116,4
2026-04-26 22:00:00,0.0,0,19.1,30.2,45.39679477789045,22,116,4
2026-04-26 23:00:00,0.0,0,17.3,29.2,49.41102716629311,23,116,4
2026-04-27 00:00:00,0.0,0,17.3,28.4,46.15922960079755,0,117,4
2026-04-27 01:00:00,0.0,0,17.6,27.7,44.12540456746228,1,117,4
2026-04-27 02:00:00,0.0,0,17.9,27.2,48.81133963599587,2,117,4
2026-04-27 03:00:00,0.0,0,17.3,26.9,50.0,3,117,4
2026-04-27 04:00:00,0.0,0,17.3,26.6,41.59182657548394,4,117,4
2026-04-27 05:00:00,0.0,0,15.6,26.1,46.09109379987005,5,117,4
2026-04-27 06:00:00,0.0,0,15.9,26.3,45.44385491759706,6,117,4
2026-04-27 07:00:00,75.0,0,17.0,27.8,42.33726836483981,7,117,4
2026-04-27 08:00:00,277.0,0,17.0,30.6,47.11276366235601,8,117,4
2026-04-27 09:00:00,507.0,0,18.6,34.3,50.0,9,117,4
2026-04-27 10:00:00,713.0,0,22.6,37.3,47.97310826614633,10,117,4
2026-04-27 11:00:00,871.0,0,27.4,39.3,0.0,11,117,4
2026-04-27 12:00:00,963.0,0,28.9,40.5,0.0,12,117,4
2026-04-27 13:00:00,988.0,0,28.8,41.1,0.0,13,117,4
2026-04-27 14:00:00,939.0,0,29.5,41.1,0.0,14,117,4
2026-04-27 15:00:00,820.0,0,29.8,40.7,0.0,15,117,4
2026-04-27 16:00:00,642.0,0,29.9,39.7,0.0,16,117,4
2026-04-27 17:00:00,425.0,0,28.3,38.4,0.0,17,117,4
2026-04-27 18:00:00,199.0,0,24.0,35.8,47.1700949720412,18,117,4
2026-04-27 19:00:00,30.0,0,19.3,33.1,42.20112312585756,19,117,4
2026-04-27 20:00:00,0.0,0,18.8,31.1,50.0,20,117,4
2026-04-27 21:00:00,0.0,0,17.3,29.7,50.0,21,117,4
2026-04-27 22:00:00,0.0,0,16.7,28.7,48.413026944201214,22,117,4
2026-04-27 23:00:00,0.0,0,18.0,28.4,50.0,23,117,4
2026-04-28 00:00:00,0.0,0,17.3,28.1,50.0,0,118,4
2026-04-28 01:00:00,0.0,0,16.0,27.8,50.0,1,118,4
2026-04-28 02:00:00,0.0,0,14.8,27.3,47.47932064661479,2,118,4
2026-04-28 03:00:00,0.0,0,14.0,27.0,50.0,3,118,4
2026-04-28 04:00:00,0.0,0,13.5,26.7,50.0,4,118,4
2026-04-28 05:00:00,0.0,0,14.3,26.5,46.55521834967976,5,118,4
2026-04-28 06:00:00,0.0,0,13.8,26.9,49.10081775984797,6,118,4
2026-04-28 07:00:00,74.0,0,14.2,28.3,48.126089806714766,7,118,4
2026-04-28 08:00:00,271.0,0,18.8,30.7,50.0,8,118,4
2026-04-28 09:00:00,496.0,0,22.6,33.5,42.94443010742047,9,118,4
2026-04-28 10:00:00,701.0,0,23.3,36.4,48.43395479323751,10,118,4
2026-04-28 11:00:00,859.0,0,26.1,37.9,0.0,11,118,4
2026-04-28 12:00:00,954.0,0,28.4,39.2,0.0,12,118,4
2026-04-28 13:00:00,981.0,0,30.8,39.6,0.0,13,118,4
2026-04-28 14:00:00,932.0,0,32.8,39.4,0.0,14,118,4
2026-04-28 15:00:00,814.0,0,33.9,38.7,0.0,15,118,4
2026-04-28 16:00:00,639.0,0,33.8,37.4,0.0,16,118,4
2026-04-28 17:00:00,424.0,0,31.2,36.2,0.0,17,118,4
2026-04-28 18:00:00,199.0,0,27.6,34.2,0.0,18,118,4
2026-04-28 19:00:00,31.0,0,21.1,31.8,50.0,19,118,4
2026-04-28 20:00:00,0.0,0,19.1,30.3,44.08125335943861,20,118,4
2026-04-28 21:00:00,0.0,0,17.9,29.1,48.15767626069528,21,118,4
2026-04-28 22:00:00,0.0,0,17.4,28.1,50.0,22,118,4
2026-04-28 23:00:00,0.0,0,16.5,27.8,50.0,23,118,4
2026-04-29 00:00:00,0.0,0,15.1,27.4,41.620214222657374,0,119,4
2026-04-29 01:00:00,0.0,0,11.9,26.9,48.944819564202724,1,119,4
2026-04-29 02:00:00,0.0,0,12.4,26.5,47.95373777697409,2,119,4
2026-04-29 03:00:00,0.0,0,13.1,26.4,48.15097207722812,3,119,4
2026-04-29 04:00:00,0.0,0,11.7,26.0,47.569252161916886,4,119,4
2026-04-29 05:00:00,0.0,0,13.1,26.0,44.6758788853452,5,119,4
2026-04-29 06:00:00,0.0,0,15.0,26.4,44.01636165497117,6,119,4
2026-04-29 07:00:00,77.0,0,16.0,27.9,50.0,7,119,4
2026-04-29 08:00:00,275.0,0,18.0,30.5,50.0,8,119,4
2026-04-29 09:00:00,499.0,0,20.0,33.5,46.97917020944441,9,119,4
2026-04-29 10:00:00,700.0,0,22.7,36.3,46.78901297434015,10,119,4
2026-04-29 11:00:00,854.0,0,25.8,38.2,0.0,11,119,4
2026-04-29 12:00:00,947.0,0,27.3,39.4,0.0,12,119,4
2026-04-29 13:00:00,971.0,0,26.7,40.3,0.0,13,119,4
2026-04-29 14:00:00,925.0,0,25.8,40.6,0.0,14,119,4
2026-04-29 15:00:00,808.0,1,27.2,40.0,0.0,15,119,4
2026-04-29 16:00:00,632.0,19,27.2,38.4,0.0,16,119,4
2026-04-29 17:00:00,410.0,16,26.0,36.4,0.0,17,119,4
2026-04-29 18:00:00,190.0,0,24.7,33.9,46.950094166511974,18,119,4
2026-04-29 19:00:00,31.0,0,20.7,31.5,50.0,19,119,4
2026-04-29 20:00:00,0.0,0,19.9,29.9,48.13345603423787,20,119,4
2026-04-29 21:00:00,0.0,0,17.3,28.9,42.18071919936552,21,119,4
2026-04-29 22:00:00,0.0,0,17.8,28.3,43.5561244083522,22,119,4
2026-04-29 23:00:00,0.0,0,18.2,27.9,47.94560606658255,23,119,4
2026-04-30 00:00:00,0.0,0,18.2,27.7,42.92596135901691,0,120,4
2026-04-30 01:00:00,0.0,0,16.7,27.3,47.388574608604074,1,120,4
2026-04-30 02:00:00,0.0,0,15.7,26.9,49.044394893553765,2,120,4
2026-04-30 03:00:00,0.0,0,15.7,26.6,47.163330937332084,3,120,4
2026-04-30 04:00:00,0.0,0,13.9,26.4,45.07257756584447,4,120,4
2026-04-30 05:00:00,0.0,0,10.2,26.0,24.113990502444707,5,120,4
2026-04-30 06:00:00,1.0,0,12.1,26.5,45.443218832140154,6,120,4
2026-04-30 07:00:00,76.0,0,14.3,27.9,44.003487761879065,7,120,4
2026-04-30 08:00:00,272.0,0,18.3,30.3,50.0,8,120,4
2026-04-30 09:00:00,494.0,0,19.5,33.0,46.67913113314742,9,120,4
2026-04-30 10:00:00,696.0,0,20.0,35.5,50.0,10,120,4
2026-04-30 11:00:00,850.0,0,22.3,37.2,50.0,11,120,4
2026-04-30 12:00:00,942.0,0,24.6,38.5,50.0,12,120,4
2026-04-30 13:00:00,964.0,0,27.0,39.3,0.0,13,120,4
2026-04-30 14:00:00,915.0,0,29.5,39.4,0.0,14,120,4
2026-04-30 15:00:00,800.0,0,30.6,39.1,0.0,15,120,4
2026-04-30 16:00:00,628.0,0,30.2,38.1,0.0,16,120,4
2026-04-30 17:00:00,417.0,0,28.2,36.8,0.0,17,120,4
2026-04-30 18:00:00,196.0,0,25.5,34.8,0.0,18,120,4
2026-04-30 19:00:00,31.0,0,21.1,32.3,45.74881627712417,19,120,4
2026-04-30 20:00:00,0.0,0,19.3,30.4,50.0,20,120,4
2026-04-30 21:00:00,0.0,0,17.2,29.1,50.0,21,120,4
2026-04-30 22:00:00,0.0,0,17.2,28.5,45.67721498484224,22,120,4
2026-04-30 23:00:00,0.0,0,15.7,28.3,50.0,23,120,4
2026-05-01 00:00:00,0.0,0,15.3,28.0,46.678369681057255,0,121,5
2026-05-01 01:00:00,0.0,0,14.2,27.8,50.0,1,121,5
2026-05-01 02:00:00,0.0,0,12.8,27.5,49.10682067436009,2,121,5
2026-05-01 03:00:00,0.0,0,13.3,27.2,46.938893978952606,3,121,5
2026-05-01 04:00:00,0.0,0,11.7,26.9,46.04502149308363,4,121,5
2026-05-01 05:00:00,0.0,0,10.0,26.5,23.43442771612042,5,121,5
2026-05-01 06:00:00,1.0,0,12.1,26.9,39.24147258020393,6,121,5
2026-05-01 07:00:00,78.0,0,14.3,28.4,49.455174814337035,7,121,5
2026-05-01 08:00:00,274.0,0,20.1,31.0,46.44032330647789,8,121,5
2026-05-01 09:00:00,494.0,0,24.2,33.6,48.312085077111334,9,121,5
2026-05-01 10:00:00,694.0,0,27.4,35.9,0.0,10,121,5
2026-05-01 11:00:00,848.0,0,29.2,37.6,0.0,11,121,5
2026-05-01 12:00:00,940.0,0,30.5,39.4,0.0,12,121,5
2026-05-01 13:00:00,966.0,0,32.0,40.3,0.0,13,121,5
2026-05-01 14:00:00,919.0,0,32.8,40.3,0.0,14,121,5
2026-05-01 15:00:00,801.0,0,33.2,39.5,0.0,15,121,5
2026-05-01 16:00:00,628.0,0,32.9,38.2,0.0,16,121,5
2026-05-01 17:00:00,417.0,0,30.7,36.4,0.0,17,121,5
2026-05-01 18:00:00,198.0,0,28.1,34.3,0.0,18,121,5
2026-05-01 19:00:00,32.0,0,23.2,32.3,49.872691528304784,19,121,5
2026-05-01 20:00:00,0.0,0,22.9,31.0,45.51089474639296,20,121,5
2026-05-01 21:00:00,0.0,0,22.0,30.0,50.0,21,121,5
2026-05-01 22:00:00,0.0,0,21.0,29.3,45.17984114782617,22,121,5
2026-05-01 23:00:00,0.0,0,19.2,29.1,47.13047391865117,23,121,5
2026-05-02 00:00:00,0.0,0,16.9,28.8,49.25514691703804,0,122,5
2026-05-02 01:00:00,0.0,0,14.6,28.3,50.0,1,122,5
2026-05-02 02:00:00,0.0,0,14.4,27.8,47.26944599846399,2,122,5
2026-05-02 03:00:00,0.0,0,15.0,27.5,50.0,3,122,5
2026-05-02 04:00:00,0.0,0,16.6,27.3,49.55765834143713,4,122,5
2026-05-02 05:00:00,0.0,0,15.9,27.3,50.0,5,122,5
2026-05-02 06:00:00,1.0,0,17.6,27.7,49.343594705659,6,122,5
2026-05-02 07:00:00,81.0,0,18.9,29.4,50.0,7,122,5
2026-05-02 08:00:00,282.0,0,22.6,31.9,50.0,8,122,5
2026-05-02 09:00:00,508.0,0,28.3,34.8,0.0,9,122,5
2026-05-02 10:00:00,714.0,0,30.7,37.1,0.0,10,122,5
2026-05-02 11:00:00,871.0,0,32.7,38.8,0.0,11,122,5
2026-05-02 12:00:00,963.0,0,33.8,39.6,0.0,12,122,5
2026-05-02 13:00:00,984.0,0,34.0,39.8,0.0,13,122,5
2026-05-02 14:00:00,932.0,0,34.0,39.8,0.0,14,122,5
2026-05-02 15:00:00,814.0,0,34.0,39.2,0.0,15,122,5
2026-05-02 16:00:00,638.0,0,32.9,38.3,0.0,16,122,5
2026-05-02 17:00:00,426.0,0,31.2,36.9,0.0,17,122,5
2026-05-02 18:00:00,204.0,0,29.1,34.6,0.0,18,122,5
2026-05-02 19:00:00,34.0,0,24.4,32.0,42.11252520474369,19,122,5
2026-05-02 20:00:00,0.0,0,23.1,30.7,45.15588805609138,20,122,5
2026-05-02 21:00:00,0.0,0,21.8,29.7,50.0,21,122,5
2026-05-02 22:00:00,0.0,0,19.8,29.1,50.0,22,122,5
2026-05-02 23:00:00,0.0,0,20.4,28.9,44.340555632492396,23,122,5
2026-05-03 00:00:00,0.0,0,21.2,28.4,47.425388137740924,0,123,5
2026-05-03 01:00:00,0.0,0,21.1,28.2,49.49324710773777,1,123,5
2026-05-03 02:00:00,0.0,0,20.7,27.9,48.272067956746874,2,123,5
2026-05-03 03:00:00,0.0,0,19.4,27.5,47.0764441598812,3,123,5
2026-05-03 04:00:00,0.0,0,19.0,27.2,45.51025550741562,4,123,5
2026-05-03 05:00:00,0.0,0,18.5,26.9,46.0730455503823,5,123,5
2026-05-03 06:00:00,1.0,0,20.7,27.1,46.05069606826427,6,123,5
2026-05-03 07:00:00,84.0,0,21.3,28.5,48.368892360988944,7,123,5
2026-05-03 08:00:00,284.0,0,25.6,30.8,0.0,8,123,5
2026-05-03 09:00:00,507.0,0,26.7,33.4,0.0,9,123,5
2026-05-03 10:00:00,705.0,0,26.5,35.4,0.0,10,123,5
2026-05-03 11:00:00,857.0,0,27.0,36.7,0.0,11,123,5
2026-05-03 12:00:00,945.0,0,26.7,37.7,0.0,12,123,5
2026-05-03 13:00:00,966.0,0,26.8,38.2,0.0,13,123,5
2026-05-03 14:00:00,916.0,0,27.1,38.4,0.0,14,123,5
2026-05-03 15:00:00,800.0,0,26.4,38.1,0.0,15,123,5
2026-05-03 16:00:00,626.0,9,25.2,37.7,0.0,16,123,5
2026-05-03 17:00:00,398.0,2,20.7,37.2,44.39509403703108,17,123,5
2026-05-03 18:00:00,197.0,0,25.1,34.5,0.0,18,123,5
2026-05-03 19:00:00,33.0,0,21.2,32.1,42.749137233964845,19,123,5
2026-05-03 20:00:00,0.0,0,18.0,30.5,46.90487011593275,20,123,5
2026-05-03 21:00:00,0.0,0,17.3,29.2,47.27927038152489,21,123,5
2026-05-03 22:00:00,0.0,0,17.8,28.6,50.0,22,123,5
2026-05-03 23:00:00,0.0,0,14.6,27.9,46.13691061358535,23,123,5
2026-05-04 00:00:00,0.0,0,13.4,27.6,47.89325542681166,0,124,5
2026-05-04 01:00:00,0.0,0,5.0,26.8,0.569596540282691,1,124,5
2026-05-04 02:00:00,0.0,0,5.1,26.3,0.6313747588777099,2,124,5
2026-05-04 03:00:00,0.0,0,10.4,26.2,30.251796304280393,3,124,5
2026-05-04 04:00:00,0.0,0,10.2,25.9,25.59503234596326,4,124,5
2026-05-04 05:00:00,0.0,2,12.8,25.8,45.56219353595553,5,124,5
2026-05-04 06:00:00,1.0,1,13.6,26.2,50.0,6,124,5
2026-05-04 07:00:00,84.0,3,16.6,27.8,40.19531662814315,7,124,5
2026-05-04 08:00:00,280.0,1,18.1,30.0,48.86141996329485,8,124,5
2026-05-04 09:00:00,503.0,0,19.3,32.6,42.832188851565185,9,124,5
2026-05-04 10:00:00,702.0,0,19.7,35.2,50.0,10,124,5
2026-05-04 11:00:00,858.0,0,18.2,37.2,46.420841802463215,11,124,5
2026-05-04 12:00:00,954.0,0,18.5,39.0,47.01788887622838,12,124,5
2026-05-04 13:00:00,978.0,5,19.3,40.1,50.0,13,124,5
2026-05-04 14:00:00,888.0,55,20.1,40.7,45.507306545438276,14,124,5
2026-05-04 15:00:00,569.0,24,21.7,39.3,50.0,15,124,5
2026-05-04 16:00:00,544.0,57,19.8,39.0,50.0,16,124,5
2026-05-04 17:00:00,344.0,5,23.7,37.5,46.31556806062481,17,124,5
2026-05-04 18:00:00,195.0,1,25.5,34.5,0.0,18,124,5
2026-05-04 19:00:00,34.0,0,21.4,31.7,49.55904451274357,19,124,5
2026-05-04 20:00:00,0.0,0,18.8,30.0,50.0,20,124,5
2026-05-04 21:00:00,0.0,0,16.2,28.6,46.280352492954904,21,124,5
2026-05-04 22:00:00,0.0,0,15.8,27.7,50.0,22,124,5
2026-05-04 23:00:00,0.0,0,16.5,27.3,47.106584747289126,23,124,5
2026-05-05 00:00:00,0.0,0,16.7,27.2,48.22540929334673,0,125,5
2026-05-05 01:00:00,0.0,0,15.7,26.9,46.70695102664986,1,125,5
2026-05-05 02:00:00,0.0,0,10.9,26.5,39.12212440028961,2,125,5
2026-05-05 03:00:00,0.0,0,9.9,25.9,19.62615968266011,3,125,5
2026-05-05 04:00:00,0.0,0,11.2,25.6,36.048883869686456,4,125,5
2026-05-05 05:00:00,0.0,3,14.0,25.5,44.95247193336736,5,125,5
2026-05-05 06:00:00,1.0,38,14.4,25.7,45.2149417038686,6,125,5
2026-05-05 07:00:00,82.0,5,15.1,27.0,47.57607706501661,7,125,5
2026-05-05 08:00:00,284.0,0,13.8,29.6,50.0,8,125,5
2026-05-05 09:00:00,508.0,0,15.5,32.7,48.68698775212896,9,125,5
2026-05-05 10:00:00,711.0,0,14.1,35.3,50.0,10,125,5
2026-05-05 11:00:00,863.0,0,8.5,36.9,9.992310561612276,11,125,5
2026-05-05 12:00:00,952.0,30,8.1,38.6,9.346700614306739,12,125,5
2026-05-05 13:00:00,879.0,33,8.9,39.8,14.52391193599381,13,125,5
2026-05-05 14:00:00,726.0,33,13.7,40.4,47.984545516426955,14,125,5
2026-05-05 15:00:00,627.0,25,21.4,39.2,48.6892609682006,15,125,5
2026-05-05 16:00:00,520.0,26,17.2,39.3,50.0,16,125,5
2026-05-05 17:00:00,379.0,38,23.2,37.4,40.70120094290462,17,125,5
2026-05-05 18:00:00,164.0,15,26.5,34.5,0.0,18,125,5
2026-05-05 19:00:00,32.0,3,19.7,32.6,50.0,19,125,5
2026-05-05 20:00:00,0.0,0,18.2,30.5,43.64331941293649,20,125,5
2026-05-05 21:00:00,0.0,0,16.3,28.8,50.0,21,125,5
2026-05-05 22:00:00,0.0,0,17.9,27.7,48.67066316317038,22,125,5
2026-05-05 23:00:00,0.0,0,14.9,27.0,47.00764739404519,23,125,5
2026-05-06 00:00:00,0.0,0,12.8,26.6,43.05017322658659,0,126,5
2026-05-06 01:00:00,0.0,20,10.1,25.8,21.997797221584687,1,126,5
2026-05-06 02:00:00,0.0,97,9.4,25.8,18.30813686273549,2,126,5
2026-05-06 03:00:00,0.0,0,8.5,25.7,11.24521309834542,3,126,5
2026-05-06 04:00:00,0.0,0,8.3,24.9,8.93242287009974,4,126,5
2026-05-06 05:00:00,0.0,100,15.5,25.4,44.083770222569946,5,126,5
2026-05-06 06:00:00,1.0,100,16.0,25.8,45.68580744780734,6,126,5
2026-05-06 07:00:00,51.0,36,13.7,27.0,50.0,7,126,5
2026-05-06 08:00:00,261.0,9,10.8,28.8,30.374945653196292,8,126,5
2026-05-06 09:00:00,494.0,3,9.0,31.0,14.499439200317207,9,126,5
2026-05-06 10:00:00,699.0,0,8.3,33.8,12.471008509013116,10,126,5
2026-05-06 11:00:00,856.0,0,7.6,36.0,6.975896111548308,11,126,5
2026-05-06 12:00:00,953.0,0,9.5,37.9,15.648051159037422,12,126,5
2026-05-06 13:00:00,973.0,9,10.7,39.5,32.07579755269297,13,126,5
2026-05-06 14:00:00,885.0,16,10.7,40.4,24.95982194864975,14,126,5
2026-05-06 15:00:00,722.0,10,10.4,40.5,27.324823836746415,15,126,5
2026-05-06 16:00:00,585.0,1,11.5,40.5,38.69753892873829,16,126,5
2026-05-06 17:00:00,402.0,19,19.5,38.5,47.15036061543952,17,126,5
2026-05-06 18:00:00,184.0,2,22.1,35.7,41.63845312145028,18,126,5
2026-05-06 19:00:00,34.0,1,19.8,33.3,44.467106208507175,19,126,5
2026-05-06 20:00:00,0.0,0,20.7,30.6,43.645334857998655,20,126,5
2026-05-06 21:00:00,0.0,0,20.0,28.7,50.0,21,126,5
2026-05-06 22:00:00,0.0,0,18.3,27.4,44.390897012590976,22,126,5
2026-05-06 23:00:00,0.0,2,16.8,27.0,45.22016724004531,23,126,5
2026-05-07 00:00:00,0.0,0,15.8,26.6,44.54040175973095,0,127,5
2026-05-07 01:00:00,0.0,16,20.3,25.9,49.8947472490889,1,127,5
2026-05-07 02:00:00,0.0,95,19.5,25.8,49.15142947638838,2,127,5
2026-05-07 03:00:00,0.0,2,16.2,25.7,50.0,3,127,5
2026-05-07 04:00:00,0.0,0,13.4,25.3,48.10796101019201,4,127,5
2026-05-07 05:00:00,0.0,3,11.2,25.1,34.50376874923929,5,127,5
2026-05-07 06:00:00,2.0,6,7.9,25.3,8.307668427045648,6,127,5
2026-05-07 07:00:00,88.0,3,11.2,26.5,39.59266490182964,7,127,5
2026-05-07 08:00:00,289.0,1,12.0,28.9,50.0,8,127,5
2026-05-07 09:00:00,514.0,2,11.4,32.2,41.62207176305573,9,127,5
2026-05-07 10:00:00,715.0,0,12.9,35.0,50.0,10,127,5
2026-05-07 11:00:00,866.0,0,14.2,37.7,50.0,11,127,5
2026-05-07 12:00:00,965.0,0,15.9,39.2,43.257742649151815,12,127,5
2026-05-07 13:00:00,980.0,43,18.4,40.2,47.073838752253394,13,127,5
2026-05-07 14:00:00,771.0,16,22.1,39.7,48.771117926515814,14,127,5
2026-05-07 15:00:00,762.0,13,24.2,39.2,46.83793094455843,15,127,5
2026-05-07 16:00:00,608.0,7,23.8,38.4,50.0,16,127,5
2026-05-07 17:00:00,416.0,2,23.2,37.1,45.90268542902089,17,127,5
2026-05-07 18:00:00,207.0,0,21.9,35.1,48.354274996300894,18,127,5
2026-05-07 19:00:00,37.0,0,17.3,32.5,50.0,19,127,5
2026-05-07 20:00:00,0.0,0,14.6,30.7,42.40322439334221,20,127,5
2026-05-07 21:00:00,0.0,0,13.1,29.2,50.0,21,127,5
2026-05-07 22:00:00,0.0,0,11.9,28.1,50.0,22,127,5
2026-05-07 23:00:00,0.0,0,9.9,27.2,21.455585455212113,23,127,5
2026-05-08 00:00:00,0.0,0,9.8,26.6,20.862476354462476,0,128,5
2026-05-08 01:00:00,0.0,0,10.5,26.0,24.244390751906003,1,128,5
2026-05-08 02:00:00,0.0,0,13.0,25.4,49.24503092250808,2,128,5
2026-05-08 03:00:00,0.0,1,8.5,25.0,10.975318557167562,3,128,5
2026-05-08 04:00:00,0.0,1,5.6,24.6,1.063957342400873,4,128,5
2026-05-08 05:00:00,0.0,0,7.2,25.0,4.901983442664495,5,128,5
2026-05-08 06:00:00,2.0,99,8.7,25.1,13.088650716680135,6,128,5
2026-05-08 07:00:00,80.0,88,11.4,25.7,39.29970572203919,7,128,5
2026-05-08 08:00:00,265.0,30,10.6,28.2,30.816587070161148,8,128,5
2026-05-08 09:00:00,493.0,9,9.7,30.6,21.73989260091156,9,128,5
2026-05-08 10:00:00,706.0,1,9.6,33.5,19.163907729292568,10,128,5
2026-05-08 11:00:00,864.0,0,11.6,36.8,40.73445905918269,11,128,5
2026-05-08 12:00:00,955.0,0,14.4,39.3,49.80961134178348,12,128,5
2026-05-08 13:00:00,977.0,0,18.1,40.7,49.50455842104824,13,128,5
2026-05-08 14:00:00,926.0,5,20.7,40.8,50.0,14,128,5
2026-05-08 15:00:00,772.0,17,22.4,39.9,44.46254340990667,15,128,5
2026-05-08 16:00:00,585.0,9,23.9,38.1,46.422472214368774,16,128,5
2026-05-08 17:00:00,402.0,3,22.6,36.5,46.72736017349249,17,128,5
2026-05-08 18:00:00,203.0,5,21.3,34.4,48.852667747699016,18,128,5
2026-05-08 19:00:00,36.0,0,18.0,32.2,49.843139721096996,19,128,5
2026-05-08 20:00:00,0.0,0,15.6,30.4,46.88859237933081,20,128,5
2026-05-08 21:00:00,0.0,0,14.3,29.1,50.0,21,128,5
2026-05-08 22:00:00,0.0,0,13.1,28.0,47.274785232992116,22,128,5
2026-05-08 23:00:00,0.0,0,12.5,27.3,49.18365589800622,23,128,5
2026-05-09 00:00:00,0.0,0,11.9,26.8,41.08776660560476,0,129,5
2026-05-09 01:00:00,0.0,0,11.6,26.2,39.46421889835251,1,129,5
2026-05-09 02:00:00,0.0,13,10.4,25.9,24.51263915873957,2,129,5
2026-05-09 03:00:00,0.0,68,10.0,25.6,24.554030229974256,3,129,5
2026-05-09 04:00:00,0.0,100,11.6,25.2,45.36973515719714,4,129,5
2026-05-09 05:00:00,0.0,99,15.8,25.9,46.97435780380377,5,129,5
2026-05-09 06:00:00,1.0,21,13.6,26.6,50.0,6,129,5
2026-05-09 07:00:00,83.0,14,12.2,27.3,46.70842810585408,7,129,5
2026-05-09 08:00:00,283.0,0,10.7,29.2,31.395993890212683,8,129,5
2026-05-09 09:00:00,514.0,0,11.2,31.6,36.663520983352946,9,129,5
2026-05-09 10:00:00,716.0,0,12.8,34.6,42.88509391726843,10,129,5
2026-05-09 11:00:00,869.0,0,16.6,37.7,50.0,11,129,5
2026-05-09 12:00:00,960.0,0,17.6,39.4,48.0413542609589,12,129,5
2026-05-09 13:00:00,981.0,0,17.5,40.5,50.0,13,129,5
2026-05-09 14:00:00,929.0,0,17.7,40.9,50.0,14,129,5
2026-05-09 15:00:00,811.0,0,18.0,40.8,46.74802876816359,15,129,5
2026-05-09 16:00:00,637.0,1,18.0,40.3,48.150958874452165,16,129,5
2026-05-09 17:00:00,424.0,0,20.4,39.4,45.70158913062497,17,129,5
2026-05-09 18:00:00,206.0,0,20.8,36.8,49.195815173155026,18,129,5
2026-05-09 19:00:00,37.0,0,20.4,33.6,50.0,19,129,5
2026-05-09 20:00:00,0.0,0,18.3,31.2,46.472703509773645,20,129,5
2026-05-09 21:00:00,0.0,0,16.4,29.6,47.43336825807145,21,129,5
2026-05-09 22:00:00,0.0,0,15.0,28.5,50.0,22,129,5
2026-05-09 23:00:00,0.0,0,14.2,27.9,50.0,23,129,5
2026-05-10 00:00:00,0.0,0,14.2,27.3,50.0,0,130,5
2026-05-10 01:00:00,0.0,0,13.2,26.7,48.17814163098028,1,130,5
2026-05-10 02:00:00,0.0,0,12.5,26.2,48.9481005255226,2,130,5
2026-05-10 03:00:00,0.0,1,12.6,25.7,45.46341667042873,3,130,5
2026-05-10 04:00:00,0.0,0,13.0,25.5,50.0,4,130,5
2026-05-10 05:00:00,0.0,6,11.8,25.4,43.0899254684045,5,130,5
2026-05-10 06:00:00,2.0,12,13.0,25.6,49.695543238390684,6,130,5
2026-05-10 07:00:00,91.0,8,15.7,27.1,49.23513782653955,7,130,5
2026-05-10 08:00:00,288.0,6,16.8,29.3,47.05169657845301,8,130,5
2026-05-10 09:00:00,510.0,2,18.2,31.9,47.11982478912988,9,130,5
2026-05-10 10:00:00,711.0,1,19.0,34.8,48.807332687277096,10,130,5
2026-05-10 11:00:00,868.0,0,19.0,37.9,49.48161719996405,11,130,5
2026-05-10 12:00:00,961.0,0,20.0,40.0,40.72449147667682,12,130,5
2026-05-10 13:00:00,982.0,0,20.9,41.1,41.89841666713797,13,130,5
2026-05-10 14:00:00,930.0,0,21.1,41.3,50.0,14,130,5
2026-05-10 15:00:00,809.0,0,21.5,41.1,46.446860037121816,15,130,5
2026-05-10 16:00:00,634.0,0,22.0,40.4,40.50217716657081,16,130,5
2026-05-10 17:00:00,423.0,0,20.3,39.6,50.0,17,130,5
2026-05-10 18:00:00,206.0,0,20.3,37.7,50.0,18,130,5
2026-05-10 19:00:00,38.0,0,18.9,34.8,48.730410743279855,19,130,5
2026-05-10 20:00:00,0.0,0,19.9,31.9,50.0,20,130,5
2026-05-10 21:00:00,0.0,0,17.3,29.9,49.91518662363351,21,130,5
2026-05-10 22:00:00,0.0,0,16.2,28.8,45.627387553346495,22,130,5
2026-05-10 23:00:00,0.0,0,15.1,28.1,47.67097636007161,23,130,5
2026-05-11 00:00:00,0.0,0,15.8,27.5,50.0,0,131,5
2026-05-11 01:00:00,0.0,0,15.0,26.8,50.0,1,131,5
2026-05-11 02:00:00,0.0,0,14.5,26.3,43.77628174463679,2,131,5
2026-05-11 03:00:00,0.0,0,16.0,25.9,49.398884656904215,3,131,5
2026-05-11 04:00:00,0.0,1,16.0,25.5,50.0,4,131,5
2026-05-11 05:00:00,0.0,100,14.4,25.7,48.99883232902,5,131,5
2026-05-11 06:00:00,2.0,100,17.3,26.0,50.0,6,131,5
2026-05-11 07:00:00,69.0,11,18.0,27.2,44.740893655443095,7,131,5
2026-05-11 08:00:00,287.0,0,15.9,29.5,43.768619031626386,8,131,5
2026-05-11 09:00:00,513.0,0,14.5,32.5,45.484673652653505,9,131,5
2026-05-11 10:00:00,713.0,0,14.5,36.0,47.65654832129318,10,131,5
2026-05-11 11:00:00,866.0,0,17.1,39.1,50.0,11,131,5
2026-05-11 12:00:00,958.0,0,17.3,40.7,46.65047458672891,12,131,5
2026-05-11 13:00:00,979.0,0,17.5,41.5,50.0,13,131,5
2026-05-11 14:00:00,928.0,0,18.4,41.5,50.0,14,131,5
2026-05-11 15:00:00,807.0,0,18.7,41.0,49.02234117603842,15,131,5
2026-05-11 16:00:00,632.0,0,18.0,40.0,48.07514262674544,16,131,5
2026-05-11 17:00:00,422.0,0,18.1,39.0,44.07389387016494,17,131,5
2026-05-11 18:00:00,205.0,0,20.3,36.8,45.37284533276945,18,131,5
2026-05-11 19:00:00,38.0,0,20.5,34.2,48.244376077193294,19,131,5
2026-05-11 20:00:00,0.0,0,18.9,31.9,45.0354200417665,20,131,5
2026-05-11 21:00:00,0.0,0,17.9,30.1,46.720231164885334,21,131,5
2026-05-11 22:00:00,0.0,0,16.3,28.7,50.0,22,131,5
2026-05-11 23:00:00,0.0,0,15.4,27.8,50.0,23,131,5
2026-05-12 00:00:00,0.0,2,15.2,27.1,50.0,0,132,5
2026-05-12 01:00:00,0.0,5,15.5,26.6,50.0,1,132,5
2026-05-12 02:00:00,0.0,3,14.4,26.3,45.12157819500516,2,132,5
2026-05-12 03:00:00,0.0,2,13.4,26.1,50.0,3,132,5
2026-05-12 04:00:00,0.0,5,13.4,25.9,50.0,4,132,5
2026-05-12 05:00:00,0.0,100,13.5,26.5,47.94463473089367,5,132,5
2026-05-12 06:00:00,2.0,100,14.3,27.1,50.0,6,132,5
2026-05-12 07:00:00,72.0,26,14.9,28.1,50.0,7,132,5
2026-05-12 08:00:00,269.0,13,13.4,29.8,42.119779824813165,8,132,5
2026-05-12 09:00:00,498.0,2,12.2,32.0,49.07057690629196,9,132,5
2026-05-12 10:00:00,707.0,0,12.4,35.1,40.52243677964215,10,132,5
2026-05-12 11:00:00,863.0,0,13.9,38.6,47.216200495642234,11,132,5
2026-05-12 12:00:00,956.0,0,16.5,40.3,46.71095695247675,12,132,5
2026-05-12 13:00:00,978.0,0,19.0,40.9,47.548723748599414,13,132,5
2026-05-12 14:00:00,927.0,0,20.5,40.6,49.93873256931124,14,132,5
2026-05-12 15:00:00,809.0,0,20.3,40.2,50.0,15,132,5
2026-05-12 16:00:00,637.0,0,19.5,39.2,46.962480749879965,16,132,5
2026-05-12 17:00:00,426.0,0,18.2,38.7,50.0,17,132,5
2026-05-12 18:00:00,209.0,0,17.2,37.0,50.0,18,132,5
2026-05-12 19:00:00,39.0,0,16.3,34.9,43.44321423707914,19,132,5
2026-05-12 20:00:00,0.0,0,17.4,33.0,50.0,20,132,5
2026-05-12 21:00:00,0.0,0,16.7,31.4,50.0,21,132,5
2026-05-12 22:00:00,0.0,0,14.4,30.2,50.0,22,132,5
2026-05-12 23:00:00,0.0,0,12.1,29.3,49.67928793228855,23,132,5
2026-05-13 00:00:00,0.0,0,10.6,28.5,26.91721557666975,0,133,5
2026-05-13 01:00:00,0.0,0,11.7,27.9,39.31539824271624,1,133,5
2026-05-13 02:00:00,0.0,0,12.0,27.5,47.439151068940454,2,133,5
2026-05-13 03:00:00,0.0,0,12.5,27.2,49.650816479110055,3,133,5
2026-05-13 04:00:00,0.0,0,12.3,27.1,42.53116175768427,4,133,5
2026-05-13 05:00:00,0.0,0,11.8,27.1,50.0,5,133,5
2026-05-13 06:00:00,3.0,0,11.9,27.3,49.12874986715468,6,133,5
2026-05-13 07:00:00,93.0,0,13.1,28.7,50.0,7,133,5
2026-05-13 08:00:00,289.0,0,14.0,30.9,49.43691781738644,8,133,5
2026-05-13 09:00:00,508.0,0,14.2,33.7,46.47290857287838,9,133,5
2026-05-13 10:00:00,704.0,0,15.2,36.2,47.839354895315275,10,133,5
2026-05-13 11:00:00,854.0,0,17.8,38.3,48.080560630508245,11,133,5
2026-05-13 12:00:00,938.0,0,20.7,39.6,50.0,12,133,5
2026-05-13 13:00:00,956.0,0,23.5,40.4,46.127078934658996,13,133,5
2026-05-13 14:00:00,909.0,0,25.5,40.6,0.0,14,133,5
2026-05-13 15:00:00,799.0,0,28.6,40.0,0.0,15,133,5
2026-05-13 16:00:00,630.0,0,29.3,39.2,0.0,16,133,5
2026-05-13 17:00:00,422.0,0,29.9,38.6,0.0,17,133,5
2026-05-13 18:00:00,208.0,0,28.7,36.9,0.0,18,133,5
2026-05-13 19:00:00,40.0,0,25.9,34.9,0.0,19,133,5
2026-05-13 20:00:00,0.0,0,22.5,33.4,42.00167581208871,20,133,5
2026-05-13 21:00:00,0.0,0,21.5,32.6,47.642974336726326,21,133,5
2026-05-13 22:00:00,0.0,0,20.9,31.8,44.31162256609417,22,133,5
2026-05-13 23:00:00,0.0,0,19.1,31.1,50.0,23,133,5
2026-05-14 00:00:00,0.0,0,16.9,30.3,50.0,0,134,5
2026-05-14 01:00:00,0.0,0,15.5,29.5,50.0,1,134,5
2026-05-14 02:00:00,0.0,0,14.6,29.0,49.923321415602224,2,134,5
2026-05-14 03:00:00,0.0,0,14.6,28.6,47.184194082965796,3,134,5
2026-05-14 04:00:00,0.0,0,14.9,28.2,45.896775533191885,4,134,5
2026-05-14 05:00:00,0.0,0,15.1,28.3,46.30510786219443,5,134,5
2026-05-14 06:00:00,3.0,0,15.7,28.1,47.45371430309132,6,134,5
2026-05-14 07:00:00,95.0,0,16.9,29.4,49.94121390507761,7,134,5
2026-05-14 08:00:00,294.0,0,22.5,31.5,48.96517337326163,8,134,5
2026-05-14 09:00:00,514.0,0,24.9,34.2,50.0,9,134,5
2026-05-14 10:00:00,714.0,0,26.7,36.6,0.0,10,134,5
2026-05-14 11:00:00,865.0,0,27.5,38.8,0.0,11,134,5
2026-05-14 12:00:00,957.0,0,28.8,40.1,0.0,12,134,5
2026-05-14 13:00:00,979.0,0,30.3,40.6,0.0,13,134,5
2026-05-14 14:00:00,929.0,0,31.4,40.4,0.0,14,134,5
2026-05-14 15:00:00,812.0,0,31.8,39.7,0.0,15,134,5
2026-05-14 16:00:00,640.0,0,30.3,38.6,0.0,16,134,5
2026-05-14 17:00:00,430.0,0,28.4,37.3,0.0,17,134,5
2026-05-14 18:00:00,212.0,0,25.6,35.0,0.0,18,134,5
2026-05-14 19:00:00,41.0,0,24.7,32.2,42.345319746934386,19,134,5
2026-05-14 20:00:00,0.0,0,22.7,30.3,43.95683853716462,20,134,5
2026-05-14 21:00:00,0.0,0,19.9,29.5,46.98083861095648,21,134,5
2026-05-14 22:00:00,0.0,0,19.1,29.0,37.72123739265108,22,134,5
2026-05-14 23:00:00,0.0,0,17.5,28.6,50.0,23,134,5
2026-05-15 00:00:00,0.0,2,17.0,28.2,48.3466119549343,0,135,5
2026-05-15 01:00:00,0.0,6,15.9,27.9,46.915860536180915,1,135,5
2026-05-15 02:00:00,0.0,13,15.2,27.8,47.82133717955985,2,135,5
2026-05-15 03:00:00,0.0,12,14.6,27.6,50.0,3,135,5
2026-05-15 04:00:00,0.0,14,12.6,27.3,49.115537753753806,4,135,5
2026-05-15 05:00:00,0.0,7,13.1,27.2,50.0,5,135,5
2026-05-15 06:00:00,3.0,7,12.8,27.2,50.0,6,135,5
2026-05-15 07:00:00,95.0,7,16.5,28.6,47.35454807031562,7,135,5
2026-05-15 08:00:00,289.0,9,19.4,30.4,50.0,8,135,5
2026-05-15 09:00:00,498.0,15,19.3,32.4,46.31544993966812,9,135,5
2026-05-15 10:00:00,687.0,5,20.4,34.3,44.12362569245222,10,135,5
2026-05-15 11:00:00,841.0,32,23.2,36.4,50.0,11,135,5
2026-05-15 12:00:00,818.0,19,25.5,37.1,0.0,12,135,5
2026-05-15 13:00:00,893.0,28,26.0,37.6,0.0,13,135,5
2026-05-15 14:00:00,838.0,18,25.9,37.6,0.0,14,135,5
2026-05-15 15:00:00,757.0,9,25.9,37.4,0.0,15,135,5
2026-05-15 16:00:00,611.0,2,26.0,36.7,0.0,16,135,5
2026-05-15 17:00:00,420.0,0,24.3,35.7,49.904633453370614,17,135,5
2026-05-15 18:00:00,211.0,0,23.9,33.9,47.48801379010217,18,135,5
2026-05-15 19:00:00,41.0,0,23.2,32.0,49.08598506757711,19,135,5
2026-05-15 20:00:00,0.0,0,21.8,30.7,46.74834092085658,20,135,5
2026-05-15 21:00:00,0.0,0,20.2,29.8,50.0,21,135,5
2026-05-15 22:00:00,0.0,0,18.7,29.3,49.04807040723787,22,135,5
2026-05-15 23:00:00,0.0,0,15.9,29.0,50.0,23,135,5
2026-05-16 00:00:00,0.0,0,13.7,28.7,50.0,0,136,5
2026-05-16 01:00:00,0.0,0,12.7,28.4,43.41566399713215,1,136,5
2026-05-16 02:00:00,0.0,1,11.8,28.1,46.528767406150635,2,136,5
2026-05-16 03:00:00,0.0,1,11.5,27.8,38.880196435756815,3,136,5
2026-05-16 04:00:00,0.0,0,11.2,27.5,37.7331544324794,4,136,5
2026-05-16 05:00:00,0.0,7,10.9,27.5,26.096152712820334,5,136,5
2026-05-16 06:00:00,3.0,100,10.8,27.6,31.96995456671113,6,136,5
2026-05-16 07:00:00,76.0,33,16.0,29.2,50.0,7,136,5
2026-05-16 08:00:00,273.0,23,15.5,30.6,39.19574426853338,8,136,5
2026-05-16 09:00:00,474.0,15,14.4,32.2,48.85353672287484,9,136,5
2026-05-16 10:00:00,685.0,6,13.8,34.1,45.37107781707432,10,136,5
2026-05-16 11:00:00,845.0,5,12.8,36.1,43.66299463969065,11,136,5
2026-05-16 12:00:00,936.0,5,13.8,37.9,45.25830045100036,12,136,5
2026-05-16 13:00:00,946.0,34,15.7,39.3,45.42203532106938,13,136,5
2026-05-16 14:00:00,869.0,21,16.4,40.1,50.0,14,136,5
2026-05-16 15:00:00,702.0,20,17.7,39.6,47.319482561544156,15,136,5
2026-05-16 16:00:00,573.0,14,19.7,39.0,45.165517038569924,16,136,5
2026-05-16 17:00:00,399.0,5,22.7,37.6,50.0,17,136,5
2026-05-16 18:00:00,202.0,2,22.4,35.8,50.0,18,136,5
2026-05-16 19:00:00,41.0,3,21.4,33.5,50.0,19,136,5
2026-05-16 20:00:00,0.0,2,21.5,31.5,49.318181287729374,20,136,5
2026-05-16 21:00:00,0.0,1,21.6,29.9,50.0,21,136,5
2026-05-16 22:00:00,0.0,1,20.4,28.7,49.82975994955032,22,136,5
2026-05-16 23:00:00,0.0,0,17.4,28.1,49.79100334485531,23,136,5
2026-05-17 00:00:00,0.0,0,17.1,27.6,50.0,0,137,5
2026-05-17 01:00:00,0.0,0,16.6,27.2,50.0,1,137,5
2026-05-17 02:00:00,0.0,0,16.6,26.8,46.40024960242538,2,137,5
2026-05-17 03:00:00,0.0,0,16.0,26.4,50.0,3,137,5
2026-05-17 04:00:00,0.0,1,14.8,26.2,50.0,4,137,5
2026-05-17 05:00:00,0.0,98,16.2,26.4,48.019405219865064,5,137,5
2026-05-17 06:00:00,3.0,100,17.2,26.9,50.0,6,137,5
2026-05-17 07:00:00,65.0,88,17.1,27.8,50.0,7,137,5
2026-05-17 08:00:00,252.0,5,15.6,29.3,46.20181047438773,8,137,5
2026-05-17 09:00:00,513.0,1,14.3,31.7,45.750278209597596,9,137,5
2026-05-17 10:00:00,718.0,0,13.6,34.5,50.0,10,137,5
2026-05-17 11:00:00,870.0,0,13.5,37.4,45.004734989841,11,137,5
2026-05-17 12:00:00,964.0,0,13.8,39.7,49.781847478488444,12,137,5
2026-05-17 13:00:00,987.0,4,12.4,40.9,44.380818733052315,13,137,5
2026-05-17 14:00:00,937.0,0,12.0,41.5,49.9795093289879,14,137,5
2026-05-17 15:00:00,819.0,8,14.0,41.8,50.0,15,137,5
2026-05-17 16:00:00,645.0,0,17.5,41.6,45.43993482275646,16,137,5
2026-05-17 17:00:00,435.0,0,21.6,40.4,50.0,17,137,5
2026-05-17 18:00:00,217.0,43,23.1,38.1,38.19291956917772,18,137,5
2026-05-17 19:00:00,44.0,38,23.0,34.4,44.66039437211984,19,137,5
2026-05-17 20:00:00,0.0,1,22.4,31.7,44.967025126729176,20,137,5
2026-05-17 21:00:00,0.0,0,20.4,29.9,48.5533867805466,21,137,5
2026-05-17 22:00:00,0.0,0,18.8,28.6,50.0,22,137,5
2026-05-17 23:00:00,0.0,0,17.3,27.7,50.0,23,137,5
2026-05-18 00:00:00,0.0,0,16.7,27.2,46.85661419834104,0,138,5
2026-05-18 01:00:00,0.0,31,14.7,26.7,45.25097245842121,1,138,5
2026-05-18 02:00:00,0.0,73,13.9,26.0,45.21582782698154,2,138,5
2026-05-18 03:00:00,0.0,66,13.7,25.5,50.0,3,138,5
2026-05-18 04:00:00,0.0,88,14.3,25.1,50.0,4,138,5
2026-05-18 05:00:00,0.0,66,14.8,25.1,49.65486635665853,5,138,5
2026-05-18 06:00:00,3.0,100,16.4,25.7,43.70232217215366,6,138,5
2026-05-18 07:00:00,79.0,24,17.8,27.2,45.504313275924986,7,138,5
2026-05-18 08:00:00,280.0,8,16.7,28.9,46.23303199110644,8,138,5
2026-05-18 09:00:00,516.0,3,16.8,31.4,50.0,9,138,5
2026-05-18 10:00:00,717.0,47,16.7,34.3,48.62438052489339,10,138,5
2026-05-18 11:00:00,870.0,65,18.3,37.2,45.29290548326421,11,138,5
2026-05-18 12:00:00,956.0,6,18.9,38.8,50.0,12,138,5
2026-05-18 13:00:00,978.0,0,20.5,39.9,50.0,13,138,5
2026-05-18 14:00:00,932.0,0,23.0,40.2,50.0,14,138,5
2026-05-18 15:00:00,819.0,0,24.5,39.9,49.86585653927447,15,138,5
2026-05-18 16:00:00,649.0,0,24.9,39.2,44.627976172435396,16,138,5
2026-05-18 17:00:00,441.0,0,24.3,38.2,47.61007921331493,17,138,5
2026-05-18 18:00:00,222.0,0,23.4,36.4,42.929825001062554,18,138,5
2026-05-18 19:00:00,46.0,0,21.7,33.3,47.38506824742673,19,138,5
2026-05-18 20:00:00,0.0,0,21.0,30.7,50.0,20,138,5
2026-05-18 21:00:00,0.0,0,19.6,28.9,45.98440078143712,21,138,5
2026-05-18 22:00:00,0.0,0,17.6,27.9,46.29062592950071,22,138,5
2026-05-18 23:00:00,0.0,0,15.4,27.6,43.31087421657837,23,138,5
2026-05-19 00:00:00,0.0,1,14.1,27.3,31.58973731578566,0,139,5
2026-05-19 01:00:00,0.0,2,14.9,27.1,50.0,1,139,5
2026-05-19 02:00:00,0.0,0,15.9,26.9,50.0,2,139,5
2026-05-19 03:00:00,0.0,1,15.0,26.6,44.30650589015761,3,139,5
2026-05-19 04:00:00,0.0,2,14.7,26.4,50.0,4,139,5
2026-05-19 05:00:00,0.0,0,14.2,26.3,50.0,5,139,5
2026-05-19 06:00:00,4.0,0,15.0,26.6,45.50816728090791,6,139,5
2026-05-19 07:00:00,99.0,2,19.1,28.3,47.39609597458601,7,139,5
2026-05-19 08:00:00,294.0,2,21.9,30.5,44.19770070693827,8,139,5
2026-05-19 09:00:00,511.0,0,22.5,32.8,46.00393138744079,9,139,5
2026-05-19 10:00:00,707.0,1,22.7,35.0,50.0,10,139,5
2026-05-19 11:00:00,855.0,0,23.3,37.2,43.8352163471169,11,139,5
2026-05-19 12:00:00,946.0,0,25.8,38.4,0.0,12,139,5
2026-05-19 13:00:00,968.0,0,27.9,38.9,0.0,13,139,5
2026-05-19 14:00:00,919.0,1,29.1,38.8,0.0,14,139,5
2026-05-19 15:00:00,803.0,0,29.5,38.3,0.0,15,139,5
2026-05-19 16:00:00,634.0,0,29.6,37.5,0.0,16,139,5
2026-05-19 17:00:00,428.0,0,26.5,36.2,0.0,17,139,5
2026-05-19 18:00:00,214.0,0,24.8,34.2,45.46826462828413,18,139,5
2026-05-19 19:00:00,44.0,0,21.4,32.1,46.833450481547935,19,139,5
2026-05-19 20:00:00,0.0,0,18.6,30.6,50.0,20,139,5
2026-05-19 21:00:00,0.0,0,16.7,29.7,50.0,21,139,5
2026-05-19 22:00:00,0.0,1,15.4,29.0,49.70422082883817,22,139,5
2026-05-19 23:00:00,0.0,0,14.6,28.9,50.0,23,139,5
2026-05-20 00:00:00,0.0,1,13.8,28.5,50.0,0,140,5
2026-05-20 01:00:00,0.0,2,13.9,28.2,50.0,1,140,5
2026-05-20 02:00:00,0.0,5,13.8,28.0,47.845568568664866,2,140,5
2026-05-20 03:00:00,0.0,6,13.7,27.8,44.747280703429944,3,140,5
2026-05-20 04:00:00,0.0,2,14.7,27.8,43.06112371191241,4,140,5
2026-05-20 05:00:00,0.0,27,16.1,27.8,47.48268563868296,5,140,5
2026-05-20 06:00:00,4.0,27,16.6,27.9,50.0,6,140,5
2026-05-20 07:00:00,98.0,2,19.8,29.1,42.62775659833346,7,140,5
2026-05-20 08:00:00,292.0,2,21.7,30.9,50.0,8,140,5
2026-05-20 09:00:00,509.0,0,21.6,33.0,50.0,9,140,5
2026-05-20 10:00:00,707.0,2,22.2,35.2,44.060954524240564,10,140,5
2026-05-20 11:00:00,855.0,0,22.3,37.6,47.55147067949948,11,140,5
2026-05-20 12:00:00,954.0,0,24.0,39.3,45.69057946755722,12,140,5
2026-05-20 13:00:00,977.0,4,26.5,40.2,0.0,13,140,5
2026-05-20 14:00:00,923.0,2,27.9,40.4,0.0,14,140,5
2026-05-20 15:00:00,809.0,0,27.6,40.4,0.0,15,140,5
2026-05-20 16:00:00,648.0,0,27.4,39.7,0.0,16,140,5
2026-05-20 17:00:00,439.0,0,27.2,37.9,0.0,17,140,5
2026-05-20 18:00:00,222.0,0,25.3,35.6,0.0,18,140,5
2026-05-20 19:00:00,46.0,0,23.0,32.9,50.0,19,140,5
2026-05-20 20:00:00,0.0,0,21.2,30.9,46.20890493418407,20,140,5
2026-05-20 21:00:00,0.0,0,19.6,29.7,45.346200705002055,21,140,5
2026-05-20 22:00:00,0.0,0,16.8,28.8,50.0,22,140,5
2026-05-20 23:00:00,0.0,1,15.3,28.5,49.98839852367553,23,140,5
2026-05-21 00:00:00,0.0,3,14.2,28.0,49.056126093673335,0,141,5
2026-05-21 01:00:00,0.0,2,14.4,27.6,50.0,1,141,5
2026-05-21 02:00:00,0.0,2,14.5,27.3,41.12273182610301,2,141,5
2026-05-21 03:00:00,0.0,11,14.3,27.0,50.0,3,141,5
2026-05-21 04:00:00,0.0,7,13.9,27.0,48.43572237454708,4,141,5
2026-05-21 05:00:00,0.0,1,12.2,26.9,42.36681147421623,5,141,5
2026-05-21 06:00:00,4.0,0,10.6,26.9,31.367327842903872,6,141,5
2026-05-21 07:00:00,103.0,0,13.0,28.4,50.0,7,141,5
2026-05-21 08:00:00,301.0,2,15.3,30.3,49.954299026041596,8,141,5
2026-05-21 09:00:00,516.0,6,15.8,32.5,48.54451462114526,9,141,5
2026-05-21 10:00:00,708.0,1,16.5,34.9,49.18500753026486,10,141,5
2026-05-21 11:00:00,865.0,0,17.3,37.3,50.0,11,141,5
2026-05-21 12:00:00,952.0,0,19.4,39.0,48.57837825650497,12,141,5
2026-05-21 13:00:00,972.0,0,20.9,39.8,50.0,13,141,5
2026-05-21 14:00:00,923.0,0,22.6,40.0,50.0,14,141,5
2026-05-21 15:00:00,809.0,0,24.2,39.6,42.49159844537578,15,141,5
2026-05-21 16:00:00,642.0,0,25.1,38.7,0.0,16,141,5
2026-05-21 17:00:00,437.0,0,23.1,37.4,50.0,17,141,5
2026-05-21 18:00:00,221.0,0,22.0,35.6,50.0,18,141,5
2026-05-21 19:00:00,47.0,0,20.3,33.1,45.43629499177887,19,141,5
2026-05-21 20:00:00,0.0,0,20.1,31.0,50.0,20,141,5
2026-05-21 21:00:00,0.0,0,18.7,29.5,50.0,21,141,5
2026-05-21 22:00:00,0.0,0,17.2,28.7,49.171033528063745,22,141,5
2026-05-21 23:00:00,0.0,0,16.8,28.4,48.49284160173632,23,141,5
2026-05-22 00:00:00,0.0,2,15.3,27.9,49.8484819930562,0,142,5
2026-05-22 01:00:00,0.0,10,12.8,27.5,43.66582614403243,1,142,5
2026-05-22 02:00:00,0.0,9,12.1,27.3,39.07936658162478,2,142,5
2026-05-22 03:00:00,0.0,4,11.5,27.1,35.39606890094105,3,142,5
2026-05-22 04:00:00,0.0,1,10.5,26.8,26.471601330956602,4,142,5
2026-05-22 05:00:00,0.0,91,12.6,27.2,45.04061559242353,5,142,5
2026-05-22 06:00:00,4.0,91,13.5,27.5,48.83476698821537,6,142,5
2026-05-22 07:00:00,86.0,20,13.0,28.3,37.30923685528286,7,142,5
2026-05-22 08:00:00,289.0,5,11.9,29.9,50.0,8,142,5
2026-05-22 09:00:00,511.0,2,11.1,32.1,35.52205754572632,9,142,5
2026-05-22 10:00:00,708.0,1,11.3,34.6,35.59199986180099,10,142,5
2026-05-22 11:00:00,857.0,0,11.0,36.4,37.65727675194391,11,142,5
2026-05-22 12:00:00,944.0,0,11.7,38.4,41.73305018368428,12,142,5
2026-05-22 13:00:00,967.0,0,12.8,39.8,42.089593039979675,13,142,5
2026-05-22 14:00:00,917.0,2,15.7,40.7,48.70182947643449,14,142,5
2026-05-22 15:00:00,792.0,4,19.7,40.4,44.23675993867463,15,142,5
2026-05-22 16:00:00,610.0,0,21.9,39.2,44.81967074012002,16,142,5
2026-05-22 17:00:00,423.0,0,23.1,37.7,49.87360143270975,17,142,5
2026-05-22 18:00:00,216.0,0,23.2,35.6,50.0,18,142,5
2026-05-22 19:00:00,46.0,0,21.7,33.2,48.37607418486881,19,142,5
2026-05-22 20:00:00,0.0,0,21.0,31.1,45.78196987247679,20,142,5
2026-05-22 21:00:00,0.0,0,18.6,29.6,41.94580012058821,21,142,5
2026-05-22 22:00:00,0.0,0,17.3,28.7,44.590386675678644,22,142,5
2026-05-22 23:00:00,0.0,5,17.0,28.6,46.79246283089452,23,142,5
2026-05-23 00:00:00,0.0,8,16.9,28.3,45.30052479922231,0,143,5
2026-05-23 01:00:00,0.0,9,16.5,28.2,49.566373313815475,1,143,5
2026-05-23 02:00:00,0.0,2,16.0,28.0,50.0,2,143,5
2026-05-23 03:00:00,0.0,3,14.3,27.6,46.399836357801505,3,143,5
2026-05-23 04:00:00,0.0,17,13.3,27.4,50.0,4,143,5
2026-05-23 05:00:00,0.0,73,12.1,27.5,44.80476941277827,5,143,5
2026-05-23 06:00:00,4.0,100,12.3,27.9,44.41157255801025,6,143,5
2026-05-23 07:00:00,72.0,52,16.2,29.0,50.0,7,143,5
2026-05-23 08:00:00,262.0,20,15.3,30.5,47.856890975811126,8,143,5
2026-05-23 09:00:00,492.0,9,14.5,32.4,48.74884319003631,9,143,5
2026-05-23 10:00:00,694.0,2,13.8,34.5,47.62496058415846,10,143,5
2026-05-23 11:00:00,849.0,1,12.7,36.4,46.657505721487425,11,143,5
2026-05-23 12:00:00,942.0,0,12.5,38.2,43.08985772244776,12,143,5
2026-05-23 13:00:00,962.0,0,13.6,39.7,50.0,13,143,5
2026-05-23 14:00:00,912.0,0,17.0,40.4,50.0,14,143,5
2026-05-23 15:00:00,796.0,0,21.4,39.9,50.0,15,143,5
2026-05-23 16:00:00,627.0,0,22.8,38.7,50.0,16,143,5
2026-05-23 17:00:00,428.0,0,22.8,37.7,50.0,17,143,5
2026-05-23 18:00:00,216.0,0,22.7,35.9,44.887335272162524,18,143,5
2026-05-23 19:00:00,47.0,0,21.6,33.5,49.9502367833029,19,143,5
2026-05-23 20:00:00,0.0,0,21.2,31.4,47.94579753773632,20,143,5
2026-05-23 21:00:00,0.0,0,20.7,29.9,50.0,21,143,5
2026-05-23 22:00:00,0.0,0,20.1,29.1,45.27642448941717,22,143,5
2026-05-23 23:00:00,0.0,0,19.4,28.7,47.72168289092053,23,143,5
2026-05-24 00:00:00,0.0,2,18.7,28.4,50.0,0,144,5
2026-05-24 01:00:00,0.0,2,17.3,28.2,46.774387892439044,1,144,5
2026-05-24 02:00:00,0.0,6,16.9,28.0,45.680161190111825,2,144,5
2026-05-24 03:00:00,0.0,9,16.0,27.8,49.13593686083918,3,144,5
2026-05-24 04:00:00,0.0,7,15.6,27.8,48.86907997332662,4,144,5
2026-05-24 05:00:00,0.0,6,16.4,27.9,50.0,5,144,5
2026-05-24 06:00:00,4.0,9,17.1,28.0,50.0,6,144,5
2026-05-24 07:00:00,97.0,14,20.9,29.1,43.825276887725686,7,144,5
2026-05-24 08:00:00,276.0,16,23.2,30.7,49.225775598319835,8,144,5
2026-05-24 09:00:00,480.0,4,23.4,32.4,46.66419675188255,9,144,5
2026-05-24 10:00:00,687.0,2,23.4,34.4,47.69437632186448,10,144,5
2026-05-24 11:00:00,845.0,2,22.6,36.5,45.12153961949296,11,144,5
2026-05-24 12:00:00,934.0,2,22.9,37.9,50.0,12,144,5
2026-05-24 13:00:00,960.0,0,23.5,38.8,45.88960350747307,13,144,5
2026-05-24 14:00:00,916.0,0,23.8,39.2,50.0,14,144,5
2026-05-24 15:00:00,806.0,0,24.6,39.2,50.0,15,144,5
2026-05-24 16:00:00,640.0,0,26.5,38.2,0.0,16,144,5
2026-05-24 17:00:00,434.0,0,25.7,36.1,0.0,17,144,5
2026-05-24 18:00:00,218.0,0,25.4,33.6,0.0,18,144,5
2026-05-24 19:00:00,48.0,0,24.2,31.4,50.0,19,144,5
2026-05-24 20:00:00,0.0,0,22.9,30.3,50.0,20,144,5
2026-05-24 21:00:00,0.0,0,21.7,29.6,45.183204039947725,21,144,5
2026-05-24 22:00:00,0.0,0,21.0,29.2,50.0,22,144,5
2026-05-24 23:00:00,0.0,0,20.0,28.9,50.0,23,144,5
2026-05-25 00:00:00,0.0,0,18.7,28.3,49.239695865949194,0,145,5
2026-05-25 01:00:00,0.0,0,17.8,27.8,46.73982196240181,1,145,5
2026-05-25 02:00:00,0.0,3,18.3,27.4,50.0,2,145,5
2026-05-25 03:00:00,0.0,5,18.6,27.3,50.0,3,145,5
2026-05-25 04:00:00,0.0,2,17.8,27.3,47.72447302309335,4,145,5
2026-05-25 05:00:00,0.0,2,17.9,27.5,41.282647686858326,5,145,5
2026-05-25 06:00:00,4.0,1,18.5,27.4,47.9756191856095,6,145,5
2026-05-25 07:00:00,101.0,4,21.9,28.6,50.0,7,145,5
2026-05-25 08:00:00,290.0,2,23.7,30.4,50.0,8,145,5
2026-05-25 09:00:00,505.0,0,24.3,32.5,50.0,9,145,5
2026-05-25 10:00:00,700.0,10,25.7,34.4,0.0,10,145,5
2026-05-25 11:00:00,835.0,17,25.9,36.0,0.0,11,145,5
2026-05-25 12:00:00,907.0,14,27.2,36.9,0.0,12,145,5
2026-05-25 13:00:00,924.0,17,28.9,37.2,0.0,13,145,5
2026-05-25 14:00:00,869.0,11,29.8,37.1,0.0,14,145,5
2026-05-25 15:00:00,773.0,3,30.2,36.5,0.0,15,145,5
2026-05-25 16:00:00,623.0,1,29.4,35.7,0.0,16,145,5
2026-05-25 17:00:00,421.0,2,26.6,34.7,0.0,17,145,5
2026-05-25 18:00:00,212.0,0,26.0,33.4,0.0,18,145,5
2026-05-25 19:00:00,47.0,1,24.7,32.1,44.96253634239121,19,145,5
2026-05-25 20:00:00,0.0,1,23.4,31.2,46.62631538078656,20,145,5
2026-05-25 21:00:00,0.0,2,21.8,30.5,47.795156914351885,21,145,5
2026-05-25 22:00:00,0.0,7,20.3,29.9,50.0,22,145,5
2026-05-25 23:00:00,0.0,8,18.9,29.8,46.04906545591761,23,145,5
2026-05-26 00:00:00,0.0,9,18.4,29.4,48.605546736930066,0,146,5
2026-05-26 01:00:00,0.0,9,16.5,29.0,48.94278781070065,1,146,5
2026-05-26 02:00:00,0.0,9,16.3,28.7,44.69037837474625,2,146,5
2026-05-26 03:00:00,0.0,5,16.4,28.3,45.54648084067418,3,146,5
2026-05-26 04:00:00,0.0,2,16.1,28.0,50.0,4,146,5
2026-05-26 05:00:00,0.0,2,15.6,28.0,50.0,5,146,5
2026-05-26 06:00:00,5.0,1,16.6,28.0,50.0,6,146,5
2026-05-26 07:00:00,102.0,5,20.4,29.4,49.06013663153158,7,146,5
2026-05-26 08:00:00,292.0,3,21.7,31.3,46.90360823089666,8,146,5
2026-05-26 09:00:00,506.0,1,21.2,33.3,47.007617802482855,9,146,5
2026-05-26 10:00:00,699.0,2,21.0,35.3,46.11121390444935,10,146,5
2026-05-26 11:00:00,843.0,2,21.5,37.2,48.08770440209954,11,146,5
2026-05-26 12:00:00,933.0,2,22.5,38.3,50.0,12,146,5
2026-05-26 13:00:00,950.0,5,23.9,38.7,48.52521705871952,13,146,5
2026-05-26 14:00:00,898.0,7,25.0,38.7,41.4007331966476,14,146,5
2026-05-26 15:00:00,783.0,5,25.2,38.3,0.0,15,146,5
2026-05-26 16:00:00,623.0,5,25.2,37.4,0.0,16,146,5
2026-05-26 17:00:00,422.0,2,23.2,36.2,36.40138068819887,17,146,5
2026-05-26 18:00:00,218.0,1,22.9,34.3,46.87838150354955,18,146,5
2026-05-26 19:00:00,49.0,0,21.5,32.4,49.92508377346299,19,146,5
2026-05-26 20:00:00,0.0,1,21.0,31.1,48.60930111028243,20,146,5
2026-05-26 21:00:00,0.0,0,20.5,30.1,44.92334432129922,21,146,5
2026-05-26 22:00:00,0.0,2,19.2,29.6,49.245107036555105,22,146,5
2026-05-26 23:00:00,0.0,2,17.1,29.4,50.0,23,146,5
2026-05-27 00:00:00,0.0,0,17.9,29.0,50.0,0,147,5
2026-05-27 01:00:00,0.0,0,15.3,28.6,50.0,1,147,5
2026-05-27 02:00:00,0.0,9,16.3,28.3,49.473677583508916,2,147,5
2026-05-27 03:00:00,0.0,1,16.2,28.1,47.30972059137427,3,147,5
2026-05-27 04:00:00,0.0,2,14.4,27.7,50.0,4,147,5
2026-05-27 05:00:00,0.0,4,14.3,27.7,46.607692171838806,5,147,5
2026-05-27 06:00:00,5.0,2,15.4,27.9,45.5730409664288,6,147,5
2026-05-27 07:00:00,101.0,4,18.7,29.2,42.966847824175105,7,147,5
2026-05-27 08:00:00,293.0,1,19.6,31.0,49.11318922995839,8,147,5
2026-05-27 09:00:00,508.0,2,19.2,33.2,50.0,9,147,5
2026-05-27 10:00:00,697.0,4,18.0,35.3,50.0,10,147,5
2026-05-27 11:00:00,843.0,3,17.7,37.3,44.35846582402723,11,147,5
2026-05-27 12:00:00,932.0,3,19.7,38.9,49.269369953551816,12,147,5
2026-05-27 13:00:00,950.0,2,22.5,39.6,43.30356428814634,13,147,5
2026-05-27 14:00:00,904.0,1,24.3,39.8,50.0,14,147,5
2026-05-27 15:00:00,798.0,1,25.3,39.5,0.0,15,147,5
2026-05-27 16:00:00,634.0,0,26.3,38.3,0.0,16,147,5
2026-05-27 17:00:00,432.0,0,25.8,36.6,0.0,17,147,5
2026-05-27 18:00:00,220.0,0,25.0,34.3,45.90299647014802,18,147,5
2026-05-27 19:00:00,50.0,0,23.7,32.1,47.41721325272635,19,147,5
2026-05-27 20:00:00,0.0,0,22.4,30.6,50.0,20,147,5
2026-05-27 21:00:00,0.0,1,21.0,29.7,43.61774984800782,21,147,5
2026-05-27 22:00:00,0.0,0,19.7,29.2,44.09250023019502,22,147,5
2026-05-27 23:00:00,0.0,2,19.3,29.2,49.6545204156909,23,147,5
2026-05-28 00:00:00,0.0,2,18.5,28.8,45.38487266853529,0,148,5
2026-05-28 01:00:00,0.0,4,18.8,28.5,47.02980251416156,1,148,5
2026-05-28 02:00:00,0.0,9,18.8,28.4,46.47177890205465,2,148,5
2026-05-28 03:00:00,0.0,23,18.7,28.5,50.0,3,148,5
2026-05-28 04:00:00,0.0,7,18.7,28.5,50.0,4,148,5
2026-05-28 05:00:00,0.0,24,18.0,28.2,45.94454991617111,5,148,5
2026-05-28 06:00:00,5.0,5,18.7,28.2,41.46772149137966,6,148,5
2026-05-28 07:00:00,101.0,2,22.7,29.4,46.35521754674496,7,148,5
2026-05-28 08:00:00,294.0,2,25.3,31.1,0.0,8,148,5
2026-05-28 09:00:00,504.0,1,24.8,33.3,49.091161735301704,9,148,5
2026-05-28 10:00:00,697.0,9,24.0,35.4,47.11891210072883,10,148,5
2026-05-28 11:00:00,828.0,11,25.5,37.2,0.0,11,148,5
2026-05-28 12:00:00,911.0,3,26.9,38.1,0.0,12,148,5
2026-05-28 13:00:00,947.0,0,28.3,38.8,0.0,13,148,5
2026-05-28 14:00:00,908.0,0,29.4,38.7,0.0,14,148,5
2026-05-28 15:00:00,799.0,0,30.2,38.2,0.0,15,148,5
2026-05-28 16:00:00,632.0,2,30.6,37.0,0.0,16,148,5
2026-05-28 17:00:00,430.0,0,29.9,35.9,0.0,17,148,5
2026-05-28 18:00:00,221.0,0,29.2,34.0,0.0,18,148,5
2026-05-28 19:00:00,50.0,0,25.8,32.1,0.0,19,148,5
2026-05-28 20:00:00,0.0,0,23.1,30.7,44.50329318832243,20,148,5
2026-05-28 21:00:00,0.0,1,22.0,29.7,50.0,21,148,5
2026-05-28 22:00:00,0.0,1,22.3,29.3,49.17677074806611,22,148,5
2026-05-28 23:00:00,0.0,4,20.9,29.2,48.9840036061848,23,148,5
2026-05-29 00:00:00,0.0,8,18.3,28.9,50.0,0,149,5
2026-05-29 01:00:00,0.0,10,22.0,28.9,50.0,1,149,5
2026-05-29 02:00:00,0.0,12,24.0,28.7,44.725569498769694,2,149,5
2026-05-29 03:00:00,0.0,7,24.9,28.5,48.743353351363666,3,149,5
2026-05-29 04:00:00,0.0,8,24.7,28.5,47.43595898706478,4,149,5
2026-05-29 05:00:00,0.0,1,26.9,28.4,0.0,5,149,5
2026-05-29 06:00:00,5.0,2,25.1,28.6,0.0,6,149,5
2026-05-29 07:00:00,100.0,12,27.7,29.9,0.0,7,149,5
2026-05-29 08:00:00,279.0,13,27.7,31.7,0.0,8,149,5
2026-05-29 09:00:00,481.0,12,29.2,33.4,0.0,9,149,5
2026-05-29 10:00:00,677.0,12,30.6,35.1,0.0,10,149,5
2026-05-29 11:00:00,808.0,17,31.3,36.8,0.0,11,149,5
2026-05-29 12:00:00,870.0,16,31.4,37.4,0.0,12,149,5
2026-05-29 13:00:00,904.0,7,31.5,37.9,0.0,13,149,5
2026-05-29 14:00:00,887.0,5,32.7,38.0,0.0,14,149,5
2026-05-29 15:00:00,782.0,4,33.5,37.3,0.0,15,149,5
2026-05-29 16:00:00,623.0,3,33.1,36.5,0.0,16,149,5
2026-05-29 17:00:00,427.0,2,31.0,35.0,0.0,17,149,5
2026-05-29 18:00:00,219.0,1,29.7,33.2,0.0,18,149,5
2026-05-29 19:00:00,51.0,3,28.4,31.3,0.0,19,149,5
2026-05-29 20:00:00,0.0,2,25.2,30.4,0.0,20,149,5
2026-05-29 21:00:00,0.0,2,22.2,29.9,50.0,21,149,5
2026-05-29 22:00:00,0.0,2,21.9,29.5,46.280466417845766,22,149,5
2026-05-29 23:00:00,0.0,16,19.7,29.4,46.11263386796066,23,149,5
2026-05-30 00:00:00,0.0,14,20.9,29.1,47.50693700978039,0,150,5
2026-05-30 01:00:00,0.0,5,19.7,28.9,50.0,1,150,5
2026-05-30 02:00:00,0.0,3,19.4,28.8,49.74998388943844,2,150,5
2026-05-30 03:00:00,0.0,7,21.5,28.7,48.269501388302444,3,150,5
2026-05-30 04:00:00,0.0,5,22.5,28.5,48.67085143377232,4,150,5
2026-05-30 05:00:00,0.0,2,22.0,28.2,42.05952450348616,5,150,5
2026-05-30 06:00:00,5.0,2,23.0,28.5,48.5080382358455,6,150,5
2026-05-30 07:00:00,101.0,20,25.5,29.8,0.0,7,150,5
2026-05-30 08:00:00,273.0,23,26.3,31.8,0.0,8,150,5
2026-05-30 09:00:00,474.0,12,26.1,33.5,0.0,9,150,5
2026-05-30 10:00:00,666.0,13,24.3,35.2,50.0,10,150,5
2026-05-30 11:00:00,810.0,16,22.2,36.9,50.0,11,150,5
2026-05-30 12:00:00,854.0,14,23.7,37.6,44.54895565281361,12,150,5
2026-05-30 13:00:00,901.0,11,26.3,38.1,0.0,13,150,5
2026-05-30 14:00:00,856.0,12,27.8,38.1,0.0,14,150,5
2026-05-30 15:00:00,766.0,8,28.1,37.6,0.0,15,150,5
2026-05-30 16:00:00,607.0,7,28.8,36.5,0.0,16,150,5
2026-05-30 17:00:00,412.0,21,27.5,35.2,0.0,17,150,5
2026-05-30 18:00:00,211.0,5,26.9,33.4,0.0,18,150,5
2026-05-30 19:00:00,51.0,14,26.9,31.8,0.0,19,150,5
2026-05-30 20:00:00,0.0,16,26.2,30.8,0.0,20,150,5
2026-05-30 21:00:00,0.0,24,25.1,30.4,0.0,21,150,5
2026-05-30 22:00:00,0.0,9,21.7,30.1,49.25476713801965,22,150,5
2026-05-30 23:00:00,0.0,2,18.9,29.7,48.900942580744875,23,150,5
2026-05-31 00:00:00,0.0,7,18.5,29.4,50.0,0,151,5
2026-05-31 01:00:00,0.0,13,17.9,29.2,49.160651471341545,1,151,5
2026-05-31 02:00:00,0.0,13,16.8,29.1,50.0,2,151,5
2026-05-31 03:00:00,0.0,9,15.5,28.8,47.98681907706853,3,151,5
2026-05-31 04:00:00,0.0,34,13.9,28.7,46.58123377091442,4,151,5
2026-05-31 05:00:00,0.0,21,11.1,29.1,32.947987443155476,5,151,5
2026-05-31 06:00:00,5.0,33,11.5,29.0,40.710668718288176,6,151,5
2026-05-31 07:00:00,93.0,15,16.5,30.1,50.0,7,151,5
2026-05-31 08:00:00,275.0,14,18.2,31.8,45.52251634294815,8,151,5
2026-05-31 09:00:00,465.0,19,19.0,33.7,50.0,9,151,5
2026-05-31 10:00:00,643.0,14,18.3,35.6,46.30153600336478,10,151,5
2026-05-31 11:00:00,783.0,5,18.4,37.2,46.13218547490388,11,151,5
2026-05-31 12:00:00,906.0,9,19.3,38.3,50.0,12,151,5
2026-05-31 13:00:00,911.0,18,20.5,38.7,46.54691555044983,13,151,5
2026-05-31 14:00:00,853.0,13,21.0,38.9,49.10917782434974,14,151,5
2026-05-31 15:00:00,758.0,8,23.2,38.7,50.0,15,151,5
2026-05-31 16:00:00,610.0,4,24.0,37.8,50.0,16,151,5
2026-05-31 17:00:00,423.0,5,23.0,36.1,50.0,17,151,5
2026-05-31 18:00:00,217.0,5,22.2,34.5,50.0,18,151,5
2026-05-31 19:00:00,51.0,4,21.5,32.8,50.0,19,151,5
2026-05-31 20:00:00,0.0,3,21.0,31.8,50.0,20,151,5
2026-05-31 21:00:00,0.0,1,21.1,31.1,47.69976904829004,21,151,5
2026-05-31 22:00:00,0.0,1,21.0,30.7,50.0,22,151,5
2026-05-31 23:00:00,0.0,0,19.7,30.4,48.950616182237425,23,151,5
2026-06-01 00:00:00,0.0,0,19.0,29.9,50.0,0,152,6
2026-06-01 01:00:00,0.0,3,16.3,29.6,49.87345132500306,1,152,6
2026-06-01 02:00:00,0.0,27,13.0,29.4,50.0,2,152,6
2026-06-01 03:00:00,0.0,45,13.6,29.3,50.0,3,152,6
2026-06-01 04:00:00,0.0,81,12.4,29.1,49.678442273981005,4,152,6
2026-06-01 05:00:00,0.0,67,10.4,29.4,26.816455129142547,5,152,6
2026-06-01 06:00:00,4.0,44,12.7,29.4,50.0,6,152,6
2026-06-01 07:00:00,85.0,13,15.8,30.2,47.45835040622964,7,152,6
2026-06-01 08:00:00,269.0,23,15.4,31.8,41.19419923235055,8,152,6
2026-06-01 09:00:00,463.0,57,17.8,33.7,50.0,9,152,6
2026-06-01 10:00:00,553.0,38,16.9,35.2,50.0,10,152,6
2026-06-01 11:00:00,732.0,94,15.6,36.3,46.67550949031793,11,152,6
2026-06-01 12:00:00,779.0,41,18.2,37.7,50.0,12,152,6
2026-06-01 13:00:00,825.0,77,18.4,38.1,50.0,13,152,6
2026-06-01 14:00:00,751.0,38,19.2,38.3,45.950405397342344,14,152,6
2026-06-01 15:00:00,686.0,73,20.1,38.2,40.135646635607806,15,152,6
2026-06-01 16:00:00,518.0,7,19.5,37.4,46.97909839492793,16,152,6
2026-06-01 17:00:00,403.0,28,18.9,36.5,42.742084180878926,17,152,6
2026-06-01 18:00:00,195.0,33,19.4,35.3,50.0,18,152,6
2026-06-01 19:00:00,48.0,1,22.1,33.5,50.0,19,152,6
2026-06-01 20:00:00,0.0,2,20.5,32.1,46.16671802056669,20,152,6
2026-06-01 21:00:00,0.0,0,18.6,31.5,50.0,21,152,6
2026-06-01 22:00:00,0.0,1,17.7,31.0,49.79230536122949,22,152,6
2026-06-01 23:00:00,0.0,0,13.0,30.8,50.0,23,152,6
2026-06-02 00:00:00,0.0,0,13.2,30.4,47.30897926029619,0,153,6
2026-06-02 01:00:00,0.0,0,13.6,30.0,48.99433446295592,1,153,6
2026-06-02 02:00:00,0.0,0,13.8,29.7,44.42929364083616,2,153,6
2026-06-02 03:00:00,0.0,0,14.7,29.4,50.0,3,153,6
2026-06-02 04:00:00,0.0,30,14.3,29.1,50.0,4,153,6
2026-06-02 05:00:00,0.0,66,14.7,28.4,50.0,5,153,6
2026-06-02 06:00:00,5.0,18,15.4,28.3,45.11827591740674,6,153,6
2026-06-02 07:00:00,99.0,42,19.8,29.3,50.0,7,153,6
2026-06-02 08:00:00,273.0,46,23.5,31.3,47.78375919751153,8,153,6
2026-06-02 09:00:00,483.0,7,20.1,33.2,50.0,9,153,6
2026-06-02 10:00:00,673.0,15,18.3,35.1,50.0,10,153,6
2026-06-02 11:00:00,812.0,5,12.4,36.7,49.23543290324753,11,153,6
2026-06-02 12:00:00,917.0,24,10.6,38.1,26.110670480820616,12,153,6
2026-06-02 13:00:00,932.0,38,10.8,39.0,34.048946419214985,13,153,6
2026-06-02 14:00:00,860.0,30,10.8,39.5,30.92787648367454,14,153,6
2026-06-02 15:00:00,725.0,21,10.0,39.3,22.652517108688304,15,153,6
2026-06-02 16:00:00,567.0,20,6.6,38.9,2.8473553326785788,16,153,6
2026-06-02 17:00:00,392.0,16,8.6,38.9,9.021083788860913,17,153,6
2026-06-02 18:00:00,210.0,14,14.3,37.8,48.43267368036305,18,153,6
2026-06-02 19:00:00,50.0,10,19.6,35.8,50.0,19,153,6
2026-06-02 20:00:00,0.0,4,23.1,32.9,48.730440723409046,20,153,6
2026-06-02 21:00:00,0.0,5,17.9,31.8,44.001981471634025,21,153,6
2026-06-02 22:00:00,0.0,0,18.3,31.0,43.600340427015766,22,153,6
2026-06-02 23:00:00,0.0,3,20.5,30.2,50.0,23,153,6
2026-06-03 00:00:00,0.0,13,16.7,29.6,50.0,0,154,6
2026-06-03 01:00:00,0.0,12,10.4,29.3,28.18158889931739,1,154,6
2026-06-03 02:00:00,0.0,20,8.8,29.2,12.41011027883182,2,154,6
2026-06-03 03:00:00,0.0,19,11.2,29.0,33.11150862668056,3,154,6
2026-06-03 04:00:00,0.0,22,12.6,28.8,44.34977778170422,4,154,6
2026-06-03 05:00:00,0.0,4,11.5,28.6,44.403943281399904,5,154,6
2026-06-03 06:00:00,5.0,8,10.7,28.5,30.437422395553227,6,154,6
2026-06-03 07:00:00,98.0,0,11.7,29.5,41.09110043869417,7,154,6
2026-06-03 08:00:00,285.0,12,10.7,31.2,31.357429458885647,8,154,6
2026-06-03 09:00:00,489.0,5,12.7,33.3,47.90052634062558,9,154,6
2026-06-03 10:00:00,675.0,2,13.8,35.6,44.720202549465455,10,154,6
2026-06-03 11:00:00,821.0,1,14.6,37.7,47.99499621063796,11,154,6
2026-06-03 12:00:00,909.0,0,17.4,39.1,47.902351416736984,12,154,6
2026-06-03 13:00:00,935.0,5,18.5,39.9,45.62113039772792,13,154,6
2026-06-03 14:00:00,879.0,33,19.1,39.6,47.44429067097065,14,154,6
2026-06-03 15:00:00,677.0,12,20.1,38.9,50.0,15,154,6
2026-06-03 16:00:00,589.0,9,21.7,38.5,46.82692015088707,16,154,6
2026-06-03 17:00:00,412.0,0,21.0,37.6,50.0,17,154,6
2026-06-03 18:00:00,221.0,2,20.5,36.0,50.0,18,154,6
2026-06-03 19:00:00,53.0,1,19.4,34.1,45.425045218371565,19,154,6
2026-06-03 20:00:00,0.0,0,20.4,32.3,44.03068562952005,20,154,6
2026-06-03 21:00:00,0.0,0,18.4,31.0,47.9857768860229,21,154,6
2026-06-03 22:00:00,0.0,0,16.8,30.2,44.71647633526742,22,154,6
2026-06-03 23:00:00,0.0,3,14.9,29.8,50.0,23,154,6
2026-06-04 00:00:00,0.0,3,15.9,29.6,43.78311495334958,0,155,6
2026-06-04 01:00:00,0.0,2,15.0,29.3,48.42110449920685,1,155,6
2026-06-04 02:00:00,0.0,7,14.1,29.1,48.55671945919991,2,155,6
2026-06-04 03:00:00,0.0,6,14.1,28.9,48.72913886517362,3,155,6
2026-06-04 04:00:00,0.0,17,12.7,28.8,47.52064826521537,4,155,6
2026-06-04 05:00:00,0.0,20,13.4,29.1,50.0,5,155,6
2026-06-04 06:00:00,4.0,23,16.3,29.3,44.85255436563069,6,155,6
2026-06-04 07:00:00,89.0,13,19.2,30.1,48.64086447217744,7,155,6
2026-06-04 08:00:00,273.0,29,22.0,31.8,49.36799116959101,8,155,6
2026-06-04 09:00:00,460.0,17,23.4,33.6,50.0,9,155,6
2026-06-04 10:00:00,653.0,17,23.6,35.1,50.0,10,155,6
2026-06-04 11:00:00,784.0,20,24.8,36.9,50.0,11,155,6
2026-06-04 12:00:00,885.0,4,26.2,37.7,0.0,12,155,6
2026-06-04 13:00:00,931.0,8,26.3,38.1,0.0,13,155,6
2026-06-04 14:00:00,886.0,5,27.5,37.9,0.0,14,155,6
2026-06-04 15:00:00,776.0,5,28.7,37.2,0.0,15,155,6
2026-06-04 16:00:00,619.0,5,28.5,36.1,0.0,16,155,6
2026-06-04 17:00:00,430.0,12,27.3,35.0,0.0,17,155,6
2026-06-04 18:00:00,217.0,9,27.3,33.4,0.0,18,155,6
2026-06-04 19:00:00,54.0,4,25.6,32.1,0.0,19,155,6
2026-06-04 20:00:00,0.0,5,24.4,31.4,49.93415097997583,20,155,6
2026-06-04 21:00:00,0.0,5,23.3,31.1,49.927872751688604,21,155,6
2026-06-04 22:00:00,0.0,5,22.5,30.7,50.0,22,155,6
2026-06-04 23:00:00,0.0,5,21.8,30.2,50.0,23,155,6
2026-06-05 00:00:00,0.0,13,20.0,30.0,44.010498107666656,0,156,6
2026-06-05 01:00:00,0.0,16,19.1,29.9,42.790273816896885,1,156,6
2026-06-05 02:00:00,0.0,25,20.5,29.6,44.985779977600366,2,156,6
2026-06-05 03:00:00,0.0,5,19.2,29.3,49.23392466802675,3,156,6
2026-06-05 04:00:00,0.0,5,17.6,28.9,50.0,4,156,6
2026-06-05 05:00:00,0.0,3,18.2,29.1,48.88411908477103,5,156,6
2026-06-05 06:00:00,5.0,6,17.6,29.1,50.0,6,156,6
2026-06-05 07:00:00,98.0,15,20.0,30.2,50.0,7,156,6
2026-06-05 08:00:00,278.0,27,20.4,31.9,50.0,8,156,6
2026-06-05 09:00:00,465.0,13,20.9,33.7,50.0,9,156,6
2026-06-05 10:00:00,654.0,33,19.7,35.7,46.11599060548959,10,156,6
2026-06-05 11:00:00,766.0,22,17.9,37.6,47.62162998323154,11,156,6
2026-06-05 12:00:00,834.0,24,18.7,38.6,41.685486500285535,12,156,6
2026-06-05 13:00:00,865.0,57,19.5,39.1,46.271990586894034,13,156,6
2026-06-05 14:00:00,795.0,36,21.8,38.9,50.0,14,156,6
2026-06-05 15:00:00,695.0,2,20.2,38.6,49.240027286502794,15,156,6
2026-06-05 16:00:00,609.0,5,21.2,38.4,48.00595505838499,16,156,6
2026-06-05 17:00:00,419.0,2,22.8,36.9,41.17367130258782,17,156,6
2026-06-05 18:00:00,223.0,3,23.6,35.0,47.61668638539874,18,156,6
2026-06-05 19:00:00,55.0,1,23.9,33.1,47.76565061433732,19,156,6
2026-06-05 20:00:00,0.0,0,22.3,31.8,50.0,20,156,6
2026-06-05 21:00:00,0.0,1,20.9,31.0,46.40329665033837,21,156,6
2026-06-05 22:00:00,0.0,2,19.6,30.5,43.858314003874106,22,156,6
2026-06-05 23:00:00,0.0,2,18.2,30.2,50.0,23,156,6
2026-06-06 00:00:00,0.0,2,14.5,29.8,50.0,0,157,6
2026-06-06 01:00:00,0.0,7,13.7,29.6,50.0,1,157,6
2026-06-06 02:00:00,0.0,15,12.1,29.4,48.49745924833138,2,157,6
2026-06-06 03:00:00,0.0,14,12.0,29.2,50.0,3,157,6
2026-06-06 04:00:00,0.0,13,13.0,28.9,48.2450374198666,4,157,6
2026-06-06 05:00:00,0.0,15,11.3,29.2,35.896199693067146,5,157,6
2026-06-06 06:00:00,5.0,10,13.8,29.4,49.61422059258182,6,157,6
2026-06-06 07:00:00,91.0,14,15.2,30.3,50.0,7,157,6
2026-06-06 08:00:00,272.0,21,15.6,31.9,49.906841946098965,8,157,6
2026-06-06 09:00:00,461.0,30,15.7,33.9,46.0135485831148,9,157,6
2026-06-06 10:00:00,651.0,9,16.1,35.6,48.31708867130874,10,157,6
2026-06-06 11:00:00,818.0,14,16.7,37.0,50.0,11,157,6
2026-06-06 12:00:00,892.0,6,17.5,38.2,49.4976188376745,12,157,6
2026-06-06 13:00:00,930.0,5,18.7,39.2,50.0,13,157,6
2026-06-06 14:00:00,891.0,2,22.2,39.3,46.35449788444825,14,157,6
2026-06-06 15:00:00,786.0,1,23.9,38.7,46.49255972626159,15,157,6
2026-06-06 16:00:00,626.0,2,24.8,37.6,42.26126910465477,16,157,6
2026-06-06 17:00:00,430.0,0,25.2,35.8,0.0,17,157,6
2026-06-06 18:00:00,226.0,1,25.2,34.1,0.0,18,157,6
2026-06-06 19:00:00,56.0,0,23.4,32.4,50.0,19,157,6
2026-06-06 20:00:00,0.0,2,21.5,31.4,50.0,20,157,6
2026-06-06 21:00:00,0.0,0,20.5,30.9,45.166794137446,21,157,6
2026-06-06 22:00:00,0.0,1,20.4,30.5,50.0,22,157,6
2026-06-06 23:00:00,0.0,0,20.6,30.1,45.61183510594404,23,157,6
2026-06-07 00:00:00,0.0,3,17.0,29.7,43.70944898025613,0,158,6
2026-06-07 01:00:00,0.0,23,17.3,29.5,50.0,1,158,6
2026-06-07 02:00:00,0.0,25,17.3,29.3,40.95580545456244,2,158,6
2026-06-07 03:00:00,0.0,11,17.0,29.1,50.0,3,158,6
2026-06-07 04:00:00,0.0,9,16.3,28.7,50.0,4,158,6
2026-06-07 05:00:00,0.0,15,16.1,29.2,50.0,5,158,6
2026-06-07 06:00:00,5.0,2,14.6,29.1,44.69907154362875,6,158,6
2026-06-07 07:00:00,100.0,14,15.4,30.1,46.61213516683493,7,158,6
2026-06-07 08:00:00,271.0,36,16.3,31.8,50.0,8,158,6
2026-06-07 09:00:00,446.0,23,16.9,33.6,50.0,9,158,6
2026-06-07 10:00:00,646.0,7,17.6,35.2,50.0,10,158,6
2026-06-07 11:00:00,808.0,12,16.1,36.6,50.0,11,158,6
2026-06-07 12:00:00,906.0,5,17.1,38.2,42.69222998062424,12,158,6
2026-06-07 13:00:00,935.0,1,20.1,39.1,43.733488426399845,13,158,6
2026-06-07 14:00:00,897.0,0,22.3,39.2,50.0,14,158,6
2026-06-07 15:00:00,787.0,1,24.2,38.7,42.17486021077503,15,158,6
2026-06-07 16:00:00,624.0,1,24.6,37.8,43.501081443034984,16,158,6
2026-06-07 17:00:00,430.0,0,24.5,36.5,50.0,17,158,6
2026-06-07 18:00:00,226.0,2,25.2,34.9,0.0,18,158,6
2026-06-07 19:00:00,57.0,3,25.1,33.2,0.0,19,158,6
2026-06-07 20:00:00,0.0,33,25.0,32.1,41.15519493177497,20,158,6
2026-06-07 21:00:00,0.0,2,24.2,31.4,50.0,21,158,6
2026-06-07 22:00:00,0.0,3,24.5,30.6,50.0,22,158,6
2026-06-07 23:00:00,0.0,44,21.3,30.2,50.0,23,158,6
2026-06-08 00:00:00,0.0,15,21.1,29.9,50.0,0,159,6
2026-06-08 01:00:00,0.0,25,22.7,29.8,49.23660578124412,1,159,6
2026-06-08 02:00:00,0.0,17,19.0,29.5,50.0,2,159,6
2026-06-08 03:00:00,0.0,9,17.2,29.3,48.42185318887177,3,159,6
2026-06-08 04:00:00,0.0,3,15.1,29.0,48.42291005246642,4,159,6
2026-06-08 05:00:00,0.0,9,14.7,29.2,48.67306567117727,5,159,6
2026-06-08 06:00:00,5.0,2,15.8,29.1,50.0,6,159,6
2026-06-08 07:00:00,99.0,6,19.4,30.1,46.81053326024594,7,159,6
2026-06-08 08:00:00,281.0,17,20.0,31.8,47.43110241695004,8,159,6
2026-06-08 09:00:00,470.0,47,21.1,33.7,44.99644799080437,9,159,6
2026-06-08 10:00:00,615.0,13,21.6,35.2,49.36515280678505,10,159,6
2026-06-08 11:00:00,769.0,8,20.7,36.5,50.0,11,159,6
2026-06-08 12:00:00,893.0,16,22.6,37.7,46.06857361061509,12,159,6
2026-06-08 13:00:00,901.0,8,24.5,38.1,46.28703808349783,13,159,6
2026-06-08 14:00:00,879.0,7,25.3,38.4,0.0,14,159,6
2026-06-08 15:00:00,785.0,1,26.1,38.3,0.0,15,159,6
2026-06-08 16:00:00,632.0,0,27.2,37.4,0.0,16,159,6
2026-06-08 17:00:00,435.0,0,25.9,36.0,0.0,17,159,6
2026-06-08 18:00:00,228.0,1,25.5,34.4,0.0,18,159,6
2026-06-08 19:00:00,58.0,1,24.5,32.9,49.79374776217359,19,159,6
2026-06-08 20:00:00,0.0,0,23.2,31.9,47.97745324699169,20,159,6
2026-06-08 21:00:00,0.0,4,24.2,31.1,47.96837947307474,21,159,6
2026-06-08 22:00:00,0.0,35,23.6,30.7,48.63711430604183,22,159,6
2026-06-08 23:00:00,0.0,41,21.8,30.7,50.0,23,159,6
2026-06-09 00:00:00,0.0,27,19.7,30.1,48.92439415753253,0,160,6
2026-06-09 01:00:00,0.0,22,19.6,29.8,50.0,1,160,6
2026-06-09 02:00:00,0.0,17,18.9,29.6,45.57078897644911,2,160,6
2026-06-09 03:00:00,0.0,6,18.4,29.4,50.0,3,160,6
2026-06-09 04:00:00,0.0,2,19.7,29.0,49.604524260440314,4,160,6
2026-06-09 05:00:00,0.0,2,19.0,29.2,50.0,5,160,6
2026-06-09 06:00:00,5.0,2,19.0,29.1,50.0,6,160,6
2026-06-09 07:00:00,101.0,9,23.2,30.1,42.8773003696258,7,160,6
2026-06-09 08:00:00,283.0,8,24.3,31.8,48.27058783986295,8,160,6
2026-06-09 09:00:00,485.0,5,23.8,33.6,50.0,9,160,6
2026-06-09 10:00:00,671.0,3,24.5,35.4,48.31168630966092,10,160,6
2026-06-09 11:00:00,815.0,7,24.7,36.9,46.46510690030302,11,160,6
2026-06-09 12:00:00,903.0,8,26.0,37.9,0.0,12,160,6
2026-06-09 13:00:00,919.0,9,27.8,38.5,0.0,13,160,6
2026-06-09 14:00:00,887.0,7,29.0,38.5,0.0,14,160,6
2026-06-09 15:00:00,781.0,4,29.9,38.1,0.0,15,160,6
2026-06-09 16:00:00,622.0,5,30.7,37.2,0.0,16,160,6
2026-06-09 17:00:00,426.0,6,28.5,35.8,0.0,17,160,6
2026-06-09 18:00:00,225.0,2,27.2,34.0,0.0,18,160,6
2026-06-09 19:00:00,58.0,5,25.2,32.7,0.0,19,160,6
2026-06-09 20:00:00,0.0,5,25.4,31.9,0.0,20,160,6
2026-06-09 21:00:00,0.0,13,25.3,31.2,0.0,21,160,6
2026-06-09 22:00:00,0.0,47,26.2,30.9,0.0,22,160,6
2026-06-09 23:00:00,0.0,20,23.9,30.5,50.0,23,160,6
2026-06-10 00:00:00,0.0,15,21.6,30.1,49.94069135484481,0,161,6
2026-06-10 01:00:00,0.0,40,21.5,29.9,50.0,1,161,6
2026-06-10 02:00:00,0.0,57,24.0,29.7,49.333600013290905,2,161,6
2026-06-10 03:00:00,0.0,38,24.9,29.3,49.861214730994426,3,161,6
2026-06-10 04:00:00,0.0,9,23.2,29.0,44.59052875232817,4,161,6
2026-06-10 05:00:00,0.0,4,17.0,29.3,47.418610517942646,5,161,6
2026-06-10 06:00:00,5.0,3,18.7,29.2,45.487439579413866,6,161,6
2026-06-10 07:00:00,99.0,8,24.6,30.3,50.0,7,161,6
2026-06-10 08:00:00,279.0,7,25.6,31.9,0.0,8,161,6
2026-06-10 09:00:00,487.0,2,25.9,33.6,0.0,9,161,6
2026-06-10 10:00:00,673.0,16,27.6,35.2,0.0,10,161,6
2026-06-10 11:00:00,801.0,4,28.5,37.0,0.0,11,161,6
2026-06-10 12:00:00,913.0,8,28.9,38.0,0.0,12,161,6
2026-06-10 13:00:00,932.0,9,29.8,38.4,0.0,13,161,6
2026-06-10 14:00:00,882.0,18,31.4,38.2,0.0,14,161,6
2026-06-10 15:00:00,759.0,15,32.0,37.8,0.0,15,161,6
2026-06-10 16:00:00,601.0,6,31.7,37.0,0.0,16,161,6
2026-06-10 17:00:00,423.0,10,28.5,36.1,0.0,17,161,6
2026-06-10 18:00:00,222.0,5,27.3,34.2,0.0,18,161,6
2026-06-10 19:00:00,58.0,2,25.8,32.4,0.0,19,161,6
2026-06-10 20:00:00,0.0,1,24.7,31.3,50.0,20,161,6
2026-06-10 21:00:00,0.0,2,24.8,30.6,49.19829107749755,21,161,6
2026-06-10 22:00:00,0.0,5,24.4,30.2,50.0,22,161,6
2026-06-10 23:00:00,0.0,4,23.2,29.9,44.063844870351716,23,161,6
2026-06-11 00:00:00,0.0,6,21.4,29.6,50.0,0,162,6
2026-06-11 01:00:00,0.0,13,19.8,29.4,47.25649411765806,1,162,6
2026-06-11 02:00:00,0.0,2,20.4,29.3,50.0,2,162,6
2026-06-11 03:00:00,0.0,4,20.8,28.9,47.23268566774262,3,162,6
2026-06-11 04:00:00,0.0,1,20.2,28.7,44.58971544403743,4,162,6
2026-06-11 05:00:00,0.0,2,17.8,28.9,41.442315009372386,5,162,6
2026-06-11 06:00:00,5.0,2,19.8,29.1,45.465007037761964,6,162,6
2026-06-11 07:00:00,99.0,16,26.0,30.4,0.0,7,162,6
2026-06-11 08:00:00,272.0,7,26.7,32.3,0.0,8,162,6
2026-06-11 09:00:00,484.0,7,28.1,34.3,0.0,9,162,6
2026-06-11 10:00:00,674.0,5,28.2,36.0,0.0,10,162,6
2026-06-11 11:00:00,821.0,2,28.1,37.3,0.0,11,162,6
2026-06-11 12:00:00,917.0,2,28.2,38.2,0.0,12,162,6
2026-06-11 13:00:00,946.0,2,28.1,38.8,0.0,13,162,6
2026-06-11 14:00:00,904.0,0,28.8,39.1,0.0,14,162,6
2026-06-11 15:00:00,800.0,0,29.9,38.7,0.0,15,162,6
2026-06-11 16:00:00,641.0,0,29.6,37.9,0.0,16,162,6
2026-06-11 17:00:00,444.0,0,26.6,37.3,0.0,17,162,6
2026-06-11 18:00:00,233.0,0,24.1,35.4,50.0,18,162,6
2026-06-11 19:00:00,61.0,0,23.8,33.1,42.99980507644065,19,162,6
2026-06-11 20:00:00,0.0,0,25.0,31.4,42.94121124202336,20,162,6
2026-06-11 21:00:00,0.0,0,23.7,30.3,50.0,21,162,6
2026-06-11 22:00:00,0.0,1,19.1,29.8,45.01635812590566,22,162,6
2026-06-11 23:00:00,0.0,0,19.0,29.6,44.59843163734025,23,162,6
2026-06-12 00:00:00,0.0,8,19.0,29.3,44.92567555936317,0,163,6
2026-06-12 01:00:00,0.0,2,18.8,29.2,46.97029189440521,1,163,6
2026-06-12 02:00:00,0.0,5,19.7,29.0,42.33263677940698,2,163,6
2026-06-12 03:00:00,0.0,3,22.1,28.9,49.110551836652164,3,163,6
2026-06-12 04:00:00,0.0,1,21.5,28.8,45.36440940242736,4,163,6
2026-06-12 05:00:00,0.0,10,19.7,29.0,50.0,5,163,6
2026-06-12 06:00:00,5.0,9,20.0,29.1,50.0,6,163,6
2026-06-12 07:00:00,98.0,16,23.6,30.3,50.0,7,163,6
2026-06-12 08:00:00,273.0,24,26.6,32.0,0.0,8,163,6
2026-06-12 09:00:00,458.0,7,27.9,33.5,0.0,9,163,6
2026-06-12 10:00:00,670.0,1,28.5,35.4,0.0,10,163,6
2026-06-12 11:00:00,833.0,0,28.2,37.0,0.0,11,163,6
2026-06-12 12:00:00,925.0,0,29.3,38.3,0.0,12,163,6
2026-06-12 13:00:00,950.0,0,29.8,38.8,0.0,13,163,6
2026-06-12 14:00:00,908.0,6,30.3,38.7,0.0,14,163,6
2026-06-12 15:00:00,789.0,2,30.5,38.2,0.0,15,163,6
2026-06-12 16:00:00,636.0,3,30.9,37.3,0.0,16,163,6
2026-06-12 17:00:00,441.0,0,28.2,36.2,0.0,17,163,6
2026-06-12 18:00:00,235.0,0,28.3,34.0,0.0,18,163,6
2026-06-12 19:00:00,61.0,1,28.1,31.9,0.0,19,163,6
2026-06-12 20:00:00,0.0,1,26.1,30.6,0.0,20,163,6
2026-06-12 21:00:00,0.0,1,24.8,30.1,44.582576398616524,21,163,6
2026-06-12 22:00:00,0.0,1,16.1,29.7,44.70673901134014,22,163,6
2026-06-12 23:00:00,0.0,13,19.0,29.5,50.0,23,163,6
2026-06-13 00:00:00,0.0,12,17.7,29.5,44.1714764798844,0,164,6
2026-06-13 01:00:00,0.0,27,18.0,29.6,50.0,1,164,6
2026-06-13 02:00:00,0.0,33,20.1,29.5,49.79991309507297,2,164,6
2026-06-13 03:00:00,0.0,23,20.5,29.3,44.6982202014424,3,164,6
2026-06-13 04:00:00,0.0,5,19.7,29.0,46.60566061435135,4,164,6
2026-06-13 05:00:00,0.0,100,23.2,30.1,49.97270729661456,5,164,6
2026-06-13 06:00:00,3.0,13,22.2,30.0,50.0,6,164,6
2026-06-13 07:00:00,95.0,14,24.6,30.4,48.804510562002044,7,164,6
2026-06-13 08:00:00,262.0,37,25.6,32.0,0.0,8,164,6
2026-06-13 09:00:00,447.0,23,27.0,33.6,0.0,9,164,6
2026-06-13 10:00:00,634.0,19,27.9,35.0,0.0,10,164,6
2026-06-13 11:00:00,788.0,17,25.8,36.2,0.0,11,164,6
2026-06-13 12:00:00,892.0,11,26.8,37.4,0.0,12,164,6
2026-06-13 13:00:00,927.0,12,28.2,38.0,0.0,13,164,6
2026-06-13 14:00:00,852.0,14,29.9,37.9,0.0,14,164,6
2026-06-13 15:00:00,761.0,9,30.9,37.6,0.0,15,164,6
2026-06-13 16:00:00,623.0,13,31.0,36.6,0.0,16,164,6
2026-06-13 17:00:00,430.0,3,29.6,35.3,0.0,17,164,6
2026-06-13 18:00:00,229.0,3,29.0,33.8,0.0,18,164,6
2026-06-13 19:00:00,61.0,6,27.5,32.4,0.0,19,164,6
2026-06-13 20:00:00,0.0,2,27.2,31.5,0.0,20,164,6
2026-06-13 21:00:00,0.0,2,25.6,30.8,0.0,21,164,6
2026-06-13 22:00:00,0.0,2,23.8,30.3,50.0,22,164,6
2026-06-13 23:00:00,0.0,12,24.4,30.2,49.5500523148256,23,164,6
2026-06-14 00:00:00,0.0,84,23.3,30.1,39.11968144751991,0,165,6
2026-06-14 01:00:00,0.0,59,20.0,29.9,47.52135284125164,1,165,6
2026-06-14 02:00:00,0.0,100,20.8,30.0,50.0,2,165,6
2026-06-14 03:00:00,0.0,16,22.3,29.5,50.0,3,165,6
2026-06-14 04:00:00,0.0,34,19.8,28.9,45.413105469448226,4,165,6
2026-06-14 05:00:00,0.0,100,21.0,29.5,46.98410771947127,5,165,6
2026-06-14 06:00:00,4.0,50,22.6,29.6,38.72034563390422,6,165,6
2026-06-14 07:00:00,84.0,9,23.5,30.4,44.72473696206725,7,165,6
2026-06-14 08:00:00,269.0,40,26.7,31.8,0.0,8,165,6
2026-06-14 09:00:00,401.0,48,28.5,33.5,0.0,9,165,6
2026-06-14 10:00:00,515.0,31,28.6,34.6,0.0,10,165,6
2026-06-14 11:00:00,728.0,17,27.2,35.6,0.0,11,165,6
2026-06-14 12:00:00,860.0,15,28.2,36.8,0.0,12,165,6
2026-06-14 13:00:00,917.0,16,30.4,37.1,0.0,13,165,6
2026-06-14 14:00:00,881.0,9,31.3,37.5,0.0,14,165,6
2026-06-14 15:00:00,698.0,79,32.3,36.5,0.0,15,165,6
2026-06-14 16:00:00,465.0,55,32.8,35.7,0.0,16,165,6
2026-06-14 17:00:00,314.0,100,31.7,33.4,0.0,17,165,6
2026-06-14 18:00:00,122.0,100,30.8,32.8,0.0,18,165,6
2026-06-14 19:00:00,37.0,69,30.7,31.9,0.0,19,165,6
2026-06-14 20:00:00,0.0,35,28.5,31.0,0.0,20,165,6
2026-06-14 21:00:00,0.0,52,28.3,30.6,0.0,21,165,6
2026-06-14 22:00:00,0.0,28,27.0,30.4,0.0,22,165,6
2026-06-14 23:00:00,0.0,27,26.9,30.0,0.0,23,165,6
2026-06-15 00:00:00,0.0,12,24.2,29.6,50.0,0,166,6
2026-06-15 01:00:00,0.0,5,20.9,29.3,45.371775836063804,1,166,6
2026-06-15 02:00:00,0.0,17,19.4,29.0,47.731440604243836,2,166,6
2026-06-15 03:00:00,0.0,30,18.5,28.9,48.660358270930445,3,166,6
2026-06-15 04:00:00,0.0,100,17.7,28.9,50.0,4,166,6
2026-06-15 05:00:00,0.0,100,15.6,29.4,50.0,5,166,6
2026-06-15 06:00:00,3.0,88,17.6,29.8,48.061809958884474,6,166,6
2026-06-15 07:00:00,71.0,38,22.3,30.3,45.13789041261485,7,166,6
2026-06-15 08:00:00,235.0,41,27.9,31.3,0.0,8,166,6
2026-06-15 09:00:00,380.0,29,28.2,33.3,0.0,9,166,6
2026-06-15 10:00:00,592.0,25,30.8,35.1,0.0,10,166,6
2026-06-15 11:00:00,755.0,66,31.4,36.0,0.0,11,166,6
2026-06-15 12:00:00,741.0,80,31.2,36.4,0.0,12,166,6
2026-06-15 13:00:00,659.0,74,31.4,36.5,0.0,13,166,6
2026-06-15 14:00:00,657.0,95,31.2,36.9,0.0,14,166,6
2026-06-15 15:00:00,447.0,95,30.9,35.9,0.0,15,166,6
2026-06-15 16:00:00,284.0,99,29.7,35.3,0.0,16,166,6
2026-06-15 17:00:00,260.0,100,29.6,34.5,0.0,17,166,6
2026-06-15 18:00:00,105.0,96,29.8,33.1,0.0,18,166,6
2026-06-15 19:00:00,27.0,47,27.7,32.2,0.0,19,166,6
2026-06-15 20:00:00,0.0,55,25.8,31.4,0.0,20,166,6
2026-06-15 21:00:00,0.0,34,23.7,30.8,45.16218976712744,21,166,6
2026-06-15 22:00:00,0.0,48,23.2,30.4,50.0,22,166,6
2026-06-15 23:00:00,0.0,84,22.3,30.1,49.689737142002734,23,166,6
2026-06-16 00:00:00,0.0,33,18.8,30.0,44.65567309869966,0,167,6
2026-06-16 01:00:00,0.0,4,18.7,29.9,50.0,1,167,6
2026-06-16 02:00:00,0.0,2,15.3,29.3,50.0,2,167,6
2026-06-16 03:00:00,0.0,5,14.5,29.1,47.87670894262625,3,167,6
2026-06-16 04:00:00,0.0,9,13.8,28.8,44.468430949660736,4,167,6
2026-06-16 05:00:00,0.0,2,13.6,29.1,37.60815361678868,5,167,6
2026-06-16 06:00:00,5.0,2,15.9,29.3,42.177622119317675,6,167,6
2026-06-16 07:00:00,95.0,3,19.3,30.4,46.02409738891341,7,167,6
2026-06-16 08:00:00,279.0,16,23.1,32.1,47.366321727796624,8,167,6
2026-06-16 09:00:00,469.0,85,24.8,33.9,42.32772505691804,9,167,6
2026-06-16 10:00:00,545.0,42,25.7,35.0,0.0,10,167,6
2026-06-16 11:00:00,705.0,16,23.1,36.4,50.0,11,167,6
2026-06-16 12:00:00,794.0,57,21.9,37.2,47.12333075732668,12,167,6
2026-06-16 13:00:00,737.0,99,22.7,37.4,50.0,13,167,6
2026-06-16 14:00:00,564.0,100,26.4,36.2,0.0,14,167,6
2026-06-16 15:00:00,330.0,100,24.0,34.7,45.34246921973856,15,167,6
2026-06-16 16:00:00,206.0,100,20.2,34.4,49.41925622422852,16,167,6
2026-06-16 17:00:00,150.0,98,24.3,35.0,49.34432640199478,17,167,6
2026-06-16 18:00:00,113.0,53,24.7,33.5,50.0,18,167,6
2026-06-16 19:00:00,51.0,52,25.2,31.9,0.0,19,167,6
2026-06-16 20:00:00,0.0,24,23.3,30.7,45.068364701529205,20,167,6
2026-06-16 21:00:00,0.0,6,20.0,30.5,47.387591973377354,21,167,6
2026-06-16 22:00:00,0.0,8,17.4,30.1,50.0,22,167,6
2026-06-16 23:00:00,0.0,20,14.6,29.9,49.10786628387896,23,167,6
2026-06-17 00:00:00,0.0,9,15.3,29.7,46.2841748984042,0,168,6
2026-06-17 01:00:00,0.0,2,20.6,29.3,50.0,1,168,6
2026-06-17 02:00:00,0.0,2,17.2,29.0,50.0,2,168,6
2026-06-17 03:00:00,0.0,1,18.0,29.0,46.92693562212855,3,168,6
2026-06-17 04:00:00,0.0,13,12.8,28.9,48.183637669903334,4,168,6
2026-06-17 05:00:00,0.0,23,7.0,28.7,4.664691755621452,5,168,6
2026-06-17 06:00:00,4.0,51,10.7,28.7,30.569089316835207,6,168,6
2026-06-17 07:00:00,82.0,4,16.2,30.0,42.170788586326765,7,168,6
2026-06-17 08:00:00,270.0,5,20.1,31.6,47.23214952866583,8,168,6
2026-06-17 09:00:00,465.0,24,21.2,33.3,48.59136545838049,9,168,6
2026-06-17 10:00:00,590.0,45,22.8,34.3,43.165442009124696,10,168,6
2026-06-17 11:00:00,638.0,91,22.4,35.0,50.0,11,168,6
2026-06-17 12:00:00,473.0,31,20.6,34.3,42.18629533578237,12,168,6
2026-06-17 13:00:00,850.0,22,22.0,36.6,47.859960792890874,13,168,6
2026-06-17 14:00:00,797.0,55,22.2,35.2,48.191625892047604,14,168,6
2026-06-17 15:00:00,521.0,55,22.9,35.0,50.0,15,168,6
2026-06-17 16:00:00,541.0,100,24.3,35.8,48.62410545279723,16,168,6
2026-06-17 17:00:00,322.0,100,23.2,34.8,50.0,17,168,6
2026-06-17 18:00:00,113.0,41,25.0,33.5,50.0,18,168,6
2026-06-17 19:00:00,43.0,4,24.1,32.2,49.82129144146016,19,168,6
2026-06-17 20:00:00,0.0,4,22.2,31.3,50.0,20,168,6
2026-06-17 21:00:00,0.0,2,22.5,30.7,50.0,21,168,6
2026-06-17 22:00:00,0.0,15,20.4,30.2,47.581216230943525,22,168,6
2026-06-17 23:00:00,0.0,5,19.2,30.2,47.5209436444317,23,168,6
2026-06-18 00:00:00,0.0,2,18.7,29.8,49.223063752350875,0,169,6
2026-06-18 01:00:00,0.0,1,17.2,29.3,50.0,1,169,6
2026-06-18 02:00:00,0.0,3,15.6,28.9,50.0,2,169,6
2026-06-18 03:00:00,0.0,5,13.6,28.7,50.0,3,169,6
2026-06-18 04:00:00,0.0,14,12.4,28.6,48.48108423287379,4,169,6
2026-06-18 05:00:00,0.0,45,12.6,29.3,48.29305007320674,5,169,6
2026-06-18 06:00:00,4.0,15,14.7,29.4,50.0,6,169,6
2026-06-18 07:00:00,85.0,4,17.8,30.5,48.95411085977067,7,169,6
2026-06-18 08:00:00,268.0,8,18.7,31.9,50.0,8,169,6
2026-06-18 09:00:00,465.0,28,18.0,33.6,49.681753219712625,9,169,6
2026-06-18 10:00:00,606.0,77,18.6,35.0,48.32561988682716,10,169,6
2026-06-18 11:00:00,672.0,41,17.3,36.1,46.62341179003776,11,169,6
2026-06-18 12:00:00,763.0,62,19.6,36.5,49.30989054365024,12,169,6
2026-06-18 13:00:00,746.0,100,19.4,37.1,41.42534834924557,13,169,6
2026-06-18 14:00:00,503.0,47,20.7,36.8,50.0,14,169,6
2026-06-18 15:00:00,534.0,36,21.7,36.9,47.18999001790629,15,169,6
2026-06-18 16:00:00,457.0,33,21.0,36.5,50.0,16,169,6
2026-06-18 17:00:00,351.0,7,21.9,35.0,49.65198631514377,17,169,6
2026-06-18 18:00:00,221.0,8,22.2,33.8,46.43708084907342,18,169,6
2026-06-18 19:00:00,62.0,6,21.6,32.4,50.0,19,169,6
2026-06-18 20:00:00,0.0,26,20.9,31.7,50.0,20,169,6
2026-06-18 21:00:00,0.0,23,22.2,30.7,42.639007073738085,21,169,6
2026-06-18 22:00:00,0.0,3,18.2,30.3,50.0,22,169,6
2026-06-18 23:00:00,0.0,9,17.7,30.3,50.0,23,169,6
2026-06-19 00:00:00,0.0,3,14.8,29.9,49.21115749133088,0,170,6
2026-06-19 01:00:00,0.0,2,13.9,29.4,47.20455772218281,1,170,6
2026-06-19 02:00:00,0.0,1,12.2,29.0,44.36000640037275,2,170,6
2026-06-19 03:00:00,0.0,2,12.6,28.8,48.1346679571734,3,170,6
2026-06-19 04:00:00,0.0,10,11.4,28.6,43.55515852523432,4,170,6
2026-06-19 05:00:00,0.0,12,8.5,28.8,10.23270768986294,5,170,6
2026-06-19 06:00:00,4.0,18,10.2,28.9,21.321618504431004,6,170,6
2026-06-19 07:00:00,92.0,8,16.6,30.0,50.0,7,170,6
2026-06-19 08:00:00,265.0,12,18.0,31.5,45.11042214587609,8,170,6
2026-06-19 09:00:00,456.0,20,18.0,33.4,50.0,9,170,6
2026-06-19 10:00:00,597.0,32,17.8,35.1,46.919364721819505,10,170,6
2026-06-19 11:00:00,725.0,6,17.0,36.5,42.58729652049436,11,170,6
2026-06-19 12:00:00,852.0,21,18.2,37.8,49.64586489476923,12,170,6
2026-06-19 13:00:00,868.0,100,23.8,37.7,45.7549484441946,13,170,6
2026-06-19 14:00:00,564.0,38,21.1,36.7,47.47946796674115,14,170,6
2026-06-19 15:00:00,666.0,100,21.1,37.1,44.34735107302047,15,170,6
2026-06-19 16:00:00,241.0,100,21.2,35.7,46.92503237790835,16,170,6
2026-06-19 17:00:00,268.0,5,20.6,35.2,43.54824075669882,17,170,6
2026-06-19 18:00:00,213.0,9,18.8,34.4,50.0,18,170,6
2026-06-19 19:00:00,59.0,50,18.9,33.2,41.56348874316779,19,170,6
2026-06-19 20:00:00,0.0,34,22.0,32.0,50.0,20,170,6
2026-06-19 21:00:00,0.0,1,21.2,31.0,50.0,21,170,6
2026-06-19 22:00:00,0.0,1,19.5,30.3,43.95284855426658,22,170,6
2026-06-19 23:00:00,0.0,30,18.4,30.2,48.727245911627875,23,170,6
2026-06-20 00:00:00,0.0,9,14.6,30.0,49.52877181947022,0,171,6
2026-06-20 01:00:00,0.0,11,14.8,29.7,39.81741092113859,1,171,6
2026-06-20 02:00:00,0.0,24,16.4,29.2,49.854848952789276,2,171,6
2026-06-20 03:00:00,0.0,24,16.0,28.7,47.08160198960406,3,171,6
2026-06-20 04:00:00,0.0,27,15.4,28.6,49.334488505891244,4,171,6
2026-06-20 05:00:00,0.0,43,14.7,28.7,49.60670718439961,5,171,6
2026-06-20 06:00:00,4.0,23,12.6,28.8,50.0,6,171,6
2026-06-20 07:00:00,87.0,18,14.6,30.0,49.11018987491764,7,171,6
2026-06-20 08:00:00,250.0,28,19.2,31.5,47.51963953047477,8,171,6
2026-06-20 09:00:00,432.0,14,19.7,32.9,50.0,9,171,6
2026-06-20 10:00:00,594.0,50,19.2,34.4,50.0,10,171,6
2026-06-20 11:00:00,686.0,33,18.9,35.7,50.0,11,171,6
2026-06-20 12:00:00,804.0,52,19.9,36.2,42.86038997673109,12,171,6
2026-06-20 13:00:00,771.0,21,20.7,37.0,47.625974111999064,13,171,6
2026-06-20 14:00:00,746.0,95,21.7,35.5,44.0373014462793,14,171,6
2026-06-20 15:00:00,466.0,77,21.1,35.1,47.379226755421335,15,171,6
2026-06-20 16:00:00,391.0,56,22.6,34.1,50.0,16,171,6
2026-06-20 17:00:00,308.0,20,21.8,34.2,48.10278685931883,17,171,6
2026-06-20 18:00:00,217.0,11,22.7,33.2,50.0,18,171,6
2026-06-20 19:00:00,61.0,14,18.7,31.9,49.270074694106235,19,171,6
2026-06-20 20:00:00,0.0,16,19.1,30.5,43.32747279108414,20,171,6
2026-06-20 21:00:00,0.0,59,14.5,29.9,44.0874425585874,21,171,6
2026-06-20 22:00:00,0.0,43,14.5,30.1,48.032597083864225,22,171,6
2026-06-20 23:00:00,0.0,30,17.7,29.1,44.97416009289094,23,171,6
2026-06-21 00:00:00,0.0,12,16.7,28.7,45.49235608274018,0,172,6
2026-06-21 01:00:00,0.0,16,15.9,28.7,48.340332471127944,1,172,6
2026-06-21 02:00:00,0.0,18,16.2,28.6,48.10991632281518,2,172,6
2026-06-21 03:00:00,0.0,13,16.1,28.4,48.377398044630766,3,172,6
2026-06-21 04:00:00,0.0,17,14.0,28.2,45.67730189078376,4,172,6
2026-06-21 05:00:00,0.0,7,11.7,28.5,42.37746023625766,5,172,6
2026-06-21 06:00:00,4.0,15,14.9,28.2,49.283016654979704,6,172,6
2026-06-21 07:00:00,88.0,19,17.9,28.6,42.61995678347195,7,172,6
2026-06-21 08:00:00,256.0,9,19.5,30.6,44.92629227088051,8,172,6
2026-06-21 09:00:00,445.0,13,21.2,32.2,44.83101849170134,9,172,6
2026-06-21 10:00:00,623.0,23,20.3,33.8,50.0,10,172,6
2026-06-21 11:00:00,736.0,36,19.3,35.1,47.74486761961926,11,172,6
2026-06-21 12:00:00,793.0,21,20.3,35.7,50.0,12,172,6
2026-06-21 13:00:00,816.0,9,21.7,36.4,43.85841506706997,13,172,6
2026-06-21 14:00:00,787.0,13,22.5,36.7,50.0,14,172,6
2026-06-21 15:00:00,726.0,60,23.6,36.4,47.73381375545614,15,172,6
2026-06-21 16:00:00,495.0,47,23.4,35.9,43.60799598365996,16,172,6
2026-06-21 17:00:00,360.0,45,21.8,35.4,50.0,17,172,6
2026-06-21 18:00:00,196.0,23,22.4,33.9,46.31233422870412,18,172,6
2026-06-21 19:00:00,58.0,5,21.8,32.4,42.428971152422044,19,172,6
2026-06-21 20:00:00,1.0,3,21.9,31.5,41.92695062767775,20,172,6
2026-06-21 21:00:00,0.0,32,20.8,30.8,50.0,21,172,6
2026-06-21 22:00:00,0.0,48,19.4,30.4,47.23027067677167,22,172,6
2026-06-21 23:00:00,0.0,35,19.2,30.0,42.26484653382925,23,172,6
2026-06-22 00:00:00,0.0,14,18.0,29.5,50.0,0,173,6
2026-06-22 01:00:00,0.0,15,17.7,29.2,48.550250871255564,1,173,6
2026-06-22 02:00:00,0.0,18,16.9,28.8,37.04002739498477,2,173,6
2026-06-22 03:00:00,0.0,23,14.9,28.6,50.0,3,173,6
2026-06-22 04:00:00,0.0,9,12.9,28.4,50.0,4,173,6
2026-06-22 05:00:00,0.0,15,15.9,28.7,50.0,5,173,6
2026-06-22 06:00:00,4.0,20,17.1,28.4,48.85547658841979,6,173,6
2026-06-22 07:00:00,85.0,16,18.0,29.8,46.69879411970887,7,173,6
2026-06-22 08:00:00,252.0,21,19.5,31.4,48.58426599974002,8,173,6
2026-06-22 09:00:00,441.0,22,19.2,32.9,50.0,9,173,6
2026-06-22 10:00:00,616.0,25,20.6,34.7,50.0,10,173,6
2026-06-22 11:00:00,729.0,17,21.2,35.5,48.991742066440644,11,173,6
2026-06-22 12:00:00,798.0,21,22.0,36.4,50.0,12,173,6
2026-06-22 13:00:00,864.0,18,21.7,37.3,50.0,13,173,6
2026-06-22 14:00:00,841.0,17,22.2,37.6,44.826580470563606,14,173,6
2026-06-22 15:00:00,715.0,32,24.2,36.8,50.0,15,173,6
2026-06-22 16:00:00,566.0,18,24.8,36.6,43.59664437470278,16,173,6
2026-06-22 17:00:00,397.0,14,21.2,36.5,50.0,17,173,6
2026-06-22 18:00:00,215.0,30,24.4,35.3,43.506219456653206,18,173,6
2026-06-22 19:00:00,61.0,44,22.8,33.0,50.0,19,173,6
2026-06-22 20:00:00,0.0,52,22.6,32.0,49.54720932581225,20,173,6
2026-06-22 21:00:00,0.0,20,21.2,31.1,47.45601425849324,21,173,6
2026-06-22 22:00:00,0.0,43,19.4,30.6,48.8794994667346,22,173,6
2026-06-22 23:00:00,0.0,35,19.4,30.5,44.838423235911826,23,173,6
2026-06-23 00:00:00,0.0,45,19.2,30.2,41.698860986725975,0,174,6
2026-06-23 01:00:00,0.0,5,18.1,29.7,44.80864057516411,1,174,6
2026-06-23 02:00:00,0.0,3,15.6,29.3,45.34835608280101,2,174,6
2026-06-23 03:00:00,0.0,20,13.4,29.1,50.0,3,174,6
2026-06-23 04:00:00,0.0,5,14.7,28.9,50.0,4,174,6
2026-06-23 05:00:00,0.0,5,17.8,28.9,42.90039797474059,5,174,6
2026-06-23 06:00:00,4.0,20,14.3,28.7,45.26312380649798,6,174,6
2026-06-23 07:00:00,88.0,14,18.5,29.8,50.0,7,174,6
2026-06-23 08:00:00,252.0,7,18.6,31.3,50.0,8,174,6
2026-06-23 09:00:00,470.0,4,20.3,33.1,44.129111796074966,9,174,6
2026-06-23 10:00:00,653.0,29,21.4,35.0,49.6827369764833,10,174,6
2026-06-23 11:00:00,749.0,88,21.6,36.3,38.8443916407511,11,174,6
2026-06-23 12:00:00,693.0,77,21.3,36.9,47.111849590265706,12,174,6
2026-06-23 13:00:00,711.0,71,20.7,37.5,50.0,13,174,6
2026-06-23 14:00:00,672.0,73,21.0,37.7,46.81298287647839,14,174,6
2026-06-23 15:00:00,689.0,39,21.8,38.2,46.84406042581395,15,174,6
2026-06-23 16:00:00,516.0,5,24.3,37.3,49.470771342909174,16,174,6
2026-06-23 17:00:00,427.0,5,22.8,36.1,50.0,17,174,6
2026-06-23 18:00:00,228.0,1,26.0,34.1,0.0,18,174,6
2026-06-23 19:00:00,65.0,2,25.9,32.4,0.0,19,174,6
2026-06-23 20:00:00,1.0,71,26.8,31.2,0.0,20,174,6
2026-06-23 21:00:00,0.0,7,24.2,30.3,48.890408140772365,21,174,6
2026-06-23 22:00:00,0.0,8,20.5,29.9,50.0,22,174,6
2026-06-23 23:00:00,0.0,38,23.9,30.2,50.0,23,174,6
2026-06-24 00:00:00,0.0,28,26.8,29.7,0.0,0,175,6
2026-06-24 01:00:00,0.0,4,23.1,29.5,45.31246691199384,1,175,6
2026-06-24 02:00:00,0.0,3,23.2,29.1,49.82189118644452,2,175,6
2026-06-24 03:00:00,0.0,5,20.7,28.8,50.0,3,175,6
2026-06-24 04:00:00,0.0,10,17.5,28.6,50.0,4,175,6
2026-06-24 05:00:00,0.0,29,17.7,29.2,48.15592786862669,5,175,6
2026-06-24 06:00:00,4.0,75,16.9,29.3,49.84599153540163,6,175,6
2026-06-24 07:00:00,86.0,20,21.2,30.0,49.8481770589072,7,175,6
2026-06-24 08:00:00,252.0,19,21.5,31.4,46.65703198443858,8,175,6
2026-06-24 09:00:00,437.0,26,23.7,33.2,46.95697186677237,9,175,6
2026-06-24 10:00:00,620.0,21,25.8,34.7,0.0,10,175,6
2026-06-24 11:00:00,783.0,21,24.9,36.0,45.06211107720489,11,175,6
2026-06-24 12:00:00,824.0,32,25.2,37.1,0.0,12,175,6
2026-06-24 13:00:00,749.0,100,28.2,36.7,0.0,13,175,6
2026-06-24 14:00:00,582.0,95,25.6,36.6,0.0,14,175,6
2026-06-24 15:00:00,706.0,100,27.7,36.9,0.0,15,175,6
2026-06-24 16:00:00,323.0,50,27.6,35.3,0.0,16,175,6
2026-06-24 17:00:00,408.0,5,27.4,34.9,0.0,17,175,6
2026-06-24 18:00:00,212.0,2,27.4,33.3,0.0,18,175,6
2026-06-24 19:00:00,64.0,9,25.4,32.0,0.0,19,175,6
2026-06-24 20:00:00,1.0,20,25.4,31.6,0.0,20,175,6
2026-06-24 21:00:00,0.0,24,23.1,30.8,46.688012537997984,21,175,6
2026-06-24 22:00:00,0.0,21,22.6,30.4,50.0,22,175,6
2026-06-24 23:00:00,0.0,5,22.7,30.5,38.07695721290855,23,175,6
2026-06-25 00:00:00,0.0,18,21.1,30.2,45.71609623772261,0,176,6
2026-06-25 01:00:00,0.0,32,17.8,30.0,43.231818229552594,1,176,6
2026-06-25 02:00:00,0.0,20,17.0,29.6,40.2513570602359,2,176,6
2026-06-25 03:00:00,0.0,63,13.9,29.2,46.12135596321143,3,176,6
2026-06-25 04:00:00,0.0,24,13.9,29.2,47.75289931002149,4,176,6
2026-06-25 05:00:00,0.0,14,18.3,29.5,43.23068448723506,5,176,6
2026-06-25 06:00:00,4.0,0,17.8,29.3,49.359632624123805,6,176,6
2026-06-25 07:00:00,90.0,2,19.8,30.1,45.92434439072148,7,176,6
2026-06-25 08:00:00,267.0,34,24.2,31.6,42.912240143086066,8,176,6
2026-06-25 09:00:00,414.0,43,24.5,33.1,48.766824932391074,9,176,6
2026-06-25 10:00:00,549.0,23,24.0,34.7,49.32163665057204,10,176,6
2026-06-25 11:00:00,760.0,21,23.3,35.5,45.80377473061054,11,176,6
2026-06-25 12:00:00,751.0,33,23.2,36.2,40.11453152977288,12,176,6
2026-06-25 13:00:00,814.0,27,24.8,37.0,46.885301158028945,13,176,6
2026-06-25 14:00:00,796.0,52,24.4,34.9,49.50885730548118,14,176,6
2026-06-25 15:00:00,586.0,47,23.5,35.4,43.32157694034949,15,176,6
2026-06-25 16:00:00,497.0,48,26.0,35.5,0.0,16,176,6
2026-06-25 17:00:00,291.0,49,25.1,35.3,0.0,17,176,6
2026-06-25 18:00:00,202.0,92,24.1,34.4,50.0,18,176,6
2026-06-25 19:00:00,57.0,96,24.2,33.0,50.0,19,176,6
2026-06-25 20:00:00,0.0,61,24.4,31.9,45.81872970051283,20,176,6
2026-06-25 21:00:00,0.0,15,22.3,30.4,45.997127962843074,21,176,6
2026-06-25 22:00:00,0.0,16,20.7,30.0,50.0,22,176,6
2026-06-25 23:00:00,0.0,32,19.1,30.0,48.55987609416871,23,176,6
2026-06-26 00:00:00,0.0,40,19.9,29.5,48.877640652598,0,177,6
2026-06-26 01:00:00,0.0,32,17.4,28.6,48.92189681749425,1,177,6
2026-06-26 02:00:00,0.0,28,15.7,28.1,48.788989682133625,2,177,6
2026-06-26 03:00:00,0.0,45,14.8,28.0,41.43510425601725,3,177,6
2026-06-26 04:00:00,0.0,19,13.0,27.8,44.33709849726597,4,177,6
2026-06-26 05:00:00,0.0,55,10.8,28.1,32.692415603188834,5,177,6
2026-06-26 06:00:00,3.0,64,13.0,28.3,50.0,6,177,6
2026-06-26 07:00:00,70.0,21,15.9,29.7,50.0,7,177,6
2026-06-26 08:00:00,231.0,11,18.6,31.3,50.0,8,177,6
2026-06-26 09:00:00,444.0,12,17.7,33.1,47.78764468894842,9,177,6
2026-06-26 10:00:00,620.0,20,17.2,34.6,48.74795727155594,10,177,6
2026-06-26 11:00:00,732.0,14,16.0,36.1,38.97124488582695,11,177,6
2026-06-26 12:00:00,847.0,29,14.9,37.1,38.943050363415246,12,177,6
2026-06-26 13:00:00,878.0,22,16.4,37.7,47.71757281700969,13,177,6
2026-06-26 14:00:00,832.0,17,18.1,37.7,48.62473407901545,14,177,6
2026-06-26 15:00:00,747.0,24,19.0,37.7,50.0,15,177,6
2026-06-26 16:00:00,536.0,11,19.4,37.2,50.0,16,177,6
2026-06-26 17:00:00,400.0,25,19.4,36.0,50.0,17,177,6
2026-06-26 18:00:00,189.0,20,22.3,34.9,50.0,18,177,6
2026-06-26 19:00:00,54.0,19,23.6,32.8,44.792080130293606,19,177,6
2026-06-26 20:00:00,1.0,23,22.8,31.6,50.0,20,177,6
2026-06-26 21:00:00,0.0,20,21.7,31.0,50.0,21,177,6
2026-06-26 22:00:00,0.0,9,20.2,30.7,50.0,22,177,6
2026-06-26 23:00:00,0.0,11,18.7,30.6,45.869615727043765,23,177,6
2026-06-27 00:00:00,0.0,7,17.4,30.1,46.497473007051966,0,178,6
2026-06-27 01:00:00,0.0,5,15.8,29.8,50.0,1,178,6
2026-06-27 02:00:00,0.0,5,14.0,29.6,50.0,2,178,6
2026-06-27 03:00:00,0.0,3,13.4,29.4,43.76602442335038,3,178,6
2026-06-27 04:00:00,0.0,14,12.8,29.2,50.0,4,178,6
2026-06-27 05:00:00,0.0,43,10.9,29.1,30.195588108676006,5,178,6
2026-06-27 06:00:00,4.0,81,12.6,28.9,47.167978302320975,6,178,6
2026-06-27 07:00:00,85.0,25,14.5,29.4,48.81768215951376,7,178,6
2026-06-27 08:00:00,248.0,12,14.0,30.7,50.0,8,178,6
2026-06-27 09:00:00,450.0,9,13.0,32.6,48.54977759731129,9,178,6
2026-06-27 10:00:00,629.0,27,12.1,34.2,48.084321819472294,10,178,6
2026-06-27 11:00:00,749.0,15,12.5,35.7,50.0,11,178,6
2026-06-27 12:00:00,829.0,28,14.8,36.8,49.58288236834791,12,178,6
2026-06-27 13:00:00,865.0,43,16.4,36.8,49.97563390545597,13,178,6
2026-06-27 14:00:00,812.0,57,15.0,36.8,49.53159836894928,14,178,6
2026-06-27 15:00:00,663.0,10,16.3,37.4,50.0,15,178,6
2026-06-27 16:00:00,553.0,32,18.7,36.1,43.920915577445385,16,178,6
2026-06-27 17:00:00,397.0,20,23.0,35.8,43.58714629145087,17,178,6
2026-06-27 18:00:00,206.0,6,23.0,34.0,48.11592524047711,18,178,6
2026-06-27 19:00:00,62.0,3,21.0,32.7,50.0,19,178,6
2026-06-27 20:00:00,1.0,4,20.8,31.5,48.83533775429904,20,178,6
2026-06-27 21:00:00,0.0,2,19.5,30.7,49.126723467697126,21,178,6
2026-06-27 22:00:00,0.0,1,18.9,30.1,47.10079586903349,22,178,6
2026-06-27 23:00:00,0.0,2,17.9,29.6,49.61092362836512,23,178,6
2026-06-28 00:00:00,0.0,5,17.2,29.4,50.0,0,179,6
2026-06-28 01:00:00,0.0,6,16.8,29.2,48.24932210384172,1,179,6
2026-06-28 02:00:00,0.0,25,16.3,29.0,49.4914994867303,2,179,6
2026-06-28 03:00:00,0.0,42,15.7,28.7,50.0,3,179,6
2026-06-28 04:00:00,0.0,8,15.3,28.5,46.84818741244938,4,179,6
2026-06-28 05:00:00,0.0,45,14.2,28.8,42.281993533475685,5,179,6
2026-06-28 06:00:00,3.0,54,13.5,28.8,49.55801178479762,6,179,6
2026-06-28 07:00:00,85.0,61,15.4,29.8,49.58971273369095,7,179,6
2026-06-28 08:00:00,248.0,15,16.7,31.2,50.0,8,179,6
2026-06-28 09:00:00,450.0,48,17.1,32.9,49.60450984310505,9,179,6
2026-06-28 10:00:00,554.0,100,18.2,34.4,41.39154536746033,10,179,6
2026-06-28 11:00:00,517.0,94,19.2,35.1,50.0,11,179,6
2026-06-28 12:00:00,807.0,27,20.3,36.7,50.0,12,179,6
2026-06-28 13:00:00,827.0,37,20.1,37.4,44.688301526127276,13,179,6
2026-06-28 14:00:00,789.0,16,20.9,38.2,42.376004081697914,14,179,6
2026-06-28 15:00:00,749.0,24,22.9,38.1,43.62915142240254,15,179,6
2026-06-28 16:00:00,604.0,5,24.3,36.9,48.237529830607365,16,179,6
2026-06-28 17:00:00,429.0,6,25.7,35.6,0.0,17,179,6
2026-06-28 18:00:00,230.0,5,25.4,33.6,0.0,18,179,6
2026-06-28 19:00:00,65.0,1,24.1,32.2,47.63649392951125,19,179,6
2026-06-28 20:00:00,1.0,36,22.9,31.8,50.0,20,179,6
2026-06-28 21:00:00,0.0,90,23.4,31.0,47.54018959337397,21,179,6
2026-06-28 22:00:00,0.0,31,23.2,30.6,46.15497922569604,22,179,6
2026-06-28 23:00:00,0.0,11,20.2,30.2,50.0,23,179,6
2026-06-29 00:00:00,0.0,9,18.5,29.8,44.152998870823126,0,180,6
2026-06-29 01:00:00,0.0,9,18.0,29.5,46.97936900852778,1,180,6
2026-06-29 02:00:00,0.0,13,17.7,29.2,42.21970866999846,2,180,6
2026-06-29 03:00:00,0.0,10,17.8,29.1,47.767415566075165,3,180,6
2026-06-29 04:00:00,0.0,56,16.8,28.8,48.423328962378015,4,180,6
2026-06-29 05:00:00,0.0,84,13.9,28.8,50.0,5,180,6
2026-06-29 06:00:00,3.0,88,16.2,28.9,42.78831786975823,6,180,6
2026-06-29 07:00:00,78.0,79,21.3,29.5,43.641902275379245,7,180,6
2026-06-29 08:00:00,232.0,71,19.8,30.8,50.0,8,180,6
2026-06-29 09:00:00,454.0,49,20.2,32.8,46.83350408998124,9,180,6
2026-06-29 10:00:00,642.0,22,20.9,34.8,49.28542056543592,10,180,6
2026-06-29 11:00:00,783.0,26,22.9,36.2,44.87013084490358,11,180,6
2026-06-29 12:00:00,861.0,27,22.7,37.3,47.20668127273264,12,180,6
2026-06-29 13:00:00,863.0,55,22.7,37.9,47.157167928730324,13,180,6
2026-06-29 14:00:00,767.0,48,22.2,38.1,46.0566812781269,14,180,6
2026-06-29 15:00:00,685.0,38,23.0,37.9,48.85351315478496,15,180,6
2026-06-29 16:00:00,570.0,73,25.5,36.6,0.0,16,180,6
2026-06-29 17:00:00,411.0,9,24.3,35.3,50.0,17,180,6
2026-06-29 18:00:00,229.0,5,24.7,33.6,50.0,18,180,6
2026-06-29 19:00:00,66.0,4,23.8,32.2,46.232692089255714,19,180,6
2026-06-29 20:00:00,1.0,9,22.9,31.6,50.0,20,180,6
2026-06-29 21:00:00,0.0,17,24.0,30.9,50.0,21,180,6
2026-06-29 22:00:00,0.0,83,24.2,30.7,46.47858393025573,22,180,6
2026-06-29 23:00:00,0.0,51,22.9,30.5,41.608277200569596,23,180,6
2026-06-30 00:00:00,0.0,31,23.2,29.8,44.0807181402632,0,181,6
2026-06-30 01:00:00,0.0,8,20.1,29.6,44.38705758511214,1,181,6
2026-06-30 02:00:00,0.0,18,19.2,29.4,47.20282441643081,2,181,6
2026-06-30 03:00:00,0.0,25,18.4,29.2,44.84601759780537,3,181,6
2026-06-30 04:00:00,0.0,16,15.6,29.0,46.94456699849932,4,181,6
2026-06-30 05:00:00,0.0,2,15.6,29.0,47.20599946495139,5,181,6
2026-06-30 06:00:00,3.0,1,16.0,29.1,50.0,6,181,6
2026-06-30 07:00:00,86.0,2,18.3,30.0,46.87869789289861,7,181,6
2026-06-30 08:00:00,263.0,2,20.3,31.4,44.38186249101961,8,181,6
2026-06-30 09:00:00,466.0,16,22.1,33.4,46.79129266979987,9,181,6
2026-06-30 10:00:00,605.0,29,22.3,34.9,46.2623984502499,10,181,6
2026-06-30 11:00:00,689.0,83,22.6,35.9,46.154065157286155,11,181,6
2026-06-30 12:00:00,584.0,76,22.0,36.4,46.79325833500622,12,181,6
2026-06-30 13:00:00,733.0,95,21.1,37.4,47.31797821550901,13,181,6
2026-06-30 14:00:00,609.0,29,20.8,37.3,44.162695815175255,14,181,6
2026-06-30 15:00:00,754.0,8,21.5,37.9,45.41799611743923,15,181,6
2026-06-30 16:00:00,623.0,13,23.3,37.2,48.2169109929877,16,181,6
2026-06-30 17:00:00,433.0,12,24.6,35.5,50.0,17,181,6
2026-06-30 18:00:00,219.0,9,24.3,33.8,45.31280552128903,18,181,6
2026-06-30 19:00:00,65.0,6,22.8,32.6,47.356122811949305,19,181,6
2026-06-30 20:00:00,1.0,54,24.5,31.6,43.72459656505425,20,181,6
2026-06-30 21:00:00,0.0,38,22.7,30.9,50.0,21,181,6
2026-06-30 22:00:00,0.0,49,19.9,30.4,46.847041781574156,22,181,6
2026-06-30 23:00:00,0.0,79,20.5,30.5,47.38533584465497,23,181,6
2026-07-01 00:00:00,0.0,96,19.4,30.1,48.979014208099265,0,182,7
2026-07-01 01:00:00,0.0,94,19.9,29.5,49.29241292789998,1,182,7
2026-07-01 02:00:00,0.0,59,16.4,29.4,50.0,2,182,7
2026-07-01 03:00:00,0.0,44,15.6,29.1,39.94775634321678,3,182,7
2026-07-01 04:00:00,0.0,5,14.4,28.8,49.82742419143746,4,182,7
2026-07-01 05:00:00,0.0,16,15.0,29.0,44.376072089729774,5,182,7
2026-07-01 06:00:00,3.0,20,15.0,29.0,47.4965847269696,6,182,7
2026-07-01 07:00:00,81.0,15,19.1,29.8,48.12718721819971,7,182,7
2026-07-01 08:00:00,252.0,27,19.7,31.2,50.0,8,182,7
2026-07-01 09:00:00,441.0,55,19.1,33.1,50.0,9,182,7
2026-07-01 10:00:00,629.0,20,18.6,34.8,50.0,10,182,7
2026-07-01 11:00:00,758.0,97,20.0,36.1,45.17266527915508,11,182,7
2026-07-01 12:00:00,641.0,87,20.1,36.3,44.840649258853595,12,182,7
2026-07-01 13:00:00,504.0,45,20.3,36.3,46.347203456383696,13,182,7
2026-07-01 14:00:00,582.0,100,20.7,37.0,44.39815807934981,14,182,7
2026-07-01 15:00:00,384.0,57,22.6,36.6,42.78365961726819,15,182,7
2026-07-01 16:00:00,352.0,9,24.7,36.0,44.37606201325121,16,182,7
2026-07-01 17:00:00,414.0,27,24.2,35.5,49.59026753941547,17,182,7
2026-07-01 18:00:00,229.0,26,23.9,34.2,50.0,18,182,7
2026-07-01 19:00:00,66.0,5,23.2,33.0,43.49589826160851,19,182,7
2026-07-01 20:00:00,1.0,58,22.6,32.3,47.56999704963867,20,182,7
2026-07-01 21:00:00,0.0,21,21.0,31.4,49.268545766811876,21,182,7
2026-07-01 22:00:00,0.0,85,18.5,30.9,41.92436973918578,22,182,7
2026-07-01 23:00:00,0.0,38,16.8,30.6,50.0,23,182,7
2026-07-02 00:00:00,0.0,38,15.5,30.4,50.0,0,183,7
2026-07-02 01:00:00,0.0,20,15.3,30.2,41.81190375028055,1,183,7
2026-07-02 02:00:00,0.0,17,12.9,29.8,50.0,2,183,7
2026-07-02 03:00:00,0.0,73,11.2,29.7,40.736829084741444,3,183,7
2026-07-02 04:00:00,0.0,89,10.2,29.7,21.545230170946894,4,183,7
2026-07-02 05:00:00,0.0,88,12.2,29.5,46.490131484970554,5,183,7
2026-07-02 06:00:00,3.0,70,10.9,29.4,33.148341508381485,6,183,7
2026-07-02 07:00:00,80.0,38,12.2,30.0,50.0,7,183,7
2026-07-02 08:00:00,246.0,30,12.3,31.4,46.74940033171375,8,183,7
2026-07-02 09:00:00,445.0,66,12.6,33.2,48.96502984164059,9,183,7
2026-07-02 10:00:00,617.0,95,12.6,34.5,49.023799271965004,10,183,7
2026-07-02 11:00:00,685.0,95,13.1,36.4,45.692491725576616,11,183,7
2026-07-02 12:00:00,830.0,91,14.3,37.4,50.0,12,183,7
2026-07-02 13:00:00,774.0,98,15.3,38.0,48.17520104301184,13,183,7
2026-07-02 14:00:00,786.0,100,18.3,38.6,50.0,14,183,7
2026-07-02 15:00:00,714.0,66,21.1,38.5,48.78378584537545,15,183,7
2026-07-02 16:00:00,584.0,18,25.4,37.2,0.0,16,183,7
2026-07-02 17:00:00,414.0,28,23.3,35.7,44.59041046462815,17,183,7
2026-07-02 18:00:00,168.0,40,24.5,33.8,50.0,18,183,7
2026-07-02 19:00:00,52.0,13,25.6,32.1,0.0,19,183,7
2026-07-02 20:00:00,1.0,9,22.3,31.1,50.0,20,183,7
2026-07-02 21:00:00,0.0,9,21.1,30.6,47.075708800798985,21,183,7
2026-07-02 22:00:00,0.0,30,19.4,30.1,45.65661187401717,22,183,7
2026-07-02 23:00:00,0.0,90,17.8,29.9,42.03756103438994,23,183,7
2026-07-03 00:00:00,0.0,20,16.6,29.4,50.0,0,184,7
2026-07-03 01:00:00,0.0,36,14.9,28.9,41.64309817838067,1,184,7
2026-07-03 02:00:00,0.0,72,12.2,28.7,49.859895664257785,2,184,7
2026-07-03 03:00:00,0.0,7,10.8,28.6,32.06014202348227,3,184,7
2026-07-03 04:00:00,0.0,11,11.4,28.4,37.12456731354689,4,184,7
2026-07-03 05:00:00,0.0,5,11.5,28.9,39.21646748897944,5,184,7
2026-07-03 06:00:00,3.0,77,11.5,29.1,39.58154003584267,6,184,7
2026-07-03 07:00:00,74.0,30,14.4,30.0,42.95962744970626,7,184,7
2026-07-03 08:00:00,224.0,21,15.0,31.2,50.0,8,184,7
2026-07-03 09:00:00,421.0,19,16.4,32.4,50.0,9,184,7
2026-07-03 10:00:00,592.0,16,16.9,33.9,44.965178398463564,10,184,7
2026-07-03 11:00:00,752.0,11,17.5,35.4,47.77887930458005,11,184,7
2026-07-03 12:00:00,848.0,15,19.3,36.5,45.33246574769279,12,184,7
2026-07-03 13:00:00,887.0,18,20.5,37.1,47.34886601586599,13,184,7
2026-07-03 14:00:00,838.0,27,19.9,37.5,49.91584339055902,14,184,7
2026-07-03 15:00:00,748.0,34,20.3,37.6,50.0,15,184,7
2026-07-03 16:00:00,605.0,67,22.4,37.3,50.0,16,184,7
2026-07-03 17:00:00,362.0,84,24.5,34.3,43.94941975816331,17,184,7
2026-07-03 18:00:00,129.0,78,25.6,33.6,0.0,18,184,7
2026-07-03 19:00:00,54.0,96,22.5,32.5,48.34175729608531,19,184,7
2026-07-03 20:00:00,1.0,99,24.6,31.4,45.503898416988015,20,184,7
2026-07-03 21:00:00,0.0,98,24.7,30.5,48.989787374948484,21,184,7
2026-07-03 22:00:00,0.0,98,22.1,30.0,49.676463209446176,22,184,7
2026-07-03 23:00:00,0.0,100,22.1,29.8,48.5380550032177,23,184,7
2026-07-04 00:00:00,0.0,95,20.3,29.5,46.265977993788034,0,185,7
2026-07-04 01:00:00,0.0,84,17.8,29.2,50.0,1,185,7
2026-07-04 02:00:00,0.0,88,17.3,29.0,44.92326733095549,2,185,7
2026-07-04 03:00:00,0.0,63,16.2,28.8,50.0,3,185,7
2026-07-04 04:00:00,0.0,92,15.9,28.6,50.0,4,185,7
2026-07-04 05:00:00,0.0,98,11.2,28.7,35.18332744551671,5,185,7
2026-07-04 06:00:00,2.0,99,10.8,28.6,28.847169243758263,6,185,7
2026-07-04 07:00:00,63.0,96,12.3,29.2,50.0,7,185,7
2026-07-04 08:00:00,220.0,88,14.6,30.7,48.26065984744148,8,185,7
2026-07-04 09:00:00,421.0,85,17.8,32.5,48.059290962715004,9,185,7
2026-07-04 10:00:00,501.0,81,18.0,34.1,43.41567261562497,10,185,7
2026-07-04 11:00:00,697.0,53,20.1,35.9,49.88548412683955,11,185,7
2026-07-04 12:00:00,650.0,100,20.8,36.4,48.76829590668931,12,185,7
2026-07-04 13:00:00,552.0,97,18.4,36.3,47.50871950551711,13,185,7
2026-07-04 14:00:00,493.0,96,16.8,37.0,47.58627296967323,14,185,7
2026-07-04 15:00:00,569.0,100,19.4,37.3,50.0,15,185,7
2026-07-04 16:00:00,347.0,100,21.0,36.3,50.0,16,185,7
2026-07-04 17:00:00,190.0,99,21.7,36.0,46.80326059776264,17,185,7
2026-07-04 18:00:00,150.0,89,20.3,34.5,50.0,18,185,7
2026-07-04 19:00:00,37.0,99,26.0,32.7,0.0,19,185,7
2026-07-04 20:00:00,0.0,99,26.5,31.2,0.0,20,185,7
2026-07-04 21:00:00,0.0,94,24.9,30.3,43.457464159380976,21,185,7
2026-07-04 22:00:00,0.0,97,23.1,29.9,44.975131919844415,22,185,7
2026-07-04 23:00:00,0.0,57,22.5,29.9,48.2353307652283,23,185,7
2026-07-05 00:00:00,0.0,98,22.2,29.6,50.0,0,186,7
2026-07-05 01:00:00,0.0,100,21.8,29.5,47.009467915454195,1,186,7
2026-07-05 02:00:00,0.0,57,22.0,29.2,40.957751475619276,2,186,7
2026-07-05 03:00:00,0.0,91,21.3,28.9,48.60744979023704,3,186,7
2026-07-05 04:00:00,0.0,95,18.9,28.7,50.0,4,186,7
2026-07-05 05:00:00,0.0,98,17.8,28.8,44.24417511883686,5,186,7
2026-07-05 06:00:00,1.0,100,17.0,28.8,44.33762860021808,6,186,7
2026-07-05 07:00:00,40.0,100,19.0,29.3,46.89962629699265,7,186,7
2026-07-05 08:00:00,130.0,100,15.7,30.2,49.79689547239376,8,186,7
2026-07-05 09:00:00,162.0,100,13.1,31.0,41.580733581369266,9,186,7
2026-07-05 10:00:00,139.0,100,11.4,31.4,41.185671285898266,10,186,7
2026-07-05 11:00:00,202.0,98,18.3,34.3,50.0,11,186,7
2026-07-05 12:00:00,395.0,100,13.9,34.4,46.13362332202534,12,186,7
2026-07-05 13:00:00,250.0,100,11.8,34.7,46.15119242753308,13,186,7
2026-07-05 14:00:00,368.0,100,15.7,35.7,40.499990768112674,14,186,7
2026-07-05 15:00:00,161.0,91,19.8,33.9,47.35508382149486,15,186,7
2026-07-05 16:00:00,344.0,99,18.6,34.4,42.98505616246025,16,186,7
2026-07-05 17:00:00,217.0,78,21.3,35.2,39.91759649632044,17,186,7
2026-07-05 18:00:00,224.0,98,22.3,33.3,48.33337712377406,18,186,7
2026-07-05 19:00:00,48.0,99,21.2,31.9,50.0,19,186,7
2026-07-05 20:00:00,0.0,67,20.6,30.9,50.0,20,186,7
2026-07-05 21:00:00,0.0,61,20.0,30.1,46.617807527181434,21,186,7
2026-07-05 22:00:00,0.0,73,19.9,29.9,50.0,22,186,7
2026-07-05 23:00:00,0.0,50,18.8,29.9,50.0,23,186,7
2026-07-06 00:00:00,0.0,50,19.0,29.7,50.0,0,187,7
2026-07-06 01:00:00,0.0,65,19.3,29.5,39.69902492625304,1,187,7
2026-07-06 02:00:00,0.0,89,18.0,29.3,47.448662922961866,2,187,7
2026-07-06 03:00:00,0.0,100,17.3,29.2,50.0,3,187,7
2026-07-06 04:00:00,0.0,84,15.9,29.1,47.8126919154037,4,187,7
2026-07-06 05:00:00,0.0,79,16.6,29.2,50.0,5,187,7
2026-07-06 06:00:00,2.0,82,16.2,29.2,50.0,6,187,7
2026-07-06 07:00:00,61.0,100,19.6,29.8,46.09840490678878,7,187,7
2026-07-06 08:00:00,96.0,100,19.3,30.3,44.00563712060607,8,187,7
2026-07-06 09:00:00,82.0,100,17.5,30.7,48.303636234847595,9,187,7
2026-07-06 10:00:00,147.0,99,15.9,31.7,50.0,10,187,7
2026-07-06 11:00:00,278.0,52,16.7,32.6,43.95175006858716,11,187,7
2026-07-06 12:00:00,662.0,37,16.8,34.6,43.243754111449746,12,187,7
2026-07-06 13:00:00,838.0,27,16.6,36.1,44.25747889285238,13,187,7
2026-07-06 14:00:00,836.0,20,18.4,36.7,50.0,14,187,7
2026-07-06 15:00:00,765.0,20,16.6,36.8,50.0,15,187,7
2026-07-06 16:00:00,599.0,15,17.2,36.6,50.0,16,187,7
2026-07-06 17:00:00,415.0,48,14.8,35.9,43.8361453281091,17,187,7
2026-07-06 18:00:00,228.0,69,17.3,34.6,43.44984122847755,18,187,7
2026-07-06 19:00:00,62.0,78,20.2,32.9,47.3293978027012,19,187,7
2026-07-06 20:00:00,1.0,76,20.2,31.6,41.069401060950476,20,187,7
2026-07-06 21:00:00,0.0,94,20.7,30.8,50.0,21,187,7
2026-07-06 22:00:00,0.0,94,20.1,30.3,50.0,22,187,7
2026-07-06 23:00:00,0.0,100,21.2,29.7,50.0,23,187,7
2026-07-07 00:00:00,0.0,97,19.7,29.4,50.0,0,188,7
2026-07-07 01:00:00,0.0,99,18.9,29.2,48.76415789127188,1,188,7
2026-07-07 02:00:00,0.0,94,15.8,29.1,49.24442074069658,2,188,7
2026-07-07 03:00:00,0.0,88,14.5,29.1,50.0,3,188,7
2026-07-07 04:00:00,0.0,77,12.8,29.0,39.482037696619024,4,188,7
2026-07-07 05:00:00,0.0,99,14.5,29.1,50.0,5,188,7
2026-07-07 06:00:00,2.0,99,13.5,29.2,48.44781023210445,6,188,7
2026-07-07 07:00:00,67.0,98,17.2,29.8,47.83544791579005,7,188,7
2026-07-07 08:00:00,211.0,99,15.8,31.1,50.0,8,188,7
2026-07-07 09:00:00,376.0,98,13.4,32.6,47.85576098038603,9,188,7
2026-07-07 10:00:00,533.0,100,11.7,34.0,47.10029475267392,10,188,7
2026-07-07 11:00:00,379.0,94,12.5,33.4,50.0,11,188,7
2026-07-07 12:00:00,664.0,91,15.1,35.3,45.24144454035075,12,188,7
2026-07-07 13:00:00,541.0,89,14.9,35.3,50.0,13,188,7
2026-07-07 14:00:00,542.0,99,16.2,35.9,45.79254331733589,14,188,7
2026-07-07 15:00:00,408.0,100,19.4,35.6,46.063938163523524,15,188,7
2026-07-07 16:00:00,142.0,100,18.2,34.1,46.73966776050895,16,188,7
2026-07-07 17:00:00,97.0,86,22.2,34.1,46.47645501087629,17,188,7
2026-07-07 18:00:00,137.0,100,21.0,33.2,50.0,18,188,7
2026-07-07 19:00:00,13.0,100,20.7,31.7,50.0,19,188,7
2026-07-07 20:00:00,0.0,100,21.0,31.2,50.0,20,188,7
2026-07-07 21:00:00,0.0,100,20.8,30.9,49.63656952109093,21,188,7
2026-07-07 22:00:00,0.0,100,19.5,30.4,47.81611316411011,22,188,7
2026-07-07 23:00:00,0.0,86,22.1,30.2,48.55239639279192,23,188,7
2026-07-08 00:00:00,0.0,89,19.3,29.9,50.0,0,189,7
2026-07-08 01:00:00,0.0,99,15.9,29.7,50.0,1,189,7
2026-07-08 02:00:00,0.0,100,17.6,29.6,48.50339260009005,2,189,7
2026-07-08 03:00:00,0.0,92,18.6,29.4,43.723368431413945,3,189,7
2026-07-08 04:00:00,0.0,66,16.4,29.3,50.0,4,189,7
2026-07-08 05:00:00,0.0,100,15.9,29.3,50.0,5,189,7
2026-07-08 06:00:00,1.0,99,14.6,29.2,50.0,6,189,7
2026-07-08 07:00:00,44.0,69,16.8,29.7,45.3667490135307,7,189,7
2026-07-08 08:00:00,185.0,41,20.0,30.8,46.11587575085347,8,189,7
2026-07-08 09:00:00,410.0,20,21.2,32.4,45.1557734103189,9,189,7
2026-07-08 10:00:00,625.0,16,22.4,34.3,39.85155900137419,10,189,7
2026-07-08 11:00:00,769.0,5,25.0,35.5,49.35273477632411,11,189,7
2026-07-08 12:00:00,879.0,6,26.8,36.6,0.0,12,189,7
2026-07-08 13:00:00,903.0,16,27.5,37.2,0.0,13,189,7
2026-07-08 14:00:00,849.0,17,27.4,37.2,0.0,14,189,7
2026-07-08 15:00:00,755.0,14,27.4,36.8,0.0,15,189,7
2026-07-08 16:00:00,598.0,16,28.6,35.9,0.0,16,189,7
2026-07-08 17:00:00,416.0,9,28.2,34.7,0.0,17,189,7
2026-07-08 18:00:00,226.0,8,27.5,33.3,0.0,18,189,7
2026-07-08 19:00:00,65.0,70,25.7,31.6,0.0,19,189,7
2026-07-08 20:00:00,1.0,80,23.8,30.7,49.611083888990315,20,189,7
2026-07-08 21:00:00,0.0,84,23.3,29.9,50.0,21,189,7
2026-07-08 22:00:00,0.0,36,21.7,29.4,44.20179476885416,22,189,7
2026-07-08 23:00:00,0.0,85,22.4,29.6,50.0,23,189,7
2026-07-09 00:00:00,0.0,68,21.7,29.3,40.530181010664684,0,190,7
2026-07-09 01:00:00,0.0,26,18.9,29.0,49.291565374869585,1,190,7
2026-07-09 02:00:00,0.0,63,16.3,28.6,46.883692551701046,2,190,7
2026-07-09 03:00:00,0.0,37,18.2,28.6,37.423910673289434,3,190,7
2026-07-09 04:00:00,0.0,41,19.3,28.2,42.04842027152689,4,190,7
2026-07-09 05:00:00,0.0,27,21.1,28.3,48.898256084533216,5,190,7
2026-07-09 06:00:00,2.0,73,21.5,28.4,48.20791309821008,6,190,7
2026-07-09 07:00:00,78.0,28,24.8,29.3,50.0,7,190,7
2026-07-09 08:00:00,222.0,51,26.7,30.8,0.0,8,190,7
2026-07-09 09:00:00,430.0,30,27.9,32.6,0.0,9,190,7
2026-07-09 10:00:00,601.0,85,27.9,33.9,0.0,10,190,7
2026-07-09 11:00:00,763.0,98,28.6,35.1,0.0,11,190,7
2026-07-09 12:00:00,803.0,63,28.1,36.1,0.0,12,190,7
2026-07-09 13:00:00,869.0,78,29.5,36.6,0.0,13,190,7
2026-07-09 14:00:00,799.0,38,30.8,36.4,0.0,14,190,7
2026-07-09 15:00:00,754.0,19,31.7,36.0,0.0,15,190,7
2026-07-09 16:00:00,612.0,19,31.8,35.2,0.0,16,190,7
2026-07-09 17:00:00,435.0,14,29.8,34.1,0.0,17,190,7
2026-07-09 18:00:00,226.0,15,29.3,32.7,0.0,18,190,7
2026-07-09 19:00:00,64.0,17,27.4,31.4,0.0,19,190,7
2026-07-09 20:00:00,1.0,17,26.8,30.4,0.0,20,190,7
2026-07-09 21:00:00,0.0,9,26.1,29.7,0.0,21,190,7
2026-07-09 22:00:00,0.0,11,23.1,29.3,50.0,22,190,7
2026-07-09 23:00:00,0.0,60,22.3,29.3,44.81843315702901,23,190,7
2026-07-10 00:00:00,0.0,84,21.2,28.9,48.139545587520374,0,191,7
2026-07-10 01:00:00,0.0,84,19.5,28.5,50.0,1,191,7
2026-07-10 02:00:00,0.0,92,17.5,28.3,39.86678298742684,2,191,7
2026-07-10 03:00:00,0.0,93,18.0,28.2,47.767408895264595,3,191,7
2026-07-10 04:00:00,0.0,92,20.2,28.3,50.0,4,191,7
2026-07-10 05:00:00,0.0,95,23.3,28.2,50.0,5,191,7
2026-07-10 06:00:00,2.0,99,22.6,28.2,46.02979216019164,6,191,7
2026-07-10 07:00:00,77.0,98,25.7,29.2,0.0,7,191,7
2026-07-10 08:00:00,225.0,88,28.9,30.9,0.0,8,191,7
2026-07-10 09:00:00,437.0,88,29.9,32.7,0.0,9,191,7
2026-07-10 10:00:00,598.0,86,29.7,34.2,0.0,10,191,7
2026-07-10 11:00:00,772.0,51,31.5,35.0,0.0,11,191,7
2026-07-10 12:00:00,855.0,49,32.2,35.8,0.0,12,191,7
2026-07-10 13:00:00,903.0,63,33.1,36.1,0.0,13,191,7
2026-07-10 14:00:00,849.0,67,34.1,36.0,0.0,14,191,7
2026-07-10 15:00:00,679.0,63,34.3,35.4,0.0,15,191,7
2026-07-10 16:00:00,586.0,20,34.3,34.8,0.0,16,191,7
2026-07-10 17:00:00,422.0,9,33.4,33.8,0.0,17,191,7
2026-07-10 18:00:00,230.0,27,33.5,32.6,0.0,18,191,7
2026-07-10 19:00:00,56.0,56,34.0,31.8,0.0,19,191,7
2026-07-10 20:00:00,0.0,94,32.6,30.3,0.0,20,191,7
2026-07-10 21:00:00,0.0,60,30.6,29.8,0.0,21,191,7
2026-07-10 22:00:00,0.0,73,27.3,29.2,0.0,22,191,7
2026-07-10 23:00:00,0.0,55,24.9,29.3,41.6360290732554,23,191,7
2026-07-11 00:00:00,0.0,88,26.2,28.9,0.0,0,192,7
2026-07-11 01:00:00,0.0,88,25.1,28.6,0.0,1,192,7
2026-07-11 02:00:00,0.0,84,26.2,28.4,0.0,2,192,7
2026-07-11 03:00:00,0.0,41,27.5,28.3,0.0,3,192,7
2026-07-11 04:00:00,0.0,48,27.2,28.2,0.0,4,192,7
2026-07-11 05:00:00,0.0,8,30.4,28.2,0.0,5,192,7
2026-07-11 06:00:00,2.0,9,29.6,28.2,0.0,6,192,7
2026-07-11 07:00:00,75.0,53,34.3,29.1,0.0,7,192,7
2026-07-11 08:00:00,225.0,63,34.2,30.5,0.0,8,192,7
2026-07-11 09:00:00,403.0,89,34.3,32.3,0.0,9,192,7
2026-07-11 10:00:00,585.0,42,35.6,33.7,0.0,10,192,7
2026-07-11 11:00:00,733.0,9,35.3,35.0,0.0,11,192,7
2026-07-11 12:00:00,849.0,25,36.6,35.8,0.0,12,192,7
2026-07-11 13:00:00,890.0,67,37.3,36.1,0.0,13,192,7
2026-07-11 14:00:00,830.0,99,38.5,36.0,0.0,14,192,7
2026-07-11 15:00:00,660.0,91,38.8,35.1,0.0,15,192,7
2026-07-11 16:00:00,565.0,73,38.6,34.2,0.0,16,192,7
2026-07-11 17:00:00,430.0,95,38.6,33.6,0.0,17,192,7
2026-07-11 18:00:00,176.0,80,37.4,32.2,0.0,18,192,7
2026-07-11 19:00:00,48.0,53,35.1,30.9,0.0,19,192,7
2026-07-11 20:00:00,1.0,54,33.4,30.2,0.0,20,192,7
2026-07-11 21:00:00,0.0,70,29.5,29.6,0.0,21,192,7
2026-07-11 22:00:00,0.0,48,29.4,29.3,0.0,22,192,7
2026-07-11 23:00:00,0.0,38,27.2,29.4,0.0,23,192,7
2026-07-12 00:00:00,0.0,32,26.1,29.1,0.0,0,193,7
2026-07-12 01:00:00,0.0,9,24.6,28.7,48.792753873292405,1,193,7
2026-07-12 02:00:00,0.0,15,25.0,28.5,50.0,2,193,7
2026-07-12 03:00:00,0.0,24,24.7,28.2,48.92558931840455,3,193,7
2026-07-12 04:00:00,0.0,7,26.1,28.1,0.0,4,193,7
2026-07-12 05:00:00,0.0,6,27.0,28.2,0.0,5,193,7
2026-07-12 06:00:00,2.0,6,26.5,28.2,0.0,6,193,7
2026-07-12 07:00:00,76.0,12,28.1,29.0,0.0,7,193,7
2026-07-12 08:00:00,244.0,11,32.9,30.8,0.0,8,193,7
2026-07-12 09:00:00,445.0,16,33.5,32.5,0.0,9,193,7
2026-07-12 10:00:00,626.0,7,33.3,34.2,0.0,10,193,7
2026-07-12 11:00:00,782.0,5,35.1,35.3,0.0,11,193,7
2026-07-12 12:00:00,849.0,1,35.1,36.0,0.0,12,193,7
2026-07-12 13:00:00,887.0,16,36.8,36.4,0.0,13,193,7
2026-07-12 14:00:00,867.0,52,38.6,36.4,0.0,14,193,7
2026-07-12 15:00:00,776.0,88,39.0,35.8,0.0,15,193,7
2026-07-12 16:00:00,625.0,98,39.3,34.9,0.0,16,193,7
2026-07-12 17:00:00,419.0,99,36.8,33.6,0.0,17,193,7
2026-07-12 18:00:00,208.0,100,35.6,32.1,0.0,18,193,7
2026-07-12 19:00:00,60.0,100,34.5,30.8,0.0,19,193,7
2026-07-12 20:00:00,1.0,98,33.2,30.2,0.0,20,193,7
2026-07-12 21:00:00,0.0,99,26.0,29.6,0.0,21,193,7
2026-07-12 22:00:00,0.0,98,25.5,29.3,0.0,22,193,7
2026-07-12 23:00:00,0.0,99,23.9,29.5,50.0,23,193,7
2026-07-13 00:00:00,0.0,95,25.9,29.2,0.0,0,194,7
2026-07-13 01:00:00,0.0,97,26.7,29.0,0.0,1,194,7
2026-07-13 02:00:00,0.0,80,25.0,28.6,50.0,2,194,7
2026-07-13 03:00:00,0.0,89,25.8,28.7,0.0,3,194,7
2026-07-13 04:00:00,0.0,77,25.4,28.4,0.0,4,194,7
2026-07-13 05:00:00,0.0,9,25.0,28.3,46.62145046063278,5,194,7
2026-07-13 06:00:00,2.0,3,26.3,28.2,0.0,6,194,7
2026-07-13 07:00:00,77.0,5,26.8,29.1,0.0,7,194,7
2026-07-13 08:00:00,254.0,19,33.6,30.6,0.0,8,194,7
2026-07-13 09:00:00,455.0,22,33.7,32.5,0.0,9,194,7
2026-07-13 10:00:00,646.0,21,34.7,33.8,0.0,10,194,7
2026-07-13 11:00:00,792.0,64,36.1,35.4,0.0,11,194,7
2026-07-13 12:00:00,862.0,64,36.8,35.7,0.0,12,194,7
2026-07-13 13:00:00,910.0,79,36.5,36.0,0.0,13,194,7
2026-07-13 14:00:00,852.0,97,37.9,35.9,0.0,14,194,7
2026-07-13 15:00:00,753.0,98,37.4,35.3,0.0,15,194,7
2026-07-13 16:00:00,587.0,31,36.1,34.5,0.0,16,194,7
2026-07-13 17:00:00,433.0,20,33.6,33.3,0.0,17,194,7
2026-07-13 18:00:00,221.0,10,32.0,32.0,0.0,18,194,7
2026-07-13 19:00:00,64.0,46,31.8,30.7,0.0,19,194,7
2026-07-13 20:00:00,0.0,61,29.4,29.9,0.0,20,194,7
2026-07-13 21:00:00,0.0,96,27.0,29.3,0.0,21,194,7
2026-07-13 22:00:00,0.0,99,26.4,29.1,0.0,22,194,7
2026-07-13 23:00:00,0.0,93,25.4,29.2,0.0,23,194,7
2026-07-14 00:00:00,0.0,88,25.4,29.1,0.0,0,195,7
2026-07-14 01:00:00,0.0,63,23.8,28.5,43.65526981955245,1,195,7
2026-07-14 02:00:00,0.0,56,21.8,28.3,45.33861242661556,2,195,7
2026-07-14 03:00:00,0.0,72,22.6,28.1,46.64557428108827,3,195,7
2026-07-14 04:00:00,0.0,100,22.7,27.9,45.62379341501,4,195,7
2026-07-14 05:00:00,0.0,97,20.2,28.0,46.57967195417488,5,195,7
2026-07-14 06:00:00,1.0,85,19.4,28.0,47.147903670338344,6,195,7
2026-07-14 07:00:00,69.0,73,22.5,28.9,46.13381715396661,7,195,7
2026-07-14 08:00:00,207.0,65,25.1,30.1,0.0,8,195,7
2026-07-14 09:00:00,377.0,43,27.0,31.7,0.0,9,195,7
2026-07-14 10:00:00,573.0,77,28.0,33.5,0.0,10,195,7
2026-07-14 11:00:00,583.0,61,29.1,33.8,0.0,11,195,7
2026-07-14 12:00:00,648.0,99,30.1,33.6,0.0,12,195,7
2026-07-14 13:00:00,709.0,61,30.8,34.8,0.0,13,195,7
2026-07-14 14:00:00,771.0,43,32.3,35.0,0.0,14,195,7
2026-07-14 15:00:00,709.0,56,31.2,34.9,0.0,15,195,7
2026-07-14 16:00:00,513.0,19,29.1,34.0,0.0,16,195,7
2026-07-14 17:00:00,385.0,38,28.5,33.3,0.0,17,195,7
2026-07-14 18:00:00,190.0,38,28.8,31.9,0.0,18,195,7
2026-07-14 19:00:00,56.0,32,27.4,30.8,0.0,19,195,7
2026-07-14 20:00:00,0.0,19,24.4,29.9,44.85914699476943,20,195,7
2026-07-14 21:00:00,0.0,48,23.3,29.3,47.021508903248666,21,195,7
2026-07-14 22:00:00,0.0,24,21.0,28.9,42.92964071483765,22,195,7
2026-07-14 23:00:00,0.0,26,21.9,28.8,50.0,23,195,7
2026-07-15 00:00:00,0.0,88,20.0,28.0,50.0,0,196,7
2026-07-15 01:00:00,0.0,99,19.1,28.0,48.01459413687285,1,196,7
2026-07-15 02:00:00,0.0,99,19.6,28.1,47.516185050471286,2,196,7
2026-07-15 03:00:00,0.0,92,22.1,27.4,50.0,3,196,7
2026-07-15 04:00:00,0.0,85,18.0,27.1,46.70688389180778,4,196,7
2026-07-15 05:00:00,0.0,98,19.3,27.6,43.487547371285395,5,196,7
2026-07-15 06:00:00,1.0,97,17.8,27.7,43.9384593117762,6,196,7
2026-07-15 07:00:00,60.0,98,18.3,28.6,46.91632939800898,7,196,7
2026-07-15 08:00:00,176.0,98,22.2,29.6,40.87871900121973,8,196,7
2026-07-15 09:00:00,376.0,98,22.9,31.3,50.0,9,196,7
2026-07-15 10:00:00,560.0,98,23.8,33.1,39.42759400815876,10,196,7
2026-07-15 11:00:00,684.0,98,24.9,33.9,38.786670860667385,11,196,7
2026-07-15 12:00:00,692.0,99,25.5,35.1,0.0,12,196,7
2026-07-15 13:00:00,836.0,90,26.2,36.3,0.0,13,196,7
2026-07-15 14:00:00,811.0,98,26.2,36.3,0.0,14,196,7
2026-07-15 15:00:00,716.0,97,27.1,36.0,0.0,15,196,7
2026-07-15 16:00:00,577.0,50,27.1,35.0,0.0,16,196,7
2026-07-15 17:00:00,394.0,22,25.1,33.3,0.0,17,196,7
2026-07-15 18:00:00,208.0,21,24.3,32.5,50.0,18,196,7
2026-07-15 19:00:00,56.0,34,21.9,31.2,42.23593453440022,19,196,7
2026-07-15 20:00:00,0.0,19,19.3,30.3,50.0,20,196,7
2026-07-15 21:00:00,0.0,19,17.3,29.7,45.12715633099032,21,196,7
2026-07-15 22:00:00,0.0,23,15.9,29.4,38.94904136375883,22,196,7
2026-07-15 23:00:00,0.0,16,14.2,29.0,38.831503673194675,23,196,7
2026-07-16 00:00:00,0.0,22,14.3,28.5,48.0168685522826,0,197,7
2026-07-16 01:00:00,0.0,10,12.9,28.0,50.0,1,197,7
2026-07-16 02:00:00,0.0,14,11.3,27.7,41.458741567719024,2,197,7
2026-07-16 03:00:00,0.0,8,9.7,27.6,21.05134067662458,3,197,7
2026-07-16 04:00:00,0.0,8,9.2,27.3,18.180866491053973,4,197,7
2026-07-16 05:00:00,0.0,10,12.1,26.7,43.20931894739245,5,197,7
2026-07-16 06:00:00,1.0,35,12.6,26.9,47.99598596253512,6,197,7
2026-07-16 07:00:00,62.0,48,13.3,27.5,48.88013870209805,7,197,7
2026-07-16 08:00:00,231.0,35,15.4,29.1,45.596942837261174,8,197,7
2026-07-16 09:00:00,426.0,53,16.4,31.1,46.19595427788198,9,197,7
2026-07-16 10:00:00,592.0,31,16.9,33.3,48.46363827073705,10,197,7
2026-07-16 11:00:00,748.0,17,16.7,35.3,42.969871340499395,11,197,7
2026-07-16 12:00:00,818.0,26,18.0,36.0,50.0,12,197,7
2026-07-16 13:00:00,854.0,18,19.1,36.5,48.02474166617771,13,197,7
2026-07-16 14:00:00,841.0,30,20.6,36.4,46.03907991945743,14,197,7
2026-07-16 15:00:00,725.0,29,21.9,36.4,40.63654847746124,15,197,7
2026-07-16 16:00:00,551.0,13,23.0,35.9,49.39112552382617,16,197,7
2026-07-16 17:00:00,389.0,14,19.8,35.5,44.30396143309487,17,197,7
2026-07-16 18:00:00,206.0,20,19.8,34.2,41.38781956413169,18,197,7
2026-07-16 19:00:00,54.0,20,21.7,32.5,44.59353607493689,19,197,7
2026-07-16 20:00:00,0.0,14,20.5,31.0,50.0,20,197,7
2026-07-16 21:00:00,0.0,10,18.7,30.1,45.10379322182049,21,197,7
2026-07-16 22:00:00,0.0,28,16.3,29.5,44.29314904699625,22,197,7
2026-07-16 23:00:00,0.0,77,15.9,29.5,50.0,23,197,7
2026-07-17 00:00:00,0.0,64,15.3,29.2,50.0,0,198,7
2026-07-17 01:00:00,0.0,72,16.1,29.0,46.39104512124229,1,198,7
2026-07-17 02:00:00,0.0,87,15.4,28.6,46.21787762691597,2,198,7
2026-07-17 03:00:00,0.0,57,14.8,28.1,48.79876984556406,3,198,7
2026-07-17 04:00:00,0.0,41,13.5,27.8,49.44389447970189,4,198,7
2026-07-17 05:00:00,0.0,16,12.1,27.5,46.2784188569663,5,198,7
2026-07-17 06:00:00,1.0,23,13.7,27.4,48.85433521579081,6,198,7
2026-07-17 07:00:00,66.0,10,13.9,28.3,50.0,7,198,7
2026-07-17 08:00:00,225.0,10,16.6,29.9,43.892353199335474,8,198,7
2026-07-17 09:00:00,419.0,11,18.6,31.7,43.73495357107149,9,198,7
2026-07-17 10:00:00,593.0,8,20.6,33.6,42.674625340811396,10,198,7
2026-07-17 11:00:00,749.0,20,21.5,34.6,48.918108970824186,11,198,7
2026-07-17 12:00:00,832.0,38,19.8,35.9,42.08748723830913,12,198,7
2026-07-17 13:00:00,826.0,41,23.4,36.0,43.616316942208506,13,198,7
2026-07-17 14:00:00,731.0,73,23.4,36.0,50.0,14,198,7
2026-07-17 15:00:00,496.0,98,23.9,35.5,47.12408122787959,15,198,7
2026-07-17 16:00:00,459.0,91,24.4,35.0,50.0,16,198,7
2026-07-17 17:00:00,343.0,79,23.6,34.0,49.38801081855239,17,198,7
2026-07-17 18:00:00,154.0,37,23.6,32.8,50.0,18,198,7
2026-07-17 19:00:00,45.0,9,22.1,31.6,41.02586122629764,19,198,7
2026-07-17 20:00:00,0.0,17,21.3,30.8,48.289456600647235,20,198,7
2026-07-17 21:00:00,0.0,17,22.3,30.2,50.0,21,198,7
2026-07-17 22:00:00,0.0,27,20.5,29.4,48.54865610064467,22,198,7
2026-07-17 23:00:00,0.0,82,20.1,29.2,50.0,23,198,7
2026-07-18 00:00:00,0.0,98,20.4,28.8,50.0,0,199,7
2026-07-18 01:00:00,0.0,91,20.6,28.3,46.38423123296559,1,199,7
2026-07-18 02:00:00,0.0,53,19.6,28.1,39.22091424055797,2,199,7
2026-07-18 03:00:00,0.0,40,19.0,28.0,50.0,3,199,7
2026-07-18 04:00:00,0.0,70,18.4,27.9,42.91293860541615,4,199,7
2026-07-18 05:00:00,0.0,15,16.5,27.8,50.0,5,199,7
2026-07-18 06:00:00,1.0,48,16.4,27.7,41.97397492418297,6,199,7
2026-07-18 07:00:00,65.0,25,18.6,28.4,50.0,7,199,7
2026-07-18 08:00:00,231.0,82,21.4,30.1,50.0,8,199,7
2026-07-18 09:00:00,424.0,94,21.5,31.8,50.0,9,199,7
2026-07-18 10:00:00,592.0,93,21.9,33.4,46.01910994069579,10,199,7
2026-07-18 11:00:00,689.0,24,24.0,34.9,47.81815632050095,11,199,7
2026-07-18 12:00:00,815.0,78,26.1,35.6,0.0,12,199,7
2026-07-18 13:00:00,866.0,31,25.1,36.3,0.0,13,199,7
2026-07-18 14:00:00,849.0,46,26.0,36.5,0.0,14,199,7
2026-07-18 15:00:00,567.0,100,24.5,35.6,50.0,15,199,7
2026-07-18 16:00:00,326.0,100,25.8,34.4,0.0,16,199,7
2026-07-18 17:00:00,253.0,78,25.6,33.8,0.0,17,199,7
2026-07-18 18:00:00,144.0,38,25.2,32.4,0.0,18,199,7
2026-07-18 19:00:00,51.0,91,23.6,31.4,43.32660168905912,19,199,7
2026-07-18 20:00:00,0.0,88,23.3,30.3,44.26013335807548,20,199,7
2026-07-18 21:00:00,0.0,98,23.2,29.8,48.55831446579018,21,199,7
2026-07-18 22:00:00,0.0,90,22.5,29.3,44.13947359245559,22,199,7
2026-07-18 23:00:00,0.0,95,20.7,28.9,49.41531787482079,23,199,7
2026-07-19 00:00:00,0.0,83,20.6,28.5,44.86717415493433,0,200,7
2026-07-19 01:00:00,0.0,46,20.5,28.1,48.44117199146504,1,200,7
2026-07-19 02:00:00,0.0,98,18.5,27.9,46.45398647751752,2,200,7
2026-07-19 03:00:00,0.0,86,18.1,28.0,47.59020081405557,3,200,7
2026-07-19 04:00:00,0.0,45,16.9,27.8,48.689606499865306,4,200,7
2026-07-19 05:00:00,0.0,38,12.7,28.0,50.0,5,200,7
2026-07-19 06:00:00,1.0,34,12.3,27.9,42.73483168362768,6,200,7
2026-07-19 07:00:00,63.0,49,15.9,28.6,50.0,7,200,7
2026-07-19 08:00:00,220.0,68,17.7,30.0,44.79269004601561,8,200,7
2026-07-19 09:00:00,414.0,84,18.8,31.8,49.32350564496379,9,200,7
2026-07-19 10:00:00,560.0,78,19.4,33.3,50.0,10,200,7
2026-07-19 11:00:00,611.0,62,20.7,34.6,50.0,11,200,7
2026-07-19 12:00:00,759.0,100,21.3,35.9,47.71461906746156,12,200,7
2026-07-19 13:00:00,489.0,100,21.1,35.3,50.0,13,200,7
2026-07-19 14:00:00,467.0,100,20.5,35.9,50.0,14,200,7
2026-07-19 15:00:00,332.0,98,24.5,34.4,47.3183636182891,15,200,7
2026-07-19 16:00:00,280.0,99,22.6,34.1,46.37501208346665,16,200,7
2026-07-19 17:00:00,204.0,88,21.5,33.6,45.69174798606352,17,200,7
2026-07-19 18:00:00,120.0,100,23.2,32.2,49.68194446997708,18,200,7
2026-07-19 19:00:00,35.0,94,22.8,31.2,50.0,19,200,7
2026-07-19 20:00:00,0.0,45,21.0,30.1,49.74276443244655,20,200,7
2026-07-19 21:00:00,0.0,84,19.5,29.4,49.20868735976027,21,200,7
2026-07-19 22:00:00,0.0,76,18.5,29.0,46.29416227564491,22,200,7
2026-07-19 23:00:00,0.0,77,17.2,28.9,41.51286913370204,23,200,7
2026-07-20 00:00:00,0.0,47,15.4,28.7,49.027561889128386,0,201,7
2026-07-20 01:00:00,0.0,89,14.8,28.5,47.61273643967813,1,201,7
2026-07-20 02:00:00,0.0,100,14.1,28.3,45.6767454284492,2,201,7
2026-07-20 03:00:00,0.0,100,13.2,28.2,50.0,3,201,7
2026-07-20 04:00:00,0.0,75,14.0,28.1,47.00707284843553,4,201,7
2026-07-20 05:00:00,0.0,81,14.9,28.2,46.410388872917366,5,201,7
2026-07-20 06:00:00,1.0,98,14.2,27.9,45.14043772799653,6,201,7
2026-07-20 07:00:00,39.0,85,14.6,28.4,46.75024540730001,7,201,7
2026-07-20 08:00:00,143.0,100,16.4,29.5,50.0,8,201,7
2026-07-20 09:00:00,241.0,95,16.6,30.4,48.79053722253299,9,201,7
2026-07-20 10:00:00,557.0,98,18.6,32.9,47.749956876603605,10,201,7
2026-07-20 11:00:00,639.0,98,21.3,34.4,47.87198639290136,11,201,7
2026-07-20 12:00:00,727.0,95,22.5,34.7,44.41994347201501,12,201,7
2026-07-20 13:00:00,772.0,100,22.0,35.2,50.0,13,201,7
2026-07-20 14:00:00,445.0,100,25.1,33.4,0.0,14,201,7
2026-07-20 15:00:00,243.0,100,25.0,32.6,50.0,15,201,7
2026-07-20 16:00:00,313.0,84,23.6,33.2,42.94044699303626,16,201,7
2026-07-20 17:00:00,251.0,89,21.7,31.8,45.47767499163456,17,201,7
2026-07-20 18:00:00,153.0,88,20.2,31.1,50.0,18,201,7
2026-07-20 19:00:00,42.0,55,19.4,30.3,47.715439422671956,19,201,7
2026-07-20 20:00:00,0.0,71,18.4,29.7,49.303784298754614,20,201,7
2026-07-20 21:00:00,0.0,86,19.2,29.3,42.470063417657784,21,201,7
2026-07-20 22:00:00,0.0,94,18.5,28.6,50.0,22,201,7
2026-07-20 23:00:00,0.0,66,17.8,28.6,50.0,23,201,7
2026-07-21 00:00:00,0.0,98,15.3,28.1,41.58749481266922,0,202,7
2026-07-21 01:00:00,0.0,95,13.8,28.0,46.34043894011272,1,202,7
2026-07-21 02:00:00,0.0,99,14.0,27.9,50.0,2,202,7
2026-07-21 03:00:00,0.0,83,15.2,27.8,50.0,3,202,7
2026-07-21 04:00:00,0.0,90,13.6,27.4,49.28856401640566,4,202,7
2026-07-21 05:00:00,0.0,39,13.4,27.4,50.0,5,202,7
2026-07-21 06:00:00,1.0,30,14.1,27.5,49.90303300206648,6,202,7
2026-07-21 07:00:00,59.0,100,16.0,28.3,44.14481553465246,7,202,7
2026-07-21 08:00:00,168.0,94,16.9,29.3,50.0,8,202,7
2026-07-21 09:00:00,309.0,96,16.6,30.4,50.0,9,202,7
2026-07-21 10:00:00,436.0,85,16.7,31.9,47.015807707369994,10,202,7
2026-07-21 11:00:00,621.0,100,17.0,32.2,50.0,11,202,7
2026-07-21 12:00:00,242.0,95,19.1,32.4,50.0,12,202,7
2026-07-21 13:00:00,672.0,87,22.7,34.5,48.02710231871756,13,202,7
2026-07-21 14:00:00,618.0,95,24.3,34.4,46.15479755962207,14,202,7
2026-07-21 15:00:00,408.0,98,26.6,33.4,0.0,15,202,7
2026-07-21 16:00:00,324.0,89,26.5,33.0,0.0,16,202,7
2026-07-21 17:00:00,310.0,98,25.3,32.9,0.0,17,202,7
2026-07-21 18:00:00,178.0,100,24.3,31.7,50.0,18,202,7
2026-07-21 19:00:00,47.0,100,22.1,30.6,42.686308165738104,19,202,7
2026-07-21 20:00:00,0.0,100,21.6,29.7,50.0,20,202,7
2026-07-21 21:00:00,0.0,100,19.3,29.1,50.0,21,202,7
2026-07-21 22:00:00,0.0,98,17.7,28.8,44.816492164758145,22,202,7
2026-07-21 23:00:00,0.0,98,15.9,28.9,46.23767387810763,23,202,7
2026-07-22 00:00:00,0.0,98,15.8,28.6,50.0,0,203,7
2026-07-22 01:00:00,0.0,87,14.8,28.4,44.97600615416523,1,203,7
2026-07-22 02:00:00,0.0,98,14.6,28.1,40.659290912567926,2,203,7
2026-07-22 03:00:00,0.0,83,14.8,28.0,47.10211255364793,3,203,7
2026-07-22 04:00:00,0.0,84,12.4,27.9,44.07796256044183,4,203,7
2026-07-22 05:00:00,0.0,71,13.4,28.1,49.89868481073124,5,203,7
2026-07-22 06:00:00,1.0,96,12.5,28.1,48.02465606299479,6,203,7
2026-07-22 07:00:00,50.0,100,14.9,28.8,48.423453259980626,7,203,7
2026-07-22 08:00:00,140.0,100,15.8,29.7,49.96398572305691,8,203,7
2026-07-22 09:00:00,303.0,64,18.5,31.2,50.0,9,203,7
2026-07-22 10:00:00,472.0,95,20.2,32.3,43.67590750736763,10,203,7
2026-07-22 11:00:00,467.0,98,18.6,33.1,46.56481771079283,11,203,7
2026-07-22 12:00:00,582.0,100,17.1,34.2,46.92658635324257,12,203,7
2026-07-22 13:00:00,311.0,100,18.8,33.8,48.96440310971184,13,203,7
2026-07-22 14:00:00,443.0,100,19.4,34.1,50.0,14,203,7
2026-07-22 15:00:00,232.0,100,21.2,33.2,41.13634370129909,15,203,7
2026-07-22 16:00:00,144.0,100,20.8,32.7,48.65150855399629,16,203,7
2026-07-22 17:00:00,117.0,100,25.0,32.6,50.0,17,203,7
2026-07-22 18:00:00,90.0,100,25.0,31.0,43.33164252797827,18,203,7
2026-07-22 19:00:00,19.0,100,21.2,30.5,39.94254799123519,19,203,7
2026-07-22 20:00:00,0.0,100,21.7,29.8,47.19180090724183,20,203,7
2026-07-22 21:00:00,0.0,100,20.2,29.3,50.0,21,203,7
2026-07-22 22:00:00,0.0,100,17.2,29.0,46.18370007040078,22,203,7
2026-07-22 23:00:00,0.0,100,18.2,29.2,46.36509070846461,23,203,7
2026-07-23 00:00:00,0.0,100,21.3,28.8,50.0,0,204,7
2026-07-23 01:00:00,0.0,100,13.7,28.4,47.46846991853724,1,204,7
2026-07-23 02:00:00,0.0,98,15.1,28.2,46.65086613287417,2,204,7
2026-07-23 03:00:00,0.0,100,15.5,28.0,50.0,3,204,7
2026-07-23 04:00:00,0.0,99,15.3,27.8,42.87236565022792,4,204,7
2026-07-23 05:00:00,0.0,91,15.0,28.2,46.406815833992766,5,204,7
2026-07-23 06:00:00,1.0,98,12.8,28.2,45.729141798507804,6,204,7
2026-07-23 07:00:00,56.0,100,16.9,28.7,50.0,7,204,7
2026-07-23 08:00:00,154.0,98,16.9,29.5,48.09542494950927,8,204,7
2026-07-23 09:00:00,176.0,100,16.4,30.2,48.392142477469164,9,204,7
2026-07-23 10:00:00,198.0,100,15.7,31.2,42.01819404915814,10,204,7
2026-07-23 11:00:00,260.0,100,12.0,31.3,43.538462407702305,11,204,7
2026-07-23 12:00:00,141.0,99,15.0,31.5,50.0,12,204,7
2026-07-23 13:00:00,412.0,100,16.9,33.3,49.12082955171434,13,204,7
2026-07-23 14:00:00,362.0,98,13.9,33.1,47.379577893906344,14,204,7
2026-07-23 15:00:00,288.0,100,8.0,30.6,8.059472767405568,15,204,7
2026-07-23 16:00:00,76.0,100,6.7,29.9,3.721553608210427,16,204,7
2026-07-23 17:00:00,185.0,100,17.7,34.3,46.95491898067708,17,204,7
2026-07-23 18:00:00,90.0,100,18.5,31.5,43.801448531049346,18,204,7
2026-07-23 19:00:00,25.0,100,20.1,31.0,49.382330007255376,19,204,7
2026-07-23 20:00:00,0.0,100,21.5,29.9,46.987155019074045,20,204,7
2026-07-23 21:00:00,0.0,100,22.9,29.4,50.0,21,204,7
2026-07-23 22:00:00,0.0,100,24.3,28.8,50.0,22,204,7
2026-07-23 23:00:00,0.0,100,21.1,28.9,46.17234751670597,23,204,7
2026-07-24 00:00:00,0.0,100,20.9,28.6,50.0,0,205,7
2026-07-24 01:00:00,0.0,100,20.4,28.3,48.503605629096555,1,205,7
2026-07-24 02:00:00,0.0,100,18.8,28.1,47.77393187435288,2,205,7
2026-07-24 03:00:00,0.0,100,17.3,27.3,50.0,3,205,7
2026-07-24 04:00:00,0.0,100,20.8,26.9,50.0,4,205,7
2026-07-24 05:00:00,0.0,100,14.5,27.2,45.89472370518872,5,205,7
2026-07-24 06:00:00,0.0,100,15.0,27.1,50.0,6,205,7
2026-07-24 07:00:00,10.0,100,15.1,27.1,45.24699974083006,7,205,7
2026-07-24 08:00:00,45.0,100,17.8,27.3,48.771425487363445,8,205,7
2026-07-24 09:00:00,79.0,100,18.1,27.5,45.88214031659308,9,205,7
2026-07-24 10:00:00,137.0,100,19.7,27.8,49.30235029369788,10,205,7
2026-07-24 11:00:00,107.0,100,16.7,27.7,45.39720262749391,11,205,7
2026-07-24 12:00:00,63.0,100,19.8,27.8,50.0,12,205,7
2026-07-24 13:00:00,98.0,100,21.6,27.8,49.75386340455057,13,205,7
2026-07-24 14:00:00,162.0,100,21.4,28.2,49.176497292851536,14,205,7
2026-07-24 15:00:00,219.0,100,27.3,28.9,0.0,15,205,7
2026-07-24 16:00:00,128.0,100,23.5,28.0,50.0,16,205,7
2026-07-24 17:00:00,69.0,100,21.4,28.6,44.99631209540243,17,205,7
2026-07-24 18:00:00,28.0,100,23.5,28.6,49.199039486400224,18,205,7
2026-07-24 19:00:00,8.0,100,23.8,28.1,40.28286731500896,19,205,7
2026-07-24 20:00:00,0.0,100,22.4,27.7,50.0,20,205,7
2026-07-24 21:00:00,0.0,100,25.0,27.0,45.07985292480719,21,205,7
2026-07-24 22:00:00,0.0,100,24.8,26.9,48.19998315523815,22,205,7
2026-07-24 23:00:00,0.0,100,21.1,26.6,47.96760677453923,23,205,7
2026-07-25 00:00:00,0.0,100,17.9,26.6,49.52709756439791,0,206,7
2026-07-25 01:00:00,0.0,100,12.6,26.6,48.11488338854283,1,206,7
2026-07-25 02:00:00,0.0,100,15.5,26.5,50.0,2,206,7
2026-07-25 03:00:00,0.0,100,17.1,26.4,45.74585349086672,3,206,7
2026-07-25 04:00:00,0.0,100,16.8,26.4,49.96447610187424,4,206,7
2026-07-25 05:00:00,0.0,100,23.5,26.0,50.0,5,206,7
2026-07-25 06:00:00,0.0,98,22.3,26.2,50.0,6,206,7
2026-07-25 07:00:00,37.0,100,22.2,26.9,46.19464279148339,7,206,7
2026-07-25 08:00:00,76.0,100,21.0,27.4,49.38572369874638,8,206,7
2026-07-25 09:00:00,71.0,100,19.7,27.5,50.0,9,206,7
2026-07-25 10:00:00,97.0,100,19.8,28.2,45.82163075939372,10,206,7
2026-07-25 11:00:00,193.0,100,26.9,29.2,0.0,11,206,7
2026-07-25 12:00:00,228.0,100,25.7,29.1,0.0,12,206,7
2026-07-25 13:00:00,290.0,100,24.7,29.0,50.0,13,206,7
2026-07-25 14:00:00,173.0,100,26.1,29.0,0.0,14,206,7
2026-07-25 15:00:00,226.0,100,25.9,29.4,0.0,15,206,7
2026-07-25 16:00:00,176.0,100,26.2,29.2,0.0,16,206,7
2026-07-25 17:00:00,83.0,100,24.8,29.8,42.98483725143847,17,206,7
2026-07-25 18:00:00,54.0,100,21.0,29.2,50.0,18,206,7
2026-07-25 19:00:00,27.0,100,20.7,28.5,48.17703558144801,19,206,7
2026-07-25 20:00:00,0.0,100,20.0,28.1,45.37980811647848,20,206,7
2026-07-25 21:00:00,0.0,100,19.8,27.9,50.0,21,206,7
2026-07-25 22:00:00,0.0,99,17.9,27.7,50.0,22,206,7
2026-07-25 23:00:00,0.0,100,14.8,27.8,47.438400599522375,23,206,7
2026-07-26 00:00:00,0.0,100,11.1,27.6,34.55570504937982,0,207,7
2026-07-26 01:00:00,0.0,100,12.4,27.2,49.84717520801186,1,207,7
2026-07-26 02:00:00,0.0,100,12.1,26.9,43.83631798308081,2,207,7
2026-07-26 03:00:00,0.0,100,11.5,26.8,41.9801801794577,3,207,7
2026-07-26 04:00:00,0.0,100,12.2,26.7,43.58522524530886,4,207,7
2026-07-26 05:00:00,0.0,100,13.9,27.2,46.202906183105576,5,207,7
2026-07-26 06:00:00,0.0,100,12.0,27.0,47.09781887778128,6,207,7
2026-07-26 07:00:00,26.0,98,13.4,27.7,50.0,7,207,7
2026-07-26 08:00:00,101.0,100,19.7,28.7,48.90402340701657,8,207,7
2026-07-26 09:00:00,219.0,100,20.9,29.8,48.33375191096263,9,207,7
2026-07-26 10:00:00,331.0,100,21.0,30.7,46.923760876998315,10,207,7
2026-07-26 11:00:00,281.0,95,23.2,31.9,48.98948622942454,11,207,7
2026-07-26 12:00:00,707.0,85,26.2,32.1,0.0,12,207,7
2026-07-26 13:00:00,668.0,92,27.5,31.9,0.0,13,207,7
2026-07-26 14:00:00,536.0,97,27.9,32.0,0.0,14,207,7
2026-07-26 15:00:00,513.0,95,25.3,31.6,0.0,15,207,7
2026-07-26 16:00:00,360.0,99,24.9,31.0,48.14828288691861,16,207,7
2026-07-26 17:00:00,288.0,97,21.6,32.0,49.26948787224983,17,207,7
2026-07-26 18:00:00,162.0,94,24.2,30.8,45.502841056420934,18,207,7
2026-07-26 19:00:00,43.0,98,20.6,29.0,44.000862307130554,19,207,7
2026-07-26 20:00:00,0.0,95,20.8,28.5,48.343191221725654,20,207,7
2026-07-26 21:00:00,0.0,100,21.2,28.0,41.20502352338215,21,207,7
2026-07-26 22:00:00,0.0,99,19.6,27.6,47.184239588535334,22,207,7
2026-07-26 23:00:00,0.0,96,17.3,27.8,40.58817524606698,23,207,7
2026-07-27 00:00:00,0.0,95,19.7,27.5,48.10051067404401,0,208,7
2026-07-27 01:00:00,0.0,95,15.1,27.3,47.22803509627895,1,208,7
2026-07-27 02:00:00,0.0,97,17.8,27.2,50.0,2,208,7
2026-07-27 03:00:00,0.0,96,15.5,27.0,47.1311849251919,3,208,7
2026-07-27 04:00:00,0.0,91,20.8,26.9,44.59956765334878,4,208,7
2026-07-27 05:00:00,0.0,88,17.2,27.7,50.0,5,208,7
2026-07-27 06:00:00,0.0,81,16.9,27.5,43.75774747064013,6,208,7
2026-07-27 07:00:00,57.0,91,18.2,28.3,50.0,7,208,7
2026-07-27 08:00:00,217.0,83,23.4,29.4,50.0,8,208,7
2026-07-27 09:00:00,390.0,85,24.7,30.5,48.84400882655848,9,208,7
2026-07-27 10:00:00,559.0,81,22.1,32.0,42.404750089518565,10,208,7
2026-07-27 11:00:00,671.0,41,24.1,33.1,43.95852559179302,11,208,7
2026-07-27 12:00:00,861.0,36,22.8,34.1,50.0,12,208,7
2026-07-27 13:00:00,841.0,66,23.2,34.9,48.31892303845713,13,208,7
2026-07-27 14:00:00,772.0,100,24.9,34.1,48.82623498856384,14,208,7
2026-07-27 15:00:00,466.0,41,22.7,32.8,42.54092269484569,15,208,7
2026-07-27 16:00:00,525.0,78,22.8,33.1,43.57888286454114,16,208,7
2026-07-27 17:00:00,373.0,74,21.9,32.6,50.0,17,208,7
2026-07-27 18:00:00,210.0,74,23.6,31.5,47.852663939793025,18,208,7
2026-07-27 19:00:00,53.0,89,20.6,30.0,48.381543908627606,19,208,7
2026-07-27 20:00:00,0.0,99,22.5,29.0,41.80895262166422,20,208,7
2026-07-27 21:00:00,0.0,95,21.1,28.2,50.0,21,208,7
2026-07-27 22:00:00,0.0,59,18.1,27.8,50.0,22,208,7
2026-07-27 23:00:00,0.0,17,15.5,27.9,47.70393542164449,23,208,7
2026-07-28 00:00:00,0.0,9,14.8,27.5,50.0,0,209,7
2026-07-28 01:00:00,0.0,8,15.8,27.3,50.0,1,209,7
2026-07-28 02:00:00,0.0,23,13.5,27.0,47.967501940193806,2,209,7
2026-07-28 03:00:00,0.0,31,15.0,27.1,50.0,3,209,7
2026-07-28 04:00:00,0.0,16,13.4,27.0,46.74889355195665,4,209,7
2026-07-28 05:00:00,0.0,72,16.0,27.2,44.65063301958452,5,209,7
2026-07-28 06:00:00,0.0,3,15.9,27.2,44.273464406674464,6,209,7
2026-07-28 07:00:00,60.0,9,16.8,27.9,50.0,7,209,7
2026-07-28 08:00:00,224.0,16,20.5,29.1,48.898107220413834,8,209,7
2026-07-28 09:00:00,421.0,13,22.8,30.6,44.71178406389808,9,209,7
2026-07-28 10:00:00,615.0,10,24.7,32.0,50.0,10,209,7
2026-07-28 11:00:00,753.0,51,25.5,32.6,0.0,11,209,7
2026-07-28 12:00:00,797.0,47,22.6,33.8,50.0,12,209,7
2026-07-28 13:00:00,774.0,77,23.2,34.2,50.0,13,209,7
2026-07-28 14:00:00,784.0,89,23.3,34.3,50.0,14,209,7
2026-07-28 15:00:00,645.0,52,22.8,33.9,44.5590456849653,15,209,7
2026-07-28 16:00:00,534.0,100,25.9,33.0,0.0,16,209,7
2026-07-28 17:00:00,262.0,51,25.1,32.0,0.0,17,209,7
2026-07-28 18:00:00,198.0,23,23.0,30.9,45.062241861363816,18,209,7
2026-07-28 19:00:00,50.0,31,17.1,29.7,50.0,19,209,7
2026-07-28 20:00:00,0.0,100,15.9,28.9,43.02662531645472,20,209,7
2026-07-28 21:00:00,0.0,59,16.5,28.4,50.0,21,209,7
2026-07-28 22:00:00,0.0,98,14.8,27.7,47.74692331218882,22,209,7
2026-07-28 23:00:00,0.0,99,12.7,28.0,48.165052749499296,23,209,7
2026-07-29 00:00:00,0.0,98,13.0,27.7,44.959301630575155,0,210,7
2026-07-29 01:00:00,0.0,98,13.7,27.5,47.74971713941552,1,210,7
2026-07-29 02:00:00,0.0,91,15.5,27.2,50.0,2,210,7
2026-07-29 03:00:00,0.0,97,17.1,27.1,50.0,3,210,7
2026-07-29 04:00:00,0.0,100,17.2,26.9,50.0,4,210,7
2026-07-29 05:00:00,0.0,100,16.5,27.3,50.0,5,210,7
2026-07-29 06:00:00,0.0,100,15.6,27.2,48.024819236789554,6,210,7
2026-07-29 07:00:00,54.0,100,14.8,28.0,49.0967815334281,7,210,7
2026-07-29 08:00:00,193.0,98,21.7,29.1,43.787815134716055,8,210,7
2026-07-29 09:00:00,363.0,96,20.6,30.5,50.0,9,210,7
2026-07-29 10:00:00,531.0,98,20.6,32.0,47.63745330023599,10,210,7
2026-07-29 11:00:00,681.0,34,21.4,33.4,43.986729737511816,11,210,7
2026-07-29 12:00:00,806.0,30,19.4,34.1,50.0,12,210,7
2026-07-29 13:00:00,838.0,27,19.8,34.7,48.34119448710959,13,210,7
2026-07-29 14:00:00,791.0,45,20.3,35.0,48.722940774005664,14,210,7
2026-07-29 15:00:00,572.0,98,22.3,33.9,43.98004604435942,15,210,7
2026-07-29 16:00:00,411.0,81,22.3,33.1,39.78817033041274,16,210,7
2026-07-29 17:00:00,383.0,98,21.5,32.7,50.0,17,210,7
2026-07-29 18:00:00,153.0,92,22.6,31.4,47.901963366398974,18,210,7
2026-07-29 19:00:00,38.0,94,20.6,30.1,46.87812196553835,19,210,7
2026-07-29 20:00:00,0.0,88,19.6,29.1,48.90418352489755,20,210,7
2026-07-29 21:00:00,0.0,81,18.1,28.5,49.14723106282654,21,210,7
2026-07-29 22:00:00,0.0,70,18.3,28.1,46.97701490479294,22,210,7
2026-07-29 23:00:00,0.0,81,15.0,28.0,39.40690392805411,23,210,7
2026-07-30 00:00:00,0.0,86,13.1,27.8,49.08716937231037,0,211,7
2026-07-30 01:00:00,0.0,98,13.0,27.6,50.0,1,211,7
2026-07-30 02:00:00,0.0,100,13.8,27.5,50.0,2,211,7
2026-07-30 03:00:00,0.0,98,12.0,27.4,44.942364985671205,3,211,7
2026-07-30 04:00:00,0.0,99,10.1,27.3,24.29697320862774,4,211,7
2026-07-30 05:00:00,0.0,100,10.8,27.5,28.36790802268057,5,211,7
2026-07-30 06:00:00,0.0,98,10.9,27.4,33.51873330472156,6,211,7
2026-07-30 07:00:00,39.0,98,12.2,27.9,48.99788324134076,7,211,7
2026-07-30 08:00:00,156.0,98,14.3,28.9,48.69665378667625,8,211,7
2026-07-30 09:00:00,329.0,100,12.8,30.3,48.26747710050168,9,211,7
2026-07-30 10:00:00,373.0,98,11.8,31.2,43.247806508986656,10,211,7
2026-07-30 11:00:00,482.0,91,9.9,32.1,17.239465503139005,11,211,7
2026-07-30 12:00:00,624.0,99,8.0,33.2,8.356724289316167,12,211,7
2026-07-30 13:00:00,568.0,80,10.0,33.8,26.483081916152166,13,211,7
2026-07-30 14:00:00,745.0,84,13.4,34.8,50.0,14,211,7
2026-07-30 15:00:00,710.0,99,17.2,34.7,48.53215575256908,15,211,7
2026-07-30 16:00:00,420.0,98,18.1,33.3,50.0,16,211,7
2026-07-30 17:00:00,245.0,93,14.4,33.8,50.0,17,211,7
2026-07-30 18:00:00,194.0,100,16.4,32.7,46.71589765028718,18,211,7
2026-07-30 19:00:00,43.0,99,16.2,30.9,50.0,19,211,7
2026-07-30 20:00:00,0.0,98,16.8,29.7,49.558440543814044,20,211,7
2026-07-30 21:00:00,0.0,99,16.3,28.9,50.0,21,211,7
2026-07-30 22:00:00,0.0,100,15.2,28.3,46.48454491387537,22,211,7
2026-07-30 23:00:00,0.0,100,14.2,28.5,50.0,23,211,7
2026-07-31 00:00:00,0.0,100,13.5,28.2,43.48635757035372,0,212,7
2026-07-31 01:00:00,0.0,100,14.6,27.9,42.2640709832402,1,212,7
2026-07-31 02:00:00,0.0,100,15.1,27.7,44.610153166154674,2,212,7
2026-07-31 03:00:00,0.0,100,13.1,27.5,50.0,3,212,7
2026-07-31 04:00:00,0.0,100,12.5,27.3,45.123318606788914,4,212,7
2026-07-31 05:00:00,0.0,100,12.2,27.5,47.54932671103652,5,212,7
2026-07-31 06:00:00,0.0,100,10.4,27.4,27.303350386196243,6,212,7
2026-07-31 07:00:00,39.0,100,11.6,27.9,38.567053158804626,7,212,7
2026-07-31 08:00:00,182.0,99,14.5,29.2,50.0,8,212,7
2026-07-31 09:00:00,303.0,99,12.9,30.4,41.23312614780255,9,212,7
2026-07-31 10:00:00,446.0,100,9.4,31.7,17.144783262552536,10,212,7
2026-07-31 11:00:00,503.0,91,9.5,33.1,17.689061481512304,11,212,7
2026-07-31 12:00:00,837.0,98,10.2,34.2,23.045743603881835,12,212,7
2026-07-31 13:00:00,863.0,98,10.3,35.2,25.12199512774763,13,212,7
2026-07-31 14:00:00,800.0,74,11.1,35.8,29.626123317363195,14,212,7
2026-07-31 15:00:00,733.0,40,13.5,36.1,50.0,15,212,7
2026-07-31 16:00:00,615.0,73,17.1,35.8,50.0,16,212,7
2026-07-31 17:00:00,406.0,98,19.1,34.1,46.73170837348575,17,212,7
2026-07-31 18:00:00,146.0,100,19.9,32.2,50.0,18,212,7
2026-07-31 19:00:00,37.0,99,19.4,30.7,44.54273983683348,19,212,7
2026-07-31 20:00:00,0.0,98,17.5,29.8,47.680882604922665,20,212,7
2026-07-31 21:00:00,0.0,99,19.2,29.2,42.73428928730283,21,212,7
2026-07-31 22:00:00,0.0,96,19.6,28.8,49.222362957542394,22,212,7
2026-07-31 23:00:00,0.0,100,14.8,28.3,49.258957155989464,23,212,7
2026-08-01 00:00:00,0.0,100,15.2,28.4,49.45395089560752,0,213,8
2026-08-01 01:00:00,0.0,100,17.6,28.0,49.85678237394281,1,213,8
2026-08-01 02:00:00,0.0,100,17.6,27.9,46.755902966469186,2,213,8
2026-08-01 03:00:00,0.0,100,18.3,27.9,47.64351201700676,3,213,8
2026-08-01 04:00:00,0.0,100,17.5,27.9,50.0,4,213,8
2026-08-01 05:00:00,0.0,100,15.5,28.1,50.0,5,213,8
2026-08-01 06:00:00,0.0,100,17.1,28.1,45.42260067967941,6,213,8
2026-08-01 07:00:00,29.0,100,20.4,28.4,44.94930232723393,7,213,8
2026-08-01 08:00:00,82.0,100,23.6,28.6,39.999938840241995,8,213,8
2026-08-01 09:00:00,145.0,100,20.7,29.0,50.0,9,213,8
2026-08-01 10:00:00,242.0,100,22.4,29.9,43.07391970489007,10,213,8
2026-08-01 11:00:00,245.0,100,22.3,30.1,50.0,11,213,8
2026-08-01 12:00:00,218.0,100,24.6,30.3,49.980742403842825,12,213,8
2026-08-01 13:00:00,230.0,100,25.8,29.6,0.0,13,213,8
2026-08-01 14:00:00,127.0,100,27.4,29.2,0.0,14,213,8
2026-08-01 15:00:00,97.0,100,27.2,28.6,0.0,15,213,8
2026-08-01 16:00:00,120.0,100,26.1,28.6,0.0,16,213,8
2026-08-01 17:00:00,80.0,100,24.3,27.4,50.0,17,213,8
2026-08-01 18:00:00,13.0,100,22.2,27.0,49.79621721001573,18,213,8
2026-08-01 19:00:00,2.0,100,23.5,26.8,43.4295294625915,19,213,8
2026-08-01 20:00:00,0.0,100,21.2,26.6,50.0,20,213,8
2026-08-01 21:00:00,0.0,100,23.8,26.5,50.0,21,213,8
2026-08-01 22:00:00,0.0,100,21.1,26.4,50.0,22,213,8
2026-08-01 23:00:00,0.0,100,22.7,26.3,50.0,23,213,8
2026-08-02 00:00:00,0.0,100,15.0,26.2,47.854935974681176,0,214,8
2026-08-02 01:00:00,0.0,100,16.0,26.2,47.719912662937396,1,214,8
2026-08-02 02:00:00,0.0,100,17.1,26.1,41.07505202591722,2,214,8
2026-08-02 03:00:00,0.0,98,15.7,26.1,48.85228523264248,3,214,8
2026-08-02 04:00:00,0.0,100,21.5,25.9,43.80071754439072,4,214,8
2026-08-02 05:00:00,0.0,100,17.6,26.1,40.58044897920919,5,214,8
2026-08-02 06:00:00,0.0,99,17.7,26.1,45.45151624102115,6,214,8
2026-08-02 07:00:00,20.0,100,14.1,26.1,49.468922259230986,7,214,8
2026-08-02 08:00:00,89.0,100,15.5,26.5,46.14425160714527,8,214,8
2026-08-02 09:00:00,160.0,100,15.6,26.7,44.900567618492204,9,214,8
2026-08-02 10:00:00,176.0,100,16.2,27.4,50.0,10,214,8
2026-08-02 11:00:00,393.0,98,24.6,29.1,49.40910094735769,11,214,8
2026-08-02 12:00:00,454.0,99,26.1,29.4,0.0,12,214,8
2026-08-02 13:00:00,555.0,99,18.4,28.5,46.87935922107208,13,214,8
2026-08-02 14:00:00,594.0,100,13.7,28.7,50.0,14,214,8
2026-08-02 15:00:00,384.0,99,24.2,31.0,50.0,15,214,8
2026-08-02 16:00:00,525.0,88,27.0,31.2,0.0,16,214,8
2026-08-02 17:00:00,374.0,99,10.2,28.5,25.974301127520178,17,214,8
2026-08-02 18:00:00,101.0,99,17.1,29.7,42.214429305422875,18,214,8
2026-08-02 19:00:00,38.0,98,19.6,28.5,50.0,19,214,8
2026-08-02 20:00:00,0.0,100,18.3,27.8,50.0,20,214,8
2026-08-02 21:00:00,0.0,99,16.5,27.5,50.0,21,214,8
2026-08-02 22:00:00,0.0,100,16.5,27.2,50.0,22,214,8
2026-08-02 23:00:00,0.0,97,16.0,27.1,48.7622412698961,23,214,8
2026-08-03 00:00:00,0.0,75,16.1,26.9,40.11812066020162,0,215,8
2026-08-03 01:00:00,0.0,52,14.5,26.6,46.402299736602615,1,215,8
2026-08-03 02:00:00,0.0,42,14.2,26.5,44.97387404810748,2,215,8
2026-08-03 03:00:00,0.0,9,15.4,26.4,46.55591205130618,3,215,8
2026-08-03 04:00:00,0.0,19,14.1,26.3,50.0,4,215,8
2026-08-03 05:00:00,0.0,44,13.4,26.9,50.0,5,215,8
2026-08-03 06:00:00,0.0,59,14.1,26.9,47.51818840810421,6,215,8
2026-08-03 07:00:00,50.0,95,15.4,27.6,44.010886642174306,7,215,8
2026-08-03 08:00:00,170.0,100,16.1,28.7,50.0,8,215,8
2026-08-03 09:00:00,203.0,100,20.7,29.5,47.423652633216484,9,215,8
2026-08-03 10:00:00,415.0,100,22.2,30.9,45.222897950153985,10,215,8
2026-08-03 11:00:00,561.0,72,22.2,31.4,50.0,11,215,8
2026-08-03 12:00:00,657.0,94,22.6,32.3,41.711555774504035,12,215,8
2026-08-03 13:00:00,604.0,66,22.1,32.5,50.0,13,215,8
2026-08-03 14:00:00,584.0,56,21.3,32.7,49.02174472140848,14,215,8
2026-08-03 15:00:00,534.0,44,21.6,32.4,48.94593202408438,15,215,8
2026-08-03 16:00:00,479.0,38,22.5,32.0,39.81043464893369,16,215,8
2026-08-03 17:00:00,358.0,33,22.9,31.3,45.01242714110375,17,215,8
2026-08-03 18:00:00,188.0,33,23.2,29.8,50.0,18,215,8
2026-08-03 19:00:00,42.0,24,19.5,28.8,50.0,19,215,8
2026-08-03 20:00:00,0.0,4,16.8,28.1,40.975818777533824,20,215,8
2026-08-03 21:00:00,0.0,88,15.0,27.6,44.305701799210354,21,215,8
2026-08-03 22:00:00,0.0,77,13.1,27.3,46.177916063203526,22,215,8
2026-08-03 23:00:00,0.0,50,10.2,27.3,24.520391813154976,23,215,8
2026-08-04 00:00:00,0.0,91,11.5,27.0,37.152154845844045,0,216,8
2026-08-04 01:00:00,0.0,93,11.6,26.8,38.21688670079275,1,216,8
2026-08-04 02:00:00,0.0,80,11.3,26.5,39.30660538328804,2,216,8
2026-08-04 03:00:00,0.0,95,10.6,26.3,28.054094418400997,3,216,8
2026-08-04 04:00:00,0.0,95,9.7,26.2,22.87042310696663,4,216,8
2026-08-04 05:00:00,0.0,100,11.3,26.9,40.03045888117634,5,216,8
2026-08-04 06:00:00,0.0,99,12.7,26.8,50.0,6,216,8
2026-08-04 07:00:00,54.0,70,14.4,27.6,42.47385525945518,7,216,8
2026-08-04 08:00:00,213.0,98,16.1,28.6,50.0,8,216,8
2026-08-04 09:00:00,343.0,100,18.0,29.6,50.0,9,216,8
2026-08-04 10:00:00,518.0,96,19.0,30.9,50.0,10,216,8
2026-08-04 11:00:00,707.0,93,19.5,32.2,48.84665042481686,11,216,8
2026-08-04 12:00:00,783.0,54,19.3,32.7,50.0,12,216,8
2026-08-04 13:00:00,764.0,68,19.5,33.1,49.272751333861926,13,216,8
2026-08-04 14:00:00,696.0,73,18.4,33.3,50.0,14,216,8
2026-08-04 15:00:00,671.0,77,18.6,33.3,46.33923310769572,15,216,8
2026-08-04 16:00:00,483.0,98,18.5,32.7,50.0,16,216,8
2026-08-04 17:00:00,337.0,98,18.5,31.5,50.0,17,216,8
2026-08-04 18:00:00,144.0,96,19.4,30.5,44.113209976174936,18,216,8
2026-08-04 19:00:00,44.0,100,17.7,29.2,39.87641274924176,19,216,8
2026-08-04 20:00:00,0.0,100,16.6,28.3,41.52960999461192,20,216,8
2026-08-04 21:00:00,0.0,99,16.6,27.8,47.57694096240084,21,216,8
2026-08-04 22:00:00,0.0,96,17.1,27.2,40.38671781772967,22,216,8
2026-08-04 23:00:00,0.0,95,14.3,27.5,48.04288195499686,23,216,8
2026-08-05 00:00:00,0.0,91,14.2,27.2,50.0,0,217,8
2026-08-05 01:00:00,0.0,98,14.4,27.0,43.85357203827402,1,217,8
2026-08-05 02:00:00,0.0,99,15.4,26.9,46.15867762570755,2,217,8
2026-08-05 03:00:00,0.0,100,14.1,26.7,50.0,3,217,8
2026-08-05 04:00:00,0.0,99,12.5,26.5,45.08535922606226,4,217,8
2026-08-05 05:00:00,0.0,100,16.1,26.8,48.14933889879943,5,217,8
2026-08-05 06:00:00,0.0,98,13.5,26.6,49.84674543695535,6,217,8
2026-08-05 07:00:00,47.0,100,13.0,27.3,49.464012019784626,7,217,8
2026-08-05 08:00:00,186.0,99,17.1,28.3,46.31659220958585,8,217,8
2026-08-05 09:00:00,345.0,99,18.7,29.6,50.0,9,217,8
2026-08-05 10:00:00,520.0,99,19.1,30.9,50.0,10,217,8
2026-08-05 11:00:00,682.0,98,20.0,32.5,50.0,11,217,8
2026-08-05 12:00:00,761.0,99,21.8,33.2,50.0,12,217,8
2026-08-05 13:00:00,762.0,99,23.1,33.5,47.50870561255439,13,217,8
2026-08-05 14:00:00,712.0,97,24.9,33.0,41.87228925934392,14,217,8
2026-08-05 15:00:00,411.0,49,23.9,32.1,41.92675568895488,15,217,8
2026-08-05 16:00:00,583.0,27,24.3,32.4,50.0,16,217,8
2026-08-05 17:00:00,390.0,92,22.5,31.4,50.0,17,217,8
2026-08-05 18:00:00,182.0,42,21.8,30.2,49.41431203395645,18,217,8
2026-08-05 19:00:00,41.0,73,20.1,28.8,41.64630633592836,19,217,8
2026-08-05 20:00:00,0.0,41,18.4,28.0,49.21737143269401,20,217,8
2026-08-05 21:00:00,0.0,62,16.6,27.2,48.72496958207915,21,217,8
2026-08-05 22:00:00,0.0,94,15.9,26.8,45.8941552119601,22,217,8
2026-08-05 23:00:00,0.0,62,13.1,27.0,44.313068087432484,23,217,8
2026-08-06 00:00:00,0.0,87,11.1,26.8,36.336018138565166,0,218,8
2026-08-06 01:00:00,0.0,66,12.6,26.8,49.08717665267299,1,218,8
2026-08-06 02:00:00,0.0,27,12.2,26.4,47.29522517737645,2,218,8
2026-08-06 03:00:00,0.0,34,13.0,26.3,45.37216078440762,3,218,8
2026-08-06 04:00:00,0.0,29,13.4,26.3,47.8385982431125,4,218,8
2026-08-06 05:00:00,0.0,100,12.9,26.9,46.4602864476601,5,218,8
2026-08-06 06:00:00,0.0,84,14.1,27.1,50.0,6,218,8
2026-08-06 07:00:00,50.0,84,16.1,27.4,47.47436471916241,7,218,8
2026-08-06 08:00:00,218.0,95,18.7,28.5,48.91270400830765,8,218,8
2026-08-06 09:00:00,414.0,97,22.4,30.0,44.32260495789488,9,218,8
2026-08-06 10:00:00,617.0,99,24.0,31.4,45.422976229498595,10,218,8
2026-08-06 11:00:00,757.0,99,24.6,32.4,44.4288506238965,11,218,8
2026-08-06 12:00:00,746.0,84,24.6,33.2,50.0,12,218,8
2026-08-06 13:00:00,670.0,91,24.7,33.0,48.76726194347908,13,218,8
2026-08-06 14:00:00,540.0,98,24.7,32.7,47.86598264552832,14,218,8
2026-08-06 15:00:00,399.0,100,25.0,32.2,45.43630358128325,15,218,8
2026-08-06 16:00:00,512.0,100,26.3,32.2,0.0,16,218,8
2026-08-06 17:00:00,315.0,48,24.1,31.4,50.0,17,218,8
2026-08-06 18:00:00,198.0,28,23.6,30.2,45.63218362707224,18,218,8
2026-08-06 19:00:00,43.0,63,19.7,28.9,44.12350300041672,19,218,8
2026-08-06 20:00:00,0.0,13,19.0,28.2,49.269828784465965,20,218,8
2026-08-06 21:00:00,0.0,4,18.0,27.5,45.02718979165552,21,218,8
2026-08-06 22:00:00,0.0,19,16.5,27.2,47.056857023003374,22,218,8
2026-08-06 23:00:00,0.0,61,15.6,27.4,48.19651626662674,23,218,8
2026-08-07 00:00:00,0.0,100,13.8,27.0,50.0,0,219,8
2026-08-07 01:00:00,0.0,98,14.8,26.9,50.0,1,219,8
2026-08-07 02:00:00,0.0,92,14.1,26.8,50.0,2,219,8
2026-08-07 03:00:00,0.0,90,14.3,26.6,49.559949903830876,3,219,8
2026-08-07 04:00:00,0.0,76,13.5,26.4,50.0,4,219,8
2026-08-07 05:00:00,0.0,100,16.9,27.2,43.37436097781468,5,219,8
2026-08-07 06:00:00,0.0,63,16.5,27.2,47.99025174030386,6,219,8
2026-08-07 07:00:00,56.0,24,17.0,27.5,49.52663612913255,7,219,8
2026-08-07 08:00:00,223.0,70,19.4,28.8,40.87191841791627,8,219,8
2026-08-07 09:00:00,396.0,77,23.8,30.0,46.87197445551967,9,219,8
2026-08-07 10:00:00,501.0,39,23.4,31.3,48.76932353449871,10,219,8
2026-08-07 11:00:00,715.0,28,25.5,32.7,0.0,11,219,8
2026-08-07 12:00:00,795.0,41,26.2,33.1,0.0,12,219,8
2026-08-07 13:00:00,804.0,41,26.0,33.2,0.0,13,219,8
2026-08-07 14:00:00,727.0,48,25.2,33.3,0.0,14,219,8
2026-08-07 15:00:00,649.0,27,24.8,32.7,47.7541837194248,15,219,8
2026-08-07 16:00:00,471.0,38,23.4,32.1,49.85076275201483,16,219,8
2026-08-07 17:00:00,329.0,25,21.9,31.5,47.296604804136884,17,219,8
2026-08-07 18:00:00,172.0,48,20.4,30.2,48.500280262825875,18,219,8
2026-08-07 19:00:00,42.0,30,18.5,28.9,47.1295882190519,19,219,8
2026-08-07 20:00:00,0.0,23,16.7,28.0,50.0,20,219,8
2026-08-07 21:00:00,0.0,18,16.3,27.3,41.91037720849145,21,219,8
2026-08-07 22:00:00,0.0,19,14.8,26.9,50.0,22,219,8
2026-08-07 23:00:00,0.0,99,13.4,27.2,47.545673483467034,23,219,8
2026-08-08 00:00:00,0.0,87,15.3,26.9,50.0,0,220,8
2026-08-08 01:00:00,0.0,34,13.6,26.5,47.40255222437218,1,220,8
2026-08-08 02:00:00,0.0,69,13.3,26.3,49.87962746017523,2,220,8
2026-08-08 03:00:00,0.0,90,11.7,26.2,44.7730025719825,3,220,8
2026-08-08 04:00:00,0.0,87,8.9,26.1,10.74752310419424,4,220,8
2026-08-08 05:00:00,0.0,99,12.9,26.9,49.225317354577356,5,220,8
2026-08-08 06:00:00,0.0,57,14.6,26.6,50.0,6,220,8
2026-08-08 07:00:00,53.0,91,15.8,27.0,50.0,7,220,8
2026-08-08 08:00:00,185.0,97,18.7,28.1,48.42995215077794,8,220,8
2026-08-08 09:00:00,307.0,98,20.2,29.0,48.766313303469076,9,220,8
2026-08-08 10:00:00,532.0,99,20.0,30.4,48.54566164382738,10,220,8
2026-08-08 11:00:00,591.0,65,19.3,31.4,49.22166803324625,11,220,8
2026-08-08 12:00:00,800.0,93,18.8,32.8,48.76899443770141,12,220,8
2026-08-08 13:00:00,720.0,95,18.7,33.1,50.0,13,220,8
2026-08-08 14:00:00,647.0,96,17.5,33.2,42.553312153411134,14,220,8
2026-08-08 15:00:00,564.0,46,18.8,32.7,47.36891753063527,15,220,8
2026-08-08 16:00:00,471.0,9,16.7,32.5,44.264284448871344,16,220,8
2026-08-08 17:00:00,402.0,59,18.4,31.8,46.03733113850144,17,220,8
2026-08-08 18:00:00,166.0,70,21.2,30.4,49.240022555895635,18,220,8
2026-08-08 19:00:00,32.0,50,20.4,28.9,50.0,19,220,8
2026-08-08 20:00:00,0.0,34,18.4,28.1,44.46614014539598,20,220,8
2026-08-08 21:00:00,0.0,7,16.9,27.6,42.67262105123745,21,220,8
2026-08-08 22:00:00,0.0,2,16.3,27.1,50.0,22,220,8
2026-08-08 23:00:00,0.0,2,13.8,27.3,50.0,23,220,8
2026-08-09 00:00:00,0.0,9,13.4,26.9,50.0,0,221,8
2026-08-09 01:00:00,0.0,13,12.6,26.7,48.72668102368506,1,221,8
2026-08-09 02:00:00,0.0,19,11.2,26.5,39.703992814648466,2,221,8
2026-08-09 03:00:00,0.0,23,12.0,26.3,42.60427672564089,3,221,8
2026-08-09 04:00:00,0.0,23,10.5,26.1,22.45380887858424,4,221,8
2026-08-09 05:00:00,0.0,27,12.3,26.5,48.433307364843,5,221,8
2026-08-09 06:00:00,0.0,54,11.0,26.2,34.400146100495675,6,221,8
2026-08-09 07:00:00,49.0,85,12.3,26.8,50.0,7,221,8
2026-08-09 08:00:00,180.0,40,14.3,28.0,46.22214773437581,8,221,8
2026-08-09 09:00:00,371.0,41,12.6,29.4,42.41961595246307,9,221,8
2026-08-09 10:00:00,565.0,74,12.8,30.6,46.331926961536155,10,221,8
2026-08-09 11:00:00,734.0,50,14.5,31.9,44.81020885003899,11,221,8
2026-08-09 12:00:00,847.0,52,14.8,33.0,47.49428932960367,12,221,8
2026-08-09 13:00:00,853.0,32,16.1,33.6,48.34061815972074,13,221,8
2026-08-09 14:00:00,774.0,90,15.9,33.7,46.44192597417324,14,221,8
2026-08-09 15:00:00,487.0,100,15.5,33.2,48.537910782734784,15,221,8
2026-08-09 16:00:00,349.0,99,18.8,32.2,50.0,16,221,8
2026-08-09 17:00:00,288.0,13,19.9,31.8,50.0,17,221,8
2026-08-09 18:00:00,171.0,1,20.7,30.6,49.88282391062928,18,221,8
2026-08-09 19:00:00,42.0,1,19.6,29.3,50.0,19,221,8
2026-08-09 20:00:00,0.0,2,17.5,28.5,50.0,20,221,8
2026-08-09 21:00:00,0.0,1,17.0,27.8,48.47389619537102,21,221,8
2026-08-09 22:00:00,0.0,28,17.2,27.3,40.0302056146802,22,221,8
2026-08-09 23:00:00,0.0,60,16.6,27.4,45.28663308256117,23,221,8
2026-08-10 00:00:00,0.0,43,15.9,26.9,46.13104100213997,0,222,8
2026-08-10 01:00:00,0.0,48,14.6,26.7,48.20422276938528,1,222,8
2026-08-10 02:00:00,0.0,99,13.1,26.5,50.0,2,222,8
2026-08-10 03:00:00,0.0,100,12.4,26.3,50.0,3,222,8
2026-08-10 04:00:00,0.0,98,12.7,26.2,50.0,4,222,8
2026-08-10 05:00:00,0.0,98,15.0,26.6,48.49666758233463,5,222,8
2026-08-10 06:00:00,0.0,80,15.0,26.5,50.0,6,222,8
2026-08-10 07:00:00,50.0,57,15.4,27.3,50.0,7,222,8
2026-08-10 08:00:00,214.0,37,18.3,28.5,41.24056246599845,8,222,8
2026-08-10 09:00:00,423.0,70,20.1,29.9,43.58192309828248,9,222,8
2026-08-10 10:00:00,610.0,95,22.0,31.5,48.526132668666854,10,222,8
2026-08-10 11:00:00,578.0,49,22.1,32.7,48.42134332944289,11,222,8
2026-08-10 12:00:00,662.0,83,22.6,32.7,46.10275584543672,12,222,8
2026-08-10 13:00:00,577.0,67,22.3,32.5,47.78889160564312,13,222,8
2026-08-10 14:00:00,705.0,99,21.3,33.1,47.93469962026005,14,222,8
2026-08-10 15:00:00,511.0,90,21.7,32.3,50.0,15,222,8
2026-08-10 16:00:00,564.0,55,20.5,32.3,50.0,16,222,8
2026-08-10 17:00:00,390.0,90,22.7,31.4,50.0,17,222,8
2026-08-10 18:00:00,185.0,80,22.0,30.3,50.0,18,222,8
2026-08-10 19:00:00,40.0,55,20.8,28.9,44.110685630058754,19,222,8
2026-08-10 20:00:00,0.0,98,20.1,28.0,43.91642392832769,20,222,8
2026-08-10 21:00:00,0.0,97,19.1,27.3,47.32030893655785,21,222,8
2026-08-10 22:00:00,0.0,90,17.4,27.0,47.41532374652888,22,222,8
2026-08-10 23:00:00,0.0,95,15.3,27.1,50.0,23,222,8
2026-08-11 00:00:00,0.0,97,15.0,26.8,50.0,0,223,8
2026-08-11 01:00:00,0.0,57,16.6,26.7,50.0,1,223,8
2026-08-11 02:00:00,0.0,77,15.6,26.4,45.15297685705367,2,223,8
2026-08-11 03:00:00,0.0,99,14.2,26.4,50.0,3,223,8
2026-08-11 04:00:00,0.0,100,12.8,26.3,48.87265967185242,4,223,8
2026-08-11 05:00:00,0.0,98,16.1,26.6,48.285944871635486,5,223,8
2026-08-11 06:00:00,0.0,100,13.6,26.6,50.0,6,223,8
2026-08-11 07:00:00,20.0,100,14.3,26.9,43.68180512550021,7,223,8
2026-08-11 08:00:00,156.0,100,18.4,28.1,50.0,8,223,8
2026-08-11 09:00:00,134.0,81,19.9,28.4,48.99573533371585,9,223,8
2026-08-11 10:00:00,477.0,97,24.3,30.6,50.0,10,223,8
2026-08-11 11:00:00,455.0,100,22.4,31.4,50.0,11,223,8
2026-08-11 12:00:00,430.0,98,21.2,31.4,50.0,12,223,8
2026-08-11 13:00:00,545.0,98,21.6,31.8,48.29887999589468,13,223,8
2026-08-11 14:00:00,689.0,96,23.1,32.1,47.74043963116477,14,223,8
2026-08-11 15:00:00,550.0,94,23.2,31.4,45.544307317410784,15,223,8
2026-08-11 16:00:00,487.0,100,22.9,30.9,48.160282864658534,16,223,8
2026-08-11 17:00:00,312.0,100,21.1,30.5,50.0,17,223,8
2026-08-11 18:00:00,142.0,100,20.3,29.7,50.0,18,223,8
2026-08-11 19:00:00,13.0,100,15.5,28.9,45.18090618753046,19,223,8
2026-08-11 20:00:00,0.0,89,14.1,28.4,50.0,20,223,8
2026-08-11 21:00:00,0.0,95,13.9,27.9,50.0,21,223,8
2026-08-11 22:00:00,0.0,97,13.2,27.6,47.24849080082492,22,223,8
2026-08-11 23:00:00,0.0,92,13.1,27.6,50.0,23,223,8
2026-08-12 00:00:00,0.0,98,12.0,27.3,36.950965312926975,0,224,8
2026-08-12 01:00:00,0.0,100,10.7,27.0,30.608338314419427,1,224,8
2026-08-12 02:00:00,0.0,100,11.5,26.9,41.30231626022098,2,224,8
2026-08-12 03:00:00,0.0,99,11.8,26.7,49.12550058509032,3,224,8
2026-08-12 04:00:00,0.0,100,11.2,26.5,39.37265961541309,4,224,8
2026-08-12 05:00:00,0.0,99,16.3,26.8,46.910804927433475,5,224,8
2026-08-12 06:00:00,0.0,99,14.6,26.7,50.0,6,224,8
2026-08-12 07:00:00,43.0,70,14.5,27.4,41.29500611767631,7,224,8
2026-08-12 08:00:00,196.0,47,18.8,28.6,50.0,8,224,8
2026-08-12 09:00:00,402.0,55,19.7,30.0,49.39062913720659,9,224,8
2026-08-12 10:00:00,535.0,100,19.3,31.2,48.68263397431046,10,224,8
2026-08-12 11:00:00,281.0,100,17.5,31.2,46.86949500041491,11,224,8
2026-08-12 12:00:00,236.0,100,15.7,31.0,47.716649427091994,12,224,8
2026-08-12 13:00:00,212.0,100,15.3,30.9,50.0,13,224,8
2026-08-12 14:00:00,287.0,100,13.6,31.3,41.8327840648829,14,224,8
2026-08-12 15:00:00,208.0,100,13.7,30.9,47.831985348273776,15,224,8
2026-08-12 16:00:00,168.0,100,14.0,30.4,46.749895066527046,16,224,8
2026-08-12 17:00:00,101.0,100,11.4,29.0,40.15424932003101,17,224,8
2026-08-12 18:00:00,63.0,100,15.8,28.3,46.696120925308406,18,224,8
2026-08-12 19:00:00,17.0,99,15.3,28.2,43.766818822851704,19,224,8
2026-08-12 20:00:00,0.0,99,16.8,27.8,50.0,20,224,8
2026-08-12 21:00:00,0.0,96,14.6,27.6,47.743471444055395,21,224,8
2026-08-12 22:00:00,0.0,41,14.3,27.2,46.14611111882888,22,224,8
2026-08-12 23:00:00,0.0,57,13.3,27.1,47.85843730711663,23,224,8
2026-08-13 00:00:00,0.0,100,11.1,26.9,36.06456564381383,0,225,8
2026-08-13 01:00:00,0.0,100,12.0,26.9,48.15748905597713,1,225,8
2026-08-13 02:00:00,0.0,59,11.4,26.9,34.8804277623525,2,225,8
2026-08-13 03:00:00,0.0,80,9.8,26.6,20.651422151800737,3,225,8
2026-08-13 04:00:00,0.0,93,12.1,26.4,50.0,4,225,8
2026-08-13 05:00:00,0.0,84,13.0,26.6,46.63552331803718,5,225,8
2026-08-13 06:00:00,0.0,100,11.5,26.6,43.65664989876801,6,225,8
2026-08-13 07:00:00,32.0,82,12.4,27.1,50.0,7,225,8
2026-08-13 08:00:00,143.0,49,16.2,28.1,44.64485495753725,8,225,8
2026-08-13 09:00:00,356.0,54,18.5,29.7,48.406342876425505,9,225,8
2026-08-13 10:00:00,478.0,59,19.5,31.0,50.0,10,225,8
2026-08-13 11:00:00,619.0,99,18.5,31.3,50.0,11,225,8
2026-08-13 12:00:00,526.0,98,18.6,32.1,50.0,12,225,8
2026-08-13 13:00:00,609.0,71,20.0,32.8,46.70379754575225,13,225,8
2026-08-13 14:00:00,567.0,91,20.8,33.0,50.0,14,225,8
2026-08-13 15:00:00,333.0,90,22.6,32.2,49.44632987730356,15,225,8
2026-08-13 16:00:00,362.0,92,24.4,32.0,48.13461143931365,16,225,8
2026-08-13 17:00:00,177.0,36,23.9,31.0,49.639193164872566,17,225,8
2026-08-13 18:00:00,188.0,21,22.3,29.8,46.86057070093712,18,225,8
2026-08-13 19:00:00,37.0,9,20.3,28.5,49.24226442533309,19,225,8
2026-08-13 20:00:00,0.0,8,17.7,28.1,50.0,20,225,8
2026-08-13 21:00:00,0.0,9,18.4,27.6,50.0,21,225,8
2026-08-13 22:00:00,0.0,5,16.8,27.1,48.97188494414489,22,225,8
2026-08-13 23:00:00,0.0,59,14.5,27.0,50.0,23,225,8
2026-08-14 00:00:00,0.0,32,15.1,26.9,42.29980441656589,0,226,8
2026-08-14 01:00:00,0.0,10,15.6,26.6,43.26154845267439,1,226,8
2026-08-14 02:00:00,0.0,13,15.0,26.3,50.0,2,226,8
2026-08-14 03:00:00,0.0,30,13.8,26.2,45.46901742798211,3,226,8
2026-08-14 04:00:00,0.0,33,13.7,26.1,48.12474583224509,4,226,8
2026-08-14 05:00:00,0.0,28,13.1,26.5,48.367346490008366,5,226,8
2026-08-14 06:00:00,0.0,31,12.2,26.3,50.0,6,226,8
2026-08-14 07:00:00,47.0,48,13.4,27.0,48.286617184420805,7,226,8
2026-08-14 08:00:00,197.0,59,17.3,28.2,46.90924435777704,8,226,8
2026-08-14 09:00:00,398.0,53,18.8,29.7,45.468752358103735,9,226,8
2026-08-14 10:00:00,567.0,55,22.4,31.2,50.0,10,226,8
2026-08-14 11:00:00,676.0,99,24.0,31.0,48.475846922995785,11,226,8
2026-08-14 12:00:00,564.0,42,25.0,32.0,50.0,12,226,8
2026-08-14 13:00:00,778.0,100,26.8,32.9,0.0,13,226,8
2026-08-14 14:00:00,487.0,100,24.9,32.3,48.08193654776643,14,226,8
2026-08-14 15:00:00,387.0,50,24.2,32.0,40.52629115390945,15,226,8
2026-08-14 16:00:00,536.0,100,26.2,31.9,0.0,16,226,8
2026-08-14 17:00:00,259.0,30,24.3,30.6,44.66452109404958,17,226,8
2026-08-14 18:00:00,174.0,41,23.7,29.6,48.7201196418057,18,226,8
2026-08-14 19:00:00,33.0,41,18.8,28.5,47.16377395294323,19,226,8
2026-08-14 20:00:00,0.0,77,15.0,27.7,50.0,20,226,8
2026-08-14 21:00:00,0.0,81,14.8,27.3,43.452590546107366,21,226,8
2026-08-14 22:00:00,0.0,87,14.3,26.9,50.0,22,226,8
2026-08-14 23:00:00,0.0,96,13.1,27.0,50.0,23,226,8
2026-08-15 00:00:00,0.0,91,13.0,27.0,44.17322000474283,0,227,8
2026-08-15 01:00:00,0.0,100,13.2,26.7,46.87017413563099,1,227,8
2026-08-15 02:00:00,0.0,100,13.0,26.6,47.24203608382825,2,227,8
2026-08-15 03:00:00,0.0,99,13.7,26.6,47.87355668680272,3,227,8
2026-08-15 04:00:00,0.0,51,12.6,26.5,50.0,4,227,8
2026-08-15 05:00:00,0.0,41,11.3,26.7,32.59897010339461,5,227,8
2026-08-15 06:00:00,0.0,66,11.8,26.4,47.948512328855635,6,227,8
2026-08-15 07:00:00,46.0,50,14.4,27.1,50.0,7,227,8
2026-08-15 08:00:00,196.0,33,16.4,28.4,46.481593350423616,8,227,8
2026-08-15 09:00:00,395.0,48,17.6,29.5,49.551180990368955,9,227,8
2026-08-15 10:00:00,536.0,55,18.8,30.8,47.23042966932778,10,227,8
2026-08-15 11:00:00,653.0,59,20.4,32.1,49.61006421346618,11,227,8
2026-08-15 12:00:00,771.0,59,21.4,32.8,46.587620532014974,12,227,8
2026-08-15 13:00:00,708.0,66,21.1,32.9,50.0,13,227,8
2026-08-15 14:00:00,693.0,60,22.3,32.9,46.73109053678254,14,227,8
2026-08-15 15:00:00,587.0,59,22.9,32.8,50.0,15,227,8
2026-08-15 16:00:00,482.0,75,25.2,32.2,0.0,16,227,8
2026-08-15 17:00:00,274.0,43,23.8,30.6,49.83125699392341,17,227,8
2026-08-15 18:00:00,154.0,34,22.3,29.7,46.80331242029809,18,227,8
2026-08-15 19:00:00,29.0,31,19.2,28.7,41.88643423063731,19,227,8
2026-08-15 20:00:00,0.0,52,17.3,28.1,43.37220480584695,20,227,8
2026-08-15 21:00:00,0.0,23,16.7,27.5,42.80196486357946,21,227,8
2026-08-15 22:00:00,0.0,56,15.3,27.1,44.30422723561751,22,227,8
2026-08-15 23:00:00,0.0,62,13.5,27.0,48.86699609223706,23,227,8
2026-08-16 00:00:00,0.0,96,13.0,26.7,50.0,0,228,8
2026-08-16 01:00:00,0.0,88,13.8,26.6,36.96139139575359,1,228,8
2026-08-16 02:00:00,0.0,65,12.6,26.6,45.053374106291436,2,228,8
2026-08-16 03:00:00,0.0,34,12.5,26.4,41.81239019635298,3,228,8
2026-08-16 04:00:00,0.0,63,12.2,26.3,50.0,4,228,8
2026-08-16 05:00:00,0.0,91,13.2,26.2,45.46649552959594,5,228,8
2026-08-16 06:00:00,0.0,84,13.4,26.2,49.2938309999185,6,228,8
2026-08-16 07:00:00,46.0,93,14.3,27.1,50.0,7,228,8
2026-08-16 08:00:00,194.0,88,18.5,28.4,49.998463458222595,8,228,8
2026-08-16 09:00:00,358.0,59,20.8,29.6,48.54871244267525,9,228,8
2026-08-16 10:00:00,504.0,55,21.3,31.0,50.0,10,228,8
2026-08-16 11:00:00,641.0,100,21.6,31.3,50.0,11,228,8
2026-08-16 12:00:00,450.0,100,20.4,31.5,40.18494704514566,12,228,8
2026-08-16 13:00:00,510.0,100,21.1,31.8,50.0,13,228,8
2026-08-16 14:00:00,469.0,97,21.5,32.1,44.56546290876432,14,228,8
2026-08-16 15:00:00,382.0,99,21.4,32.1,45.90523579227292,15,228,8
2026-08-16 16:00:00,401.0,100,22.6,31.9,47.677485304968485,16,228,8
2026-08-16 17:00:00,202.0,96,22.4,30.7,50.0,17,228,8
2026-08-16 18:00:00,163.0,77,24.0,29.9,43.21069521133478,18,228,8
2026-08-16 19:00:00,32.0,20,21.2,28.4,42.45717884669284,19,228,8
2026-08-16 20:00:00,0.0,6,18.3,27.8,48.29490599189108,20,228,8
2026-08-16 21:00:00,0.0,32,17.2,27.4,50.0,21,228,8
2026-08-16 22:00:00,0.0,30,15.9,27.0,49.16316957517957,22,228,8
2026-08-16 23:00:00,0.0,63,15.6,27.0,39.869682505840544,23,228,8
2026-08-17 00:00:00,0.0,70,16.0,26.8,50.0,0,229,8
2026-08-17 01:00:00,0.0,13,15.4,26.5,50.0,1,229,8
2026-08-17 02:00:00,0.0,18,15.0,26.3,50.0,2,229,8
2026-08-17 03:00:00,0.0,20,14.1,26.2,50.0,3,229,8
2026-08-17 04:00:00,0.0,23,13.8,26.1,50.0,4,229,8
2026-08-17 05:00:00,0.0,3,13.9,26.3,49.71910612328927,5,229,8
2026-08-17 06:00:00,0.0,12,12.9,26.2,49.05537238250338,6,229,8
2026-08-17 07:00:00,48.0,64,15.2,27.0,44.91698921185676,7,229,8
2026-08-17 08:00:00,211.0,95,17.4,28.4,50.0,8,229,8
2026-08-17 09:00:00,386.0,98,20.2,29.7,50.0,9,229,8
2026-08-17 10:00:00,538.0,95,21.5,31.0,46.55517530576547,10,229,8
2026-08-17 11:00:00,667.0,75,22.5,32.4,45.40664834256861,11,229,8
2026-08-17 12:00:00,785.0,73,22.9,33.6,41.4716081178937,12,229,8
2026-08-17 13:00:00,716.0,100,24.4,33.8,47.91455541420061,13,229,8
2026-08-17 14:00:00,516.0,85,24.9,33.1,43.964921441939104,14,229,8
2026-08-17 15:00:00,477.0,30,26.5,32.6,0.0,15,229,8
2026-08-17 16:00:00,507.0,18,26.6,32.4,0.0,16,229,8
2026-08-17 17:00:00,376.0,24,26.6,31.3,0.0,17,229,8
2026-08-17 18:00:00,186.0,84,24.7,30.0,44.14503401624357,18,229,8
2026-08-17 19:00:00,33.0,72,21.2,28.6,50.0,19,229,8
2026-08-17 20:00:00,0.0,48,19.0,27.8,44.6519594235308,20,229,8
2026-08-17 21:00:00,0.0,70,16.4,27.3,49.31830088381326,21,229,8
2026-08-17 22:00:00,0.0,95,15.2,27.0,50.0,22,229,8
2026-08-17 23:00:00,0.0,48,16.6,27.4,44.74913634245331,23,229,8
2026-08-18 00:00:00,0.0,52,15.2,27.0,46.8555715272415,0,230,8
2026-08-18 01:00:00,0.0,77,14.4,26.7,50.0,1,230,8
2026-08-18 02:00:00,0.0,84,13.8,26.5,50.0,2,230,8
2026-08-18 03:00:00,0.0,53,13.1,26.3,46.721637932014325,3,230,8
2026-08-18 04:00:00,0.0,83,13.3,26.3,49.97648740620417,4,230,8
2026-08-18 05:00:00,0.0,98,17.2,26.7,42.02000075198661,5,230,8
2026-08-18 06:00:00,0.0,93,16.5,26.6,50.0,6,230,8
2026-08-18 07:00:00,48.0,95,16.0,27.4,46.98756129080168,7,230,8
2026-08-18 08:00:00,216.0,78,21.2,28.7,44.822814484398066,8,230,8
2026-08-18 09:00:00,378.0,61,22.6,30.1,44.745623132002024,9,230,8
2026-08-18 10:00:00,520.0,52,23.7,31.8,50.0,10,230,8
2026-08-18 11:00:00,657.0,48,25.7,32.7,0.0,11,230,8
2026-08-18 12:00:00,784.0,87,26.6,33.5,0.0,12,230,8
2026-08-18 13:00:00,600.0,100,27.1,33.3,0.0,13,230,8
2026-08-18 14:00:00,628.0,100,29.1,32.9,0.0,14,230,8
2026-08-18 15:00:00,575.0,98,26.9,32.6,0.0,15,230,8
2026-08-18 16:00:00,610.0,91,28.2,32.7,0.0,16,230,8
2026-08-18 17:00:00,398.0,72,27.5,31.6,0.0,17,230,8
2026-08-18 18:00:00,188.0,100,27.5,30.5,0.0,18,230,8
2026-08-18 19:00:00,23.0,90,25.2,29.2,0.0,19,230,8
2026-08-18 20:00:00,0.0,89,22.8,28.1,46.74498290463698,20,230,8
2026-08-18 21:00:00,0.0,88,21.3,27.5,48.668646863321115,21,230,8
2026-08-18 22:00:00,0.0,98,19.7,27.1,48.963228855633,22,230,8
2026-08-18 23:00:00,0.0,89,19.4,27.2,49.12258971678111,23,230,8
2026-08-19 00:00:00,0.0,56,19.6,27.1,47.817988881970955,0,231,8
2026-08-19 01:00:00,0.0,10,19.0,26.9,45.98647737279533,1,231,8
2026-08-19 02:00:00,0.0,8,17.7,26.7,47.039151185375225,2,231,8
2026-08-19 03:00:00,0.0,20,16.7,26.6,50.0,3,231,8
2026-08-19 04:00:00,0.0,85,17.5,26.4,42.95030589426054,4,231,8
2026-08-19 05:00:00,0.0,84,22.9,26.9,50.0,5,231,8
2026-08-19 06:00:00,0.0,60,21.3,27.0,47.41685507438774,6,231,8
2026-08-19 07:00:00,43.0,73,17.6,27.3,50.0,7,231,8
2026-08-19 08:00:00,200.0,98,25.2,28.5,0.0,8,231,8
2026-08-19 09:00:00,330.0,99,24.4,29.9,43.32110442657156,9,231,8
2026-08-19 10:00:00,482.0,100,25.5,31.4,0.0,10,231,8
2026-08-19 11:00:00,749.0,80,27.9,33.0,0.0,11,231,8
2026-08-19 12:00:00,697.0,23,27.1,32.8,0.0,12,231,8
2026-08-19 13:00:00,903.0,33,28.2,34.0,0.0,13,231,8
2026-08-19 14:00:00,873.0,81,28.3,33.7,0.0,14,231,8
2026-08-19 15:00:00,766.0,100,26.5,33.7,0.0,15,231,8
2026-08-19 16:00:00,553.0,98,27.7,32.8,0.0,16,231,8
2026-08-19 17:00:00,286.0,100,28.4,31.1,0.0,17,231,8
2026-08-19 18:00:00,95.0,99,26.1,30.1,0.0,18,231,8
2026-08-19 19:00:00,26.0,95,24.7,29.0,44.59860422166999,19,231,8
2026-08-19 20:00:00,0.0,56,23.2,28.2,50.0,20,231,8
2026-08-19 21:00:00,0.0,50,21.3,27.6,46.408321575599714,21,231,8
2026-08-19 22:00:00,0.0,9,19.0,27.1,50.0,22,231,8
2026-08-19 23:00:00,0.0,70,21.1,27.3,46.33843781902982,23,231,8
2026-08-20 00:00:00,0.0,16,19.8,27.1,49.39589886161838,0,232,8
2026-08-20 01:00:00,0.0,22,17.6,26.8,42.567616067097774,1,232,8
2026-08-20 02:00:00,0.0,100,15.4,26.5,49.339505492638224,2,232,8
2026-08-20 03:00:00,0.0,32,15.4,26.7,50.0,3,232,8
2026-08-20 04:00:00,0.0,100,16.6,26.2,47.17332134707891,4,232,8
2026-08-20 05:00:00,0.0,94,16.4,26.7,50.0,5,232,8
2026-08-20 06:00:00,0.0,100,16.6,26.8,50.0,6,232,8
2026-08-20 07:00:00,39.0,100,18.6,27.2,50.0,7,232,8
2026-08-20 08:00:00,114.0,38,19.8,28.2,45.32368389096977,8,232,8
2026-08-20 09:00:00,400.0,30,21.4,30.0,50.0,9,232,8
2026-08-20 10:00:00,592.0,48,22.6,31.8,44.576229150378396,10,232,8
2026-08-20 11:00:00,680.0,88,25.3,32.8,0.0,11,232,8
2026-08-20 12:00:00,675.0,51,23.6,33.8,43.07897292638916,12,232,8
2026-08-20 13:00:00,777.0,98,24.4,34.6,44.27326249213551,13,232,8
2026-08-20 14:00:00,510.0,100,25.2,33.2,0.0,14,232,8
2026-08-20 15:00:00,424.0,94,24.4,32.9,37.00405231316943,15,232,8
2026-08-20 16:00:00,377.0,100,25.8,32.6,0.0,16,232,8
2026-08-20 17:00:00,190.0,98,26.2,31.3,0.0,17,232,8
2026-08-20 18:00:00,110.0,66,25.3,30.3,0.0,18,232,8
2026-08-20 19:00:00,24.0,13,22.3,29.1,44.743648363633866,19,232,8
2026-08-20 20:00:00,0.0,63,18.7,28.2,50.0,20,232,8
2026-08-20 21:00:00,0.0,94,19.8,27.8,46.40193988786771,21,232,8
2026-08-20 22:00:00,0.0,33,17.0,27.6,40.936844618820714,22,232,8
2026-08-20 23:00:00,0.0,55,15.8,27.6,50.0,23,232,8
2026-08-21 00:00:00,0.0,100,12.2,27.1,46.52909911737167,0,233,8
2026-08-21 01:00:00,0.0,60,14.6,27.1,46.712238690257244,1,233,8
2026-08-21 02:00:00,0.0,20,15.6,26.8,49.66896488953969,2,233,8
2026-08-21 03:00:00,0.0,62,13.2,26.5,45.4169713746582,3,233,8
2026-08-21 04:00:00,0.0,95,12.6,26.3,47.79711202697704,4,233,8
2026-08-21 05:00:00,0.0,73,15.6,26.6,49.64854484586743,5,233,8
2026-08-21 06:00:00,0.0,91,13.5,26.6,50.0,6,233,8
2026-08-21 07:00:00,45.0,38,13.8,27.1,45.40886935407928,7,233,8
2026-08-21 08:00:00,210.0,20,17.4,28.4,43.02018496114003,8,233,8
2026-08-21 09:00:00,405.0,8,19.0,30.1,50.0,9,233,8
2026-08-21 10:00:00,609.0,100,22.1,31.8,50.0,10,233,8
2026-08-21 11:00:00,603.0,100,23.6,32.7,50.0,11,233,8
2026-08-21 12:00:00,434.0,96,23.1,32.4,45.57721121098023,12,233,8
2026-08-21 13:00:00,774.0,73,22.9,34.1,50.0,13,233,8
2026-08-21 14:00:00,630.0,100,26.1,33.2,0.0,14,233,8
2026-08-21 15:00:00,415.0,47,24.1,32.4,50.0,15,233,8
2026-08-21 16:00:00,429.0,100,22.8,32.7,46.01345177489841,16,233,8
2026-08-21 17:00:00,225.0,99,22.3,31.4,50.0,17,233,8
2026-08-21 18:00:00,86.0,86,22.3,30.2,50.0,18,233,8
2026-08-21 19:00:00,19.0,36,21.8,29.1,48.82848121594661,19,233,8
2026-08-21 20:00:00,0.0,27,20.8,28.2,50.0,20,233,8
2026-08-21 21:00:00,0.0,10,16.0,27.6,47.535162632945855,21,233,8
2026-08-21 22:00:00,0.0,39,13.8,27.2,48.382788380929235,22,233,8
2026-08-21 23:00:00,0.0,18,13.9,27.2,50.0,23,233,8
2026-08-22 00:00:00,0.0,5,14.0,26.8,49.317117788555066,0,234,8
2026-08-22 01:00:00,0.0,4,13.0,26.4,50.0,1,234,8
2026-08-22 02:00:00,0.0,34,12.9,26.3,50.0,2,234,8
2026-08-22 03:00:00,0.0,66,15.7,26.1,50.0,3,234,8
2026-08-22 04:00:00,0.0,73,16.4,26.0,46.54360883892407,4,234,8
2026-08-22 05:00:00,0.0,98,15.5,26.3,50.0,5,234,8
2026-08-22 06:00:00,0.0,100,16.2,26.4,50.0,6,234,8
2026-08-22 07:00:00,44.0,94,17.0,27.1,48.20789076368047,7,234,8
2026-08-22 08:00:00,200.0,95,18.3,28.4,48.666331372940085,8,234,8
2026-08-22 09:00:00,413.0,92,22.5,30.1,48.24807530829228,9,234,8
2026-08-22 10:00:00,582.0,88,23.6,31.6,42.170590796860274,10,234,8
2026-08-22 11:00:00,650.0,98,23.0,31.9,43.78049307629914,11,234,8
2026-08-22 12:00:00,610.0,83,25.0,32.8,50.0,12,234,8
2026-08-22 13:00:00,600.0,100,24.5,33.5,47.15032431156354,13,234,8
2026-08-22 14:00:00,446.0,99,25.4,33.0,0.0,14,234,8
2026-08-22 15:00:00,394.0,97,23.2,32.9,50.0,15,234,8
2026-08-22 16:00:00,289.0,100,23.4,32.1,47.28313818545875,16,234,8
2026-08-22 17:00:00,171.0,100,22.3,31.1,50.0,17,234,8
2026-08-22 18:00:00,91.0,38,22.4,30.0,47.624355200086775,18,234,8
2026-08-22 19:00:00,25.0,14,20.1,28.9,50.0,19,234,8
2026-08-22 20:00:00,0.0,5,18.7,28.0,49.46636067516007,20,234,8
2026-08-22 21:00:00,0.0,11,15.8,27.4,45.819510770927565,21,234,8
2026-08-22 22:00:00,0.0,18,14.8,27.0,50.0,22,234,8
2026-08-22 23:00:00,0.0,20,14.2,27.1,50.0,23,234,8
2026-08-23 00:00:00,0.0,52,13.0,26.6,44.864555719679686,0,235,8
2026-08-23 01:00:00,0.0,100,12.2,26.5,47.67814112669287,1,235,8
2026-08-23 02:00:00,0.0,23,13.0,26.7,45.63265594251218,2,235,8
2026-08-23 03:00:00,0.0,12,12.1,26.2,47.57385752688516,3,235,8
2026-08-23 04:00:00,0.0,36,11.1,26.0,34.75449259368828,4,235,8
2026-08-23 05:00:00,0.0,61,13.0,26.5,44.96813518370739,5,235,8
2026-08-23 06:00:00,0.0,75,12.8,26.4,43.07256665416807,6,235,8
2026-08-23 07:00:00,41.0,98,13.5,27.1,46.358907416233365,7,235,8
2026-08-23 08:00:00,147.0,98,17.5,28.3,50.0,8,235,8
2026-08-23 09:00:00,243.0,98,18.6,29.5,46.60315860115831,9,235,8
2026-08-23 10:00:00,398.0,98,18.5,31.3,45.71201686618378,10,235,8
2026-08-23 11:00:00,494.0,99,21.4,31.9,47.27581946501742,11,235,8
2026-08-23 12:00:00,347.0,98,20.4,32.1,49.21318372612948,12,235,8
2026-08-23 13:00:00,546.0,100,23.2,32.5,47.98212003992011,13,235,8
2026-08-23 14:00:00,432.0,100,22.3,32.5,50.0,14,235,8
2026-08-23 15:00:00,445.0,100,20.8,32.9,50.0,15,235,8
2026-08-23 16:00:00,298.0,100,21.7,31.9,48.36696129680105,16,235,8
2026-08-23 17:00:00,188.0,100,18.3,31.0,43.65935541370288,17,235,8
2026-08-23 18:00:00,35.0,100,16.5,30.3,50.0,18,235,8
2026-08-23 19:00:00,16.0,100,18.0,29.7,42.0856442064235,19,235,8
2026-08-23 20:00:00,0.0,48,18.3,28.8,48.190994426721986,20,235,8
2026-08-23 21:00:00,0.0,40,15.7,27.9,47.314917732966165,21,235,8
2026-08-23 22:00:00,0.0,32,13.0,27.4,49.94511297148302,22,235,8
2026-08-23 23:00:00,0.0,21,12.2,27.4,46.99743913664469,23,235,8
2026-08-24 00:00:00,0.0,15,11.3,27.0,40.64720403955323,0,236,8
2026-08-24 01:00:00,0.0,13,9.4,26.6,16.25245493860604,1,236,8
2026-08-24 02:00:00,0.0,2,9.3,26.4,16.537824014387425,2,236,8
2026-08-24 03:00:00,0.0,12,7.2,26.1,4.760388178087412,3,236,8
2026-08-24 04:00:00,0.0,16,6.3,25.8,2.4222195700447005,4,236,8
2026-08-24 05:00:00,0.0,100,9.4,27.1,18.529505068674208,5,236,8
2026-08-24 06:00:00,0.0,100,8.6,26.6,12.57551836143423,6,236,8
2026-08-24 07:00:00,36.0,96,10.5,27.0,30.549846919787594,7,236,8
2026-08-24 08:00:00,171.0,59,9.3,28.0,15.257745196983338,8,236,8
2026-08-24 09:00:00,367.0,42,10.2,29.6,23.75807405479878,9,236,8
2026-08-24 10:00:00,525.0,42,10.1,31.2,28.80219289087584,10,236,8
2026-08-24 11:00:00,723.0,70,14.1,33.0,45.87218599523109,11,236,8
2026-08-24 12:00:00,585.0,100,13.3,33.4,50.0,12,236,8
2026-08-24 13:00:00,472.0,100,11.5,33.7,42.36703425574263,13,236,8
2026-08-24 14:00:00,389.0,100,11.5,33.9,38.51024959048148,14,236,8
2026-08-24 15:00:00,344.0,100,14.2,33.6,47.96904143613242,15,236,8
2026-08-24 16:00:00,266.0,100,13.5,33.3,50.0,16,236,8
2026-08-24 17:00:00,132.0,100,16.1,31.8,44.47841180891123,17,236,8
2026-08-24 18:00:00,47.0,100,19.4,30.6,42.972150247610436,18,236,8
2026-08-24 19:00:00,10.0,100,19.5,29.7,46.90677752331129,19,236,8
2026-08-24 20:00:00,0.0,100,18.6,29.0,42.084216124381555,20,236,8
2026-08-24 21:00:00,0.0,100,16.9,28.3,48.54679359562402,21,236,8
2026-08-24 22:00:00,0.0,16,16.0,27.9,43.9368168023528,22,236,8
2026-08-24 23:00:00,0.0,11,15.1,27.5,46.070194554928065,23,236,8
2026-08-25 00:00:00,0.0,3,12.2,27.0,49.089201629576536,0,237,8
2026-08-25 01:00:00,0.0,5,12.1,26.7,35.88550536589377,1,237,8
2026-08-25 02:00:00,0.0,7,12.8,26.4,46.748214811384265,2,237,8
2026-08-25 03:00:00,0.0,11,13.1,26.2,50.0,3,237,8
2026-08-25 04:00:00,0.0,17,12.5,26.0,44.28792973518693,4,237,8
2026-08-25 05:00:00,0.0,100,12.4,26.5,45.50885013745652,5,237,8
2026-08-25 06:00:00,0.0,100,11.8,26.4,36.65657696683592,6,237,8
2026-08-25 07:00:00,39.0,59,13.8,26.8,50.0,7,237,8
2026-08-25 08:00:00,203.0,18,14.4,28.3,47.09332613290936,8,237,8
2026-08-25 09:00:00,407.0,32,15.1,29.9,45.98059317186949,9,237,8
2026-08-25 10:00:00,536.0,38,14.8,31.5,50.0,10,237,8
2026-08-25 11:00:00,681.0,100,12.3,33.1,50.0,11,237,8
2026-08-25 12:00:00,659.0,98,12.1,34.3,42.17146782460423,12,237,8
2026-08-25 13:00:00,516.0,100,13.7,34.4,46.59666204901016,13,237,8
2026-08-25 14:00:00,528.0,100,16.5,34.3,45.72525107056496,14,237,8
2026-08-25 15:00:00,339.0,24,15.2,33.9,49.61140864974219,15,237,8
2026-08-25 16:00:00,550.0,38,16.0,34.5,45.23142933244728,16,237,8
2026-08-25 17:00:00,356.0,2,20.7,33.2,50.0,17,237,8
2026-08-25 18:00:00,178.0,2,22.9,31.5,50.0,18,237,8
2026-08-25 19:00:00,25.0,9,22.7,30.0,50.0,19,237,8
2026-08-25 20:00:00,0.0,25,20.3,29.1,50.0,20,237,8
2026-08-25 21:00:00,0.0,5,18.3,28.4,45.687243584331924,21,237,8
2026-08-25 22:00:00,0.0,46,17.8,27.7,44.72204232303859,22,237,8
2026-08-25 23:00:00,0.0,83,17.1,27.6,47.50389215351429,23,237,8
2026-08-26 00:00:00,0.0,83,16.2,27.2,47.88363692725901,0,238,8
2026-08-26 01:00:00,0.0,66,16.6,26.9,45.36566786677644,1,238,8
2026-08-26 02:00:00,0.0,19,13.9,26.7,44.527649425211926,2,238,8
2026-08-26 03:00:00,0.0,67,10.7,26.5,28.261453772930036,3,238,8
2026-08-26 04:00:00,0.0,100,13.1,26.5,45.46201042726674,4,238,8
2026-08-26 05:00:00,0.0,11,13.9,26.3,47.23879016670869,5,238,8
2026-08-26 06:00:00,0.0,21,12.7,26.2,47.647961202312096,6,238,8
2026-08-26 07:00:00,44.0,22,12.5,26.8,50.0,7,238,8
2026-08-26 08:00:00,211.0,36,15.5,28.2,44.09132073974472,8,238,8
2026-08-26 09:00:00,410.0,17,17.4,29.9,50.0,9,238,8
2026-08-26 10:00:00,571.0,31,19.2,31.6,50.0,10,238,8
2026-08-26 11:00:00,687.0,70,17.8,33.2,50.0,11,238,8
2026-08-26 12:00:00,808.0,87,17.2,34.5,50.0,12,238,8
2026-08-26 13:00:00,855.0,86,18.0,35.4,48.29951290977394,13,238,8
2026-08-26 14:00:00,841.0,74,19.7,35.8,40.769560448516586,14,238,8
2026-08-26 15:00:00,716.0,55,21.4,35.5,45.778382115049354,15,238,8
2026-08-26 16:00:00,514.0,86,22.4,33.9,44.338559370981535,16,238,8
2026-08-26 17:00:00,312.0,27,23.8,32.9,50.0,17,238,8
2026-08-26 18:00:00,155.0,7,24.0,31.3,44.3884196461891,18,238,8
2026-08-26 19:00:00,24.0,8,23.7,29.8,49.909150215196064,19,238,8
2026-08-26 20:00:00,0.0,47,22.6,28.9,50.0,20,238,8
2026-08-26 21:00:00,0.0,97,21.3,28.3,42.8198060135668,21,238,8
2026-08-26 22:00:00,0.0,98,19.0,27.8,50.0,22,238,8
2026-08-26 23:00:00,0.0,98,19.6,27.6,49.82982568297502,23,238,8
2026-08-27 00:00:00,0.0,91,17.6,27.2,45.40989210651105,0,239,8
2026-08-27 01:00:00,0.0,97,17.4,27.0,49.50430641271978,1,239,8
2026-08-27 02:00:00,0.0,80,14.3,26.8,50.0,2,239,8
2026-08-27 03:00:00,0.0,73,15.6,26.4,48.762525814952035,3,239,8
2026-08-27 04:00:00,0.0,100,17.2,26.4,50.0,4,239,8
2026-08-27 05:00:00,0.0,55,14.7,26.6,50.0,5,239,8
2026-08-27 06:00:00,0.0,30,14.1,26.4,50.0,6,239,8
2026-08-27 07:00:00,40.0,93,18.0,27.2,43.529191630049695,7,239,8
2026-08-27 08:00:00,159.0,98,22.0,28.2,47.71394275544528,8,239,8
2026-08-27 09:00:00,287.0,100,23.7,29.5,46.491935592995304,9,239,8
2026-08-27 10:00:00,474.0,99,24.6,31.5,48.135922413518706,10,239,8
2026-08-27 11:00:00,612.0,88,23.9,32.7,47.830287485351384,11,239,8
2026-08-27 12:00:00,795.0,98,23.2,34.3,50.0,12,239,8
2026-08-27 13:00:00,650.0,100,25.0,33.9,50.0,13,239,8
2026-08-27 14:00:00,495.0,99,24.4,33.6,50.0,14,239,8
2026-08-27 15:00:00,530.0,99,25.2,33.4,0.0,15,239,8
2026-08-27 16:00:00,426.0,62,24.5,32.5,50.0,16,239,8
2026-08-27 17:00:00,352.0,55,24.6,32.6,47.592200109090975,17,239,8
2026-08-27 18:00:00,158.0,80,24.9,31.0,50.0,18,239,8
2026-08-27 19:00:00,15.0,55,24.1,29.9,50.0,19,239,8
2026-08-27 20:00:00,0.0,59,23.0,28.9,50.0,20,239,8
2026-08-27 21:00:00,0.0,94,23.0,28.3,46.620826065871384,21,239,8
2026-08-27 22:00:00,0.0,91,21.8,28.0,50.0,22,239,8
2026-08-27 23:00:00,0.0,31,18.5,27.4,45.51629672414517,23,239,8
2026-08-28 00:00:00,0.0,30,18.3,27.0,43.90467653596531,0,240,8
2026-08-28 01:00:00,0.0,41,17.5,26.7,45.342613616635816,1,240,8
2026-08-28 02:00:00,0.0,66,15.3,26.3,50.0,2,240,8
2026-08-28 03:00:00,0.0,41,14.8,26.1,49.052127959863256,3,240,8
2026-08-28 04:00:00,0.0,30,14.9,26.0,47.792332229417056,4,240,8
2026-08-28 05:00:00,0.0,100,15.3,26.4,43.83524943523079,5,240,8
2026-08-28 06:00:00,0.0,98,14.0,26.5,49.566026112870105,6,240,8
2026-08-28 07:00:00,34.0,89,19.2,27.1,48.7070630196535,7,240,8
2026-08-28 08:00:00,206.0,89,22.1,28.4,46.69775057209458,8,240,8
2026-08-28 09:00:00,390.0,71,24.2,30.4,47.10229553529961,9,240,8
2026-08-28 10:00:00,598.0,13,23.0,32.2,46.887289911942,10,240,8
2026-08-28 11:00:00,776.0,38,25.2,33.7,0.0,11,240,8
2026-08-28 12:00:00,811.0,53,26.0,34.5,0.0,12,240,8
2026-08-28 13:00:00,801.0,46,27.2,34.8,0.0,13,240,8
2026-08-28 14:00:00,769.0,75,28.4,34.7,0.0,14,240,8
2026-08-28 15:00:00,682.0,84,29.0,34.2,0.0,15,240,8
2026-08-28 16:00:00,524.0,88,29.1,33.5,0.0,16,240,8
2026-08-28 17:00:00,352.0,70,28.6,32.4,0.0,17,240,8
2026-08-28 18:00:00,133.0,82,28.0,30.8,0.0,18,240,8
2026-08-28 19:00:00,19.0,83,27.1,29.5,0.0,19,240,8
2026-08-28 20:00:00,0.0,10,24.7,28.3,48.135368569287216,20,240,8
2026-08-28 21:00:00,0.0,21,22.2,27.7,50.0,21,240,8
2026-08-28 22:00:00,0.0,42,22.2,27.4,50.0,22,240,8
2026-08-28 23:00:00,0.0,78,21.9,27.2,50.0,23,240,8
2026-08-29 00:00:00,0.0,92,18.4,26.8,47.267711516216345,0,241,8
2026-08-29 01:00:00,0.0,100,17.5,26.5,47.973205326293915,1,241,8
2026-08-29 02:00:00,0.0,12,17.5,26.4,50.0,2,241,8
2026-08-29 03:00:00,0.0,95,17.3,26.2,50.0,3,241,8
2026-08-29 04:00:00,0.0,88,17.4,26.3,49.3049033022433,4,241,8
2026-08-29 05:00:00,0.0,100,18.6,26.4,50.0,5,241,8
2026-08-29 06:00:00,0.0,9,19.5,26.5,47.5172978558016,6,241,8
2026-08-29 07:00:00,43.0,3,21.0,26.8,48.003575718152646,7,241,8
2026-08-29 08:00:00,213.0,20,26.0,28.5,0.0,8,241,8
2026-08-29 09:00:00,412.0,17,29.5,30.4,0.0,9,241,8
2026-08-29 10:00:00,602.0,35,29.7,32.4,0.0,10,241,8
2026-08-29 11:00:00,735.0,100,33.0,33.1,0.0,11,241,8
2026-08-29 12:00:00,598.0,100,31.9,33.4,0.0,12,241,8
2026-08-29 13:00:00,532.0,91,31.6,33.5,0.0,13,241,8
2026-08-29 14:00:00,606.0,59,31.9,33.3,0.0,14,241,8
2026-08-29 15:00:00,594.0,75,29.8,32.8,0.0,15,241,8
2026-08-29 16:00:00,553.0,29,30.2,32.5,0.0,16,241,8
2026-08-29 17:00:00,350.0,93,29.5,31.4,0.0,17,241,8
2026-08-29 18:00:00,122.0,91,28.7,30.0,0.0,18,241,8
2026-08-29 19:00:00,16.0,54,26.6,29.0,0.0,19,241,8
2026-08-29 20:00:00,0.0,55,26.0,28.0,0.0,20,241,8
2026-08-29 21:00:00,0.0,20,22.4,27.5,49.8732371056547,21,241,8
2026-08-29 22:00:00,0.0,11,21.2,27.2,36.28629241027852,22,241,8
2026-08-29 23:00:00,0.0,18,21.1,27.2,50.0,23,241,8
2026-08-30 00:00:00,0.0,38,18.9,26.9,50.0,0,242,8
2026-08-30 01:00:00,0.0,22,18.2,26.7,42.506417629243884,1,242,8
2026-08-30 02:00:00,0.0,4,18.6,26.5,49.87947637391116,2,242,8
2026-08-30 03:00:00,0.0,11,17.3,26.3,50.0,3,242,8
2026-08-30 04:00:00,0.0,47,17.4,26.2,50.0,4,242,8
2026-08-30 05:00:00,0.0,91,18.1,26.1,41.43912106875022,5,242,8
2026-08-30 06:00:00,0.0,99,17.9,26.1,47.41373805251371,6,242,8
2026-08-30 07:00:00,35.0,92,22.2,26.9,48.82508605666537,7,242,8
2026-08-30 08:00:00,174.0,91,26.8,28.3,0.0,8,242,8
2026-08-30 09:00:00,398.0,91,29.6,30.2,0.0,9,242,8
2026-08-30 10:00:00,567.0,82,28.6,32.0,0.0,10,242,8
2026-08-30 11:00:00,732.0,93,34.4,33.5,0.0,11,242,8
2026-08-30 12:00:00,521.0,66,34.7,32.9,0.0,12,242,8
2026-08-30 13:00:00,692.0,41,33.8,33.6,0.0,13,242,8
2026-08-30 14:00:00,723.0,100,33.7,34.0,0.0,14,242,8
2026-08-30 15:00:00,444.0,99,32.8,32.5,0.0,15,242,8
2026-08-30 16:00:00,315.0,46,31.7,31.8,0.0,16,242,8
2026-08-30 17:00:00,329.0,77,29.0,31.1,0.0,17,242,8
2026-08-30 18:00:00,131.0,56,27.7,30.1,0.0,18,242,8
2026-08-30 19:00:00,18.0,42,25.5,28.9,0.0,19,242,8
2026-08-30 20:00:00,0.0,28,24.5,28.0,43.19308925947084,20,242,8
2026-08-30 21:00:00,0.0,55,20.5,27.4,49.412827804466495,21,242,8
2026-08-30 22:00:00,0.0,88,20.1,27.1,45.09570893739068,22,242,8
2026-08-30 23:00:00,0.0,60,18.0,27.0,46.47751981161056,23,242,8
2026-08-31 00:00:00,0.0,94,19.8,26.5,46.326672243593215,0,243,8
2026-08-31 01:00:00,0.0,74,19.8,26.6,50.0,1,243,8
2026-08-31 02:00:00,0.0,84,19.5,26.2,49.88621755921887,2,243,8
2026-08-31 03:00:00,0.0,81,19.0,26.1,47.16294533963137,3,243,8
2026-08-31 04:00:00,0.0,98,19.8,26.0,50.0,4,243,8
2026-08-31 05:00:00,0.0,95,19.3,26.2,43.6009562435607,5,243,8
2026-08-31 06:00:00,0.0,94,19.5,26.0,50.0,6,243,8
2026-08-31 07:00:00,38.0,95,20.0,26.5,47.55997452993717,7,243,8
2026-08-31 08:00:00,202.0,94,25.1,28.0,0.0,8,243,8
2026-08-31 09:00:00,397.0,97,27.5,29.9,0.0,9,243,8
2026-08-31 10:00:00,601.0,91,29.3,31.9,0.0,10,243,8
2026-08-31 11:00:00,614.0,100,31.4,33.0,0.0,11,243,8
2026-08-31 12:00:00,501.0,100,29.1,32.6,0.0,12,243,8
2026-08-31 13:00:00,454.0,100,28.4,33.0,0.0,13,243,8
2026-08-31 14:00:00,544.0,100,30.0,33.3,0.0,14,243,8
2026-08-31 15:00:00,462.0,100,30.4,32.6,0.0,15,243,8
2026-08-31 16:00:00,459.0,99,29.7,32.1,0.0,16,243,8
2026-08-31 17:00:00,301.0,78,28.1,30.5,0.0,17,243,8
2026-08-31 18:00:00,118.0,47,25.0,29.5,50.0,18,243,8
2026-08-31 19:00:00,17.0,77,22.8,28.5,46.171645318092665,19,243,8
2026-08-31 20:00:00,0.0,31,21.3,27.7,50.0,20,243,8
2026-08-31 21:00:00,0.0,42,20.6,27.4,44.63198130870562,21,243,8
2026-08-31 22:00:00,0.0,16,17.6,27.1,50.0,22,243,8
2026-08-31 23:00:00,0.0,20,17.9,26.8,44.02414629969328,23,243,8
2026-09-01 00:00:00,0.0,9,16.7,26.5,46.040008088281375,0,244,9
2026-09-01 01:00:00,0.0,91,16.5,26.4,46.126826021254665,1,244,9
2026-09-01 02:00:00,0.0,64,16.5,26.2,44.52651191975675,2,244,9
2026-09-01 03:00:00,0.0,68,16.9,26.0,50.0,3,244,9
2026-09-01 04:00:00,0.0,84,16.4,25.7,47.24818916617251,4,244,9
2026-09-01 05:00:00,0.0,89,16.5,25.9,48.131827895082544,5,244,9
2026-09-01 06:00:00,0.0,95,16.2,26.0,48.78358290211556,6,244,9
2026-09-01 07:00:00,38.0,88,17.2,26.6,46.880732743615226,7,244,9
2026-09-01 08:00:00,208.0,93,22.8,28.1,48.5491694757531,8,244,9
2026-09-01 09:00:00,406.0,58,25.6,30.0,0.0,9,244,9
2026-09-01 10:00:00,557.0,57,25.5,31.7,0.0,10,244,9
2026-09-01 11:00:00,668.0,59,27.8,33.2,0.0,11,244,9
2026-09-01 12:00:00,670.0,77,26.0,33.4,0.0,12,244,9
2026-09-01 13:00:00,781.0,99,24.5,34.2,45.72995489676729,13,244,9
2026-09-01 14:00:00,768.0,92,24.1,34.4,42.79217571631556,14,244,9
2026-09-01 15:00:00,645.0,84,23.8,33.8,50.0,15,244,9
2026-09-01 16:00:00,474.0,40,21.8,33.1,50.0,16,244,9
2026-09-01 17:00:00,311.0,98,21.8,31.9,43.55262374896438,17,244,9
2026-09-01 18:00:00,146.0,5,21.4,30.6,44.510189849730864,18,244,9
2026-09-01 19:00:00,18.0,8,20.5,29.2,50.0,19,244,9
2026-09-01 20:00:00,0.0,5,18.6,28.5,50.0,20,244,9
2026-09-01 21:00:00,0.0,9,17.0,27.6,45.83777149687443,21,244,9
2026-09-01 22:00:00,0.0,68,14.7,27.1,47.19615297083325,22,244,9
2026-09-01 23:00:00,0.0,99,16.0,27.3,48.27983050464166,23,244,9
2026-09-02 00:00:00,0.0,94,14.0,26.7,44.121459155008736,0,245,9
2026-09-02 01:00:00,0.0,78,13.1,26.4,45.895093723222836,1,245,9
2026-09-02 02:00:00,0.0,85,11.6,26.1,33.808699789617556,2,245,9
2026-09-02 03:00:00,0.0,95,10.6,25.8,29.06978176851524,3,245,9
2026-09-02 04:00:00,0.0,93,10.2,25.7,25.305185625993293,4,245,9
2026-09-02 05:00:00,0.0,96,10.9,26.4,30.338106743821324,5,245,9
2026-09-02 06:00:00,0.0,95,9.0,26.0,12.576554287200484,6,245,9
2026-09-02 07:00:00,40.0,96,10.5,26.7,26.472510252188076,7,245,9
2026-09-02 08:00:00,206.0,93,11.7,28.0,41.10500126487898,8,245,9
2026-09-02 09:00:00,398.0,99,14.5,29.9,46.075580850317664,9,245,9
2026-09-02 10:00:00,565.0,100,16.6,31.9,47.47158549157207,10,245,9
2026-09-02 11:00:00,672.0,100,19.6,33.5,40.605050847322076,11,245,9
2026-09-02 12:00:00,727.0,100,19.5,34.4,50.0,12,245,9
2026-09-02 13:00:00,593.0,100,20.5,34.5,50.0,13,245,9
2026-09-02 14:00:00,441.0,100,21.2,34.0,50.0,14,245,9
2026-09-02 15:00:00,442.0,100,20.8,33.8,50.0,15,245,9
2026-09-02 16:00:00,506.0,99,19.6,33.9,45.560327513469005,16,245,9
2026-09-02 17:00:00,261.0,93,20.6,32.6,50.0,17,245,9
2026-09-02 18:00:00,139.0,98,19.6,31.2,50.0,18,245,9
2026-09-02 19:00:00,16.0,100,19.1,29.9,50.0,19,245,9
2026-09-02 20:00:00,0.0,98,18.7,29.2,43.22762292945835,20,245,9
2026-09-02 21:00:00,0.0,99,17.6,28.4,43.18152917870311,21,245,9
2026-09-02 22:00:00,0.0,99,16.3,27.7,50.0,22,245,9
2026-09-02 23:00:00,0.0,75,16.6,27.6,48.77259368597629,23,245,9
2026-09-03 00:00:00,0.0,39,15.4,27.0,43.968868356791205,0,246,9
2026-09-03 01:00:00,0.0,41,13.5,26.5,50.0,1,246,9
2026-09-03 02:00:00,0.0,84,11.6,26.2,46.95980652917584,2,246,9
2026-09-03 03:00:00,0.0,83,9.4,25.9,19.25407703829756,3,246,9
2026-09-03 04:00:00,0.0,56,8.3,25.6,11.18958724739191,4,246,9
2026-09-03 05:00:00,0.0,59,7.8,25.8,7.19659256967038,5,246,9
2026-09-03 06:00:00,0.0,66,7.5,25.7,5.479027304461143,6,246,9
2026-09-03 07:00:00,38.0,59,10.7,26.4,32.20333770976754,7,246,9
2026-09-03 08:00:00,204.0,82,12.6,27.9,50.0,8,246,9
2026-09-03 09:00:00,397.0,94,14.5,29.7,50.0,9,246,9
2026-09-03 10:00:00,572.0,98,18.4,31.4,43.702823962015,10,246,9
2026-09-03 11:00:00,700.0,89,21.3,33.1,39.32596610260508,11,246,9
2026-09-03 12:00:00,828.0,74,21.7,34.4,48.341521571681575,12,246,9
2026-09-03 13:00:00,785.0,60,21.0,34.8,50.0,13,246,9
2026-09-03 14:00:00,701.0,54,21.1,34.8,42.20657764538808,14,246,9
2026-09-03 15:00:00,527.0,88,21.1,34.1,48.68075386251814,15,246,9
2026-09-03 16:00:00,322.0,24,20.9,33.2,47.37009166791738,16,246,9
2026-09-03 17:00:00,274.0,64,20.0,32.5,45.036767364310755,17,246,9
2026-09-03 18:00:00,117.0,49,20.9,30.8,50.0,18,246,9
2026-09-03 19:00:00,14.0,98,21.8,29.3,48.6961879309114,19,246,9
2026-09-03 20:00:00,0.0,95,21.0,28.3,50.0,20,246,9
2026-09-03 21:00:00,0.0,73,17.9,27.6,47.946547502674974,21,246,9
2026-09-03 22:00:00,0.0,98,13.6,27.1,46.80853448535568,22,246,9
2026-09-03 23:00:00,0.0,100,13.0,26.9,44.14485809265066,23,246,9
2026-09-04 00:00:00,0.0,90,13.3,26.5,46.47892500523707,0,247,9
2026-09-04 01:00:00,0.0,69,13.7,26.1,38.390995849554365,1,247,9
2026-09-04 02:00:00,0.0,78,13.6,25.8,45.27986274591925,2,247,9
2026-09-04 03:00:00,0.0,98,12.6,25.7,50.0,3,247,9
2026-09-04 04:00:00,0.0,95,12.0,25.5,50.0,4,247,9
2026-09-04 05:00:00,0.0,16,13.2,25.9,45.447014843681835,5,247,9
2026-09-04 06:00:00,0.0,92,12.0,25.7,50.0,6,247,9
2026-09-04 07:00:00,37.0,58,13.7,26.4,47.96287504156981,7,247,9
2026-09-04 08:00:00,207.0,83,15.5,28.0,50.0,8,247,9
2026-09-04 09:00:00,402.0,98,16.8,29.8,42.21228977902171,9,247,9
2026-09-04 10:00:00,598.0,84,17.6,31.5,50.0,10,247,9
2026-09-04 11:00:00,771.0,83,21.0,33.2,50.0,11,247,9
2026-09-04 12:00:00,884.0,66,20.0,34.6,40.80049290095842,12,247,9
2026-09-04 13:00:00,886.0,70,22.2,35.1,50.0,13,247,9
2026-09-04 14:00:00,704.0,98,23.4,34.3,48.413405127944884,14,247,9
2026-09-04 15:00:00,484.0,93,23.2,33.4,41.582030150876896,15,247,9
2026-09-04 16:00:00,454.0,95,22.6,33.0,42.49396216855142,16,247,9
2026-09-04 17:00:00,323.0,77,23.9,32.2,43.169871408398386,17,247,9
2026-09-04 18:00:00,120.0,48,23.1,30.8,45.252508212272446,18,247,9
2026-09-04 19:00:00,14.0,59,21.9,29.8,49.12288478554411,19,247,9
2026-09-04 20:00:00,0.0,19,20.6,28.8,44.62711872056516,20,247,9
2026-09-04 21:00:00,0.0,22,17.7,28.0,47.239444953961204,21,247,9
2026-09-04 22:00:00,0.0,37,18.4,27.7,48.492263940951524,22,247,9
2026-09-04 23:00:00,0.0,90,20.4,27.9,48.7750434551581,23,247,9
2026-09-05 00:00:00,0.0,91,19.6,27.3,50.0,0,248,9
2026-09-05 01:00:00,0.0,84,17.9,26.7,48.43738847486586,1,248,9
2026-09-05 02:00:00,0.0,80,16.1,26.3,49.13759481822171,2,248,9
2026-09-05 03:00:00,0.0,82,13.5,26.0,45.043664420016384,3,248,9
2026-09-05 04:00:00,0.0,68,12.7,26.0,49.17114935605476,4,248,9
2026-09-05 05:00:00,0.0,16,13.4,26.3,40.345707279680106,5,248,9
2026-09-05 06:00:00,0.0,10,11.2,26.0,31.12115967465839,6,248,9
2026-09-05 07:00:00,38.0,15,11.0,26.6,36.7920171540614,7,248,9
2026-09-05 08:00:00,198.0,21,15.2,28.2,45.1797882454409,8,248,9
2026-09-05 09:00:00,394.0,28,17.3,29.8,46.56285668977908,9,248,9
2026-09-05 10:00:00,582.0,74,19.7,31.8,46.58306424219259,10,248,9
2026-09-05 11:00:00,587.0,85,22.2,32.4,50.0,11,248,9
2026-09-05 12:00:00,472.0,91,23.6,32.2,48.72477117911835,12,248,9
2026-09-05 13:00:00,646.0,70,21.5,33.7,45.12138926870541,13,248,9
2026-09-05 14:00:00,686.0,100,22.8,34.1,50.0,14,248,9
2026-09-05 15:00:00,464.0,100,22.2,33.4,50.0,15,248,9
2026-09-05 16:00:00,387.0,95,22.5,33.2,50.0,16,248,9
2026-09-05 17:00:00,254.0,52,22.4,32.1,50.0,17,248,9
2026-09-05 18:00:00,101.0,88,23.2,30.6,47.63802608765708,18,248,9
2026-09-05 19:00:00,9.0,93,23.7,29.7,48.3813576159552,19,248,9
2026-09-05 20:00:00,0.0,80,21.9,28.2,41.759501316890024,20,248,9
2026-09-05 21:00:00,0.0,21,19.6,27.5,43.77051773203548,21,248,9
2026-09-05 22:00:00,0.0,2,18.1,27.1,50.0,22,248,9
2026-09-05 23:00:00,0.0,12,17.2,27.0,40.199675482413284,23,248,9
2026-09-06 00:00:00,0.0,22,16.3,26.7,49.683810580073306,0,249,9
2026-09-06 01:00:00,0.0,40,16.9,26.3,50.0,1,249,9
2026-09-06 02:00:00,0.0,37,14.4,26.1,41.03511874559171,2,249,9
2026-09-06 03:00:00,0.0,52,12.9,25.9,48.42574326142037,3,249,9
2026-09-06 04:00:00,0.0,62,11.6,25.8,37.67767004603578,4,249,9
2026-09-06 05:00:00,0.0,100,10.9,26.7,30.2046174451763,5,249,9
2026-09-06 06:00:00,0.0,61,11.0,26.4,34.151318239896796,6,249,9
2026-09-06 07:00:00,27.0,40,12.7,26.5,50.0,7,249,9
2026-09-06 08:00:00,176.0,16,15.2,27.8,50.0,8,249,9
2026-09-06 09:00:00,400.0,20,19.3,29.6,50.0,9,249,9
2026-09-06 10:00:00,558.0,52,20.3,31.5,44.461850021554355,10,249,9
2026-09-06 11:00:00,661.0,82,20.7,33.4,48.068754381206084,11,249,9
2026-09-06 12:00:00,558.0,89,20.4,33.7,50.0,12,249,9
2026-09-06 13:00:00,435.0,78,20.3,33.6,45.01854810348365,13,249,9
2026-09-06 14:00:00,623.0,89,21.8,34.1,46.31081456136418,14,249,9
2026-09-06 15:00:00,462.0,100,21.8,33.3,45.61627306165445,15,249,9
2026-09-06 16:00:00,313.0,42,23.5,32.1,47.68439549424475,16,249,9
2026-09-06 17:00:00,278.0,53,22.2,31.7,47.299048467192755,17,249,9
2026-09-06 18:00:00,117.0,20,22.3,30.6,45.12010033834219,18,249,9
2026-09-06 19:00:00,11.0,1,23.1,29.3,45.00873675388199,19,249,9
2026-09-06 20:00:00,0.0,0,21.3,28.3,42.29757539063294,20,249,9
2026-09-06 21:00:00,0.0,3,19.4,27.8,50.0,21,249,9
2026-09-06 22:00:00,0.0,7,17.8,27.4,48.24020667504015,22,249,9
2026-09-06 23:00:00,0.0,33,17.6,27.1,48.0565257365803,23,249,9
2026-09-07 00:00:00,0.0,19,15.8,26.7,47.01956201855643,0,250,9
2026-09-07 01:00:00,0.0,5,14.7,26.3,49.74059213372774,1,250,9
2026-09-07 02:00:00,0.0,10,13.3,26.0,47.55346360405463,2,250,9
2026-09-07 03:00:00,0.0,13,12.0,25.8,44.54962976938703,3,250,9
2026-09-07 04:00:00,0.0,9,11.1,25.6,40.57916217044424,4,250,9
2026-09-07 05:00:00,0.0,65,11.5,26.0,41.705252773496774,5,250,9
2026-09-07 06:00:00,0.0,95,10.6,25.8,28.21521075627948,6,250,9
2026-09-07 07:00:00,32.0,68,13.3,26.3,43.868299109687655,7,250,9
2026-09-07 08:00:00,188.0,18,17.8,27.9,47.363395905657576,8,250,9
2026-09-07 09:00:00,400.0,47,20.2,29.8,49.9303610500022,9,250,9
2026-09-07 10:00:00,472.0,42,21.1,31.3,50.0,10,250,9
2026-09-07 11:00:00,673.0,52,21.4,33.2,46.69083946784292,11,250,9
2026-09-07 12:00:00,774.0,27,22.3,34.1,43.94911007319637,12,250,9
2026-09-07 13:00:00,720.0,50,23.5,34.3,50.0,13,250,9
2026-09-07 14:00:00,609.0,52,22.2,33.7,43.82794406415311,14,250,9
2026-09-07 15:00:00,438.0,100,24.8,32.6,50.0,15,250,9
2026-09-07 16:00:00,272.0,94,22.8,31.8,49.7007234976849,16,250,9
2026-09-07 17:00:00,260.0,48,22.3,31.8,47.95777334522652,17,250,9
2026-09-07 18:00:00,127.0,100,21.4,30.5,49.78404299674566,18,250,9
2026-09-07 19:00:00,6.0,8,21.1,29.5,48.291764268109404,19,250,9
2026-09-07 20:00:00,0.0,9,19.9,28.5,47.27603698583904,20,250,9
2026-09-07 21:00:00,0.0,16,16.9,27.8,48.16815105654365,21,250,9
2026-09-07 22:00:00,0.0,35,17.3,27.4,42.17772497322145,22,250,9
2026-09-07 23:00:00,0.0,38,18.0,27.4,49.95921814088379,23,250,9
2026-09-08 00:00:00,0.0,31,16.9,26.9,49.349762153639865,0,251,9
2026-09-08 01:00:00,0.0,24,15.3,26.6,48.050328665787575,1,251,9
2026-09-08 02:00:00,0.0,81,15.1,26.4,45.0928269777767,2,251,9
2026-09-08 03:00:00,0.0,10,14.4,26.3,42.152452421596294,3,251,9
2026-09-08 04:00:00,0.0,11,13.9,26.0,50.0,4,251,9
2026-09-08 05:00:00,0.0,95,14.6,26.6,46.382144102961604,5,251,9
2026-09-08 06:00:00,0.0,39,15.3,26.2,50.0,6,251,9
2026-09-08 07:00:00,33.0,23,15.5,26.6,49.63303474136617,7,251,9
2026-09-08 08:00:00,194.0,16,16.4,28.1,39.88240345728554,8,251,9
2026-09-08 09:00:00,408.0,50,20.0,29.9,50.0,9,251,9
2026-09-08 10:00:00,529.0,38,20.4,31.2,50.0,10,251,9
2026-09-08 11:00:00,657.0,43,22.7,32.7,49.98810314248656,11,251,9
2026-09-08 12:00:00,770.0,25,22.8,33.3,50.0,12,251,9
2026-09-08 13:00:00,796.0,23,22.9,33.8,45.11438837588018,13,251,9
2026-09-08 14:00:00,801.0,75,23.8,33.2,50.0,14,251,9
2026-09-08 15:00:00,568.0,39,25.1,32.7,0.0,15,251,9
2026-09-08 16:00:00,428.0,9,24.8,32.4,50.0,16,251,9
2026-09-08 17:00:00,332.0,12,23.9,31.6,49.58061019693455,17,251,9
2026-09-08 18:00:00,138.0,9,23.2,30.3,50.0,18,251,9
2026-09-08 19:00:00,11.0,18,19.6,29.0,40.50964381970507,19,251,9
2026-09-08 20:00:00,0.0,13,17.4,28.4,50.0,20,251,9
2026-09-08 21:00:00,0.0,13,15.8,27.7,45.64368534402251,21,251,9
2026-09-08 22:00:00,0.0,22,13.0,27.3,47.04843402858697,22,251,9
2026-09-08 23:00:00,0.0,14,12.2,27.2,40.65075663878967,23,251,9
2026-09-09 00:00:00,0.0,98,9.7,26.8,21.04789607762415,0,252,9
2026-09-09 01:00:00,0.0,16,12.4,26.4,42.737052268898566,1,252,9
2026-09-09 02:00:00,0.0,13,13.4,26.1,41.72741042913647,2,252,9
2026-09-09 03:00:00,0.0,13,12.4,25.9,50.0,3,252,9
2026-09-09 04:00:00,0.0,12,11.0,25.8,29.706221934794414,4,252,9
2026-09-09 05:00:00,0.0,23,10.3,25.9,27.761043121174083,5,252,9
2026-09-09 06:00:00,0.0,13,9.5,25.8,18.765358919458492,6,252,9
2026-09-09 07:00:00,35.0,9,11.0,26.2,32.315866587174874,7,252,9
2026-09-09 08:00:00,196.0,20,14.3,27.7,47.992576311197,8,252,9
2026-09-09 09:00:00,387.0,20,15.2,29.2,50.0,9,252,9
2026-09-09 10:00:00,582.0,32,15.8,30.6,50.0,10,252,9
2026-09-09 11:00:00,708.0,27,16.2,32.0,50.0,11,252,9
2026-09-09 12:00:00,838.0,29,17.4,32.9,49.17455352471378,12,252,9
2026-09-09 13:00:00,765.0,24,18.9,33.0,49.05558214320511,13,252,9
2026-09-09 14:00:00,796.0,17,19.8,33.3,41.059857669922074,14,252,9
2026-09-09 15:00:00,717.0,26,20.2,33.2,49.59472438024581,15,252,9
2026-09-09 16:00:00,524.0,68,22.5,31.5,44.403690466147005,16,252,9
2026-09-09 17:00:00,272.0,7,21.3,31.1,44.08502226090041,17,252,9
2026-09-09 18:00:00,135.0,3,18.7,30.1,48.40739641757392,18,252,9
2026-09-09 19:00:00,11.0,5,17.8,28.9,43.45182917308387,19,252,9
2026-09-09 20:00:00,0.0,2,15.8,27.8,50.0,20,252,9
2026-09-09 21:00:00,0.0,1,14.4,27.1,50.0,21,252,9
2026-09-09 22:00:00,0.0,1,12.7,26.7,48.227846788240214,22,252,9
2026-09-09 23:00:00,0.0,2,14.9,26.6,50.0,23,252,9
2026-09-10 00:00:00,0.0,2,14.8,25.9,39.38589297753735,0,253,9
2026-09-10 01:00:00,0.0,1,12.5,25.5,43.24895115082192,1,253,9
2026-09-10 02:00:00,0.0,1,12.1,25.3,50.0,2,253,9
2026-09-10 03:00:00,0.0,1,11.8,25.1,46.57227507755515,3,253,9
2026-09-10 04:00:00,0.0,2,10.6,24.9,28.788937125304354,4,253,9
2026-09-10 05:00:00,0.0,0,8.5,25.1,10.932932972959533,5,253,9
2026-09-10 06:00:00,0.0,3,8.1,24.9,8.449378135959652,6,253,9
2026-09-10 07:00:00,37.0,12,10.4,25.7,28.529512182244076,7,253,9
2026-09-10 08:00:00,199.0,30,12.8,27.4,46.11237972560099,8,253,9
2026-09-10 09:00:00,384.0,46,12.7,29.1,45.49480883363749,9,253,9
2026-09-10 10:00:00,550.0,43,11.8,30.8,43.77868137516133,10,253,9
2026-09-10 11:00:00,693.0,63,11.5,32.4,44.16423857782239,11,253,9
2026-09-10 12:00:00,730.0,87,11.3,33.1,34.78670526115453,12,253,9
2026-09-10 13:00:00,776.0,100,12.9,33.4,50.0,13,253,9
2026-09-10 14:00:00,803.0,97,11.7,34.0,45.60820362379437,14,253,9
2026-09-10 15:00:00,653.0,94,11.7,33.9,50.0,15,253,9
2026-09-10 16:00:00,535.0,89,12.6,33.6,48.587984239159496,16,253,9
2026-09-10 17:00:00,328.0,91,13.1,33.0,48.535737933090616,17,253,9
2026-09-10 18:00:00,115.0,92,14.3,31.7,50.0,18,253,9
2026-09-10 19:00:00,10.0,68,17.7,29.9,50.0,19,253,9
2026-09-10 20:00:00,0.0,93,17.8,28.6,43.05327637151101,20,253,9
2026-09-10 21:00:00,0.0,95,16.7,27.7,49.74192550107552,21,253,9
2026-09-10 22:00:00,0.0,80,15.4,27.1,50.0,22,253,9
2026-09-10 23:00:00,0.0,100,14.3,26.9,39.91655434854128,23,253,9
2026-09-11 00:00:00,0.0,94,11.7,26.4,41.427631209004836,0,254,9
2026-09-11 01:00:00,0.0,47,10.4,26.0,22.661795586736453,1,254,9
2026-09-11 02:00:00,0.0,56,9.0,25.7,15.053570579798352,2,254,9
2026-09-11 03:00:00,0.0,95,7.4,25.3,5.4875883010356254,3,254,9
2026-09-11 04:00:00,0.0,83,6.5,25.0,2.480053979992321,4,254,9
2026-09-11 05:00:00,0.0,80,7.0,25.3,4.855511558530421,5,254,9
2026-09-11 06:00:00,0.0,100,6.8,25.2,3.7237179551233086,6,254,9
2026-09-11 07:00:00,35.0,86,9.9,26.2,19.514576205684808,7,254,9
2026-09-11 08:00:00,200.0,91,8.5,27.4,11.976816305159083,8,254,9
2026-09-11 09:00:00,431.0,91,8.0,29.2,9.262345294231311,9,254,9
2026-09-11 10:00:00,594.0,72,6.9,30.8,3.9749782413293757,10,254,9
2026-09-11 11:00:00,765.0,37,4.9,31.9,0.4812063451504529,11,254,9
2026-09-11 12:00:00,872.0,20,4.0,33.3,0.0737273077908524,12,254,9
2026-09-11 13:00:00,880.0,13,2.5,34.3,0.0,13,254,9
2026-09-11 14:00:00,835.0,7,1.2,35.1,0.0,14,254,9
2026-09-11 15:00:00,727.0,20,2.3,35.6,0.0,15,254,9
2026-09-11 16:00:00,556.0,12,5.0,35.6,0.4509731026447234,16,254,9
2026-09-11 17:00:00,340.0,19,4.8,35.0,0.4068792177921022,17,254,9
2026-09-11 18:00:00,135.0,99,2.7,34.5,0.0,18,254,9
2026-09-11 19:00:00,9.0,100,17.5,31.8,48.9702540993895,19,254,9
2026-09-11 20:00:00,0.0,100,17.4,30.2,50.0,20,254,9
2026-09-11 21:00:00,0.0,100,16.4,29.2,49.88669207987658,21,254,9
2026-09-11 22:00:00,0.0,73,13.4,28.4,43.72854620421747,22,254,9
2026-09-11 23:00:00,0.0,5,12.5,28.0,46.11824387753276,23,254,9
