time,shortwave_radiation,cloud_cover,wind_speed_10m,temperature_2m,output_mw,hour,day_of_year,month
2025-08-07 00:00:00,0.0,64,7.9,26.6,0.0,0,219,8
2025-08-07 01:00:00,0.0,100,7.1,26.4,0.0,1,219,8
2025-08-07 02:00:00,0.0,100,6.6,26.3,0.0,2,219,8
2025-08-07 03:00:00,0.0,90,6.0,26.1,0.0,3,219,8
2025-08-07 04:00:00,0.0,41,6.5,26.0,0.0,4,219,8
2025-08-07 05:00:00,0.0,69,6.9,25.7,0.0,5,219,8
2025-08-07 06:00:00,2.0,40,6.7,26.4,0.05668969514972296,6,219,8
2025-08-07 07:00:00,83.0,10,6.9,26.9,2.705850888948768,7,219,8
2025-08-07 08:00:00,267.0,13,7.3,27.7,8.586770255558452,8,219,8
2025-08-07 09:00:00,469.0,9,5.6,28.9,13.77605549061949,9,219,8
2025-08-07 10:00:00,659.0,5,5.5,30.1,21.66160348529394,10,219,8
2025-08-07 11:00:00,808.0,8,6.6,31.3,26.501765006667547,11,219,8
2025-08-07 12:00:00,894.0,13,7.5,32.1,26.40516080158994,12,219,8
2025-08-07 13:00:00,889.0,17,8.9,32.7,26.6694970651268,13,219,8
2025-08-07 14:00:00,808.0,60,9.7,33.0,16.879816166440303,14,219,8
2025-08-07 15:00:00,643.0,55,9.3,33.3,13.801068088938482,15,219,8
2025-08-07 16:00:00,498.0,56,9.6,33.3,11.387861489285106,16,219,8
2025-08-07 17:00:00,256.0,88,7.4,32.9,4.561602536795187,17,219,8
2025-08-07 18:00:00,156.0,100,5.5,32.8,2.3791370015373636,18,219,8
2025-08-07 19:00:00,24.0,100,7.6,31.7,0.38670356149873786,19,219,8
2025-08-07 20:00:00,0.0,84,11.2,30.0,0.0,20,219,8
2025-08-07 21:00:00,0.0,99,8.8,28.8,0.0,21,219,8
2025-08-07 22:00:00,0.0,69,8.5,28.2,0.0,22,219,8
2025-08-07 23:00:00,0.0,100,8.5,27.9,0.0,23,219,8
2025-08-08 00:00:00,0.0,75,7.6,27.6,0.0,0,220,8
2025-08-08 01:00:00,0.0,91,8.3,27.3,0.0,1,220,8
2025-08-08 02:00:00,0.0,100,8.7,27.1,0.0,2,220,8
2025-08-08 03:00:00,0.0,90,8.4,26.7,0.0,3,220,8
2025-08-08 04:00:00,0.0,6,8.3,26.4,0.0,4,220,8
2025-08-08 05:00:00,0.0,2,8.3,26.0,0.0,5,220,8
2025-08-08 06:00:00,1.0,94,7.8,27.0,0.01705896346042543,6,220,8
2025-08-08 07:00:00,77.0,98,7.8,27.3,1.140227281184122,7,220,8
2025-08-08 08:00:00,256.0,96,7.2,28.4,4.041413952055107,8,220,8
2025-08-08 09:00:00,463.0,99,7.2,29.7,7.375110314945343,9,220,8
2025-08-08 10:00:00,643.0,75,6.6,31.0,12.160483326531327,10,220,8
2025-08-08 11:00:00,789.0,100,7.6,32.2,13.051999575440679,11,220,8
2025-08-08 12:00:00,824.0,100,9.1,33.1,12.256333616831043,12,220,8
2025-08-08 13:00:00,851.0,100,9.6,33.8,13.022453529264912,13,220,8
2025-08-08 14:00:00,771.0,100,10.0,34.1,12.133091485361138,14,220,8
2025-08-08 15:00:00,600.0,91,9.6,34.0,8.940430737873342,15,220,8
2025-08-08 16:00:00,501.0,95,9.4,34.2,8.342263216517303,16,220,8
2025-08-08 17:00:00,313.0,99,9.3,33.8,4.979138716729964,17,220,8
2025-08-08 18:00:00,142.0,100,7.4,32.9,2.230837760479923,18,220,8
2025-08-08 19:00:00,18.0,100,5.9,32.3,0.2723892275063783,19,220,8
2025-08-08 20:00:00,0.0,100,12.6,30.4,0.0,20,220,8
2025-08-08 21:00:00,0.0,100,8.5,29.2,0.0,21,220,8
2025-08-08 22:00:00,0.0,98,9.2,28.9,0.0,22,220,8
2025-08-08 23:00:00,0.0,100,9.5,28.6,0.0,23,220,8
2025-08-09 00:00:00,0.0,100,8.4,28.4,0.0,0,221,8
2025-08-09 01:00:00,0.0,97,8.4,28.1,0.0,1,221,8
2025-08-09 02:00:00,0.0,83,7.8,27.9,0.0,2,221,8
2025-08-09 03:00:00,0.0,29,7.7,27.4,0.0,3,221,8
2025-08-09 04:00:00,0.0,25,7.3,27.0,0.0,4,221,8
2025-08-09 05:00:00,0.0,36,8.8,26.7,0.0,5,221,8
2025-08-09 06:00:00,1.0,96,8.1,27.5,0.01530696019708249,6,221,8
2025-08-09 07:00:00,47.0,100,8.7,27.5,0.7623473466218933,7,221,8
2025-08-09 08:00:00,133.0,100,9.0,28.1,2.226879396533904,8,221,8
2025-08-09 09:00:00,245.0,100,7.3,29.0,3.955121010167468,9,221,8
2025-08-09 10:00:00,252.0,100,5.4,29.4,3.667277814529245,10,221,8
2025-08-09 11:00:00,565.0,95,5.0,31.0,8.939820015629952,11,221,8
2025-08-09 12:00:00,805.0,82,6.3,32.3,16.10218120459667,12,221,8
2025-08-09 13:00:00,795.0,87,7.8,32.9,14.6519715076387,13,221,8
2025-08-09 14:00:00,773.0,84,8.7,33.3,13.3395705597829,14,221,8
2025-08-09 15:00:00,699.0,89,8.9,33.7,11.874284807771428,15,221,8
2025-08-09 16:00:00,542.0,99,8.2,33.9,8.417469602781857,16,221,8
2025-08-09 17:00:00,305.0,77,6.4,33.7,5.88293603496805,17,221,8
2025-08-09 18:00:00,159.0,30,7.8,32.4,4.55731658900131,18,221,8
2025-08-09 19:00:00,22.0,40,8.5,31.6,0.5836101885392129,19,221,8
2025-08-09 20:00:00,0.0,70,8.0,31.0,0.0,20,221,8
2025-08-09 21:00:00,0.0,44,10.1,29.8,0.0,21,221,8
2025-08-09 22:00:00,0.0,71,9.4,28.7,0.0,22,221,8
2025-08-09 23:00:00,0.0,71,7.7,28.3,0.0,23,221,8
2025-08-10 00:00:00,0.0,28,6.9,28.0,0.0,0,222,8
2025-08-10 01:00:00,0.0,37,8.0,27.8,0.0,1,222,8
2025-08-10 02:00:00,0.0,46,7.4,27.4,0.0,2,222,8
2025-08-10 03:00:00,0.0,34,6.5,27.1,0.0,3,222,8
2025-08-10 04:00:00,0.0,34,7.8,27.0,0.0,4,222,8
2025-08-10 05:00:00,0.0,79,7.8,26.6,0.0,5,222,8
2025-08-10 06:00:00,1.0,84,9.0,26.8,0.019710221632339705,6,222,8
2025-08-10 07:00:00,55.0,72,7.4,27.1,1.1984223231757585,7,222,8
2025-08-10 08:00:00,179.0,56,8.3,27.8,4.479943541666311,8,222,8
2025-08-10 09:00:00,374.0,49,8.2,29.2,9.245927932679606,9,222,8
2025-08-10 10:00:00,598.0,28,7.3,30.7,18.72991007446329,10,222,8
2025-08-10 11:00:00,741.0,32,7.9,31.8,21.16613431495635,11,222,8
2025-08-10 12:00:00,764.0,41,8.0,32.6,22.66097592294059,12,222,8
2025-08-10 13:00:00,829.0,49,9.0,33.3,20.62058801573101,13,222,8
2025-08-10 14:00:00,801.0,57,8.9,33.7,19.328830206751697,14,222,8
2025-08-10 15:00:00,613.0,55,8.6,33.8,13.076676843250812,15,222,8
2025-08-10 16:00:00,509.0,50,9.0,33.8,11.45591419926193,16,222,8
2025-08-10 17:00:00,322.0,75,8.9,33.8,6.275199336721111,17,222,8
2025-08-10 18:00:00,158.0,79,5.7,33.3,3.3079161122041554,18,222,8
2025-08-10 19:00:00,21.0,99,10.5,32.5,0.3287714683798003,19,222,8
2025-08-10 20:00:00,0.0,99,11.9,30.0,0.0,20,222,8
2025-08-10 21:00:00,0.0,64,10.7,29.3,0.0,21,222,8
2025-08-10 22:00:00,0.0,42,9.6,28.8,0.0,22,222,8
2025-08-10 23:00:00,0.0,76,9.1,28.6,0.0,23,222,8
2025-08-11 00:00:00,0.0,20,8.6,28.2,0.0,0,223,8
2025-08-11 01:00:00,0.0,91,8.4,27.9,0.0,1,223,8
2025-08-11 02:00:00,0.0,96,7.6,27.5,0.0,2,223,8
2025-08-11 03:00:00,0.0,100,8.1,27.2,0.0,3,223,8
2025-08-11 04:00:00,0.0,100,8.7,26.8,0.0,4,223,8
2025-08-11 05:00:00,0.0,100,8.5,26.6,0.0,5,223,8
2025-08-11 06:00:00,1.0,99,4.6,26.0,0.014665768598323687,6,223,8
2025-08-11 07:00:00,71.0,95,4.6,27.0,1.0682611018252783,7,223,8
2025-08-11 08:00:00,242.0,100,8.4,28.5,3.847714191771455,8,223,8
2025-08-11 09:00:00,402.0,100,7.7,29.7,6.099926673257508,9,223,8
2025-08-11 10:00:00,573.0,99,7.8,30.9,8.835801235836538,10,223,8
2025-08-11 11:00:00,724.0,98,8.1,32.1,12.162355775292493,11,223,8
2025-08-11 12:00:00,789.0,100,9.5,33.0,11.233253474218667,12,223,8
2025-08-11 13:00:00,891.0,100,10.5,33.8,13.440297937644823,13,223,8
2025-08-11 14:00:00,803.0,100,11.2,34.2,10.764537493498182,14,223,8
2025-08-11 15:00:00,654.0,100,11.0,34.4,10.100669957640156,15,223,8
2025-08-11 16:00:00,443.0,100,10.8,34.2,6.346554896234915,16,223,8
2025-08-11 17:00:00,342.0,100,10.4,34.1,5.448857023033031,17,223,8
2025-08-11 18:00:00,130.0,100,9.7,33.3,1.8755968352709895,18,223,8
2025-08-11 19:00:00,18.0,100,11.6,31.0,0.27978047070910045,19,223,8
2025-08-11 20:00:00,0.0,100,9.0,29.7,0.0,20,223,8
2025-08-11 21:00:00,0.0,100,9.0,29.5,0.0,21,223,8
2025-08-11 22:00:00,0.0,94,9.7,29.1,0.0,22,223,8
2025-08-11 23:00:00,0.0,97,9.4,28.8,0.0,23,223,8
2025-08-12 00:00:00,0.0,100,8.8,28.5,0.0,0,224,8
2025-08-12 01:00:00,0.0,100,7.3,28.4,0.0,1,224,8
2025-08-12 02:00:00,0.0,100,8.9,28.2,0.0,2,224,8
2025-08-12 03:00:00,0.0,100,10.1,27.8,0.0,3,224,8
2025-08-12 04:00:00,0.0,100,9.1,27.4,0.0,4,224,8
2025-08-12 05:00:00,0.0,100,8.3,27.1,0.0,5,224,8
2025-08-12 06:00:00,1.0,88,7.8,27.4,0.01723214010754914,6,224,8
2025-08-12 07:00:00,73.0,100,8.0,27.7,1.1222056737371349,7,224,8
2025-08-12 08:00:00,258.0,97,8.8,28.7,3.904878274598395,8,224,8
2025-08-12 09:00:00,474.0,100,10.0,30.1,7.696840092070438,9,224,8
2025-08-12 10:00:00,639.0,100,10.7,31.4,9.701077622199923,10,224,8
2025-08-12 11:00:00,706.0,94,10.8,32.4,12.29860490135358,11,224,8
2025-08-12 12:00:00,813.0,87,10.4,33.4,14.33772500428124,12,224,8
2025-08-12 13:00:00,613.0,99,10.4,33.5,9.89742113115244,13,224,8
2025-08-12 14:00:00,719.0,89,11.0,33.9,13.631129305546489,14,224,8
2025-08-12 15:00:00,665.0,50,10.9,34.1,15.424403514706391,15,224,8
2025-08-12 16:00:00,471.0,100,11.0,33.9,7.922411912975783,16,224,8
2025-08-12 17:00:00,297.0,98,11.4,33.4,4.2823400552220265,17,224,8
2025-08-12 18:00:00,121.0,100,12.2,32.8,1.8349960985254556,18,224,8
2025-08-12 19:00:00,14.0,100,12.4,30.3,0.22216887036177246,19,224,8
2025-08-12 20:00:00,0.0,100,10.2,29.4,0.0,20,224,8
2025-08-12 21:00:00,0.0,100,10.4,29.2,0.0,21,224,8
2025-08-12 22:00:00,0.0,100,10.4,29.0,0.0,22,224,8
2025-08-12 23:00:00,0.0,100,8.7,28.7,0.0,23,224,8
2025-08-13 00:00:00,0.0,100,9.2,28.2,0.0,0,225,8
2025-08-13 01:00:00,0.0,100,8.8,27.4,0.0,1,225,8
2025-08-13 02:00:00,0.0,100,8.8,26.9,0.0,2,225,8
2025-08-13 03:00:00,0.0,100,7.2,26.8,0.0,3,225,8
2025-08-13 04:00:00,0.0,100,8.1,26.8,0.0,4,225,8
2025-08-13 05:00:00,0.0,100,8.9,26.8,0.0,5,225,8
2025-08-13 06:00:00,1.0,100,5.2,27.7,0.014625043912178736,6,225,8
2025-08-13 07:00:00,52.0,100,5.3,28.1,0.7474479821789264,7,225,8
2025-08-13 08:00:00,237.0,57,8.2,29.0,5.319903802535706,8,225,8
2025-08-13 09:00:00,454.0,89,6.8,30.1,7.777450238882089,9,225,8
2025-08-13 10:00:00,629.0,100,6.5,31.2,10.090064502273664,10,225,8
2025-08-13 11:00:00,670.0,100,7.2,32.1,10.716331384125233,11,225,8
2025-08-13 12:00:00,746.0,100,8.3,32.7,11.563218345781117,12,225,8
2025-08-13 13:00:00,714.0,100,8.9,32.8,9.600444831274205,13,225,8
2025-08-13 14:00:00,648.0,100,8.4,33.1,9.222478550599286,14,225,8
2025-08-13 15:00:00,467.0,100,8.5,33.1,7.0431094179280755,15,225,8
2025-08-13 16:00:00,309.0,100,8.2,32.4,4.804896128411505,16,225,8
2025-08-13 17:00:00,214.0,100,8.4,32.1,3.2165467289286496,17,225,8
2025-08-13 18:00:00,77.0,100,8.8,31.1,1.1412307280424694,18,225,8
2025-08-13 19:00:00,18.0,100,8.4,30.5,0.261660178943764,19,225,8
2025-08-13 20:00:00,0.0,100,9.2,29.8,0.0,20,225,8
2025-08-13 21:00:00,0.0,100,8.5,28.9,0.0,21,225,8
2025-08-13 22:00:00,0.0,98,8.9,28.3,0.0,22,225,8
2025-08-13 23:00:00,0.0,100,8.9,27.9,0.0,23,225,8
2025-08-14 00:00:00,0.0,100,8.3,27.7,0.0,0,226,8
2025-08-14 01:00:00,0.0,100,6.7,27.5,0.0,1,226,8
2025-08-14 02:00:00,0.0,100,6.6,27.1,0.0,2,226,8
2025-08-14 03:00:00,0.0,100,5.8,26.9,0.0,3,226,8
2025-08-14 04:00:00,0.0,100,6.0,26.8,0.0,4,226,8
2025-08-14 05:00:00,0.0,100,6.2,26.7,0.0,5,226,8
2025-08-14 06:00:00,1.0,100,4.5,27.1,0.016239753423344456,6,226,8
2025-08-14 07:00:00,40.0,100,6.2,27.4,0.6538183302849627,7,226,8
2025-08-14 08:00:00,166.0,100,5.9,28.1,2.3342634544451872,8,226,8
2025-08-14 09:00:00,156.0,100,4.4,28.3,2.583417957823062,9,226,8
2025-08-14 10:00:00,436.0,100,4.8,29.8,6.9383334647645745,10,226,8
2025-08-14 11:00:00,746.0,100,3.9,31.6,11.7699743292149,11,226,8
2025-08-14 12:00:00,856.0,100,5.6,32.5,12.870012746973659,12,226,8
2025-08-14 13:00:00,588.0,100,6.0,31.7,8.805066603160236,13,226,8
2025-08-14 14:00:00,452.0,100,2.9,31.6,6.974170689652924,14,226,8
2025-08-14 15:00:00,546.0,99,3.1,32.1,8.252002497021197,15,226,8
2025-08-14 16:00:00,501.0,100,3.1,32.6,7.386433011661604,16,226,8
2025-08-14 17:00:00,324.0,99,5.0,32.0,4.974981950337332,17,226,8
2025-08-14 18:00:00,131.0,100,6.1,32.1,1.9161347354738778,18,226,8
2025-08-14 19:00:00,17.0,100,7.8,31.0,0.26369318497313227,19,226,8
2025-08-14 20:00:00,0.0,100,8.0,29.5,0.0,20,226,8
2025-08-14 21:00:00,0.0,100,6.3,29.0,0.0,21,226,8
2025-08-14 22:00:00,0.0,98,7.2,28.6,0.0,22,226,8
2025-08-14 23:00:00,0.0,65,7.0,28.2,0.0,23,226,8
2025-08-15 00:00:00,0.0,85,7.3,27.9,0.0,0,227,8
2025-08-15 01:00:00,0.0,99,6.0,27.6,0.0,1,227,8
2025-08-15 02:00:00,0.0,97,3.6,27.4,0.0,2,227,8
2025-08-15 03:00:00,0.0,100,4.0,27.1,0.0,3,227,8
2025-08-15 04:00:00,0.0,100,4.9,26.9,0.0,4,227,8
2025-08-15 05:00:00,0.0,100,6.3,26.9,0.0,5,227,8
2025-08-15 06:00:00,1.0,81,2.6,28.1,0.01956353694366245,6,227,8
2025-08-15 07:00:00,55.0,96,1.5,28.1,0.8892140464134961,7,227,8
2025-08-15 08:00:00,148.0,88,0.8,28.6,3.05079075650173,8,227,8
2025-08-15 09:00:00,388.0,85,0.7,30.1,7.146673104788588,9,227,8
2025-08-15 10:00:00,583.0,98,1.4,31.8,9.66233990914251,10,227,8
2025-08-15 11:00:00,700.0,97,5.5,33.0,11.794669384418818,11,227,8
2025-08-15 12:00:00,551.0,95,8.0,29.8,9.29023706180097,12,227,8
2025-08-15 13:00:00,548.0,60,4.6,30.4,12.570634443683282,13,227,8
2025-08-15 14:00:00,545.0,70,3.2,30.9,11.992691386847603,14,227,8
2025-08-15 15:00:00,553.0,74,1.5,31.3,11.50823867461621,15,227,8
2025-08-15 16:00:00,475.0,75,5.0,28.9,9.151960415567288,16,227,8
2025-08-15 17:00:00,184.0,65,1.5,28.9,4.082474910304183,17,227,8
2025-08-15 18:00:00,105.0,87,3.7,29.1,1.870078608697684,18,227,8
2025-08-15 19:00:00,12.0,91,3.6,28.6,0.20632716695509895,19,227,8
2025-08-15 20:00:00,0.0,96,8.5,28.0,0.0,20,227,8
2025-08-15 21:00:00,0.0,100,9.9,26.1,0.0,21,227,8
2025-08-15 22:00:00,0.0,99,4.5,26.3,0.0,22,227,8
2025-08-15 23:00:00,0.0,100,6.5,26.2,0.0,23,227,8
2025-08-16 00:00:00,0.0,100,5.1,26.2,0.0,0,228,8
2025-08-16 01:00:00,0.0,100,3.8,26.1,0.0,1,228,8
2025-08-16 02:00:00,0.0,100,3.8,26.0,0.0,2,228,8
2025-08-16 03:00:00,0.0,100,3.9,25.8,0.0,3,228,8
2025-08-16 04:00:00,0.0,70,3.5,25.7,0.0,4,228,8
2025-08-16 05:00:00,0.0,81,2.0,25.6,0.0,5,228,8
2025-08-16 06:00:00,0.0,77,3.2,26.4,0.0,6,228,8
2025-08-16 07:00:00,57.0,96,2.4,27.1,0.944772960357088,7,228,8
2025-08-16 08:00:00,220.0,40,3.0,28.0,5.422520805301333,8,228,8
2025-08-16 09:00:00,425.0,71,3.9,29.2,8.145032250803935,9,228,8
2025-08-16 10:00:00,493.0,93,3.2,30.0,7.6365270355007615,10,228,8
2025-08-16 11:00:00,502.0,96,2.7,30.5,8.52422880089048,11,228,8
2025-08-16 12:00:00,670.0,100,3.6,31.7,10.035987570342353,12,228,8
2025-08-16 13:00:00,373.0,100,7.9,29.8,6.144465401780603,13,228,8
2025-08-16 14:00:00,456.0,95,3.1,28.2,6.770541311682844,14,228,8
2025-08-16 15:00:00,401.0,96,6.7,28.1,6.126481357738405,15,228,8
2025-08-16 16:00:00,187.0,100,8.1,27.5,3.0039631904429283,16,228,8
2025-08-16 17:00:00,133.0,100,5.0,27.2,2.0053410191195398,17,228,8
2025-08-16 18:00:00,130.0,97,6.3,28.8,2.410998963998199,18,228,8
2025-08-16 19:00:00,17.0,100,3.6,28.3,0.2591014804447725,19,228,8
2025-08-16 20:00:00,0.0,100,5.6,27.9,0.0,20,228,8
2025-08-16 21:00:00,0.0,100,3.9,27.7,0.0,21,228,8
2025-08-16 22:00:00,0.0,100,4.4,27.4,0.0,22,228,8
2025-08-16 23:00:00,0.0,100,4.0,27.0,0.0,23,228,8
2025-08-17 00:00:00,0.0,100,3.4,26.7,0.0,0,229,8
2025-08-17 01:00:00,0.0,100,3.6,26.5,0.0,1,229,8
2025-08-17 02:00:00,0.0,100,4.4,26.2,0.0,2,229,8
2025-08-17 03:00:00,0.0,100,3.1,26.0,0.0,3,229,8
2025-08-17 04:00:00,0.0,100,2.3,26.0,0.0,4,229,8
2025-08-17 05:00:00,0.0,100,2.4,25.8,0.0,5,229,8
2025-08-17 06:00:00,1.0,100,0.9,26.3,0.01465093626830702,6,229,8
2025-08-17 07:00:00,45.0,100,2.1,26.7,0.6404853134789614,7,229,8
2025-08-17 08:00:00,190.0,97,4.2,27.8,3.340545049250901,8,229,8
2025-08-17 09:00:00,408.0,100,4.4,29.1,6.576075491197465,9,229,8
2025-08-17 10:00:00,529.0,100,5.2,30.2,7.549147300303224,10,229,8
2025-08-17 11:00:00,509.0,100,5.0,31.2,7.262705028453899,11,229,8
2025-08-17 12:00:00,397.0,100,4.6,31.5,6.789723595933284,12,229,8
2025-08-17 13:00:00,436.0,100,4.4,31.6,7.04466049745016,13,229,8
2025-08-17 14:00:00,444.0,100,2.6,31.7,7.242129504518112,14,229,8
2025-08-17 15:00:00,450.0,84,1.7,32.5,9.002159488748683,15,229,8
2025-08-17 16:00:00,179.0,99,11.4,27.2,2.8395774189809364,16,229,8
2025-08-17 17:00:00,188.0,100,5.1,27.6,2.907089845836088,17,229,8
2025-08-17 18:00:00,104.0,100,4.1,28.4,1.6853275503004668,18,229,8
2025-08-17 19:00:00,11.0,100,0.5,28.1,0.18672363686541113,19,229,8
2025-08-17 20:00:00,0.0,100,2.4,28.0,0.0,20,229,8
2025-08-17 21:00:00,0.0,95,7.6,28.0,0.0,21,229,8
2025-08-17 22:00:00,0.0,100,5.3,27.5,0.0,22,229,8
2025-08-17 23:00:00,0.0,100,5.6,27.2,0.0,23,229,8
2025-08-18 00:00:00,0.0,96,5.4,26.8,0.0,0,230,8
2025-08-18 01:00:00,0.0,63,5.9,26.5,0.0,1,230,8
2025-08-18 02:00:00,0.0,70,7.3,26.2,0.0,2,230,8
2025-08-18 03:00:00,0.0,95,7.7,25.9,0.0,3,230,8
2025-08-18 04:00:00,0.0,100,6.8,25.7,0.0,4,230,8
2025-08-18 05:00:00,0.0,99,4.0,25.5,0.0,5,230,8
2025-08-18 06:00:00,1.0,100,4.9,26.3,0.014515643757699842,6,230,8
2025-08-18 07:00:00,64.0,100,8.1,26.9,0.9160099770647727,7,230,8
2025-08-18 08:00:00,205.0,99,8.5,27.8,3.3638739428301196,8,230,8
2025-08-18 09:00:00,427.0,100,6.6,29.3,6.50995675077605,9,230,8
2025-08-18 10:00:00,537.0,100,7.0,30.3,8.101072484084451,10,230,8
2025-08-18 11:00:00,647.0,100,8.3,31.1,9.572126351570535,11,230,8
2025-08-18 12:00:00,775.0,38,8.2,31.9,20.126401652791742,12,230,8
2025-08-18 13:00:00,839.0,83,6.4,32.3,13.810539535649122,13,230,8
2025-08-18 14:00:00,786.0,99,5.8,32.3,12.408700866255195,14,230,8
2025-08-18 15:00:00,659.0,100,5.3,32.6,11.096818995345046,15,230,8
2025-08-18 16:00:00,376.0,100,7.2,30.7,4.996151854516193,16,230,8
2025-08-18 17:00:00,152.0,100,7.9,28.3,2.1178913423433294,17,230,8
2025-08-18 18:00:00,99.0,100,9.7,30.1,1.5568943134871094,18,230,8
2025-08-18 19:00:00,15.0,100,8.3,28.7,0.23779571329423424,19,230,8
2025-08-18 20:00:00,0.0,100,6.4,28.1,0.0,20,230,8
2025-08-18 21:00:00,0.0,100,5.9,27.9,0.0,21,230,8
2025-08-18 22:00:00,0.0,100,6.9,27.5,0.0,22,230,8
2025-08-18 23:00:00,0.0,97,6.9,27.1,0.0,23,230,8
2025-08-19 00:00:00,0.0,92,8.1,26.6,0.0,0,231,8
2025-08-19 01:00:00,0.0,66,7.7,26.1,0.0,1,231,8
2025-08-19 02:00:00,0.0,98,6.7,25.8,0.0,2,231,8
2025-08-19 03:00:00,0.0,98,6.6,25.5,0.0,3,231,8
2025-08-19 04:00:00,0.0,100,6.2,25.5,0.0,4,231,8
2025-08-19 05:00:00,0.0,100,5.2,25.6,0.0,5,231,8
2025-08-19 06:00:00,1.0,100,5.1,26.4,0.016106288395462777,6,231,8
2025-08-19 07:00:00,53.0,100,5.6,26.7,0.7822139682925082,7,231,8
2025-08-19 08:00:00,173.0,99,5.8,27.5,2.4999043877063785,8,231,8
2025-08-19 09:00:00,286.0,99,7.9,28.5,4.440311420931603,9,231,8
2025-08-19 10:00:00,566.0,99,8.2,30.3,9.124456647342983,10,231,8
2025-08-19 11:00:00,527.0,74,9.1,31.1,11.4374087060418,11,231,8
2025-08-19 12:00:00,802.0,79,8.5,32.2,15.20476675221497,12,231,8
2025-08-19 13:00:00,860.0,81,8.1,32.7,15.362105819515948,13,231,8
2025-08-19 14:00:00,768.0,43,6.3,33.1,19.214525476104026,14,231,8
2025-08-19 15:00:00,687.0,25,6.1,32.9,19.47172247782445,15,231,8
2025-08-19 16:00:00,519.0,85,5.7,32.8,9.175007187073641,16,231,8
2025-08-19 17:00:00,354.0,82,9.0,31.3,6.441311149388837,17,231,8
2025-08-19 18:00:00,121.0,76,5.1,30.2,2.481387984321033,18,231,8
2025-08-19 19:00:00,14.0,81,5.0,29.8,0.2921745561358978,19,231,8
2025-08-19 20:00:00,0.0,97,3.2,29.5,0.0,20,231,8
2025-08-19 21:00:00,0.0,99,5.1,29.1,0.0,21,231,8
2025-08-19 22:00:00,0.0,65,7.4,28.3,0.0,22,231,8
2025-08-19 23:00:00,0.0,74,5.8,27.8,0.0,23,231,8
2025-08-20 00:00:00,0.0,98,4.7,27.4,0.0,0,232,8
2025-08-20 01:00:00,0.0,100,6.0,27.1,0.0,1,232,8
2025-08-20 02:00:00,0.0,100,4.7,26.8,0.0,2,232,8
2025-08-20 03:00:00,0.0,100,6.0,26.6,0.0,3,232,8
2025-08-20 04:00:00,0.0,100,7.7,26.4,0.0,4,232,8
2025-08-20 05:00:00,0.0,98,5.3,26.2,0.0,5,232,8
2025-08-20 06:00:00,0.0,100,5.6,26.6,0.0,6,232,8
2025-08-20 07:00:00,65.0,99,5.1,27.2,1.0020659027801844,7,232,8
2025-08-20 08:00:00,203.0,96,5.3,28.0,3.5481548024228933,8,232,8
2025-08-20 09:00:00,375.0,100,9.4,29.4,6.013750362926489,9,232,8
2025-08-20 10:00:00,489.0,100,9.9,30.1,7.773156231070957,10,232,8
2025-08-20 11:00:00,463.0,100,9.3,30.5,8.195554547065116,11,232,8
2025-08-20 12:00:00,510.0,99,9.6,28.6,7.249780839614181,12,232,8
2025-08-20 13:00:00,475.0,95,5.0,30.1,7.2586899761502135,13,232,8
2025-08-20 14:00:00,442.0,100,6.7,29.8,6.502516372563101,14,232,8
2025-08-20 15:00:00,385.0,100,8.1,30.2,7.023316418652677,15,232,8
2025-08-20 16:00:00,275.0,100,7.1,30.1,4.326720977498086,16,232,8
2025-08-20 17:00:00,176.0,100,12.4,28.5,2.5392358726003765,17,232,8
2025-08-20 18:00:00,17.0,100,5.5,26.2,0.2865621876382453,18,232,8
2025-08-20 19:00:00,4.0,100,4.5,26.2,0.058188773451280054,19,232,8
2025-08-20 20:00:00,0.0,100,5.5,26.3,0.0,20,232,8
2025-08-20 21:00:00,0.0,100,8.9,26.5,0.0,21,232,8
2025-08-20 22:00:00,0.0,100,10.3,26.6,0.0,22,232,8
2025-08-20 23:00:00,0.0,100,10.9,26.3,0.0,23,232,8
2025-08-21 00:00:00,0.0,100,11.1,26.1,0.0,0,233,8
2025-08-21 01:00:00,0.0,100,11.1,25.9,0.0,1,233,8
2025-08-21 02:00:00,0.0,100,11.5,25.8,0.0,2,233,8
2025-08-21 03:00:00,0.0,99,10.9,25.6,0.0,3,233,8
2025-08-21 04:00:00,0.0,100,10.8,25.5,0.0,4,233,8
2025-08-21 05:00:00,0.0,100,10.1,25.4,0.0,5,233,8
2025-08-21 06:00:00,0.0,100,6.9,25.9,0.0,6,233,8
2025-08-21 07:00:00,61.0,99,10.6,26.5,0.9002145499608395,7,233,8
2025-08-21 08:00:00,193.0,100,11.9,27.4,2.93068250332032,8,233,8
2025-08-21 09:00:00,249.0,100,12.2,27.9,3.921477578919302,9,233,8
2025-08-21 10:00:00,448.0,100,9.3,29.0,6.9951058452123425,10,233,8
2025-08-21 11:00:00,580.0,100,10.3,29.9,8.78535135028346,11,233,8
2025-08-21 12:00:00,658.0,100,9.3,30.9,9.702485864837238,12,233,8
2025-08-21 13:00:00,624.0,100,9.1,31.2,9.47969144997055,13,233,8
2025-08-21 14:00:00,760.0,100,11.4,31.2,12.893659317455693,14,233,8
2025-08-21 15:00:00,217.0,100,8.3,27.7,3.2379442962202645,15,233,8
2025-08-21 16:00:00,87.0,100,5.9,27.2,1.502908618818939,16,233,8
2025-08-21 17:00:00,127.0,100,9.8,26.9,1.927266823641815,17,233,8
2025-08-21 18:00:00,67.0,100,6.3,27.7,1.0123867116632344,18,233,8
2025-08-21 19:00:00,6.0,100,11.5,27.5,0.08196364216611143,19,233,8
2025-08-21 20:00:00,0.0,100,12.1,27.3,0.0,20,233,8
2025-08-21 21:00:00,0.0,100,11.7,27.1,0.0,21,233,8
2025-08-21 22:00:00,0.0,100,11.6,27.0,0.0,22,233,8
2025-08-21 23:00:00,0.0,100,12.0,26.9,0.0,23,233,8
2025-08-22 00:00:00,0.0,100,11.9,26.6,0.0,0,234,8
2025-08-22 01:00:00,0.0,100,11.6,26.4,0.0,1,234,8
2025-08-22 02:00:00,0.0,100,11.8,26.2,0.0,2,234,8
2025-08-22 03:00:00,0.0,100,12.6,25.7,0.0,3,234,8
2025-08-22 04:00:00,0.0,100,10.9,25.8,0.0,4,234,8
2025-08-22 05:00:00,0.0,100,11.4,25.7,0.0,5,234,8
2025-08-22 06:00:00,0.0,100,8.5,25.1,0.0,6,234,8
2025-08-22 07:00:00,39.0,100,8.8,25.6,0.6252902684893717,7,234,8
2025-08-22 08:00:00,139.0,100,9.8,26.5,2.3799785413965817,8,234,8
2025-08-22 09:00:00,272.0,100,12.4,27.3,4.217338652119262,9,234,8
2025-08-22 10:00:00,466.0,100,12.6,28.5,6.397889315633879,10,234,8
2025-08-22 11:00:00,404.0,100,13.3,28.8,6.3619808568486,11,234,8
2025-08-22 12:00:00,412.0,100,12.5,29.2,6.0045228053692625,12,234,8
2025-08-22 13:00:00,364.0,100,9.0,28.8,5.453697126813979,13,234,8
2025-08-22 14:00:00,284.0,100,14.7,27.5,4.47852869981127,14,234,8
2025-08-22 15:00:00,201.0,100,7.4,27.4,3.173287723572166,15,234,8
2025-08-22 16:00:00,86.0,100,11.1,27.0,1.2313795724922787,16,234,8
2025-08-22 17:00:00,154.0,100,10.8,27.9,2.488389359783988,17,234,8
2025-08-22 18:00:00,19.0,100,9.4,26.0,0.2798221511124881,18,234,8
2025-08-22 19:00:00,3.0,100,10.6,26.0,0.04294121285068006,19,234,8
2025-08-22 20:00:00,0.0,100,13.4,25.9,0.0,20,234,8
2025-08-22 21:00:00,0.0,100,13.4,25.8,0.0,21,234,8
2025-08-22 22:00:00,0.0,100,13.2,25.7,0.0,22,234,8
2025-08-22 23:00:00,0.0,100,14.7,25.6,0.0,23,234,8
2025-08-23 00:00:00,0.0,100,13.2,25.4,0.0,0,235,8
2025-08-23 01:00:00,0.0,100,12.7,25.4,0.0,1,235,8
2025-08-23 02:00:00,0.0,100,11.7,25.3,0.0,2,235,8
2025-08-23 03:00:00,0.0,100,12.0,25.3,0.0,3,235,8
2025-08-23 04:00:00,0.0,100,12.0,25.2,0.0,4,235,8
2025-08-23 05:00:00,0.0,74,11.6,25.2,0.0,5,235,8
2025-08-23 06:00:00,1.0,100,10.5,25.9,0.016038013093663702,6,235,8
2025-08-23 07:00:00,60.0,100,9.9,26.3,0.8821025512490179,7,235,8
2025-08-23 08:00:00,172.0,100,10.9,26.9,2.6561960004028133,8,235,8
2025-08-23 09:00:00,147.0,100,12.2,26.6,2.2912367815353147,9,235,8
2025-08-23 10:00:00,276.0,100,14.0,27.2,4.360756373948772,10,235,8
2025-08-23 11:00:00,392.0,100,11.2,27.9,5.660514581573228,11,235,8
2025-08-23 12:00:00,504.0,100,9.7,28.7,7.881931618379597,12,235,8
2025-08-23 13:00:00,576.0,100,11.3,29.4,8.690223248437782,13,235,8
2025-08-23 14:00:00,518.0,100,11.6,30.0,8.813685152945098,14,235,8
2025-08-23 15:00:00,633.0,100,17.6,26.8,11.139702778390928,15,235,8
2025-08-23 16:00:00,79.0,100,9.7,26.8,1.1679591084129683,16,235,8
2025-08-23 17:00:00,158.0,100,10.6,27.5,2.4206674708907574,17,235,8
2025-08-23 18:00:00,94.0,100,12.9,26.4,1.3870029379001336,18,235,8
2025-08-23 19:00:00,5.0,100,13.5,26.6,0.07316621906267502,19,235,8
2025-08-23 20:00:00,0.0,100,13.0,26.2,0.0,20,235,8
2025-08-23 21:00:00,0.0,100,10.7,25.2,0.0,21,235,8
2025-08-23 22:00:00,0.0,100,13.1,25.1,0.0,22,235,8
2025-08-23 23:00:00,0.0,100,13.2,25.3,0.0,23,235,8
2025-08-24 00:00:00,0.0,100,13.5,25.1,0.0,0,236,8
2025-08-24 01:00:00,0.0,100,14.8,25.0,0.0,1,236,8
2025-08-24 02:00:00,0.0,100,13.9,25.0,0.0,2,236,8
2025-08-24 03:00:00,0.0,100,13.7,25.0,0.0,3,236,8
2025-08-24 04:00:00,0.0,100,12.4,25.0,0.0,4,236,8
2025-08-24 05:00:00,0.0,100,11.5,25.0,0.0,5,236,8
2025-08-24 06:00:00,0.0,100,10.6,25.7,0.0,6,236,8
2025-08-24 07:00:00,47.0,100,11.6,26.0,0.7414684352728957,7,236,8
2025-08-24 08:00:00,207.0,100,15.4,27.0,2.932424352099259,8,236,8
2025-08-24 09:00:00,371.0,100,12.8,27.8,6.100821453141944,9,236,8
2025-08-24 10:00:00,396.0,99,13.1,28.6,5.825571356654413,10,236,8
2025-08-24 11:00:00,309.0,100,16.4,27.0,4.802878176203719,11,236,8
2025-08-24 12:00:00,112.0,95,12.1,26.8,1.8013173261773252,12,236,8
2025-08-24 13:00:00,522.0,99,12.4,29.1,8.51017303825626,13,236,8
2025-08-24 14:00:00,474.0,98,15.7,27.0,7.1663677379028545,14,236,8
2025-08-24 15:00:00,348.0,100,15.4,27.3,5.1213906967304235,15,236,8
2025-08-24 16:00:00,174.0,98,12.0,26.2,2.8367119087711505,16,236,8
2025-08-24 17:00:00,159.0,100,10.9,26.8,2.4820166779719024,17,236,8
2025-08-24 18:00:00,52.0,96,11.9,26.5,0.8635171246255161,18,236,8
2025-08-24 19:00:00,8.0,98,12.4,26.2,0.12322188992527147,19,236,8
2025-08-24 20:00:00,0.0,98,12.3,25.6,0.0,20,236,8
2025-08-24 21:00:00,0.0,100,13.0,25.7,0.0,21,236,8
2025-08-24 22:00:00,0.0,100,12.6,25.7,0.0,22,236,8
2025-08-24 23:00:00,0.0,100,12.4,25.5,0.0,23,236,8
2025-08-25 00:00:00,0.0,100,11.6,25.3,0.0,0,237,8
2025-08-25 01:00:00,0.0,100,8.4,24.6,0.0,1,237,8
2025-08-25 02:00:00,0.0,100,11.5,24.7,0.0,2,237,8
2025-08-25 03:00:00,0.0,100,9.5,24.6,0.0,3,237,8
2025-08-25 04:00:00,0.0,100,11.5,24.5,0.0,4,237,8
2025-08-25 05:00:00,0.0,100,9.7,24.1,0.0,5,237,8
2025-08-25 06:00:00,0.0,100,11.8,25.7,0.0,6,237,8
2025-08-25 07:00:00,46.0,100,11.7,25.9,0.740733902719192,7,237,8
2025-08-25 08:00:00,177.0,100,12.8,26.4,2.657191804277159,8,237,8
2025-08-25 09:00:00,311.0,100,12.2,27.5,4.486747709675263,9,237,8
2025-08-25 10:00:00,507.0,100,13.9,28.9,8.166791150806208,10,237,8
2025-08-25 11:00:00,471.0,100,12.3,29.3,7.157703660754069,11,237,8
2025-08-25 12:00:00,580.0,80,10.8,29.7,10.943480811897981,12,237,8
2025-08-25 13:00:00,842.0,73,10.1,31.0,15.465699043958777,13,237,8
2025-08-25 14:00:00,696.0,94,12.1,31.2,11.800065498156306,14,237,8
2025-08-25 15:00:00,645.0,98,12.1,31.2,10.896565866435408,15,237,8
2025-08-25 16:00:00,472.0,99,13.5,30.0,7.344892505965347,16,237,8
2025-08-25 17:00:00,274.0,96,11.9,29.4,4.219224898524371,17,237,8
2025-08-25 18:00:00,94.0,100,9.8,28.1,1.5288421527858942,18,237,8
2025-08-25 19:00:00,9.0,100,8.4,27.6,0.13657784025424474,19,237,8
2025-08-25 20:00:00,0.0,100,9.1,27.4,0.0,20,237,8
2025-08-25 21:00:00,0.0,100,8.5,27.3,0.0,21,237,8
2025-08-25 22:00:00,0.0,99,8.9,26.9,0.0,22,237,8
2025-08-25 23:00:00,0.0,97,9.1,26.7,0.0,23,237,8
2025-08-26 00:00:00,0.0,100,8.1,26.5,0.0,0,238,8
2025-08-26 01:00:00,0.0,100,8.3,26.2,0.0,1,238,8
2025-08-26 02:00:00,0.0,100,8.4,25.9,0.0,2,238,8
2025-08-26 03:00:00,0.0,100,8.6,25.9,0.0,3,238,8
2025-08-26 04:00:00,0.0,98,9.0,25.8,0.0,4,238,8
2025-08-26 05:00:00,0.0,100,8.8,25.8,0.0,5,238,8
2025-08-26 06:00:00,0.0,36,6.0,25.5,0.0,6,238,8
2025-08-26 07:00:00,59.0,58,8.4,26.1,1.3078481082788112,7,238,8
2025-08-26 08:00:00,198.0,66,10.1,27.3,4.21770036973936,8,238,8
2025-08-26 09:00:00,319.0,39,9.0,28.2,8.649089388733318,9,238,8
2025-08-26 10:00:00,585.0,44,6.6,29.4,15.58927940686702,10,238,8
2025-08-26 11:00:00,661.0,86,6.1,30.3,12.116936462717696,11,238,8
2025-08-26 12:00:00,818.0,95,7.6,31.3,12.99453084009212,12,238,8
2025-08-26 13:00:00,573.0,39,7.8,31.1,14.14379679965129,13,238,8
2025-08-26 14:00:00,748.0,91,8.0,31.7,12.306301776881629,14,238,8
2025-08-26 15:00:00,586.0,96,7.0,31.9,8.98772129374239,15,238,8
2025-08-26 16:00:00,344.0,64,9.2,30.8,7.7120445248073635,16,238,8
2025-08-26 17:00:00,261.0,82,6.7,29.6,4.640460608774844,17,238,8
2025-08-26 18:00:00,96.0,97,7.7,29.8,1.5430527602885737,18,238,8
2025-08-26 19:00:00,10.0,100,4.4,29.1,0.14924297660409375,19,238,8
2025-08-26 20:00:00,0.0,93,2.3,29.1,0.0,20,238,8
2025-08-26 21:00:00,0.0,100,4.1,28.8,0.0,21,238,8
2025-08-26 22:00:00,0.0,100,5.5,28.0,0.0,22,238,8
2025-08-26 23:00:00,0.0,100,7.5,27.4,0.0,23,238,8
2025-08-27 00:00:00,0.0,100,8.6,27.1,0.0,0,239,8
2025-08-27 01:00:00,0.0,100,9.1,26.6,0.0,1,239,8
2025-08-27 02:00:00,0.0,100,8.8,26.2,0.0,2,239,8
2025-08-27 03:00:00,0.0,99,8.5,26.0,0.0,3,239,8
2025-08-27 04:00:00,0.0,98,8.1,25.8,0.0,4,239,8
2025-08-27 05:00:00,0.0,99,8.1,25.6,0.0,5,239,8
2025-08-27 06:00:00,0.0,87,7.9,26.2,0.0,6,239,8
2025-08-27 07:00:00,63.0,80,8.7,26.7,1.3212737939813195,7,239,8
2025-08-27 08:00:00,212.0,84,9.8,27.6,4.444550693329371,8,239,8
2025-08-27 09:00:00,428.0,42,10.0,28.9,12.40279942168402,9,239,8
2025-08-27 10:00:00,586.0,56,7.8,29.8,15.043356443826848,10,239,8
2025-08-27 11:00:00,742.0,73,8.3,30.8,14.33925272454654,11,239,8
2025-08-27 12:00:00,760.0,96,8.2,31.4,12.338218627157653,12,239,8
2025-08-27 13:00:00,732.0,98,8.3,31.7,11.582200123398033,13,239,8
2025-08-27 14:00:00,703.0,92,6.1,32.1,12.17749706045951,14,239,8
2025-08-27 15:00:00,556.0,100,4.9,32.6,7.995901531965444,15,239,8
2025-08-27 16:00:00,295.0,100,4.8,32.3,4.461822878268553,16,239,8
2025-08-27 17:00:00,187.0,100,3.7,32.2,2.8420226665824653,17,239,8
2025-08-27 18:00:00,98.0,100,3.1,31.3,1.5393848219727402,18,239,8
2025-08-27 19:00:00,9.0,100,0.5,30.9,0.12454464031260007,19,239,8
2025-08-27 20:00:00,0.0,100,2.4,30.2,0.0,20,239,8
2025-08-27 21:00:00,0.0,100,4.4,29.4,0.0,21,239,8
2025-08-27 22:00:00,0.0,100,5.5,28.6,0.0,22,239,8
2025-08-27 23:00:00,0.0,100,7.0,27.6,0.0,23,239,8
2025-08-28 00:00:00,0.0,100,6.2,26.9,0.0,0,240,8
2025-08-28 01:00:00,0.0,100,5.5,26.8,0.0,1,240,8
2025-08-28 02:00:00,0.0,100,7.5,26.6,0.0,2,240,8
2025-08-28 03:00:00,0.0,100,8.8,26.2,0.0,3,240,8
2025-08-28 04:00:00,0.0,94,8.8,25.7,0.0,4,240,8
2025-08-28 05:00:00,0.0,98,8.8,25.4,0.0,5,240,8
2025-08-28 06:00:00,0.0,97,9.7,26.6,0.0,6,240,8
2025-08-28 07:00:00,57.0,53,10.5,27.0,1.4397473919115094,7,240,8
2025-08-28 08:00:00,217.0,74,13.5,27.9,3.940579325020722,8,240,8
2025-08-28 09:00:00,388.0,82,12.1,28.9,7.053207844375479,9,240,8
2025-08-28 10:00:00,510.0,81,11.3,29.8,9.802133311858453,10,240,8
2025-08-28 11:00:00,555.0,95,9.4,30.3,8.792913157490498,11,240,8
2025-08-28 12:00:00,660.0,99,8.3,30.8,10.672206378542231,12,240,8
2025-08-28 13:00:00,623.0,97,7.9,31.0,9.869730379931617,13,240,8
2025-08-28 14:00:00,671.0,98,7.3,31.5,10.45354357435602,14,240,8
2025-08-28 15:00:00,368.0,100,11.0,29.7,5.985621571927092,15,240,8
2025-08-28 16:00:00,54.0,100,2.9,26.8,0.7956677097900255,16,240,8
2025-08-28 17:00:00,58.0,100,1.5,27.0,0.9116316811430412,17,240,8
2025-08-28 18:00:00,24.0,100,6.9,28.5,0.39718450477928446,18,240,8
2025-08-28 19:00:00,4.0,100,4.5,28.1,0.0703604716264655,19,240,8
2025-08-28 20:00:00,0.0,100,4.1,27.5,0.0,20,240,8
2025-08-28 21:00:00,0.0,100,4.0,27.1,0.0,21,240,8
2025-08-28 22:00:00,0.0,100,4.7,26.8,0.0,22,240,8
2025-08-28 23:00:00,0.0,100,4.8,26.6,0.0,23,240,8
2025-08-29 00:00:00,0.0,100,6.6,26.4,0.0,0,241,8
2025-08-29 01:00:00,0.0,100,7.6,26.2,0.0,1,241,8
2025-08-29 02:00:00,0.0,100,7.1,26.1,0.0,2,241,8
2025-08-29 03:00:00,0.0,99,6.2,26.0,0.0,3,241,8
2025-08-29 04:00:00,0.0,91,4.9,26.0,0.0,4,241,8
2025-08-29 05:00:00,0.0,70,5.2,26.0,0.0,5,241,8
2025-08-29 06:00:00,0.0,100,8.7,26.2,0.0,6,241,8
2025-08-29 07:00:00,35.0,99,6.9,26.4,0.6120901058503052,7,241,8
2025-08-29 08:00:00,114.0,100,6.0,27.3,1.581152240024144,8,241,8
2025-08-29 09:00:00,254.0,99,5.2,27.8,3.7500514226623736,9,241,8
2025-08-29 10:00:00,485.0,89,6.7,29.1,8.035831892866828,10,241,8
2025-08-29 11:00:00,621.0,99,6.9,30.1,8.857349688873464,11,241,8
2025-08-29 12:00:00,736.0,100,7.7,31.0,10.965633936763275,12,241,8
2025-08-29 13:00:00,667.0,99,7.8,31.2,11.020509223582172,13,241,8
2025-08-29 14:00:00,695.0,99,7.4,31.7,11.173142674508398,14,241,8
2025-08-29 15:00:00,419.0,100,5.0,30.3,6.490819199056001,15,241,8
2025-08-29 16:00:00,313.0,100,4.0,30.1,5.6114697552391215,16,241,8
2025-08-29 17:00:00,177.0,100,8.2,28.0,2.7551173570126064,17,241,8
2025-08-29 18:00:00,103.0,100,2.7,28.4,1.45537180173119,18,241,8
2025-08-29 19:00:00,7.0,100,5.1,27.8,0.11254303733162238,19,241,8
2025-08-29 20:00:00,0.0,100,6.2,27.2,0.0,20,241,8
2025-08-29 21:00:00,0.0,100,5.9,26.8,0.0,21,241,8
2025-08-29 22:00:00,0.0,100,6.7,26.6,0.0,22,241,8
2025-08-29 23:00:00,0.0,100,6.0,26.6,0.0,23,241,8
2025-08-30 00:00:00,0.0,100,7.1,26.5,0.0,0,242,8
2025-08-30 01:00:00,0.0,100,6.6,26.5,0.0,1,242,8
2025-08-30 02:00:00,0.0,100,7.5,26.3,0.0,2,242,8
2025-08-30 03:00:00,0.0,100,6.6,26.0,0.0,3,242,8
2025-08-30 04:00:00,0.0,100,6.0,25.9,0.0,4,242,8
2025-08-30 05:00:00,0.0,100,5.7,25.8,0.0,5,242,8
2025-08-30 06:00:00,0.0,100,5.1,26.2,0.0,6,242,8
2025-08-30 07:00:00,27.0,100,6.3,26.8,0.44181410839114976,7,242,8
2025-08-30 08:00:00,126.0,100,9.9,27.4,2.0035756404635903,8,242,8
2025-08-30 09:00:00,273.0,100,9.2,28.8,4.3144378114424,9,242,8
2025-08-30 10:00:00,445.0,100,6.0,29.1,7.2202865710510675,10,242,8
2025-08-30 11:00:00,530.0,100,5.1,29.8,8.055578056856712,11,242,8
2025-08-30 12:00:00,481.0,100,6.8,30.0,7.025340526445982,12,242,8
2025-08-30 13:00:00,381.0,100,6.3,30.1,5.761933103293383,13,242,8
2025-08-30 14:00:00,333.0,100,6.3,27.6,5.343496092339304,14,242,8
2025-08-30 15:00:00,130.0,100,5.6,27.6,1.9968780727382442,15,242,8
2025-08-30 16:00:00,184.0,100,2.9,27.7,2.8861871716701826,16,242,8
2025-08-30 17:00:00,83.0,100,4.3,27.6,1.26895106459164,17,242,8
2025-08-30 18:00:00,53.0,100,5.7,28.5,0.6707137689088062,18,242,8
2025-08-30 19:00:00,4.0,100,7.0,27.8,0.05696387754790738,19,242,8
2025-08-30 20:00:00,0.0,100,5.8,27.4,0.0,20,242,8
2025-08-30 21:00:00,0.0,100,7.0,27.2,0.0,21,242,8
2025-08-30 22:00:00,0.0,100,7.0,27.0,0.0,22,242,8
2025-08-30 23:00:00,0.0,100,7.0,26.7,0.0,23,242,8
2025-08-31 00:00:00,0.0,100,6.6,26.3,0.0,0,243,8
2025-08-31 01:00:00,0.0,100,6.6,26.1,0.0,1,243,8
2025-08-31 02:00:00,0.0,100,7.4,25.9,0.0,2,243,8
2025-08-31 03:00:00,0.0,100,7.8,25.7,0.0,3,243,8
2025-08-31 04:00:00,0.0,100,7.9,25.6,0.0,4,243,8
2025-08-31 05:00:00,0.0,100,6.7,25.4,0.0,5,243,8
2025-08-31 06:00:00,0.0,100,5.9,25.6,0.0,6,243,8
2025-08-31 07:00:00,30.0,100,5.9,26.0,0.4982439618920596,7,243,8
2025-08-31 08:00:00,113.0,100,5.6,27.0,1.7425119507610742,8,243,8
2025-08-31 09:00:00,190.0,100,5.4,27.4,2.9543403693139942,9,243,8
2025-08-31 10:00:00,259.0,100,4.5,28.0,4.221367377589141,10,243,8
2025-08-31 11:00:00,488.0,100,7.0,29.1,7.0830553791698305,11,243,8
2025-08-31 12:00:00,231.0,100,7.5,28.9,3.7198054521176767,12,243,8
2025-08-31 13:00:00,414.0,100,7.1,29.9,6.2028024879572,13,243,8
2025-08-31 14:00:00,342.0,100,4.6,30.2,5.328275123448015,14,243,8
2025-08-31 15:00:00,229.0,100,12.2,28.0,3.4305621253021656,15,243,8
2025-08-31 16:00:00,96.0,100,5.3,26.4,1.379209472576758,16,243,8
2025-08-31 17:00:00,69.0,100,5.6,26.3,1.2164981871440221,17,243,8
2025-08-31 18:00:00,72.0,100,9.5,28.4,1.159675153449662,18,243,8
2025-08-31 19:00:00,3.0,100,6.3,27.2,0.04476512485078489,19,243,8
2025-08-31 20:00:00,0.0,100,6.5,26.6,0.0,20,243,8
2025-08-31 21:00:00,0.0,100,8.0,26.2,0.0,21,243,8
2025-08-31 22:00:00,0.0,100,8.9,26.0,0.0,22,243,8
2025-08-31 23:00:00,0.0,100,9.2,25.9,0.0,23,243,8
2025-09-01 00:00:00,0.0,100,8.1,26.0,0.0,0,244,9
2025-09-01 01:00:00,0.0,100,9.0,26.1,0.0,1,244,9
2025-09-01 02:00:00,0.0,100,10.4,26.0,0.0,2,244,9
2025-09-01 03:00:00,0.0,100,9.4,25.6,0.0,3,244,9
2025-09-01 04:00:00,0.0,100,7.6,24.9,0.0,4,244,9
2025-09-01 05:00:00,0.0,100,9.7,25.1,0.0,5,244,9
2025-09-01 06:00:00,0.0,100,10.8,26.2,0.0,6,244,9
2025-09-01 07:00:00,53.0,100,10.2,26.6,0.7971245961939489,7,244,9
2025-09-01 08:00:00,210.0,100,13.0,27.3,3.044563781014343,8,244,9
2025-09-01 09:00:00,408.0,100,13.1,28.5,6.288425912040674,9,244,9
2025-09-01 10:00:00,574.0,94,13.3,29.4,9.896279772486563,10,244,9
2025-09-01 11:00:00,564.0,100,11.9,29.7,8.781733481915213,11,244,9
2025-09-01 12:00:00,717.0,100,11.0,30.5,10.2829278343747,12,244,9
2025-09-01 13:00:00,647.0,99,10.8,30.7,11.738330939621374,13,244,9
2025-09-01 14:00:00,691.0,94,11.4,31.0,11.079002635458655,14,244,9
2025-09-01 15:00:00,600.0,98,9.4,31.3,9.559982762285362,15,244,9
2025-09-01 16:00:00,489.0,51,9.6,31.5,12.07527796091571,16,244,9
2025-09-01 17:00:00,304.0,62,8.9,30.8,6.590024927203129,17,244,9
2025-09-01 18:00:00,96.0,99,5.9,29.8,1.4066612184640515,18,244,9
2025-09-01 19:00:00,6.0,100,8.0,29.1,0.09809767851895425,19,244,9
2025-09-01 20:00:00,0.0,86,8.8,28.6,0.0,20,244,9
2025-09-01 21:00:00,0.0,27,9.1,28.4,0.0,21,244,9
2025-09-01 22:00:00,0.0,19,8.4,27.8,0.0,22,244,9
2025-09-01 23:00:00,0.0,71,9.2,27.3,0.0,23,244,9
2025-09-02 00:00:00,0.0,100,9.2,26.9,0.0,0,245,9
2025-09-02 01:00:00,0.0,100,9.5,26.8,0.0,1,245,9
2025-09-02 02:00:00,0.0,74,10.0,26.6,0.0,2,245,9
2025-09-02 03:00:00,0.0,18,10.6,26.3,0.0,3,245,9
2025-09-02 04:00:00,0.0,100,10.6,25.7,0.0,4,245,9
2025-09-02 05:00:00,0.0,100,9.9,25.5,0.0,5,245,9
2025-09-02 06:00:00,0.0,100,11.0,25.7,0.0,6,245,9
2025-09-02 07:00:00,54.0,93,10.6,25.9,0.891613268120496,7,245,9
2025-09-02 08:00:00,225.0,99,12.5,26.8,3.97420652831415,8,245,9
2025-09-02 09:00:00,414.0,41,12.3,28.2,10.195767237678304,9,245,9
2025-09-02 10:00:00,575.0,65,12.4,29.0,11.42937822985925,10,245,9
2025-09-02 11:00:00,619.0,70,11.4,29.7,12.458665872285021,11,245,9
2025-09-02 12:00:00,623.0,57,11.0,30.2,14.343346254232998,12,245,9
2025-09-02 13:00:00,725.0,15,9.9,31.2,23.847413806702775,13,245,9
2025-09-02 14:00:00,698.0,23,9.0,31.8,19.764188690974514,14,245,9
2025-09-02 15:00:00,694.0,8,8.9,32.2,25.28893789939945,15,245,9
2025-09-02 16:00:00,533.0,11,8.8,32.4,15.877484572906614,16,245,9
2025-09-02 17:00:00,327.0,24,6.3,32.0,9.782921825436404,17,245,9
2025-09-02 18:00:00,102.0,12,7.0,30.3,3.4216917944247145,18,245,9
2025-09-02 19:00:00,6.0,80,5.3,29.4,0.11159567452441323,19,245,9
2025-09-02 20:00:00,0.0,58,5.3,28.7,0.0,20,245,9
2025-09-02 21:00:00,0.0,98,5.3,28.0,0.0,21,245,9
2025-09-02 22:00:00,0.0,100,7.3,27.1,0.0,22,245,9
2025-09-02 23:00:00,0.0,99,7.0,26.6,0.0,23,245,9
2025-09-03 00:00:00,0.0,89,6.3,26.4,0.0,0,246,9
2025-09-03 01:00:00,0.0,99,7.6,26.2,0.0,1,246,9
2025-09-03 02:00:00,0.0,99,8.8,25.9,0.0,2,246,9
2025-09-03 03:00:00,0.0,94,9.4,25.5,0.0,3,246,9
2025-09-03 04:00:00,0.0,98,10.1,25.2,0.0,4,246,9
2025-09-03 05:00:00,0.0,100,9.0,25.0,0.0,5,246,9
2025-09-03 06:00:00,0.0,100,12.1,25.9,0.0,6,246,9
2025-09-03 07:00:00,59.0,77,10.7,26.1,1.1169408019465028,7,246,9
2025-09-03 08:00:00,211.0,68,11.4,26.9,4.351695980762508,8,246,9
2025-09-03 09:00:00,330.0,65,12.9,27.9,8.116651427438097,9,246,9
2025-09-03 10:00:00,516.0,66,11.0,28.9,12.220184198467775,10,246,9
2025-09-03 11:00:00,672.0,70,9.3,29.9,14.07907647628278,11,246,9
2025-09-03 12:00:00,728.0,32,8.1,30.8,20.36897468197456,12,246,9
2025-09-03 13:00:00,818.0,43,7.5,31.6,19.646990289639902,13,246,9
2025-09-03 14:00:00,800.0,67,7.7,31.8,17.208774160778276,14,246,9
2025-09-03 15:00:00,669.0,76,8.4,31.9,13.924677093824426,15,246,9
2025-09-03 16:00:00,455.0,92,8.1,31.6,7.679947828107137,16,246,9
2025-09-03 17:00:00,275.0,100,10.0,31.0,4.174421389683102,17,246,9
2025-09-03 18:00:00,75.0,100,6.4,30.0,1.2547229921017138,18,246,9
2025-09-03 19:00:00,3.0,100,3.3,29.4,0.049065539152007204,19,246,9
2025-09-03 20:00:00,0.0,100,4.3,28.7,0.0,20,246,9
2025-09-03 21:00:00,0.0,100,7.3,26.4,0.0,21,246,9
2025-09-03 22:00:00,0.0,100,2.5,25.9,0.0,22,246,9
2025-09-03 23:00:00,0.0,100,3.1,25.7,0.0,23,246,9
2025-09-04 00:00:00,0.0,100,3.7,25.6,0.0,0,247,9
2025-09-04 01:00:00,0.0,100,5.9,25.7,0.0,1,247,9
2025-09-04 02:00:00,0.0,100,8.8,26.3,0.0,2,247,9
2025-09-04 03:00:00,0.0,100,9.8,26.1,0.0,3,247,9
2025-09-04 04:00:00,0.0,100,9.2,25.9,0.0,4,247,9
2025-09-04 05:00:00,0.0,100,10.0,25.7,0.0,5,247,9
2025-09-04 06:00:00,0.0,90,14.9,26.1,0.0,6,247,9
2025-09-04 07:00:00,58.0,99,14.4,26.1,0.7877502678795971,7,247,9
2025-09-04 08:00:00,235.0,100,14.7,26.9,3.6445453241316588,8,247,9
2025-09-04 09:00:00,340.0,100,16.3,27.6,4.983928473595768,9,247,9
2025-09-04 10:00:00,254.0,99,14.9,27.6,4.2336975655347375,10,247,9
2025-09-04 11:00:00,543.0,100,13.7,29.3,8.634760816882196,11,247,9
2025-09-04 12:00:00,391.0,100,14.8,29.2,6.48614888132646,12,247,9
2025-09-04 13:00:00,225.0,100,11.6,27.7,3.6355682363234205,13,247,9
2025-09-04 14:00:00,206.0,100,9.8,28.3,3.1914162156939185,14,247,9
2025-09-04 15:00:00,179.0,100,9.8,28.4,3.0005495707976655,15,247,9
2025-09-04 16:00:00,138.0,100,8.2,28.3,2.072679782509277,16,247,9
2025-09-04 17:00:00,162.0,100,6.2,28.6,2.363113640208992,17,247,9
2025-09-04 18:00:00,25.0,100,9.8,26.2,0.3722037598024022,18,247,9
2025-09-04 19:00:00,2.0,100,11.3,26.2,0.03177799071014487,19,247,9
2025-09-04 20:00:00,0.0,100,11.4,25.5,0.0,20,247,9
2025-09-04 21:00:00,0.0,100,4.6,25.1,0.0,21,247,9
2025-09-04 22:00:00,0.0,100,5.0,24.9,0.0,22,247,9
2025-09-04 23:00:00,0.0,100,7.7,24.7,0.0,23,247,9
2025-09-05 00:00:00,0.0,100,7.1,24.8,0.0,0,248,9
2025-09-05 01:00:00,0.0,100,6.7,25.0,0.0,1,248,9
2025-09-05 02:00:00,0.0,100,0.6,24.9,0.0,2,248,9
2025-09-05 03:00:00,0.0,100,3.2,24.6,0.0,3,248,9
2025-09-05 04:00:00,0.0,100,1.8,24.6,0.0,4,248,9
2025-09-05 05:00:00,0.0,100,5.0,24.8,0.0,5,248,9
2025-09-05 06:00:00,0.0,100,11.1,25.6,0.0,6,248,9
2025-09-05 07:00:00,20.0,100,11.0,25.8,0.2944291216212848,7,248,9
2025-09-05 08:00:00,78.0,100,8.6,26.2,1.1297331071554548,8,248,9
2025-09-05 09:00:00,172.0,100,6.9,26.9,2.8032541792608923,9,248,9
2025-09-05 10:00:00,280.0,100,9.2,27.9,4.115305909653107,10,248,9
2025-09-05 11:00:00,347.0,100,8.6,28.8,5.5788682530060125,11,248,9
2025-09-05 12:00:00,416.0,100,8.9,29.7,6.978698284756248,12,248,9
2025-09-05 13:00:00,401.0,100,8.7,30.5,6.466245098060094,13,248,9
2025-09-05 14:00:00,381.0,100,9.6,31.0,5.383183070213071,14,248,9
2025-09-05 15:00:00,333.0,100,8.2,31.4,5.288643692433851,15,248,9
2025-09-05 16:00:00,379.0,100,8.6,31.7,5.982746624411681,16,248,9
2025-09-05 17:00:00,243.0,100,8.4,30.0,3.5839377249749207,17,248,9
2025-09-05 18:00:00,82.0,100,12.7,28.3,1.3202163288436635,18,248,9
2025-09-05 19:00:00,3.0,100,8.4,26.9,0.04693100094513436,19,248,9
2025-09-05 20:00:00,0.0,100,6.2,26.8,0.0,20,248,9
2025-09-05 21:00:00,0.0,100,7.9,26.7,0.0,21,248,9
2025-09-05 22:00:00,0.0,100,7.5,26.5,0.0,22,248,9
2025-09-05 23:00:00,0.0,100,9.1,26.2,0.0,23,248,9
2025-09-06 00:00:00,0.0,100,8.3,26.1,0.0,0,249,9
2025-09-06 01:00:00,0.0,100,12.1,25.6,0.0,1,249,9
2025-09-06 02:00:00,0.0,100,11.4,25.5,0.0,2,249,9
2025-09-06 03:00:00,0.0,100,10.7,25.5,0.0,3,249,9
2025-09-06 04:00:00,0.0,100,12.5,25.9,0.0,4,249,9
2025-09-06 05:00:00,0.0,100,10.9,26.0,0.0,5,249,9
2025-09-06 06:00:00,0.0,100,10.4,26.0,0.0,6,249,9
2025-09-06 07:00:00,33.0,100,9.7,25.9,0.471298448868158,7,249,9
2025-09-06 08:00:00,70.0,100,13.5,25.7,1.104503355537515,8,249,9
2025-09-06 09:00:00,101.0,100,12.6,25.8,1.599979772764983,9,249,9
2025-09-06 10:00:00,280.0,100,12.6,26.8,4.0933803977305905,10,249,9
2025-09-06 11:00:00,181.0,100,13.0,26.4,2.7656079838091907,11,249,9
2025-09-06 12:00:00,257.0,100,14.9,27.2,3.7505712398293705,12,249,9
2025-09-06 13:00:00,262.0,100,9.7,27.6,3.702917517760625,13,249,9
2025-09-06 14:00:00,232.0,100,10.2,28.2,3.052020352995397,14,249,9
2025-09-06 15:00:00,182.0,100,9.0,28.1,3.027354812644422,15,249,9
2025-09-06 16:00:00,227.0,100,8.0,28.6,3.834890827298648,16,249,9
2025-09-06 17:00:00,89.0,100,13.6,26.4,1.4282635391170722,17,249,9
2025-09-06 18:00:00,13.0,100,13.4,26.1,0.18407284108763117,18,249,9
2025-09-06 19:00:00,0.0,100,13.3,25.9,0.0,19,249,9
2025-09-06 20:00:00,0.0,100,13.6,25.8,0.0,20,249,9
2025-09-06 21:00:00,0.0,100,13.4,25.8,0.0,21,249,9
2025-09-06 22:00:00,0.0,100,13.4,25.4,0.0,22,249,9
2025-09-06 23:00:00,0.0,100,15.1,25.3,0.0,23,249,9
2025-09-07 00:00:00,0.0,100,17.3,25.1,0.0,0,250,9
2025-09-07 01:00:00,0.0,100,14.7,25.0,0.0,1,250,9
2025-09-07 02:00:00,0.0,100,16.2,25.0,0.0,2,250,9
2025-09-07 03:00:00,0.0,100,15.2,24.8,0.0,3,250,9
2025-09-07 04:00:00,0.0,100,15.9,24.9,0.0,4,250,9
2025-09-07 05:00:00,0.0,100,16.7,24.8,0.0,5,250,9
2025-09-07 06:00:00,0.0,100,15.8,24.8,0.0,6,250,9
2025-09-07 07:00:00,11.0,100,17.2,24.6,0.15739905486791095,7,250,9
2025-09-07 08:00:00,68.0,100,15.0,24.5,0.9508488306084795,8,250,9
2025-09-07 09:00:00,58.0,100,17.0,24.7,0.9449903552603233,9,250,9
2025-09-07 10:00:00,151.0,100,18.4,25.0,2.687095831762883,10,250,9
2025-09-07 11:00:00,159.0,100,19.0,25.3,2.380987325610135,11,250,9
2025-09-07 12:00:00,146.0,100,19.6,25.2,2.1983200966609773,12,250,9
2025-09-07 13:00:00,169.0,100,21.7,25.1,2.4724039341158486,13,250,9
2025-09-07 14:00:00,248.0,100,20.5,25.8,4.231006410050847,14,250,9
2025-09-07 15:00:00,253.0,98,18.0,26.0,3.761348624897671,15,250,9
2025-09-07 16:00:00,273.0,96,17.0,26.2,4.2534958694241825,16,250,9
2025-09-07 17:00:00,106.0,68,17.6,26.0,2.4239008536346116,17,250,9
2025-09-07 18:00:00,53.0,97,15.7,25.8,0.8558873470070616,18,250,9
2025-09-07 19:00:00,3.0,99,16.0,25.5,0.0494593783975948,19,250,9
2025-09-07 20:00:00,0.0,100,16.9,25.2,0.0,20,250,9
2025-09-07 21:00:00,0.0,100,14.7,25.0,0.0,21,250,9
2025-09-07 22:00:00,0.0,100,15.4,25.0,0.0,22,250,9
2025-09-07 23:00:00,0.0,100,17.3,25.0,0.0,23,250,9
2025-09-08 00:00:00,0.0,100,16.7,24.9,0.0,0,251,9
2025-09-08 01:00:00,0.0,100,16.2,24.8,0.0,1,251,9
2025-09-08 02:00:00,0.0,99,15.7,24.8,0.0,2,251,9
2025-09-08 03:00:00,0.0,100,14.6,24.7,0.0,3,251,9
2025-09-08 04:00:00,0.0,100,13.9,24.7,0.0,4,251,9
2025-09-08 05:00:00,0.0,100,13.4,24.6,0.0,5,251,9
2025-09-08 06:00:00,0.0,100,13.3,24.9,0.0,6,251,9
2025-09-08 07:00:00,53.0,100,13.5,25.3,0.8568298232870699,7,251,9
2025-09-08 08:00:00,204.0,100,14.9,26.1,3.042310935107276,8,251,9
2025-09-08 09:00:00,358.0,100,15.4,27.1,5.655582920656709,9,251,9
2025-09-08 10:00:00,460.0,100,18.7,28.0,7.279557586617174,10,251,9
2025-09-08 11:00:00,584.0,99,16.8,28.9,9.794297356802307,11,251,9
2025-09-08 12:00:00,448.0,100,16.1,28.9,7.192736420978511,12,251,9
2025-09-08 13:00:00,531.0,99,16.3,29.1,7.939096967655797,13,251,9
2025-09-08 14:00:00,440.0,99,17.6,28.9,6.767466372221137,14,251,9
2025-09-08 15:00:00,396.0,97,13.4,28.8,6.585069314174537,15,251,9
2025-09-08 16:00:00,338.0,99,12.8,28.5,5.586679090262746,16,251,9
2025-09-08 17:00:00,243.0,98,10.8,28.4,3.7338247610662614,17,251,9
2025-09-08 18:00:00,91.0,84,11.3,27.8,1.9205475500146358,18,251,9
2025-09-08 19:00:00,3.0,29,11.9,27.0,0.0965191217254942,19,251,9
2025-09-08 20:00:00,0.0,59,11.4,26.4,0.0,20,251,9
2025-09-08 21:00:00,0.0,17,10.2,26.2,0.0,21,251,9
2025-09-08 22:00:00,0.0,5,9.9,25.9,0.0,22,251,9
2025-09-08 23:00:00,0.0,2,9.9,25.6,0.0,23,251,9
2025-09-09 00:00:00,0.0,7,9.5,25.4,0.0,0,252,9
2025-09-09 01:00:00,0.0,5,9.4,25.1,0.0,1,252,9
2025-09-09 02:00:00,0.0,3,8.9,24.8,0.0,2,252,9
2025-09-09 03:00:00,0.0,10,8.6,24.5,0.0,3,252,9
2025-09-09 04:00:00,0.0,21,7.9,24.2,0.0,4,252,9
2025-09-09 05:00:00,0.0,23,7.2,24.1,0.0,5,252,9
2025-09-09 06:00:00,0.0,17,5.9,24.4,0.0,6,252,9
2025-09-09 07:00:00,55.0,38,7.6,24.8,1.5043015090227188,7,252,9
2025-09-09 08:00:00,217.0,46,8.8,25.9,5.125789433539354,8,252,9
2025-09-09 09:00:00,419.0,24,8.1,27.2,12.926810174786096,9,252,9
2025-09-09 10:00:00,601.0,22,8.3,28.5,18.29787441580347,10,252,9
2025-09-09 11:00:00,774.0,31,10.9,29.3,21.61434517907966,11,252,9
2025-09-09 12:00:00,779.0,63,10.7,29.8,17.23797300336004,12,252,9
2025-09-09 13:00:00,810.0,61,10.1,30.5,18.988661252776964,13,252,9
2025-09-09 14:00:00,747.0,27,10.3,30.9,24.2702441051295,14,252,9
2025-09-09 15:00:00,621.0,24,10.1,30.9,17.93584930897306,15,252,9
2025-09-09 16:00:00,480.0,20,9.4,30.6,15.682204967096954,16,252,9
2025-09-09 17:00:00,282.0,33,9.0,30.0,7.503199041857725,17,252,9
2025-09-09 18:00:00,96.0,14,5.0,29.2,3.3614282990158078,18,252,9
2025-09-09 19:00:00,3.0,7,5.5,28.3,0.09067308514960384,19,252,9
2025-09-09 20:00:00,0.0,5,7.1,27.6,0.0,20,252,9
2025-09-09 21:00:00,0.0,3,8.3,26.9,0.0,21,252,9
2025-09-09 22:00:00,0.0,1,8.5,26.0,0.0,22,252,9
2025-09-09 23:00:00,0.0,1,8.0,25.5,0.0,23,252,9
2025-09-10 00:00:00,0.0,0,7.6,25.1,0.0,0,253,9
2025-09-10 01:00:00,0.0,0,7.0,24.8,0.0,1,253,9
2025-09-10 02:00:00,0.0,0,6.5,24.6,0.0,2,253,9
2025-09-10 03:00:00,0.0,0,5.6,24.4,0.0,3,253,9
2025-09-10 04:00:00,0.0,0,5.0,24.2,0.0,4,253,9
2025-09-10 05:00:00,0.0,0,5.2,23.9,0.0,5,253,9
2025-09-10 06:00:00,0.0,0,4.3,24.7,0.0,6,253,9
2025-09-10 07:00:00,65.0,1,4.5,25.1,2.2205026458358104,7,253,9
2025-09-10 08:00:00,257.0,45,6.9,26.4,6.495270844100866,8,253,9
2025-09-10 09:00:00,436.0,20,6.9,27.6,13.947448055680805,9,253,9
2025-09-10 10:00:00,624.0,22,7.3,28.7,17.84025596873173,10,253,9
2025-09-10 11:00:00,767.0,16,6.5,29.5,21.94535989223402,11,253,9
2025-09-10 12:00:00,854.0,21,6.5,30.1,23.8743199849401,12,253,9
2025-09-10 13:00:00,871.0,28,6.8,30.6,23.931790154122375,13,253,9
2025-09-10 14:00:00,764.0,37,6.9,30.9,20.450992062092414,14,253,9
2025-09-10 15:00:00,609.0,40,6.9,30.9,15.572525261565145,15,253,9
2025-09-10 16:00:00,478.0,10,6.2,30.9,15.806706165246847,16,253,9
2025-09-10 17:00:00,284.0,1,5.2,30.6,9.307749443920995,17,253,9
2025-09-10 18:00:00,92.0,15,2.7,29.9,2.72433032634669,18,253,9
2025-09-10 19:00:00,2.0,3,3.2,28.7,0.06396231244868333,19,253,9
2025-09-10 20:00:00,0.0,1,4.8,27.9,0.0,20,253,9
2025-09-10 21:00:00,0.0,9,6.3,27.4,0.0,21,253,9
2025-09-10 22:00:00,0.0,1,8.2,26.4,0.0,22,253,9
2025-09-10 23:00:00,0.0,5,7.9,25.6,0.0,23,253,9
2025-09-11 00:00:00,0.0,11,7.8,25.3,0.0,0,254,9
2025-09-11 01:00:00,0.0,14,7.8,25.0,0.0,1,254,9
2025-09-11 02:00:00,0.0,100,7.3,24.8,0.0,2,254,9
2025-09-11 03:00:00,0.0,7,6.8,24.5,0.0,3,254,9
2025-09-11 04:00:00,0.0,11,6.2,24.2,0.0,4,254,9
2025-09-11 05:00:00,0.0,0,6.3,23.9,0.0,5,254,9
2025-09-11 06:00:00,0.0,16,7.6,25.1,0.0,6,254,9
2025-09-11 07:00:00,62.0,7,5.0,25.3,1.9258720214393865,7,254,9
2025-09-11 08:00:00,247.0,1,5.6,26.4,8.946505468852463,8,254,9
2025-09-11 09:00:00,468.0,0,5.5,27.8,16.389685825757656,9,254,9
2025-09-11 10:00:00,660.0,2,6.0,29.1,23.459020600127893,10,254,9
2025-09-11 11:00:00,796.0,3,6.5,30.1,28.84868991698007,11,254,9
2025-09-11 12:00:00,878.0,19,8.1,30.8,26.322895481603073,12,254,9
2025-09-11 13:00:00,867.0,14,8.3,31.2,27.53063560694718,13,254,9
2025-09-11 14:00:00,759.0,8,8.2,31.5,27.049697115150273,14,254,9
2025-09-11 15:00:00,664.0,3,8.1,31.6,21.082578950223095,15,254,9
2025-09-11 16:00:00,502.0,2,7.9,31.4,18.73351096211057,16,254,9
2025-09-11 17:00:00,297.0,1,5.2,31.1,10.903281433502544,17,254,9
2025-09-11 18:00:00,94.0,12,4.4,29.9,3.1735609484372325,18,254,9
2025-09-11 19:00:00,2.0,15,5.6,28.9,0.06332571457814924,19,254,9
2025-09-11 20:00:00,0.0,100,5.7,28.3,0.0,20,254,9
2025-09-11 21:00:00,0.0,100,6.1,27.6,0.0,21,254,9
2025-09-11 22:00:00,0.0,100,6.8,26.7,0.0,22,254,9
2025-09-11 23:00:00,0.0,87,7.0,26.1,0.0,23,254,9
2025-09-12 00:00:00,0.0,97,7.1,25.7,0.0,0,255,9
2025-09-12 01:00:00,0.0,100,7.7,25.4,0.0,1,255,9
2025-09-12 02:00:00,0.0,98,7.2,25.1,0.0,2,255,9
2025-09-12 03:00:00,0.0,97,7.2,24.8,0.0,3,255,9
2025-09-12 04:00:00,0.0,0,7.4,24.6,0.0,4,255,9
2025-09-12 05:00:00,0.0,0,6.6,24.4,0.0,5,255,9
2025-09-12 06:00:00,0.0,0,7.6,25.4,0.0,6,255,9
2025-09-12 07:00:00,62.0,11,7.0,25.9,1.8896589000835922,7,255,9
2025-09-12 08:00:00,246.0,21,8.0,27.0,7.24292160249244,8,255,9
2025-09-12 09:00:00,444.0,22,6.2,28.0,11.933233122457434,9,255,9
2025-09-12 10:00:00,614.0,14,5.7,29.1,18.065078856669537,10,255,9
2025-09-12 11:00:00,755.0,18,5.7,30.1,24.01018696830953,11,255,9
2025-09-12 12:00:00,826.0,17,6.0,30.9,24.868370225017983,12,255,9
2025-09-12 13:00:00,836.0,11,6.7,31.5,27.66344994760647,13,255,9
2025-09-12 14:00:00,783.0,22,6.9,31.9,24.58977430241099,14,255,9
2025-09-12 15:00:00,659.0,31,6.9,31.9,18.53474056090216,15,255,9
2025-09-12 16:00:00,491.0,91,6.2,31.9,8.432002306761534,16,255,9
2025-09-12 17:00:00,292.0,97,5.5,31.6,4.985400588667403,17,255,9
2025-09-12 18:00:00,93.0,43,4.0,30.7,2.5949112753629096,18,255,9
2025-09-12 19:00:00,2.0,58,3.2,29.5,0.0457553693880155,19,255,9
2025-09-12 20:00:00,0.0,99,2.7,28.8,0.0,20,255,9
2025-09-12 21:00:00,0.0,96,1.0,28.8,0.0,21,255,9
2025-09-12 22:00:00,0.0,98,0.4,28.3,0.0,22,255,9
2025-09-12 23:00:00,0.0,99,2.0,27.6,0.0,23,255,9
2025-09-13 00:00:00,0.0,100,1.5,26.7,0.0,0,256,9
2025-09-13 01:00:00,0.0,100,5.2,26.1,0.0,1,256,9
2025-09-13 02:00:00,0.0,94,6.3,25.6,0.0,2,256,9
2025-09-13 03:00:00,0.0,48,6.7,25.3,0.0,3,256,9
2025-09-13 04:00:00,0.0,9,6.9,24.8,0.0,4,256,9
2025-09-13 05:00:00,0.0,2,7.6,24.4,0.0,5,256,9
2025-09-13 06:00:00,0.0,0,7.7,25.2,0.0,6,256,9
2025-09-13 07:00:00,62.0,0,5.8,25.7,2.1001153516191042,7,256,9
2025-09-13 08:00:00,249.0,3,5.4,27.0,8.057985252668153,8,256,9
2025-09-13 09:00:00,463.0,8,6.5,28.6,15.438217497302128,9,256,9
2025-09-13 10:00:00,636.0,15,7.0,30.2,20.570131200656714,10,256,9
2025-09-13 11:00:00,754.0,19,6.0,31.2,23.195326309228058,11,256,9
2025-09-13 12:00:00,812.0,18,5.6,31.9,26.830746636858656,12,256,9
2025-09-13 13:00:00,807.0,23,5.3,32.4,23.892297916205077,13,256,9
2025-09-13 14:00:00,739.0,18,5.6,32.7,23.68600138269711,14,256,9
2025-09-13 15:00:00,628.0,77,6.8,32.7,11.607126260994413,15,256,9
2025-09-13 16:00:00,454.0,9,8.2,32.3,14.39811449524381,16,256,9
2025-09-13 17:00:00,274.0,25,7.3,31.9,8.039696309793356,17,256,9
2025-09-13 18:00:00,86.0,100,6.4,31.6,1.1672117124752244,18,256,9
2025-09-13 19:00:00,1.0,98,5.9,31.0,0.01604462457509864,19,256,9
2025-09-13 20:00:00,0.0,100,7.1,30.4,0.0,20,256,9
2025-09-13 21:00:00,0.0,100,6.9,29.7,0.0,21,256,9
2025-09-13 22:00:00,0.0,100,6.4,28.8,0.0,22,256,9
2025-09-13 23:00:00,0.0,100,6.6,28.0,0.0,23,256,9
2025-09-14 00:00:00,0.0,100,7.3,27.3,0.0,0,257,9
2025-09-14 01:00:00,0.0,100,7.8,27.0,0.0,1,257,9
2025-09-14 02:00:00,0.0,100,8.0,26.3,0.0,2,257,9
2025-09-14 03:00:00,0.0,100,7.6,25.9,0.0,3,257,9
2025-09-14 04:00:00,0.0,100,8.5,25.6,0.0,4,257,9
2025-09-14 05:00:00,0.0,100,8.9,25.3,0.0,5,257,9
2025-09-14 06:00:00,0.0,100,8.7,26.1,0.0,6,257,9
2025-09-14 07:00:00,59.0,7,6.6,26.4,1.8645243827318505,7,257,9
2025-09-14 08:00:00,248.0,100,7.3,27.7,3.92466242377794,8,257,9
2025-09-14 09:00:00,460.0,29,7.8,29.4,12.704293615306131,9,257,9
2025-09-14 10:00:00,653.0,36,8.8,31.0,17.397382640191367,10,257,9
2025-09-14 11:00:00,786.0,81,7.2,32.2,15.419603215407482,11,257,9
2025-09-14 12:00:00,842.0,99,5.6,33.1,14.283507668310431,12,257,9
2025-09-14 13:00:00,835.0,100,4.8,33.7,12.58189813317525,13,257,9
2025-09-14 14:00:00,786.0,98,6.8,33.9,12.042732400068793,14,257,9
2025-09-14 15:00:00,677.0,99,7.3,33.7,11.29001018344542,15,257,9
2025-09-14 16:00:00,445.0,98,7.4,33.4,6.60160451771312,16,257,9
2025-09-14 17:00:00,276.0,27,7.5,32.9,8.315521763783444,17,257,9
2025-09-14 18:00:00,84.0,93,8.0,31.9,1.4777328694268976,18,257,9
2025-09-14 19:00:00,1.0,99,5.5,31.2,0.015262073995489107,19,257,9
2025-09-14 20:00:00,0.0,100,4.8,30.7,0.0,20,257,9
2025-09-14 21:00:00,0.0,100,4.2,30.0,0.0,21,257,9
2025-09-14 22:00:00,0.0,100,7.6,29.1,0.0,22,257,9
2025-09-14 23:00:00,0.0,100,8.6,28.5,0.0,23,257,9
2025-09-15 00:00:00,0.0,100,10.5,27.7,0.0,0,258,9
2025-09-15 01:00:00,0.0,100,9.9,27.2,0.0,1,258,9
2025-09-15 02:00:00,0.0,100,9.4,26.5,0.0,2,258,9
2025-09-15 03:00:00,0.0,99,10.0,26.1,0.0,3,258,9
2025-09-15 04:00:00,0.0,100,9.7,25.7,0.0,4,258,9
2025-09-15 05:00:00,0.0,92,9.9,25.4,0.0,5,258,9
2025-09-15 06:00:00,0.0,100,9.8,26.4,0.0,6,258,9
2025-09-15 07:00:00,55.0,100,7.8,26.8,0.8784071246997164,7,258,9
2025-09-15 08:00:00,234.0,89,10.4,27.8,4.11863873354191,8,258,9
2025-09-15 09:00:00,439.0,67,8.8,29.0,8.79678544427416,9,258,9
2025-09-15 10:00:00,635.0,10,8.3,30.3,20.355848556822412,10,258,9
2025-09-15 11:00:00,766.0,6,7.3,31.5,23.97220703228711,11,258,9
2025-09-15 12:00:00,840.0,56,7.9,32.3,21.171498244282287,12,258,9
2025-09-15 13:00:00,817.0,30,9.0,33.2,23.275166516382395,13,258,9
2025-09-15 14:00:00,788.0,50,10.6,33.8,19.014368705883548,14,258,9
2025-09-15 15:00:00,532.0,59,11.7,33.5,11.864953908923114,15,258,9
2025-09-15 16:00:00,400.0,96,12.2,33.1,5.99627346698175,16,258,9
2025-09-15 17:00:00,247.0,97,8.2,32.7,4.114225374045259,17,258,9
2025-09-15 18:00:00,79.0,100,5.0,31.6,1.2794506065603979,18,258,9
2025-09-15 19:00:00,1.0,100,5.0,30.7,0.015672915085654722,19,258,9
2025-09-15 20:00:00,0.0,100,4.4,30.1,0.0,20,258,9
2025-09-15 21:00:00,0.0,100,6.5,29.6,0.0,21,258,9
2025-09-15 22:00:00,0.0,100,8.0,28.8,0.0,22,258,9
2025-09-15 23:00:00,0.0,100,7.8,27.8,0.0,23,258,9
2025-09-16 00:00:00,0.0,99,7.4,27.0,0.0,0,259,9
2025-09-16 01:00:00,0.0,100,7.6,26.3,0.0,1,259,9
2025-09-16 02:00:00,0.0,100,7.9,25.7,0.0,2,259,9
2025-09-16 03:00:00,0.0,100,8.1,25.3,0.0,3,259,9
2025-09-16 04:00:00,0.0,100,8.9,25.2,0.0,4,259,9
2025-09-16 05:00:00,0.0,96,8.4,25.3,0.0,5,259,9
2025-09-16 06:00:00,0.0,73,8.4,26.2,0.0,6,259,9
2025-09-16 07:00:00,59.0,13,7.3,26.6,1.7147126159896855,7,259,9
2025-09-16 08:00:00,245.0,24,8.6,27.8,7.108320630096948,8,259,9
2025-09-16 09:00:00,447.0,25,7.6,29.1,12.563432394008236,9,259,9
2025-09-16 10:00:00,612.0,39,6.9,30.2,17.449247130228688,10,259,9
2025-09-16 11:00:00,725.0,35,7.2,31.4,20.566668128128473,11,259,9
2025-09-16 12:00:00,786.0,54,7.4,32.1,16.73102410766358,12,259,9
2025-09-16 13:00:00,747.0,67,8.0,32.5,15.532551128885446,13,259,9
2025-09-16 14:00:00,708.0,66,9.0,32.9,15.243433644654473,14,259,9
2025-09-16 15:00:00,570.0,16,10.4,32.6,18.35092299529308,15,259,9
2025-09-16 16:00:00,440.0,10,9.3,32.5,13.246108662317507,16,259,9
2025-09-16 17:00:00,234.0,9,7.9,32.1,6.548049975583513,17,259,9
2025-09-16 18:00:00,80.0,86,5.5,32.0,1.4785943766037637,18,259,9
2025-09-16 19:00:00,1.0,75,4.1,31.5,0.017189309054799415,19,259,9
2025-09-16 20:00:00,0.0,93,5.7,30.7,0.0,20,259,9
2025-09-16 21:00:00,0.0,98,8.5,29.8,0.0,21,259,9
2025-09-16 22:00:00,0.0,92,10.5,28.5,0.0,22,259,9
2025-09-16 23:00:00,0.0,99,9.1,27.6,0.0,23,259,9
2025-09-17 00:00:00,0.0,98,6.4,27.2,0.0,0,260,9
2025-09-17 01:00:00,0.0,100,4.8,26.9,0.0,1,260,9
2025-09-17 02:00:00,0.0,99,5.4,26.6,0.0,2,260,9
2025-09-17 03:00:00,0.0,65,7.2,26.5,0.0,3,260,9
2025-09-17 04:00:00,0.0,98,8.2,26.1,0.0,4,260,9
2025-09-17 05:00:00,0.0,100,7.9,25.6,0.0,5,260,9
2025-09-17 06:00:00,0.0,100,6.6,26.8,0.0,6,260,9
2025-09-17 07:00:00,53.0,99,5.3,27.0,0.8390912577977901,7,260,9
2025-09-17 08:00:00,236.0,82,6.7,28.2,4.299881014600633,8,260,9
2025-09-17 09:00:00,447.0,100,6.4,29.8,7.487716016767411,9,260,9
2025-09-17 10:00:00,614.0,98,4.3,31.1,9.786214556741491,10,260,9
2025-09-17 11:00:00,741.0,71,3.2,32.3,16.745765200541936,11,260,9
2025-09-17 12:00:00,789.0,86,2.9,33.0,12.691113588054506,12,260,9
2025-09-17 13:00:00,706.0,31,3.9,33.0,19.868831384922927,13,260,9
2025-09-17 14:00:00,739.0,56,2.9,33.4,16.48409811488311,14,260,9
2025-09-17 15:00:00,618.0,50,3.2,33.2,15.428529826384032,15,260,9
2025-09-17 16:00:00,470.0,33,5.0,33.1,11.897114293827173,16,260,9
2025-09-17 17:00:00,264.0,26,6.0,32.5,7.704314484876131,17,260,9
2025-09-17 18:00:00,79.0,100,6.5,32.3,1.3618351197104226,18,260,9
2025-09-17 19:00:00,1.0,100,4.0,31.8,0.016466536431467185,19,260,9
2025-09-17 20:00:00,0.0,5,2.7,31.2,0.0,20,260,9
2025-09-17 21:00:00,0.0,8,4.9,30.6,0.0,21,260,9
2025-09-17 22:00:00,0.0,19,6.0,30.0,0.0,22,260,9
2025-09-17 23:00:00,0.0,48,9.2,28.7,0.0,23,260,9
2025-09-18 00:00:00,0.0,73,8.3,27.5,0.0,0,261,9
2025-09-18 01:00:00,0.0,91,7.5,27.1,0.0,1,261,9
2025-09-18 02:00:00,0.0,96,7.1,26.8,0.0,2,261,9
2025-09-18 03:00:00,0.0,100,6.0,26.4,0.0,3,261,9
2025-09-18 04:00:00,0.0,94,6.1,26.0,0.0,4,261,9
2025-09-18 05:00:00,0.0,98,6.7,25.9,0.0,5,261,9
2025-09-18 06:00:00,0.0,90,6.8,27.1,0.0,6,261,9
2025-09-18 07:00:00,58.0,82,5.8,27.3,1.0246309916389078,7,261,9
2025-09-18 08:00:00,247.0,5,5.8,28.6,7.603021439699089,8,261,9
2025-09-18 09:00:00,466.0,20,6.4,30.4,15.638298791293183,9,261,9
2025-09-18 10:00:00,633.0,27,4.4,31.9,17.645698804947504,10,261,9
2025-09-18 11:00:00,711.0,25,2.9,32.9,20.566721796025096,11,261,9
2025-09-18 12:00:00,822.0,50,3.3,33.7,21.93167829757376,12,261,9
2025-09-18 13:00:00,769.0,93,3.5,34.1,12.749506683583506,13,261,9
2025-09-18 14:00:00,734.0,98,4.0,34.4,11.454324084077633,14,261,9
2025-09-18 15:00:00,618.0,98,5.6,34.4,8.977375404674108,15,261,9
2025-09-18 16:00:00,477.0,96,5.2,33.9,7.752626200759334,16,261,9
2025-09-18 17:00:00,223.0,84,6.3,32.7,4.05236900646723,17,261,9
2025-09-18 18:00:00,71.0,17,5.6,32.5,2.092596002860878,18,261,9
2025-09-18 19:00:00,0.0,25,4.9,31.6,0.0,19,261,9
2025-09-18 20:00:00,0.0,58,4.6,30.9,0.0,20,261,9
2025-09-18 21:00:00,0.0,34,4.9,30.3,0.0,21,261,9
2025-09-18 22:00:00,0.0,96,5.6,29.6,0.0,22,261,9
2025-09-18 23:00:00,0.0,89,6.2,28.9,0.0,23,261,9
2025-09-19 00:00:00,0.0,100,6.2,28.5,0.0,0,262,9
2025-09-19 01:00:00,0.0,72,6.8,28.0,0.0,1,262,9
2025-09-19 02:00:00,0.0,12,7.1,27.4,0.0,2,262,9
2025-09-19 03:00:00,0.0,18,6.6,27.1,0.0,3,262,9
2025-09-19 04:00:00,0.0,25,6.1,26.8,0.0,4,262,9
2025-09-19 05:00:00,0.0,64,5.4,26.6,0.0,5,262,9
2025-09-19 06:00:00,0.0,4,5.7,27.5,0.0,6,262,9
2025-09-19 07:00:00,57.0,10,4.4,27.9,1.9356990690593807,7,262,9
2025-09-19 08:00:00,243.0,28,5.3,29.3,6.8404123093370135,8,262,9
2025-09-19 09:00:00,457.0,91,7.1,31.0,7.964165296058789,9,262,9
2025-09-19 10:00:00,651.0,64,6.3,32.1,13.538556429215424,10,262,9
2025-09-19 11:00:00,701.0,98,4.4,32.7,11.136403509540543,11,262,9
2025-09-19 12:00:00,775.0,98,4.5,33.4,12.361027376799893,12,262,9
2025-09-19 13:00:00,692.0,47,5.2,33.7,16.954550667122113,13,262,9
2025-09-19 14:00:00,752.0,54,6.9,33.8,15.612511439197585,14,262,9
2025-09-19 15:00:00,542.0,67,3.1,33.0,10.612762694880702,15,262,9
2025-09-19 16:00:00,364.0,83,2.6,32.9,6.178926369460495,16,262,9
2025-09-19 17:00:00,219.0,100,8.2,30.5,2.9661609099370363,17,262,9
2025-09-19 18:00:00,71.0,100,6.1,31.6,1.1856831039256701,18,262,9
2025-09-19 19:00:00,0.0,100,3.6,31.1,0.0,19,262,9
2025-09-19 20:00:00,0.0,100,4.3,30.8,0.0,20,262,9
2025-09-19 21:00:00,0.0,100,5.3,30.4,0.0,21,262,9
2025-09-19 22:00:00,0.0,100,6.7,29.5,0.0,22,262,9
2025-09-19 23:00:00,0.0,100,7.3,28.8,0.0,23,262,9
2025-09-20 00:00:00,0.0,95,5.7,28.3,0.0,0,263,9
2025-09-20 01:00:00,0.0,75,7.5,27.9,0.0,1,263,9
2025-09-20 02:00:00,0.0,99,3.5,27.4,0.0,2,263,9
2025-09-20 03:00:00,0.0,80,4.7,27.1,0.0,3,263,9
2025-09-20 04:00:00,0.0,63,5.3,26.9,0.0,4,263,9
2025-09-20 05:00:00,0.0,43,5.6,26.6,0.0,5,263,9
2025-09-20 06:00:00,0.0,98,3.8,26.5,0.0,6,263,9
2025-09-20 07:00:00,33.0,99,4.1,26.8,0.5471966016084459,7,263,9
2025-09-20 08:00:00,219.0,51,4.2,28.1,5.687610597695952,8,263,9
2025-09-20 09:00:00,346.0,36,4.9,29.3,8.676937195086673,9,263,9
2025-09-20 10:00:00,548.0,35,6.5,30.6,15.849251473861594,10,263,9
2025-09-20 11:00:00,724.0,67,6.8,32.0,15.621208763873302,11,263,9
2025-09-20 12:00:00,804.0,30,6.8,33.0,22.599536925833412,12,263,9
2025-09-20 13:00:00,786.0,100,6.6,33.8,13.250488609227128,13,263,9
2025-09-20 14:00:00,604.0,98,6.8,34.1,9.506854249027045,14,263,9
2025-09-20 15:00:00,511.0,91,8.6,33.0,7.619286417201214,15,263,9
2025-09-20 16:00:00,335.0,96,2.8,30.8,5.692989088427805,16,263,9
2025-09-20 17:00:00,181.0,74,7.1,30.4,3.5938538075231707,17,263,9
2025-09-20 18:00:00,37.0,99,3.7,29.5,0.673744952939961,18,263,9
2025-09-20 19:00:00,0.0,91,4.8,29.2,0.0,19,263,9
2025-09-20 20:00:00,0.0,100,4.2,28.9,0.0,20,263,9
2025-09-20 21:00:00,0.0,100,5.8,28.5,0.0,21,263,9
2025-09-20 22:00:00,0.0,100,6.8,27.8,0.0,22,263,9
2025-09-20 23:00:00,0.0,100,5.8,27.5,0.0,23,263,9
2025-09-21 00:00:00,0.0,100,6.5,27.2,0.0,0,264,9
2025-09-21 01:00:00,0.0,100,7.0,26.8,0.0,1,264,9
2025-09-21 02:00:00,0.0,100,5.5,26.5,0.0,2,264,9
2025-09-21 03:00:00,0.0,97,4.6,26.3,0.0,3,264,9
2025-09-21 04:00:00,0.0,90,5.0,26.1,0.0,4,264,9
2025-09-21 05:00:00,0.0,41,5.3,25.9,0.0,5,264,9
2025-09-21 06:00:00,0.0,100,4.4,26.6,0.0,6,264,9
2025-09-21 07:00:00,42.0,100,4.8,27.1,0.6714047734689124,7,264,9
2025-09-21 08:00:00,189.0,100,6.0,28.0,3.110200068630335,8,264,9
2025-09-21 09:00:00,407.0,98,5.3,29.2,6.1735760249120215,9,264,9
2025-09-21 10:00:00,612.0,98,6.1,30.7,10.201785938813337,10,264,9
2025-09-21 11:00:00,720.0,99,5.1,31.9,10.596274122699038,11,264,9
2025-09-21 12:00:00,740.0,94,4.8,32.6,12.628844974087556,12,264,9
2025-09-21 13:00:00,790.0,43,5.6,33.3,21.482663902747873,13,264,9
2025-09-21 14:00:00,682.0,39,6.4,33.2,19.461363117455353,14,264,9
2025-09-21 15:00:00,557.0,45,7.6,33.0,14.149829458133066,15,264,9
2025-09-21 16:00:00,433.0,51,7.9,32.8,9.930119997650964,16,264,9
2025-09-21 17:00:00,226.0,63,7.7,31.5,5.209403563446079,17,264,9
2025-09-21 18:00:00,56.0,100,7.3,32.1,0.7891830704839893,18,264,9
2025-09-21 19:00:00,0.0,95,6.0,31.6,0.0,19,264,9
2025-09-21 20:00:00,0.0,99,5.4,30.7,0.0,20,264,9
2025-09-21 21:00:00,0.0,100,5.1,30.3,0.0,21,264,9
2025-09-21 22:00:00,0.0,100,6.0,29.7,0.0,22,264,9
2025-09-21 23:00:00,0.0,100,7.7,28.9,0.0,23,264,9
2025-09-22 00:00:00,0.0,97,7.7,28.3,0.0,0,265,9
2025-09-22 01:00:00,0.0,99,7.5,27.7,0.0,1,265,9
2025-09-22 02:00:00,0.0,100,8.0,27.2,0.0,2,265,9
2025-09-22 03:00:00,0.0,100,7.7,26.9,0.0,3,265,9
2025-09-22 04:00:00,0.0,100,7.4,26.7,0.0,4,265,9
2025-09-22 05:00:00,0.0,22,8.0,26.5,0.0,5,265,9
2025-09-22 06:00:00,0.0,100,8.1,27.4,0.0,6,265,9
2025-09-22 07:00:00,55.0,85,7.2,27.7,0.9360386472972402,7,265,9
2025-09-22 08:00:00,226.0,98,7.3,28.7,3.840096568887494,8,265,9
2025-09-22 09:00:00,444.0,96,8.0,30.1,7.8576337885221035,9,265,9
2025-09-22 10:00:00,640.0,64,9.4,31.5,12.906038680312765,10,265,9
2025-09-22 11:00:00,775.0,51,8.6,32.6,19.717715617131446,11,265,9
2025-09-22 12:00:00,857.0,58,7.9,33.5,21.385743957048774,12,265,9
2025-09-22 13:00:00,829.0,88,8.3,34.0,14.037286783207007,13,265,9
2025-09-22 14:00:00,766.0,83,8.6,34.1,13.547831908275162,14,265,9
2025-09-22 15:00:00,600.0,45,7.7,34.1,15.559915463282383,15,265,9
2025-09-22 16:00:00,443.0,11,8.6,34.0,13.032733159856923,16,265,9
2025-09-22 17:00:00,238.0,18,7.9,33.5,6.864308011553075,17,265,9
2025-09-22 18:00:00,63.0,19,10.8,32.8,2.1484323868078707,18,265,9
2025-09-22 19:00:00,0.0,4,8.4,31.5,0.0,19,265,9
2025-09-22 20:00:00,0.0,53,7.4,30.7,0.0,20,265,9
2025-09-22 21:00:00,0.0,85,6.1,30.5,0.0,21,265,9
2025-09-22 22:00:00,0.0,98,6.3,29.8,0.0,22,265,9
2025-09-22 23:00:00,0.0,100,7.3,29.0,0.0,23,265,9
2025-09-23 00:00:00,0.0,97,7.6,28.4,0.0,0,266,9
2025-09-23 01:00:00,0.0,60,8.5,27.8,0.0,1,266,9
2025-09-23 02:00:00,0.0,63,8.8,27.2,0.0,2,266,9
2025-09-23 03:00:00,0.0,96,9.1,26.8,0.0,3,266,9
2025-09-23 04:00:00,0.0,100,8.8,26.5,0.0,4,266,9
2025-09-23 05:00:00,0.0,82,8.6,26.2,0.0,5,266,9
2025-09-23 06:00:00,0.0,6,8.8,27.3,0.0,6,266,9
2025-09-23 07:00:00,55.0,0,8.7,27.5,1.6894538819603195,7,266,9
2025-09-23 08:00:00,239.0,3,8.5,28.6,8.139177020315174,8,266,9
2025-09-23 09:00:00,452.0,0,9.9,30.0,14.234103508968447,9,266,9
2025-09-23 10:00:00,642.0,0,9.8,31.2,21.743881902063638,10,266,9
2025-09-23 11:00:00,779.0,20,8.2,32.5,21.797762952580126,11,266,9
2025-09-23 12:00:00,831.0,23,7.9,33.6,24.12852968276537,12,266,9
2025-09-23 13:00:00,818.0,27,7.9,34.0,23.74427261430185,13,266,9
2025-09-23 14:00:00,704.0,32,8.0,34.0,20.080898986292258,14,266,9
2025-09-23 15:00:00,596.0,37,8.4,34.0,14.901253310648697,15,266,9
2025-09-23 16:00:00,409.0,35,7.9,33.8,11.488882897751733,16,266,9
2025-09-23 17:00:00,222.0,25,10.9,32.9,7.289477615683305,17,266,9
2025-09-23 18:00:00,62.0,11,9.0,32.2,1.893882654496539,18,266,9
2025-09-23 19:00:00,0.0,9,7.7,31.7,0.0,19,266,9
2025-09-23 20:00:00,0.0,8,7.2,30.9,0.0,20,266,9
2025-09-23 21:00:00,0.0,76,5.8,30.2,0.0,21,266,9
2025-09-23 22:00:00,0.0,94,7.6,29.1,0.0,22,266,9
2025-09-23 23:00:00,0.0,98,6.8,28.4,0.0,23,266,9
2025-09-24 00:00:00,0.0,46,7.0,28.1,0.0,0,267,9
2025-09-24 01:00:00,0.0,28,7.8,27.7,0.0,1,267,9
2025-09-24 02:00:00,0.0,7,7.6,27.0,0.0,2,267,9
2025-09-24 03:00:00,0.0,9,8.5,26.4,0.0,3,267,9
2025-09-24 04:00:00,0.0,0,9.6,26.0,0.0,4,267,9
2025-09-24 05:00:00,0.0,0,9.2,25.6,0.0,5,267,9
2025-09-24 06:00:00,0.0,14,8.0,26.6,0.0,6,267,9
2025-09-24 07:00:00,53.0,2,7.5,26.8,1.8888665174228663,7,267,9
2025-09-24 08:00:00,238.0,0,7.6,28.0,8.35452166595962,8,267,9
2025-09-24 09:00:00,453.0,4,6.4,29.5,14.688519000482113,9,267,9
2025-09-24 10:00:00,634.0,12,5.7,30.9,20.736709030995215,10,267,9
2025-09-24 11:00:00,743.0,25,6.3,32.0,20.757444874133828,11,267,9
2025-09-24 12:00:00,738.0,37,8.0,32.5,19.123797591225475,12,267,9
2025-09-24 13:00:00,726.0,24,9.0,32.5,21.013790391113332,13,267,9
2025-09-24 14:00:00,688.0,31,9.7,32.6,20.225566493387582,14,267,9
2025-09-24 15:00:00,586.0,73,10.1,32.2,11.720186777975107,15,267,9
2025-09-24 16:00:00,404.0,67,8.0,31.5,8.12782587319252,16,267,9
2025-09-24 17:00:00,201.0,40,8.1,31.0,5.396767812244173,17,267,9
2025-09-24 18:00:00,58.0,10,6.1,31.0,1.7727204354098995,18,267,9
2025-09-24 19:00:00,0.0,6,5.2,30.5,0.0,19,267,9
2025-09-24 20:00:00,0.0,3,8.7,29.4,0.0,20,267,9
2025-09-24 21:00:00,0.0,14,8.6,28.3,0.0,21,267,9
2025-09-24 22:00:00,0.0,67,8.6,27.5,0.0,22,267,9
2025-09-24 23:00:00,0.0,37,8.0,27.0,0.0,23,267,9
2025-09-25 00:00:00,0.0,63,7.9,26.7,0.0,0,268,9
2025-09-25 01:00:00,0.0,88,8.2,26.5,0.0,1,268,9
2025-09-25 02:00:00,0.0,94,8.0,26.3,0.0,2,268,9
2025-09-25 03:00:00,0.0,96,7.5,26.2,0.0,3,268,9
2025-09-25 04:00:00,0.0,90,6.5,25.9,0.0,4,268,9
2025-09-25 05:00:00,0.0,97,6.0,25.7,0.0,5,268,9
2025-09-25 06:00:00,0.0,68,6.2,26.7,0.0,6,268,9
2025-09-25 07:00:00,54.0,78,5.6,26.9,1.1319773428552222,7,268,9
2025-09-25 08:00:00,245.0,90,4.1,28.1,4.252349720869905,8,268,9
2025-09-25 09:00:00,438.0,26,3.2,29.6,11.200364799616162,9,268,9
2025-09-25 10:00:00,577.0,40,2.5,30.5,15.514928087890373,10,268,9
2025-09-25 11:00:00,716.0,29,2.5,31.5,19.606721795174558,11,268,9
2025-09-25 12:00:00,767.0,44,2.9,32.1,19.488497963049603,12,268,9
2025-09-25 13:00:00,742.0,48,3.9,32.4,15.900787848038764,13,268,9
2025-09-25 14:00:00,688.0,82,5.5,32.2,12.882417816279464,14,268,9
2025-09-25 15:00:00,592.0,91,6.1,32.1,9.848851261474943,15,268,9
2025-09-25 16:00:00,391.0,83,4.6,31.5,7.164858563122856,16,268,9
2025-09-25 17:00:00,228.0,89,3.8,31.2,3.8223044562720183,17,268,9
2025-09-25 18:00:00,57.0,5,5.4,31.3,1.8200070053944635,18,268,9
2025-09-25 19:00:00,0.0,92,5.2,30.8,0.0,19,268,9
2025-09-25 20:00:00,0.0,25,4.4,30.4,0.0,20,268,9
2025-09-25 21:00:00,0.0,1,4.3,30.2,0.0,21,268,9
2025-09-25 22:00:00,0.0,1,5.6,29.5,0.0,22,268,9
2025-09-25 23:00:00,0.0,21,7.7,28.4,0.0,23,268,9
2025-09-26 00:00:00,0.0,40,8.0,27.3,0.0,0,269,9
2025-09-26 01:00:00,0.0,0,7.4,26.8,0.0,1,269,9
2025-09-26 02:00:00,0.0,0,7.0,26.6,0.0,2,269,9
2025-09-26 03:00:00,0.0,0,6.8,26.3,0.0,3,269,9
2025-09-26 04:00:00,0.0,0,5.9,26.1,0.0,4,269,9
2025-09-26 05:00:00,0.0,0,6.9,26.0,0.0,5,269,9
2025-09-26 06:00:00,0.0,0,7.9,26.6,0.0,6,269,9
2025-09-26 07:00:00,54.0,0,6.6,26.9,1.8824396605315836,7,269,9
2025-09-26 08:00:00,238.0,0,7.0,28.4,8.818613768417702,8,269,9
2025-09-26 09:00:00,450.0,2,7.5,30.4,15.808282790585581,9,269,9
2025-09-26 10:00:00,631.0,6,7.7,32.1,22.294431404815917,10,269,9
2025-09-26 11:00:00,765.0,89,8.5,33.3,13.86742212678885,11,269,9
2025-09-26 12:00:00,843.0,100,7.9,34.2,13.20934866371939,12,269,9
2025-09-26 13:00:00,799.0,59,7.0,34.6,19.542517466837822,13,269,9
2025-09-26 14:00:00,694.0,24,7.4,34.8,20.716559225964357,14,269,9
2025-09-26 15:00:00,579.0,23,7.1,34.9,18.84222508659665,15,269,9
2025-09-26 16:00:00,415.0,12,6.8,34.6,13.238391009549806,16,269,9
2025-09-26 17:00:00,228.0,9,7.1,34.3,7.740360295989414,17,269,9
2025-09-26 18:00:00,55.0,45,7.8,34.3,1.2577922464321725,18,269,9
2025-09-26 19:00:00,0.0,9,6.8,33.9,0.0,19,269,9
2025-09-26 20:00:00,0.0,6,7.7,33.1,0.0,20,269,9
2025-09-26 21:00:00,0.0,2,7.9,32.4,0.0,21,269,9
2025-09-26 22:00:00,0.0,74,8.7,31.9,0.0,22,269,9
2025-09-26 23:00:00,0.0,35,8.9,31.5,0.0,23,269,9
2025-09-27 00:00:00,0.0,74,8.8,30.8,0.0,0,270,9
2025-09-27 01:00:00,0.0,100,8.8,30.3,0.0,1,270,9
2025-09-27 02:00:00,0.0,100,8.8,29.8,0.0,2,270,9
2025-09-27 03:00:00,0.0,100,9.0,29.3,0.0,3,270,9
2025-09-27 04:00:00,0.0,100,9.3,28.8,0.0,4,270,9
2025-09-27 05:00:00,0.0,52,9.8,28.3,0.0,5,270,9
2025-09-27 06:00:00,0.0,100,9.6,28.7,0.0,6,270,9
2025-09-27 07:00:00,52.0,100,8.1,29.0,0.8176522828957422,7,270,9
2025-09-27 08:00:00,213.0,100,9.3,30.3,3.561925982255979,8,270,9
2025-09-27 09:00:00,429.0,97,10.1,32.3,6.563549242221235,9,270,9
2025-09-27 10:00:00,622.0,100,11.7,34.3,9.085327023599874,10,270,9
2025-09-27 11:00:00,756.0,99,11.5,35.8,12.350141162728633,11,270,9
2025-09-27 12:00:00,817.0,97,10.7,37.0,12.024577413498664,12,270,9
2025-09-27 13:00:00,765.0,24,11.6,37.2,20.485457705776707,13,270,9
2025-09-27 14:00:00,715.0,9,9.8,37.4,22.269700607132695,14,270,9
2025-09-27 15:00:00,618.0,10,9.9,37.5,20.79014738646403,15,270,9
2025-09-27 16:00:00,444.0,3,11.9,37.5,14.815096023657027,16,270,9
2025-09-27 17:00:00,241.0,10,14.9,36.6,6.925740739453194,17,270,9
2025-09-27 18:00:00,57.0,2,11.7,35.4,1.8699097271866654,18,270,9
2025-09-27 19:00:00,0.0,89,10.7,34.2,0.0,19,270,9
2025-09-27 20:00:00,0.0,100,11.5,33.5,0.0,20,270,9
2025-09-27 21:00:00,0.0,99,12.3,32.9,0.0,21,270,9
2025-09-27 22:00:00,0.0,100,10.5,32.3,0.0,22,270,9
2025-09-27 23:00:00,0.0,100,11.2,31.7,0.0,23,270,9
2025-09-28 00:00:00,0.0,100,12.3,31.3,0.0,0,271,9
2025-09-28 01:00:00,0.0,100,11.8,30.9,0.0,1,271,9
2025-09-28 02:00:00,0.0,100,11.3,30.6,0.0,2,271,9
2025-09-28 03:00:00,0.0,100,9.6,29.9,0.0,3,271,9
2025-09-28 04:00:00,0.0,100,11.5,29.6,0.0,4,271,9
2025-09-28 05:00:00,0.0,100,12.5,29.4,0.0,5,271,9
2025-09-28 06:00:00,0.0,100,12.8,29.7,0.0,6,271,9
2025-09-28 07:00:00,44.0,100,9.8,29.9,0.6973376542545852,7,271,9
2025-09-28 08:00:00,183.0,100,9.9,31.2,2.7574604355825407,8,271,9
2025-09-28 09:00:00,314.0,100,10.9,32.4,5.343253344018594,9,271,9
2025-09-28 10:00:00,237.0,100,10.4,32.2,3.856948654551979,10,271,9
2025-09-28 11:00:00,304.0,100,12.5,32.9,4.586359117866052,11,271,9
2025-09-28 12:00:00,309.0,100,8.7,32.3,4.510923494125241,12,271,9
2025-09-28 13:00:00,407.0,100,9.2,31.7,5.555563709433359,13,271,9
2025-09-28 14:00:00,168.0,100,5.3,29.5,2.4979340142694406,14,271,9
2025-09-28 15:00:00,96.0,100,3.7,29.5,1.4822678586447928,15,271,9
2025-09-28 16:00:00,80.0,100,6.0,29.6,1.3622953486049327,16,271,9
2025-09-28 17:00:00,81.0,100,6.3,29.5,1.2392272780632339,17,271,9
2025-09-28 18:00:00,2.0,100,9.5,27.5,0.031494404014921,18,271,9
2025-09-28 19:00:00,0.0,100,8.6,27.6,0.0,19,271,9
2025-09-28 20:00:00,0.0,100,13.9,27.4,0.0,20,271,9
2025-09-28 21:00:00,0.0,100,15.0,26.7,0.0,21,271,9
2025-09-28 22:00:00,0.0,100,16.2,26.3,0.0,22,271,9
2025-09-28 23:00:00,0.0,100,11.0,26.6,0.0,23,271,9
2025-09-29 00:00:00,0.0,100,8.4,26.4,0.0,0,272,9
2025-09-29 01:00:00,0.0,100,11.0,26.6,0.0,1,272,9
2025-09-29 02:00:00,0.0,100,13.5,26.9,0.0,2,272,9
2025-09-29 03:00:00,0.0,100,11.2,26.8,0.0,3,272,9
2025-09-29 04:00:00,0.0,100,9.3,26.7,0.0,4,272,9
2025-09-29 05:00:00,0.0,100,9.9,26.6,0.0,5,272,9
2025-09-29 06:00:00,0.0,100,13.0,26.9,0.0,6,272,9
2025-09-29 07:00:00,49.0,92,13.5,27.1,0.7985768194164913,7,272,9
2025-09-29 08:00:00,227.0,94,16.3,27.9,3.648075914190397,8,272,9
2025-09-29 09:00:00,393.0,85,17.6,28.7,7.782219888215357,9,272,9
2025-09-29 10:00:00,528.0,68,17.1,29.4,12.77474758500496,10,272,9
2025-09-29 11:00:00,661.0,99,20.3,30.0,9.661644866206755,11,272,9
2025-09-29 12:00:00,490.0,100,18.5,30.0,7.805600427613277,12,272,9
2025-09-29 13:00:00,628.0,98,18.1,30.3,9.73976869047254,13,272,9
2025-09-29 14:00:00,728.0,100,20.0,31.1,12.020554507418154,14,272,9
2025-09-29 15:00:00,553.0,100,20.0,30.9,8.823556140013554,15,272,9
2025-09-29 16:00:00,306.0,100,17.6,29.4,4.704304783393882,16,272,9
2025-09-29 17:00:00,203.0,90,15.5,28.0,3.524119866940432,17,272,9
2025-09-29 18:00:00,13.0,100,17.4,27.0,0.20833327239856517,18,272,9
2025-09-29 19:00:00,0.0,100,16.4,26.7,0.0,19,272,9
2025-09-29 20:00:00,0.0,100,16.4,26.4,0.0,20,272,9
2025-09-29 21:00:00,0.0,100,15.4,26.1,0.0,21,272,9
2025-09-29 22:00:00,0.0,94,14.7,25.7,0.0,22,272,9
2025-09-29 23:00:00,0.0,55,13.2,25.4,0.0,23,272,9
2025-09-30 00:00:00,0.0,95,12.3,25.3,0.0,0,273,9
2025-09-30 01:00:00,0.0,54,12.2,25.2,0.0,1,273,9
2025-09-30 02:00:00,0.0,42,11.3,25.1,0.0,2,273,9
2025-09-30 03:00:00,0.0,41,11.0,24.8,0.0,3,273,9
2025-09-30 04:00:00,0.0,66,10.7,24.5,0.0,4,273,9
2025-09-30 05:00:00,0.0,32,11.1,24.4,0.0,5,273,9
2025-09-30 06:00:00,0.0,100,10.4,25.0,0.0,6,273,9
2025-09-30 07:00:00,32.0,100,12.3,25.2,0.5312896621048115,7,273,9
2025-09-30 08:00:00,72.0,100,12.2,25.6,1.1590564568515744,8,273,9
2025-09-30 09:00:00,203.0,86,13.8,26.5,3.8111533687705315,9,273,9
2025-09-30 10:00:00,345.0,98,12.2,27.3,5.439261366502428,10,273,9
2025-09-30 11:00:00,568.0,100,13.0,28.8,7.659366883757948,11,273,9
2025-09-30 12:00:00,620.0,100,15.9,29.3,10.111229785758791,12,273,9
2025-09-30 13:00:00,539.0,66,14.2,29.5,11.055685174726605,13,273,9
2025-09-30 14:00:00,720.0,55,16.0,30.1,16.489524819399065,14,273,9
2025-09-30 15:00:00,480.0,14,14.1,29.4,14.188748797494057,15,273,9
2025-09-30 16:00:00,407.0,17,15.5,29.0,12.11736443031941,16,273,9
2025-09-30 17:00:00,212.0,52,15.2,28.0,5.108872341279761,17,273,9
2025-09-30 18:00:00,41.0,32,12.8,27.1,1.1984452748791916,18,273,9
2025-09-30 19:00:00,0.0,27,9.2,26.5,0.0,19,273,9
2025-09-30 20:00:00,0.0,34,9.3,26.3,0.0,20,273,9
2025-09-30 21:00:00,0.0,46,10.2,26.2,0.0,21,273,9
2025-09-30 22:00:00,0.0,100,10.5,26.0,0.0,22,273,9
2025-09-30 23:00:00,0.0,49,10.0,25.8,0.0,23,273,9
2025-10-01 00:00:00,0.0,94,9.0,25.4,0.0,0,274,10
2025-10-01 01:00:00,0.0,93,8.1,25.1,0.0,1,274,10
2025-10-01 02:00:00,0.0,76,8.1,24.8,0.0,2,274,10
2025-10-01 03:00:00,0.0,38,8.6,24.5,0.0,3,274,10
2025-10-01 04:00:00,0.0,26,8.9,24.3,0.0,4,274,10
2025-10-01 05:00:00,0.0,27,9.4,24.5,0.0,5,274,10
2025-10-01 06:00:00,0.0,71,9.6,24.6,0.0,6,274,10
2025-10-01 07:00:00,36.0,100,10.2,25.0,0.495380992541955,7,274,10
2025-10-01 08:00:00,94.0,100,12.1,25.5,1.5968849612937785,8,274,10
2025-10-01 09:00:00,220.0,100,11.4,26.1,3.40337065377191,9,274,10
2025-10-01 10:00:00,407.0,91,10.6,27.4,7.607413520870667,10,274,10
2025-10-01 11:00:00,457.0,32,12.9,29.1,12.419717283504866,11,274,10
2025-10-01 12:00:00,691.0,100,13.0,30.0,11.957919212964736,12,274,10
2025-10-01 13:00:00,456.0,67,12.3,30.3,9.189775815468066,13,274,10
2025-10-01 14:00:00,746.0,100,11.4,30.9,10.350491587433389,14,274,10
2025-10-01 15:00:00,573.0,100,12.5,28.7,9.166573933049001,15,274,10
2025-10-01 16:00:00,291.0,98,8.3,29.1,4.451706201980655,16,274,10
2025-10-01 17:00:00,181.0,99,11.3,29.6,2.659775187478726,17,274,10
2025-10-01 18:00:00,43.0,99,8.5,28.5,0.6194296845460681,18,274,10
2025-10-01 19:00:00,0.0,100,9.0,27.7,0.0,19,274,10
2025-10-01 20:00:00,0.0,100,10.3,27.3,0.0,20,274,10
2025-10-01 21:00:00,0.0,99,11.7,27.1,0.0,21,274,10
2025-10-01 22:00:00,0.0,99,12.1,26.6,0.0,22,274,10
2025-10-01 23:00:00,0.0,92,12.2,26.5,0.0,23,274,10
2025-10-02 00:00:00,0.0,38,11.7,26.2,0.0,0,275,10
2025-10-02 01:00:00,0.0,45,11.3,25.9,0.0,1,275,10
2025-10-02 02:00:00,0.0,28,10.7,25.6,0.0,2,275,10
2025-10-02 03:00:00,0.0,72,8.4,25.2,0.0,3,275,10
2025-10-02 04:00:00,0.0,100,7.5,25.1,0.0,4,275,10
2025-10-02 05:00:00,0.0,100,7.6,25.3,0.0,5,275,10
2025-10-02 06:00:00,0.0,34,7.8,25.4,0.0,6,275,10
2025-10-02 07:00:00,42.0,92,7.4,25.6,0.7359158025722755,7,275,10
2025-10-02 08:00:00,162.0,93,12.6,26.4,2.5044306424050067,8,275,10
2025-10-02 09:00:00,209.0,85,11.9,26.9,4.0340365650490355,9,275,10
2025-10-02 10:00:00,352.0,100,11.3,27.9,5.844791180535795,10,275,10
2025-10-02 11:00:00,504.0,99,12.6,29.2,8.521443553034684,11,275,10
2025-10-02 12:00:00,560.0,98,10.9,30.2,7.460455562049887,12,275,10
2025-10-02 13:00:00,604.0,100,10.8,31.1,9.688055345474588,13,275,10
2025-10-02 14:00:00,564.0,75,11.7,30.0,9.747152702812562,14,275,10
2025-10-02 15:00:00,399.0,100,12.5,28.4,5.891879552095809,15,275,10
2025-10-02 16:00:00,146.0,88,8.4,27.0,2.7306353529919147,16,275,10
2025-10-02 17:00:00,169.0,93,10.3,28.9,2.7344273871721,17,275,10
2025-10-02 18:00:00,38.0,44,9.6,27.7,1.0623737285738033,18,275,10
2025-10-02 19:00:00,0.0,53,7.9,26.9,0.0,19,275,10
2025-10-02 20:00:00,0.0,58,7.4,26.4,0.0,20,275,10
2025-10-02 21:00:00,0.0,97,7.5,26.2,0.0,21,275,10
2025-10-02 22:00:00,0.0,77,6.3,26.0,0.0,22,275,10
2025-10-02 23:00:00,0.0,73,5.5,26.1,0.0,23,275,10
2025-10-03 00:00:00,0.0,96,4.9,26.0,0.0,0,276,10
2025-10-03 01:00:00,0.0,100,5.0,25.8,0.0,1,276,10
2025-10-03 02:00:00,0.0,100,6.0,25.5,0.0,2,276,10
2025-10-03 03:00:00,0.0,100,6.1,25.3,0.0,3,276,10
2025-10-03 04:00:00,0.0,100,6.2,25.1,0.0,4,276,10
2025-10-03 05:00:00,0.0,100,5.6,24.7,0.0,5,276,10
2025-10-03 06:00:00,0.0,93,6.6,24.8,0.0,6,276,10
2025-10-03 07:00:00,42.0,95,7.7,25.3,0.7835795298643539,7,276,10
2025-10-03 08:00:00,198.0,88,8.6,26.4,3.649033625634457,8,276,10
2025-10-03 09:00:00,374.0,91,7.7,27.9,5.862840798950724,9,276,10
2025-10-03 10:00:00,573.0,86,7.6,29.3,10.27315257663497,10,276,10
2025-10-03 11:00:00,710.0,75,5.9,30.7,14.87047122308501,11,276,10
2025-10-03 12:00:00,788.0,16,5.6,31.6,24.451026067772997,12,276,10
2025-10-03 13:00:00,799.0,43,6.6,32.1,19.09638424308624,13,276,10
2025-10-03 14:00:00,661.0,75,6.5,32.3,12.475129144925898,14,276,10
2025-10-03 15:00:00,559.0,89,6.4,32.3,10.142260224370371,15,276,10
2025-10-03 16:00:00,385.0,98,9.6,31.5,6.331247836979336,16,276,10
2025-10-03 17:00:00,148.0,95,8.4,30.0,2.4578462358922435,17,276,10
2025-10-03 18:00:00,39.0,86,6.3,29.2,0.6930267199520519,18,276,10
2025-10-03 19:00:00,0.0,87,5.9,28.5,0.0,19,276,10
2025-10-03 20:00:00,0.0,14,5.2,28.0,0.0,20,276,10
2025-10-03 21:00:00,0.0,14,6.4,27.6,0.0,21,276,10
2025-10-03 22:00:00,0.0,8,7.8,26.9,0.0,22,276,10
2025-10-03 23:00:00,0.0,13,5.5,26.9,0.0,23,276,10
2025-10-04 00:00:00,0.0,32,5.6,26.9,0.0,0,277,10
2025-10-04 01:00:00,0.0,80,6.2,26.6,0.0,1,277,10
2025-10-04 02:00:00,0.0,97,5.9,26.3,0.0,2,277,10
2025-10-04 03:00:00,0.0,34,5.6,26.0,0.0,3,277,10
2025-10-04 04:00:00,0.0,74,5.4,25.7,0.0,4,277,10
2025-10-04 05:00:00,0.0,20,4.2,25.3,0.0,5,277,10
2025-10-04 06:00:00,0.0,1,1.7,25.5,0.0,6,277,10
2025-10-04 07:00:00,48.0,0,2.3,25.7,1.576936321440328,7,277,10
2025-10-04 08:00:00,228.0,2,2.9,26.9,6.941154822655474,8,277,10
2025-10-04 09:00:00,439.0,52,4.6,28.6,10.727766747153444,9,277,10
2025-10-04 10:00:00,625.0,50,5.7,30.1,16.59218984484238,10,277,10
2025-10-04 11:00:00,761.0,94,6.5,31.1,12.797253854686241,11,277,10
2025-10-04 12:00:00,817.0,96,7.3,32.2,14.335974179403445,12,277,10
2025-10-04 13:00:00,807.0,92,8.0,32.5,13.895531914975985,13,277,10
2025-10-04 14:00:00,731.0,98,7.8,32.9,11.542550371664332,14,277,10
2025-10-04 15:00:00,565.0,87,7.9,32.8,10.193640071249362,15,277,10
2025-10-04 16:00:00,406.0,100,6.7,32.5,6.545352240834809,16,277,10
2025-10-04 17:00:00,196.0,92,8.7,31.8,3.3320562483545486,17,277,10
2025-10-04 18:00:00,39.0,14,6.7,31.0,1.1808779081834895,18,277,10
2025-10-04 19:00:00,0.0,4,5.5,30.5,0.0,19,277,10
2025-10-04 20:00:00,0.0,1,8.1,29.6,0.0,20,277,10
2025-10-04 21:00:00,0.0,1,8.1,28.5,0.0,21,277,10
2025-10-04 22:00:00,0.0,0,7.3,27.9,0.0,22,277,10
2025-10-04 23:00:00,0.0,1,7.4,27.4,0.0,23,277,10
2025-10-05 00:00:00,0.0,6,8.6,27.0,0.0,0,278,10
2025-10-05 01:00:00,0.0,16,8.7,26.6,0.0,1,278,10
2025-10-05 02:00:00,0.0,2,7.5,26.2,0.0,2,278,10
2025-10-05 03:00:00,0.0,2,7.6,25.8,0.0,3,278,10
2025-10-05 04:00:00,0.0,4,7.6,25.6,0.0,4,278,10
2025-10-05 05:00:00,0.0,0,6.8,26.0,0.0,5,278,10
2025-10-05 06:00:00,0.0,4,6.4,26.1,0.0,6,278,10
2025-10-05 07:00:00,46.0,34,5.5,26.4,1.271507687435871,7,278,10
2025-10-05 08:00:00,200.0,38,6.2,27.5,4.947632084861398,8,278,10
2025-10-05 09:00:00,364.0,26,6.3,28.8,10.298235400673564,9,278,10
2025-10-05 10:00:00,594.0,31,5.9,30.3,17.216263903742814,10,278,10
2025-10-05 11:00:00,682.0,18,7.5,30.9,19.01752643052235,11,278,10
2025-10-05 12:00:00,777.0,33,7.8,31.8,22.518987922284822,12,278,10
2025-10-05 13:00:00,744.0,97,8.6,32.1,10.899709261714568,13,278,10
2025-10-05 14:00:00,696.0,92,9.0,32.5,12.1167081682105,14,278,10
2025-10-05 15:00:00,542.0,79,9.1,32.1,10.417640456392235,15,278,10
2025-10-05 16:00:00,376.0,89,9.8,32.2,6.469655719927427,16,278,10
2025-10-05 17:00:00,202.0,4,10.7,31.3,5.954685165792805,17,278,10
2025-10-05 18:00:00,39.0,8,9.1,30.3,1.3177088554544076,18,278,10
2025-10-05 19:00:00,0.0,5,9.4,28.8,0.0,19,278,10
2025-10-05 20:00:00,0.0,14,9.0,28.2,0.0,20,278,10
2025-10-05 21:00:00,0.0,21,8.4,27.9,0.0,21,278,10
2025-10-05 22:00:00,0.0,43,9.2,27.4,0.0,22,278,10
2025-10-05 23:00:00,0.0,37,9.2,26.5,0.0,23,278,10
2025-10-06 00:00:00,0.0,63,7.1,26.1,0.0,0,279,10
2025-10-06 01:00:00,0.0,16,6.1,25.9,0.0,1,279,10
2025-10-06 02:00:00,0.0,15,6.1,25.7,0.0,2,279,10
2025-10-06 03:00:00,0.0,18,7.0,25.4,0.0,3,279,10
2025-10-06 04:00:00,0.0,19,9.5,25.3,0.0,4,279,10
2025-10-06 05:00:00,0.0,4,8.0,24.7,0.0,5,279,10
2025-10-06 06:00:00,0.0,3,8.3,24.9,0.0,6,279,10
2025-10-06 07:00:00,46.0,22,8.4,25.2,1.3917552727994507,7,279,10
2025-10-06 08:00:00,214.0,24,10.0,26.2,6.407181652550359,8,279,10
2025-10-06 09:00:00,408.0,20,9.2,27.6,13.02766753329735,9,279,10
2025-10-06 10:00:00,590.0,20,9.6,28.7,19.659110657322923,10,279,10
2025-10-06 11:00:00,701.0,16,10.0,29.8,21.28623953913834,11,279,10
2025-10-06 12:00:00,771.0,20,11.6,30.4,24.845998672415956,12,279,10
2025-10-06 13:00:00,728.0,28,12.5,30.8,20.76800743966938,13,279,10
2025-10-06 14:00:00,688.0,37,12.9,31.3,19.52426297871252,14,279,10
2025-10-06 15:00:00,553.0,42,13.4,31.4,13.306469778210445,15,279,10
2025-10-06 16:00:00,350.0,32,11.8,31.1,10.564503201737317,16,279,10
2025-10-06 17:00:00,185.0,26,10.5,30.3,5.347314654444311,17,279,10
2025-10-06 18:00:00,33.0,41,9.1,28.8,0.8902972424282648,18,279,10
2025-10-06 19:00:00,0.0,80,12.1,26.8,0.0,19,279,10
2025-10-06 20:00:00,0.0,6,6.6,26.4,0.0,20,279,10
2025-10-06 21:00:00,0.0,5,8.6,25.8,0.0,21,279,10
2025-10-06 22:00:00,0.0,6,7.8,25.5,0.0,22,279,10
2025-10-06 23:00:00,0.0,6,6.7,25.7,0.0,23,279,10
2025-10-07 00:00:00,0.0,12,7.4,25.7,0.0,0,280,10
2025-10-07 01:00:00,0.0,16,3.8,25.4,0.0,1,280,10
2025-10-07 02:00:00,0.0,29,5.2,24.7,0.0,2,280,10
2025-10-07 03:00:00,0.0,15,6.4,24.9,0.0,3,280,10
2025-10-07 04:00:00,0.0,20,6.2,24.8,0.0,4,280,10
2025-10-07 05:00:00,0.0,26,6.4,24.5,0.0,5,280,10
2025-10-07 06:00:00,0.0,91,6.5,24.1,0.0,6,280,10
2025-10-07 07:00:00,45.0,58,5.7,24.3,1.1513842823624343,7,280,10
2025-10-07 08:00:00,211.0,45,8.9,25.3,5.336113986522297,8,280,10
2025-10-07 09:00:00,383.0,35,8.0,26.8,10.138486853949274,9,280,10
2025-10-07 10:00:00,583.0,13,6.0,28.1,19.499298339763865,10,280,10
2025-10-07 11:00:00,718.0,9,6.7,29.7,24.385198966167223,11,280,10
2025-10-07 12:00:00,812.0,10,6.7,30.8,24.351825926963684,12,280,10
2025-10-07 13:00:00,818.0,9,6.7,31.6,23.695752904712833,13,280,10
2025-10-07 14:00:00,701.0,6,6.7,32.0,25.113504560208625,14,280,10
2025-10-07 15:00:00,598.0,9,6.8,32.1,17.785086394893995,15,280,10
2025-10-07 16:00:00,406.0,10,6.0,31.8,13.058406230136958,16,280,10
2025-10-07 17:00:00,207.0,9,5.1,31.4,6.071890017596175,17,280,10
2025-10-07 18:00:00,37.0,5,2.1,30.7,1.1999180742025888,18,280,10
2025-10-07 19:00:00,0.0,6,3.1,29.7,0.0,19,280,10
2025-10-07 20:00:00,0.0,20,2.9,28.7,0.0,20,280,10
2025-10-07 21:00:00,0.0,13,7.4,27.9,0.0,21,280,10
2025-10-07 22:00:00,0.0,12,8.8,26.7,0.0,22,280,10
2025-10-07 23:00:00,0.0,2,7.6,26.5,0.0,23,280,10
2025-10-08 00:00:00,0.0,9,6.7,26.1,0.0,0,281,10
2025-10-08 01:00:00,0.0,15,6.3,25.5,0.0,1,281,10
2025-10-08 02:00:00,0.0,16,7.2,24.9,0.0,2,281,10
2025-10-08 03:00:00,0.0,7,6.1,24.6,0.0,3,281,10
2025-10-08 04:00:00,0.0,2,6.0,24.3,0.0,4,281,10
2025-10-08 05:00:00,0.0,0,5.6,25.2,0.0,5,281,10
2025-10-08 06:00:00,0.0,0,4.3,25.6,0.0,6,281,10
2025-10-08 07:00:00,48.0,0,2.5,25.8,1.6821546497771653,7,281,10
2025-10-08 08:00:00,234.0,0,2.7,27.1,8.130025651089657,8,281,10
2025-10-08 09:00:00,446.0,6,2.7,28.9,14.78362161034054,9,281,10
2025-10-08 10:00:00,624.0,18,2.4,30.5,17.431866481514263,10,281,10
2025-10-08 11:00:00,697.0,24,2.0,31.6,18.500646746426536,11,281,10
2025-10-08 12:00:00,759.0,19,2.6,32.5,21.035453195386832,12,281,10
2025-10-08 13:00:00,774.0,43,3.9,33.1,21.46508512950905,13,281,10
2025-10-08 14:00:00,661.0,38,5.7,33.3,16.67640382029859,14,281,10
2025-10-08 15:00:00,541.0,96,6.5,33.3,9.139418506305784,15,281,10
2025-10-08 16:00:00,382.0,45,6.7,33.0,8.413000391847936,16,281,10
2025-10-08 17:00:00,188.0,88,3.9,32.3,3.3065195988044924,17,281,10
2025-10-08 18:00:00,29.0,29,5.5,31.0,0.8543750827314527,18,281,10
2025-10-08 19:00:00,0.0,2,5.8,30.3,0.0,19,281,10
2025-10-08 20:00:00,0.0,0,4.2,30.1,0.0,20,281,10
2025-10-08 21:00:00,0.0,0,7.5,29.5,0.0,21,281,10
2025-10-08 22:00:00,0.0,0,6.8,28.4,0.0,22,281,10
2025-10-08 23:00:00,0.0,0,7.9,27.9,0.0,23,281,10
2025-10-09 00:00:00,0.0,0,5.0,27.2,0.0,0,282,10
2025-10-09 01:00:00,0.0,2,3.2,26.6,0.0,1,282,10
2025-10-09 02:00:00,0.0,1,4.0,26.4,0.0,2,282,10
2025-10-09 03:00:00,0.0,0,6.7,25.8,0.0,3,282,10
2025-10-09 04:00:00,0.0,0,5.8,25.3,0.0,4,282,10
2025-10-09 05:00:00,0.0,0,7.8,25.0,0.0,5,282,10
2025-10-09 06:00:00,0.0,0,7.9,24.9,0.0,6,282,10
2025-10-09 07:00:00,48.0,0,8.4,24.7,1.550990814563916,7,282,10
2025-10-09 08:00:00,235.0,0,5.5,26.0,7.902848010200822,8,282,10
2025-10-09 09:00:00,453.0,0,4.1,28.5,15.643639454593101,9,282,10
2025-10-09 10:00:00,643.0,5,4.9,31.1,22.257945051024148,10,282,10
2025-10-09 11:00:00,782.0,21,4.8,32.5,24.15553388195505,11,282,10
2025-10-09 12:00:00,757.0,29,5.1,33.1,21.839561967963306,12,282,10
2025-10-09 13:00:00,756.0,100,4.9,33.7,10.831011158473476,13,282,10
2025-10-09 14:00:00,626.0,100,4.7,33.6,7.901676379038935,14,282,10
2025-10-09 15:00:00,542.0,100,3.1,33.4,8.078842979302888,15,282,10
2025-10-09 16:00:00,301.0,99,0.9,32.8,4.545114866848334,16,282,10
2025-10-09 17:00:00,157.0,80,4.1,32.5,3.1010035198013166,17,282,10
2025-10-09 18:00:00,32.0,11,6.9,31.6,0.9786149997582962,18,282,10
2025-10-09 19:00:00,0.0,0,8.6,31.1,0.0,19,282,10
2025-10-09 20:00:00,0.0,0,6.4,31.1,0.0,20,282,10
2025-10-09 21:00:00,0.0,0,0.7,30.4,0.0,21,282,10
2025-10-09 22:00:00,0.0,0,1.4,28.9,0.0,22,282,10
2025-10-09 23:00:00,0.0,0,0.4,28.0,0.0,23,282,10
2025-10-10 00:00:00,0.0,0,4.0,27.8,0.0,0,283,10
2025-10-10 01:00:00,0.0,3,6.7,27.2,0.0,1,283,10
2025-10-10 02:00:00,0.0,0,4.2,26.6,0.0,2,283,10
2025-10-10 03:00:00,0.0,3,3.8,26.0,0.0,3,283,10
2025-10-10 04:00:00,0.0,0,5.4,25.5,0.0,4,283,10
2025-10-10 05:00:00,0.0,1,7.1,24.2,0.0,5,283,10
2025-10-10 06:00:00,0.0,8,7.2,24.4,0.0,6,283,10
2025-10-10 07:00:00,47.0,5,6.1,24.7,1.5512273681053494,7,283,10
2025-10-10 08:00:00,236.0,0,4.7,26.1,9.165838051965682,8,283,10
2025-10-10 09:00:00,453.0,0,5.4,28.4,15.530858897896548,9,283,10
2025-10-10 10:00:00,642.0,0,6.0,30.5,20.105374350825763,10,283,10
2025-10-10 11:00:00,781.0,0,6.6,32.4,27.178088150180905,11,283,10
2025-10-10 12:00:00,845.0,4,6.7,33.1,25.030361062411032,12,283,10
2025-10-10 13:00:00,823.0,45,7.6,33.8,20.777919598639006,13,283,10
2025-10-10 14:00:00,736.0,45,10.0,34.0,18.06949448429704,14,283,10
2025-10-10 15:00:00,576.0,71,9.4,33.7,11.769179986364719,15,283,10
2025-10-10 16:00:00,376.0,40,9.8,33.1,9.350934802034795,16,283,10
2025-10-10 17:00:00,190.0,20,7.3,32.2,6.051022258812019,17,283,10
2025-10-10 18:00:00,33.0,2,2.9,31.4,1.0645500233994412,18,283,10
2025-10-10 19:00:00,0.0,0,5.2,30.6,0.0,19,283,10
2025-10-10 20:00:00,0.0,0,5.6,29.7,0.0,20,283,10
2025-10-10 21:00:00,0.0,0,3.3,29.4,0.0,21,283,10
2025-10-10 22:00:00,0.0,0,4.2,27.9,0.0,22,283,10
2025-10-10 23:00:00,0.0,0,6.0,26.7,0.0,23,283,10
2025-10-11 00:00:00,0.0,0,2.3,26.6,0.0,0,284,10
2025-10-11 01:00:00,0.0,0,4.0,25.8,0.0,1,284,10
2025-10-11 02:00:00,0.0,0,4.7,25.2,0.0,2,284,10
2025-10-11 03:00:00,0.0,0,3.8,24.9,0.0,3,284,10
2025-10-11 04:00:00,0.0,0,4.7,24.3,0.0,4,284,10
2025-10-11 05:00:00,0.0,0,5.8,23.9,0.0,5,284,10
2025-10-11 06:00:00,0.0,0,7.1,23.0,0.0,6,284,10
2025-10-11 07:00:00,47.0,0,5.7,22.9,1.6636415586620414,7,284,10
2025-10-11 08:00:00,235.0,0,4.0,24.5,8.076809794508826,8,284,10
2025-10-11 09:00:00,455.0,0,4.2,27.3,16.412607464789403,9,284,10
2025-10-11 10:00:00,647.0,0,5.7,30.4,21.798064257863896,10,284,10
2025-10-11 11:00:00,784.0,0,8.6,32.2,26.72739089087566,11,284,10
2025-10-11 12:00:00,855.0,0,7.8,33.0,28.222036877066284,12,284,10
2025-10-11 13:00:00,851.0,0,8.0,33.3,30.92615981196182,13,284,10
2025-10-11 14:00:00,772.0,0,9.1,33.3,23.234417732366285,14,284,10
2025-10-11 15:00:00,627.0,0,9.5,33.1,21.595826253597604,15,284,10
2025-10-11 16:00:00,429.0,0,9.6,32.7,13.667124464425452,16,284,10
2025-10-11 17:00:00,210.0,0,10.1,32.2,6.982659164897346,17,284,10
2025-10-11 18:00:00,33.0,0,7.6,31.7,1.1024904641806674,18,284,10
2025-10-11 19:00:00,0.0,0,5.1,31.5,0.0,19,284,10
2025-10-11 20:00:00,0.0,0,4.7,30.8,0.0,20,284,10
2025-10-11 21:00:00,0.0,0,5.9,28.8,0.0,21,284,10
2025-10-11 22:00:00,0.0,0,3.0,27.6,0.0,22,284,10
2025-10-11 23:00:00,0.0,0,5.0,27.2,0.0,23,284,10
2025-10-12 00:00:00,0.0,0,7.4,26.8,0.0,0,285,10
2025-10-12 01:00:00,0.0,0,7.8,26.4,0.0,1,285,10
2025-10-12 02:00:00,0.0,0,7.9,25.7,0.0,2,285,10
2025-10-12 03:00:00,0.0,0,7.7,25.0,0.0,3,285,10
2025-10-12 04:00:00,0.0,0,7.6,24.3,0.0,4,285,10
2025-10-12 05:00:00,0.0,0,8.0,23.6,0.0,5,285,10
2025-10-12 06:00:00,0.0,0,7.8,23.7,0.0,6,285,10
2025-10-12 07:00:00,46.0,0,7.2,23.2,1.575382430713182,7,285,10
2025-10-12 08:00:00,234.0,0,4.1,25.1,8.412638671187892,8,285,10
2025-10-12 09:00:00,454.0,0,4.6,28.4,17.236153430798645,9,285,10
2025-10-12 10:00:00,645.0,0,6.3,31.1,20.71824581100688,10,285,10
2025-10-12 11:00:00,782.0,0,8.5,32.8,27.748832835776668,11,285,10
2025-10-12 12:00:00,853.0,0,8.5,33.5,30.279009334521643,12,285,10
2025-10-12 13:00:00,848.0,0,8.9,33.8,31.150762588364497,13,285,10
2025-10-12 14:00:00,768.0,0,9.0,33.9,25.80254632780666,14,285,10
2025-10-12 15:00:00,622.0,0,9.2,33.7,20.362837374969477,15,285,10
2025-10-12 16:00:00,425.0,0,9.4,33.3,14.739047643435743,16,285,10
2025-10-12 17:00:00,205.0,0,10.2,32.9,7.078701936086117,17,285,10
2025-10-12 18:00:00,31.0,0,6.4,32.5,1.022181981668807,18,285,10
2025-10-12 19:00:00,0.0,0,2.1,32.7,0.0,19,285,10
2025-10-12 20:00:00,0.0,0,3.4,32.1,0.0,20,285,10
2025-10-12 21:00:00,0.0,0,3.0,29.6,0.0,21,285,10
2025-10-12 22:00:00,0.0,0,3.5,28.8,0.0,22,285,10
2025-10-12 23:00:00,0.0,0,1.9,28.3,0.0,23,285,10
2025-10-13 00:00:00,0.0,2,3.5,27.5,0.0,0,286,10
2025-10-13 01:00:00,0.0,0,5.1,26.4,0.0,1,286,10
2025-10-13 02:00:00,0.0,0,6.3,25.5,0.0,2,286,10
2025-10-13 03:00:00,0.0,0,5.4,25.7,0.0,3,286,10
2025-10-13 04:00:00,0.0,0,7.4,24.2,0.0,4,286,10
2025-10-13 05:00:00,0.0,0,5.4,23.5,0.0,5,286,10
2025-10-13 06:00:00,0.0,2,5.6,23.6,0.0,6,286,10
2025-10-13 07:00:00,45.0,1,5.6,23.5,1.4817604326144758,7,286,10
2025-10-13 08:00:00,229.0,0,2.3,25.8,7.821276772597801,8,286,10
2025-10-13 09:00:00,448.0,0,4.6,28.2,15.222466489090104,9,286,10
2025-10-13 10:00:00,638.0,0,3.2,30.4,23.1818274840229,10,286,10
2025-10-13 11:00:00,774.0,0,4.8,32.8,23.516600683320423,11,286,10
2025-10-13 12:00:00,843.0,2,7.0,33.9,27.32973617610526,12,286,10
2025-10-13 13:00:00,822.0,8,9.4,34.2,26.309801032571972,13,286,10
2025-10-13 14:00:00,749.0,6,10.4,34.1,25.553705405153988,14,286,10
2025-10-13 15:00:00,609.0,2,9.5,33.8,18.608614700144074,15,286,10
2025-10-13 16:00:00,416.0,0,9.5,33.4,13.36155292178054,16,286,10
2025-10-13 17:00:00,200.0,0,9.2,33.1,6.732447188900845,17,286,10
2025-10-13 18:00:00,30.0,0,7.1,32.6,0.9698566295074926,18,286,10
2025-10-13 19:00:00,0.0,0,4.9,32.5,0.0,19,286,10
2025-10-13 20:00:00,0.0,0,4.8,32.0,0.0,20,286,10
2025-10-13 21:00:00,0.0,0,7.0,30.3,0.0,21,286,10
2025-10-13 22:00:00,0.0,0,5.1,28.8,0.0,22,286,10
2025-10-13 23:00:00,0.0,0,4.6,27.9,0.0,23,286,10
2025-10-14 00:00:00,0.0,0,2.9,27.8,0.0,0,287,10
2025-10-14 01:00:00,0.0,0,4.1,27.2,0.0,1,287,10
2025-10-14 02:00:00,0.0,0,6.2,26.8,0.0,2,287,10
2025-10-14 03:00:00,0.0,0,8.0,25.1,0.0,3,287,10
2025-10-14 04:00:00,0.0,0,7.7,24.1,0.0,4,287,10
2025-10-14 05:00:00,0.0,0,7.2,24.1,0.0,5,287,10
2025-10-14 06:00:00,0.0,0,7.9,23.6,0.0,6,287,10
2025-10-14 07:00:00,44.0,0,7.5,23.7,1.4400446791109176,7,287,10
2025-10-14 08:00:00,230.0,0,5.1,25.6,7.4690931360174915,8,287,10
2025-10-14 09:00:00,449.0,0,6.2,28.4,16.413431840425346,9,287,10
2025-10-14 10:00:00,639.0,0,6.9,31.1,21.010171845510992,10,287,10
2025-10-14 11:00:00,775.0,0,11.0,33.3,25.622901663291564,11,287,10
2025-10-14 12:00:00,843.0,0,8.8,33.8,28.767438144698197,12,287,10
2025-10-14 13:00:00,839.0,0,8.5,34.1,30.160565317677406,13,287,10
2025-10-14 14:00:00,759.0,0,8.9,34.1,24.65420483019353,14,287,10
2025-10-14 15:00:00,614.0,0,9.7,33.9,23.309832318958808,15,287,10
2025-10-14 16:00:00,400.0,2,11.1,33.6,13.248473125085075,16,287,10
2025-10-14 17:00:00,191.0,1,10.0,33.0,5.719957486944467,17,287,10
2025-10-14 18:00:00,28.0,0,7.2,32.4,0.8820201666220989,18,287,10
2025-10-14 19:00:00,0.0,15,4.2,31.6,0.0,19,287,10
2025-10-14 20:00:00,0.0,55,3.0,30.8,0.0,20,287,10
2025-10-14 21:00:00,0.0,40,3.9,30.2,0.0,21,287,10
2025-10-14 22:00:00,0.0,6,1.3,29.5,0.0,22,287,10
2025-10-14 23:00:00,0.0,11,4.1,28.4,0.0,23,287,10
2025-10-15 00:00:00,0.0,2,1.5,28.0,0.0,0,288,10
2025-10-15 01:00:00,0.0,0,4.3,27.2,0.0,1,288,10
2025-10-15 02:00:00,0.0,0,6.6,25.7,0.0,2,288,10
2025-10-15 03:00:00,0.0,0,7.2,24.6,0.0,3,288,10
2025-10-15 04:00:00,0.0,0,6.6,24.2,0.0,4,288,10
2025-10-15 05:00:00,0.0,0,8.4,23.6,0.0,5,288,10
2025-10-15 06:00:00,0.0,0,9.2,23.4,0.0,6,288,10
2025-10-15 07:00:00,44.0,0,9.6,23.7,1.5231839965024925,7,288,10
2025-10-15 08:00:00,230.0,0,6.8,25.8,8.351437651083314,8,288,10
2025-10-15 09:00:00,448.0,0,7.3,28.6,14.65635494602639,9,288,10
2025-10-15 10:00:00,637.0,0,8.4,31.3,20.89370377483559,10,288,10
2025-10-15 11:00:00,772.0,0,8.4,33.3,25.609535908816046,11,288,10
2025-10-15 12:00:00,840.0,0,6.3,34.1,26.558305324010483,12,288,10
2025-10-15 13:00:00,833.0,0,6.0,34.6,30.20429885815949,13,288,10
2025-10-15 14:00:00,753.0,0,6.3,34.8,25.54672365345897,14,288,10
2025-10-15 15:00:00,607.0,0,6.6,34.7,18.86004024785668,15,288,10
2025-10-15 16:00:00,412.0,0,5.8,34.2,12.572176349971071,16,288,10
2025-10-15 17:00:00,194.0,0,5.5,33.4,5.999609459357592,17,288,10
2025-10-15 18:00:00,27.0,0,5.5,32.4,0.9288425884568076,18,288,10
2025-10-15 19:00:00,0.0,0,6.6,31.5,0.0,19,288,10
2025-10-15 20:00:00,0.0,0,5.7,30.9,0.0,20,288,10
2025-10-15 21:00:00,0.0,0,5.9,30.2,0.0,21,288,10
2025-10-15 22:00:00,0.0,0,6.2,29.6,0.0,22,288,10
2025-10-15 23:00:00,0.0,0,3.4,28.2,0.0,23,288,10
2025-10-16 00:00:00,0.0,0,6.8,27.2,0.0,0,289,10
2025-10-16 01:00:00,0.0,0,6.7,27.0,0.0,1,289,10
2025-10-16 02:00:00,0.0,0,7.4,26.0,0.0,2,289,10
2025-10-16 03:00:00,0.0,0,8.5,24.8,0.0,3,289,10
2025-10-16 04:00:00,0.0,0,8.6,24.4,0.0,4,289,10
2025-10-16 05:00:00,0.0,0,8.5,24.4,0.0,5,289,10
2025-10-16 06:00:00,0.0,0,8.6,24.3,0.0,6,289,10
2025-10-16 07:00:00,42.0,0,8.3,24.4,1.4495266238050784,7,289,10
2025-10-16 08:00:00,223.0,0,6.4,26.2,7.461506016531415,8,289,10
2025-10-16 09:00:00,436.0,0,7.0,28.7,16.10431790581245,9,289,10
2025-10-16 10:00:00,623.0,0,6.7,31.1,22.15328187444452,10,289,10
2025-10-16 11:00:00,757.0,0,5.8,33.2,26.573974756910204,11,289,10
2025-10-16 12:00:00,825.0,0,4.8,34.6,28.13326048843827,12,289,10
2025-10-16 13:00:00,817.0,0,4.0,35.4,24.616293226150628,13,289,10
2025-10-16 14:00:00,737.0,0,3.6,35.8,24.80663345372828,14,289,10
2025-10-16 15:00:00,593.0,0,3.9,35.8,18.723821700105027,15,289,10
2025-10-16 16:00:00,400.0,0,4.6,35.3,12.653089585425818,16,289,10
2025-10-16 17:00:00,187.0,0,0.5,34.6,6.02649141018701,17,289,10
2025-10-16 18:00:00,25.0,0,2.4,33.4,0.8090791346447463,18,289,10
2025-10-16 19:00:00,0.0,0,3.0,32.9,0.0,19,289,10
2025-10-16 20:00:00,0.0,0,2.6,32.4,0.0,20,289,10
2025-10-16 21:00:00,0.0,0,4.1,31.7,0.0,21,289,10
2025-10-16 22:00:00,0.0,0,4.0,31.0,0.0,22,289,10
2025-10-16 23:00:00,0.0,0,5.0,29.9,0.0,23,289,10
2025-10-17 00:00:00,0.0,0,6.0,29.2,0.0,0,290,10
2025-10-17 01:00:00,0.0,0,6.5,28.7,0.0,1,290,10
2025-10-17 02:00:00,0.0,1,7.0,27.9,0.0,2,290,10
2025-10-17 03:00:00,0.0,0,6.4,26.9,0.0,3,290,10
2025-10-17 04:00:00,0.0,0,5.1,25.8,0.0,4,290,10
2025-10-17 05:00:00,0.0,1,7.3,25.5,0.0,5,290,10
2025-10-17 06:00:00,0.0,0,7.8,25.5,0.0,6,290,10
2025-10-17 07:00:00,40.0,0,8.0,25.4,1.3919620201390226,7,290,10
2025-10-17 08:00:00,219.0,0,5.6,26.8,8.28511199062406,8,290,10
2025-10-17 09:00:00,433.0,0,4.8,29.8,12.602526078234005,9,290,10
2025-10-17 10:00:00,619.0,0,6.0,32.5,20.321994951007543,10,290,10
2025-10-17 11:00:00,752.0,1,5.8,34.1,22.59576128816727,11,290,10
2025-10-17 12:00:00,819.0,2,3.6,35.2,24.88193403267822,12,290,10
2025-10-17 13:00:00,814.0,0,2.3,36.0,28.70902004315401,13,290,10
2025-10-17 14:00:00,736.0,0,1.5,36.5,25.357559878401677,14,290,10
2025-10-17 15:00:00,592.0,1,5.0,36.6,19.764211162430684,15,290,10
2025-10-17 16:00:00,400.0,0,9.8,35.7,13.520296173608296,16,290,10
2025-10-17 17:00:00,186.0,0,8.8,34.5,6.298884953050955,17,290,10
2025-10-17 18:00:00,24.0,0,8.9,33.1,0.8101006367070387,18,290,10
2025-10-17 19:00:00,0.0,0,9.0,31.9,0.0,19,290,10
2025-10-17 20:00:00,0.0,0,8.0,31.4,0.0,20,290,10
2025-10-17 21:00:00,0.0,0,6.5,30.9,0.0,21,290,10
2025-10-17 22:00:00,0.0,0,5.3,30.4,0.0,22,290,10
2025-10-17 23:00:00,0.0,0,4.0,29.6,0.0,23,290,10
2025-10-18 00:00:00,0.0,0,6.8,28.7,0.0,0,291,10
2025-10-18 01:00:00,0.0,0,6.3,28.1,0.0,1,291,10
2025-10-18 02:00:00,0.0,0,6.3,26.3,0.0,2,291,10
2025-10-18 03:00:00,0.0,0,4.6,25.4,0.0,3,291,10
2025-10-18 04:00:00,0.0,0,4.6,25.1,0.0,4,291,10
2025-10-18 05:00:00,0.0,0,10.0,24.7,0.0,5,291,10
2025-10-18 06:00:00,0.0,0,10.1,24.6,0.0,6,291,10
2025-10-18 07:00:00,41.0,0,9.1,24.9,1.3843682553764471,7,291,10
2025-10-18 08:00:00,222.0,0,7.3,26.6,7.559883704602401,8,291,10
2025-10-18 09:00:00,435.0,0,7.4,28.7,14.049467992999261,9,291,10
2025-10-18 10:00:00,621.0,0,7.3,31.0,23.4387176722047,10,291,10
2025-10-18 11:00:00,754.0,5,7.2,33.4,23.32255619613176,11,291,10
2025-10-18 12:00:00,818.0,9,7.3,35.1,23.84760761911913,12,291,10
2025-10-18 13:00:00,743.0,18,7.6,35.6,21.841327279654934,13,291,10
2025-10-18 14:00:00,686.0,38,6.9,36.1,19.70669979025919,14,291,10
2025-10-18 15:00:00,551.0,96,8.3,36.1,8.604146397741186,15,291,10
2025-10-18 16:00:00,367.0,100,9.0,35.4,5.758120175647841,16,291,10
2025-10-18 17:00:00,171.0,65,3.4,34.7,3.8296798012695814,17,291,10
2025-10-18 18:00:00,21.0,19,1.6,33.7,0.6185000803542821,18,291,10
2025-10-18 19:00:00,0.0,4,1.9,33.1,0.0,19,291,10
2025-10-18 20:00:00,0.0,4,2.6,32.8,0.0,20,291,10
2025-10-18 21:00:00,0.0,1,4.1,31.8,0.0,21,291,10
2025-10-18 22:00:00,0.0,0,4.9,30.3,0.0,22,291,10
2025-10-18 23:00:00,0.0,0,6.3,28.5,0.0,23,291,10
2025-10-19 00:00:00,0.0,0,6.1,27.8,0.0,0,292,10
2025-10-19 01:00:00,0.0,0,5.7,27.1,0.0,1,292,10
2025-10-19 02:00:00,0.0,0,6.1,26.1,0.0,2,292,10
2025-10-19 03:00:00,0.0,0,6.5,25.1,0.0,3,292,10
2025-10-19 04:00:00,0.0,0,9.0,24.3,0.0,4,292,10
2025-10-19 05:00:00,0.0,0,9.1,24.2,0.0,5,292,10
2025-10-19 06:00:00,0.0,0,10.3,24.2,0.0,6,292,10
2025-10-19 07:00:00,40.0,0,10.1,24.6,1.2580549406064918,7,292,10
2025-10-19 08:00:00,223.0,0,7.4,26.2,7.7477473440424,8,292,10
2025-10-19 09:00:00,438.0,0,7.5,28.4,15.110628043410395,9,292,10
2025-10-19 10:00:00,625.0,0,7.3,30.9,21.300618235760563,10,292,10
2025-10-19 11:00:00,758.0,0,6.1,33.1,22.205331292500222,11,292,10
2025-10-19 12:00:00,821.0,2,6.1,35.0,28.331182206534606,12,292,10
2025-10-19 13:00:00,781.0,1,6.2,35.6,28.067222303786824,13,292,10
2025-10-19 14:00:00,723.0,0,6.3,35.7,24.088786139083435,14,292,10
2025-10-19 15:00:00,580.0,0,6.0,35.6,19.276076319125405,15,292,10
2025-10-19 16:00:00,391.0,2,6.1,35.3,12.324198049249318,16,292,10
2025-10-19 17:00:00,179.0,1,0.2,34.4,6.113467497307186,17,292,10
2025-10-19 18:00:00,22.0,0,3.4,32.9,0.7649252496734145,18,292,10
2025-10-19 19:00:00,0.0,0,4.9,32.3,0.0,19,292,10
2025-10-19 20:00:00,0.0,0,5.4,32.0,0.0,20,292,10
2025-10-19 21:00:00,0.0,0,5.3,31.4,0.0,21,292,10
2025-10-19 22:00:00,0.0,0,3.3,30.7,0.0,22,292,10
2025-10-19 23:00:00,0.0,0,4.5,30.3,0.0,23,292,10
2025-10-20 00:00:00,0.0,0,4.9,29.7,0.0,0,293,10
2025-10-20 01:00:00,0.0,0,3.9,28.3,0.0,1,293,10
2025-10-20 02:00:00,0.0,0,6.3,26.8,0.0,2,293,10
2025-10-20 03:00:00,0.0,0,5.4,25.8,0.0,3,293,10
2025-10-20 04:00:00,0.0,0,5.9,25.2,0.0,4,293,10
2025-10-20 05:00:00,0.0,0,7.5,24.6,0.0,5,293,10
2025-10-20 06:00:00,0.0,0,7.5,24.8,0.0,6,293,10
2025-10-20 07:00:00,39.0,0,7.5,25.2,1.3634287708682882,7,293,10
2025-10-20 08:00:00,216.0,2,5.8,27.4,7.296240523365994,8,293,10
2025-10-20 09:00:00,428.0,10,6.9,30.0,14.43316471051393,9,293,10
2025-10-20 10:00:00,606.0,1,8.7,32.0,20.850548226166858,10,293,10
2025-10-20 11:00:00,739.0,2,8.0,33.5,23.924169930991653,11,293,10
2025-10-20 12:00:00,800.0,2,6.1,34.8,29.020419408220295,12,293,10
2025-10-20 13:00:00,795.0,30,5.0,35.5,24.32036295481562,13,293,10
2025-10-20 14:00:00,720.0,4,5.2,36.0,21.915300740927808,14,293,10
2025-10-20 15:00:00,577.0,20,5.4,36.1,16.455685569443368,15,293,10
2025-10-20 16:00:00,384.0,62,4.6,35.8,7.901821246725371,16,293,10
2025-10-20 17:00:00,173.0,0,4.3,34.3,6.086908494566483,17,293,10
2025-10-20 18:00:00,20.0,0,2.3,33.2,0.6411460751041963,18,293,10
2025-10-20 19:00:00,0.0,0,1.9,32.9,0.0,19,293,10
2025-10-20 20:00:00,0.0,0,1.3,32.3,0.0,20,293,10
2025-10-20 21:00:00,0.0,2,3.9,31.5,0.0,21,293,10
2025-10-20 22:00:00,0.0,39,5.1,29.9,0.0,22,293,10
2025-10-20 23:00:00,0.0,5,2.2,29.6,0.0,23,293,10
2025-10-21 00:00:00,0.0,10,3.4,29.3,0.0,0,294,10
2025-10-21 01:00:00,0.0,9,4.5,28.4,0.0,1,294,10
2025-10-21 02:00:00,0.0,2,6.2,27.6,0.0,2,294,10
2025-10-21 03:00:00,0.0,5,7.8,26.9,0.0,3,294,10
2025-10-21 04:00:00,0.0,9,8.3,26.5,0.0,4,294,10
2025-10-21 05:00:00,0.0,52,8.6,27.1,0.0,5,294,10
2025-10-21 06:00:00,0.0,36,8.0,27.5,0.0,6,294,10
2025-10-21 07:00:00,32.0,18,7.5,27.1,0.9659074204066128,7,294,10
2025-10-21 08:00:00,192.0,10,6.4,27.7,6.7082751421932105,8,294,10
2025-10-21 09:00:00,402.0,2,6.7,30.2,13.26489622501018,9,294,10
2025-10-21 10:00:00,589.0,1,7.2,32.5,19.920803413626572,10,294,10
2025-10-21 11:00:00,725.0,12,7.6,34.3,23.658505170669827,11,294,10
2025-10-21 12:00:00,711.0,10,8.0,35.0,23.104808736617098,12,294,10
2025-10-21 13:00:00,750.0,4,9.2,35.4,24.58403179337913,13,294,10
2025-10-21 14:00:00,696.0,2,9.1,35.6,22.901560554041293,14,294,10
2025-10-21 15:00:00,534.0,5,8.0,35.5,14.975667667914166,15,294,10
2025-10-21 16:00:00,321.0,20,9.7,35.1,8.88334978503663,16,294,10
2025-10-21 17:00:00,162.0,0,11.0,34.5,5.44116119496724,17,294,10
2025-10-21 18:00:00,18.0,2,8.8,33.8,0.57609046534163,18,294,10
2025-10-21 19:00:00,0.0,2,8.8,32.7,0.0,19,294,10
2025-10-21 20:00:00,0.0,2,8.3,31.5,0.0,20,294,10
2025-10-21 21:00:00,0.0,1,7.0,30.8,0.0,21,294,10
2025-10-21 22:00:00,0.0,1,7.5,30.0,0.0,22,294,10
2025-10-21 23:00:00,0.0,0,9.1,29.2,0.0,23,294,10
2025-10-22 00:00:00,0.0,0,10.9,28.5,0.0,0,295,10
2025-10-22 01:00:00,0.0,1,11.5,28.0,0.0,1,295,10
2025-10-22 02:00:00,0.0,2,11.5,27.6,0.0,2,295,10
2025-10-22 03:00:00,0.0,0,10.9,27.2,0.0,3,295,10
2025-10-22 04:00:00,0.0,0,9.2,26.5,0.0,4,295,10
2025-10-22 05:00:00,0.0,0,9.7,26.2,0.0,5,295,10
2025-10-22 06:00:00,0.0,0,9.7,25.9,0.0,6,295,10
2025-10-22 07:00:00,36.0,0,9.2,26.0,1.1528365891364092,7,295,10
2025-10-22 08:00:00,209.0,0,7.6,27.6,6.463088878863777,8,295,10
2025-10-22 09:00:00,419.0,0,8.5,29.7,13.35471397730183,9,295,10
2025-10-22 10:00:00,602.0,0,9.4,31.9,17.671724958140327,10,295,10
2025-10-22 11:00:00,732.0,0,10.5,33.5,25.9334491595459,11,295,10
2025-10-22 12:00:00,795.0,0,12.4,34.7,24.77639793452318,12,295,10
2025-10-22 13:00:00,780.0,2,13.7,35.4,23.85378198976823,13,295,10
2025-10-22 14:00:00,689.0,6,13.4,35.7,21.791251457156992,14,295,10
2025-10-22 15:00:00,546.0,5,13.9,35.4,18.328390985833252,15,295,10
2025-10-22 16:00:00,369.0,5,13.2,35.2,12.829696065361652,16,295,10
2025-10-22 17:00:00,168.0,2,12.1,35.0,5.893381687415771,17,295,10
2025-10-22 18:00:00,18.0,2,8.1,34.3,0.6126370338684064,18,295,10
2025-10-22 19:00:00,0.0,2,7.8,33.1,0.0,19,295,10
2025-10-22 20:00:00,0.0,5,8.0,32.0,0.0,20,295,10
2025-10-22 21:00:00,0.0,21,8.2,31.4,0.0,21,295,10
2025-10-22 22:00:00,0.0,21,9.1,29.7,0.0,22,295,10
2025-10-22 23:00:00,0.0,9,10.2,28.7,0.0,23,295,10
2025-10-23 00:00:00,0.0,0,11.3,28.1,0.0,0,296,10
2025-10-23 01:00:00,0.0,5,10.6,27.5,0.0,1,296,10
2025-10-23 02:00:00,0.0,3,9.0,26.8,0.0,2,296,10
2025-10-23 03:00:00,0.0,4,9.5,26.5,0.0,3,296,10
2025-10-23 04:00:00,0.0,1,10.1,26.2,0.0,4,296,10
2025-10-23 05:00:00,0.0,5,11.4,26.1,0.0,5,296,10
2025-10-23 06:00:00,0.0,13,11.5,26.2,0.0,6,296,10
2025-10-23 07:00:00,34.0,0,11.1,26.6,1.107376141885873,7,296,10
2025-10-23 08:00:00,201.0,0,9.2,28.1,7.385443438546561,8,296,10
2025-10-23 09:00:00,408.0,0,11.9,30.2,12.046193341704157,9,296,10
2025-10-23 10:00:00,595.0,0,13.6,32.3,20.927496013121882,10,296,10
2025-10-23 11:00:00,725.0,12,14.4,33.8,22.217483000777804,11,296,10
2025-10-23 12:00:00,780.0,0,14.7,34.7,27.80874852874616,12,296,10
2025-10-23 13:00:00,770.0,6,13.5,35.3,25.544054052454875,13,296,10
2025-10-23 14:00:00,652.0,30,12.5,35.4,16.871537085600085,14,296,10
2025-10-23 15:00:00,495.0,48,12.3,35.5,11.554560646066767,15,296,10
2025-10-23 16:00:00,331.0,16,12.9,35.1,11.535965237885977,16,296,10
2025-10-23 17:00:00,157.0,5,11.4,34.8,4.899736664249101,17,296,10
2025-10-23 18:00:00,17.0,4,9.0,34.0,0.5478094360772104,18,296,10
2025-10-23 19:00:00,0.0,2,7.7,33.3,0.0,19,296,10
2025-10-23 20:00:00,0.0,2,7.9,32.4,0.0,20,296,10
2025-10-23 21:00:00,0.0,2,10.0,31.0,0.0,21,296,10
2025-10-23 22:00:00,0.0,2,10.7,29.9,0.0,22,296,10
2025-10-23 23:00:00,0.0,1,13.5,29.4,0.0,23,296,10
2025-10-24 00:00:00,0.0,1,14.7,29.5,0.0,0,297,10
2025-10-24 01:00:00,0.0,4,13.5,28.8,0.0,1,297,10
2025-10-24 02:00:00,0.0,0,13.4,28.3,0.0,2,297,10
2025-10-24 03:00:00,0.0,1,13.1,27.9,0.0,3,297,10
2025-10-24 04:00:00,0.0,4,13.1,27.5,0.0,4,297,10
2025-10-24 05:00:00,0.0,0,13.6,27.4,0.0,5,297,10
2025-10-24 06:00:00,0.0,3,13.7,27.3,0.0,6,297,10
2025-10-24 07:00:00,30.0,19,11.5,27.4,0.8553941942699798,7,297,10
2025-10-24 08:00:00,182.0,20,11.0,28.5,4.7729608780544135,8,297,10
2025-10-24 09:00:00,387.0,16,12.8,30.3,12.391351686801348,9,297,10
2025-10-24 10:00:00,575.0,1,12.7,32.0,17.81217346465823,10,297,10
2025-10-24 11:00:00,709.0,16,11.0,33.4,21.162546224691297,11,297,10
2025-10-24 12:00:00,767.0,37,11.2,34.5,22.389460565034987,12,297,10
2025-10-24 13:00:00,642.0,31,9.7,34.8,18.155191939980092,13,297,10
2025-10-24 14:00:00,599.0,47,8.9,35.1,15.441035006521519,14,297,10
2025-10-24 15:00:00,504.0,41,9.5,34.9,12.796779891768871,15,297,10
2025-10-24 16:00:00,339.0,13,10.0,34.5,10.278827964345234,16,297,10
2025-10-24 17:00:00,146.0,17,9.7,34.5,4.2694192944133444,17,297,10
2025-10-24 18:00:00,15.0,21,6.7,33.8,0.45177041075914864,18,297,10
2025-10-24 19:00:00,0.0,20,8.2,33.0,0.0,19,297,10
2025-10-24 20:00:00,0.0,7,8.1,32.2,0.0,20,297,10
2025-10-24 21:00:00,0.0,6,8.4,31.4,0.0,21,297,10
2025-10-24 22:00:00,0.0,2,9.2,30.5,0.0,22,297,10
2025-10-24 23:00:00,0.0,0,9.3,29.9,0.0,23,297,10
2025-10-25 00:00:00,0.0,5,10.3,28.9,0.0,0,298,10
2025-10-25 01:00:00,0.0,12,11.6,28.1,0.0,1,298,10
2025-10-25 02:00:00,0.0,1,13.3,27.9,0.0,2,298,10
2025-10-25 03:00:00,0.0,0,13.8,27.8,0.0,3,298,10
2025-10-25 04:00:00,0.0,1,13.7,27.5,0.0,4,298,10
2025-10-25 05:00:00,0.0,6,15.1,27.7,0.0,5,298,10
2025-10-25 06:00:00,0.0,9,14.1,27.4,0.0,6,298,10
2025-10-25 07:00:00,32.0,4,11.6,27.5,1.0204074512946428,7,298,10
2025-10-25 08:00:00,195.0,2,11.9,28.6,6.52494967008588,8,298,10
2025-10-25 09:00:00,400.0,0,13.3,30.3,14.993361568209407,9,298,10
2025-10-25 10:00:00,580.0,0,13.5,32.1,20.158648357454528,10,298,10
2025-10-25 11:00:00,709.0,24,11.3,33.0,20.454679830032337,11,298,10
2025-10-25 12:00:00,699.0,11,12.2,34.2,19.854126509195794,12,298,10
2025-10-25 13:00:00,731.0,65,16.9,33.3,16.4135763593662,13,298,10
2025-10-25 14:00:00,467.0,28,6.9,30.2,12.772489474314076,14,298,10
2025-10-25 15:00:00,490.0,13,10.0,32.4,14.755463082800233,15,298,10
2025-10-25 16:00:00,334.0,15,11.7,32.7,9.587924430143705,16,298,10
2025-10-25 17:00:00,149.0,5,8.3,32.8,4.725276819400065,17,298,10
2025-10-25 18:00:00,15.0,3,7.7,31.9,0.4622618543374228,18,298,10
2025-10-25 19:00:00,0.0,6,6.8,31.0,0.0,19,298,10
2025-10-25 20:00:00,0.0,2,8.3,30.5,0.0,20,298,10
2025-10-25 21:00:00,0.0,2,8.1,30.0,0.0,21,298,10
2025-10-25 22:00:00,0.0,1,9.0,29.2,0.0,22,298,10
2025-10-25 23:00:00,0.0,98,7.9,28.4,0.0,23,298,10
2025-10-26 00:00:00,0.0,100,8.0,28.2,0.0,0,299,10
2025-10-26 01:00:00,0.0,100,8.3,27.9,0.0,1,299,10
2025-10-26 02:00:00,0.0,99,19.6,24.5,0.0,2,299,10
2025-10-26 03:00:00,0.0,100,8.6,24.4,0.0,3,299,10
2025-10-26 04:00:00,0.0,100,9.1,24.5,0.0,4,299,10
2025-10-26 05:00:00,0.0,100,9.0,24.5,0.0,5,299,10
2025-10-26 06:00:00,0.0,100,9.1,24.4,0.0,6,299,10
2025-10-26 07:00:00,24.0,91,8.6,24.7,0.43120652508673013,7,299,10
2025-10-26 08:00:00,169.0,39,10.3,26.0,4.717301186981095,8,299,10
2025-10-26 09:00:00,350.0,100,13.5,27.6,5.077662311355612,9,299,10
2025-10-26 10:00:00,325.0,100,14.2,28.1,5.266764262288706,10,299,10
2025-10-26 11:00:00,395.0,100,15.3,27.9,5.528941245165411,11,299,10
2025-10-26 12:00:00,338.0,100,15.3,26.9,5.250288654320439,12,299,10
2025-10-26 13:00:00,354.0,100,14.2,27.3,5.77007326602115,13,299,10
2025-10-26 14:00:00,326.0,100,14.8,27.5,5.194351451251934,14,299,10
2025-10-26 15:00:00,226.0,100,12.6,27.2,3.4644474936368344,15,299,10
2025-10-26 16:00:00,181.0,100,11.3,27.0,3.0419559720600127,16,299,10
2025-10-26 17:00:00,75.0,100,8.8,28.1,1.1857360313757794,17,299,10
2025-10-26 18:00:00,10.0,100,8.7,27.7,0.1522112229800047,18,299,10
2025-10-26 19:00:00,0.0,100,9.2,27.5,0.0,19,299,10
2025-10-26 20:00:00,0.0,100,9.2,27.2,0.0,20,299,10
2025-10-26 21:00:00,0.0,100,11.1,26.7,0.0,21,299,10
2025-10-26 22:00:00,0.0,100,10.4,26.0,0.0,22,299,10
2025-10-26 23:00:00,0.0,100,10.9,25.5,0.0,23,299,10
2025-10-27 00:00:00,0.0,100,11.1,25.1,0.0,0,300,10
2025-10-27 01:00:00,0.0,100,10.9,24.6,0.0,1,300,10
2025-10-27 02:00:00,0.0,100,11.1,24.4,0.0,2,300,10
2025-10-27 03:00:00,0.0,100,13.3,24.1,0.0,3,300,10
2025-10-27 04:00:00,0.0,100,12.1,23.8,0.0,4,300,10
2025-10-27 05:00:00,0.0,100,12.6,23.6,0.0,5,300,10
2025-10-27 06:00:00,0.0,100,12.5,23.5,0.0,6,300,10
2025-10-27 07:00:00,6.0,100,13.4,23.6,0.10107997607852705,7,300,10
2025-10-27 08:00:00,40.0,100,12.0,23.9,0.6219023613957644,8,300,10
2025-10-27 09:00:00,123.0,100,12.9,24.1,1.867427434765665,9,300,10
2025-10-27 10:00:00,48.0,100,12.5,24.0,0.7371439449837479,10,300,10
2025-10-27 11:00:00,179.0,100,10.9,24.9,2.7548201191766832,11,300,10
2025-10-27 12:00:00,139.0,100,9.2,25.3,2.2022285480245385,12,300,10
2025-10-27 13:00:00,151.0,100,9.8,25.5,2.3330714592249713,13,300,10
2025-10-27 14:00:00,128.0,100,9.4,25.7,2.1475293976921783,14,300,10
2025-10-27 15:00:00,108.0,100,9.4,25.7,1.648391910661992,15,300,10
2025-10-27 16:00:00,116.0,100,8.3,25.7,1.8853173396559986,16,300,10
2025-10-27 17:00:00,41.0,100,9.2,25.6,0.6601223772390458,17,300,10
2025-10-27 18:00:00,9.0,100,10.6,25.2,0.15205109866625066,18,300,10
2025-10-27 19:00:00,0.0,100,11.2,25.0,0.0,19,300,10
2025-10-27 20:00:00,0.0,100,13.8,24.7,0.0,20,300,10
2025-10-27 21:00:00,0.0,100,13.8,24.0,0.0,21,300,10
2025-10-27 22:00:00,0.0,100,18.1,23.6,0.0,22,300,10
2025-10-27 23:00:00,0.0,100,15.1,23.7,0.0,23,300,10
2025-10-28 00:00:00,0.0,100,17.0,23.7,0.0,0,301,10
2025-10-28 01:00:00,0.0,100,13.9,23.6,0.0,1,301,10
2025-10-28 02:00:00,0.0,100,11.6,23.3,0.0,2,301,10
2025-10-28 03:00:00,0.0,100,12.1,23.1,0.0,3,301,10
2025-10-28 04:00:00,0.0,100,12.7,23.0,0.0,4,301,10
2025-10-28 05:00:00,0.0,100,12.5,22.8,0.0,5,301,10
2025-10-28 06:00:00,0.0,100,13.9,22.8,0.0,6,301,10
2025-10-28 07:00:00,11.0,100,12.0,22.9,0.1681607210012639,7,301,10
2025-10-28 08:00:00,66.0,100,11.0,23.4,0.911268289826311,8,301,10
2025-10-28 09:00:00,148.0,100,9.4,24.2,2.425855461245666,9,301,10
2025-10-28 10:00:00,228.0,100,13.7,25.2,3.538249796886749,10,301,10
2025-10-28 11:00:00,155.0,100,14.0,25.6,2.3015087948171886,11,301,10
2025-10-28 12:00:00,154.0,100,12.3,25.5,2.496978967399157,12,301,10
2025-10-28 13:00:00,136.0,100,10.6,25.2,2.451646351653842,13,301,10
2025-10-28 14:00:00,233.0,98,11.1,26.0,3.609946791066126,14,301,10
2025-10-28 15:00:00,361.0,82,12.0,27.6,6.586724317180299,15,301,10
2025-10-28 16:00:00,234.0,97,11.0,27.6,3.9958733787048235,16,301,10
2025-10-28 17:00:00,107.0,91,10.9,25.4,1.8977968758191444,17,301,10
2025-10-28 18:00:00,11.0,100,11.8,25.0,0.17005931012522116,18,301,10
2025-10-28 19:00:00,0.0,99,13.1,24.8,0.0,19,301,10
2025-10-28 20:00:00,0.0,100,12.3,24.6,0.0,20,301,10
2025-10-28 21:00:00,0.0,99,13.1,24.4,0.0,21,301,10
2025-10-28 22:00:00,0.0,100,13.0,24.3,0.0,22,301,10
2025-10-28 23:00:00,0.0,100,14.0,23.9,0.0,23,301,10
2025-10-29 00:00:00,0.0,100,13.7,23.7,0.0,0,302,10
2025-10-29 01:00:00,0.0,100,13.3,23.6,0.0,1,302,10
2025-10-29 02:00:00,0.0,100,14.3,23.0,0.0,2,302,10
2025-10-29 03:00:00,0.0,99,15.3,22.6,0.0,3,302,10
2025-10-29 04:00:00,0.0,100,13.8,22.6,0.0,4,302,10
2025-10-29 05:00:00,0.0,100,14.0,23.2,0.0,5,302,10
2025-10-29 06:00:00,0.0,100,13.5,23.1,0.0,6,302,10
2025-10-29 07:00:00,21.0,100,13.4,23.1,0.2866331068886578,7,302,10
2025-10-29 08:00:00,114.0,100,10.8,23.7,1.971123374634628,8,302,10
2025-10-29 09:00:00,374.0,22,11.6,25.3,10.378255537979655,9,302,10
2025-10-29 10:00:00,532.0,13,11.5,26.9,14.601002654481672,10,302,10
2025-10-29 11:00:00,667.0,10,11.2,27.6,21.881699050764773,11,302,10
2025-10-29 12:00:00,733.0,41,11.9,28.7,19.819306161829182,12,302,10
2025-10-29 13:00:00,718.0,95,14.8,29.7,12.493128536912584,13,302,10
2025-10-29 14:00:00,484.0,99,13.9,29.8,7.600671659632062,14,302,10
2025-10-29 15:00:00,363.0,100,11.3,30.0,5.868421914883052,15,302,10
2025-10-29 16:00:00,245.0,100,8.0,30.0,3.690423304714293,16,302,10
2025-10-29 17:00:00,63.0,100,12.5,27.4,0.9766798616109087,17,302,10
2025-10-29 18:00:00,4.0,99,10.6,27.1,0.06208993657810083,18,302,10
2025-10-29 19:00:00,0.0,100,10.2,26.5,0.0,19,302,10
2025-10-29 20:00:00,0.0,100,10.9,26.2,0.0,20,302,10
2025-10-29 21:00:00,0.0,100,11.4,25.9,0.0,21,302,10
2025-10-29 22:00:00,0.0,99,10.7,25.8,0.0,22,302,10
2025-10-29 23:00:00,0.0,100,14.5,25.9,0.0,23,302,10
2025-10-30 00:00:00,0.0,89,13.4,25.5,0.0,0,303,10
2025-10-30 01:00:00,0.0,100,11.9,25.1,0.0,1,303,10
2025-10-30 02:00:00,0.0,99,11.1,25.0,0.0,2,303,10
2025-10-30 03:00:00,0.0,100,10.0,24.9,0.0,3,303,10
2025-10-30 04:00:00,0.0,100,9.5,24.5,0.0,4,303,10
2025-10-30 05:00:00,0.0,100,11.2,25.0,0.0,5,303,10
2025-10-30 06:00:00,0.0,100,11.7,25.1,0.0,6,303,10
2025-10-30 07:00:00,8.0,100,10.9,25.2,0.12722829897455493,7,303,10
2025-10-30 08:00:00,55.0,100,10.4,25.4,0.8320806005037408,8,303,10
2025-10-30 09:00:00,186.0,100,9.6,26.4,3.0645291063613627,9,303,10
2025-10-30 10:00:00,179.0,100,9.3,26.6,2.7074020475101506,10,303,10
2025-10-30 11:00:00,144.0,100,12.0,26.3,2.1717729649216224,11,303,10
2025-10-30 12:00:00,288.0,100,10.2,26.2,3.849061904177856,12,303,10
2025-10-30 13:00:00,120.0,100,6.8,25.6,1.848223716631793,13,303,10
2025-10-30 14:00:00,111.0,100,8.4,25.4,1.7649658134621962,14,303,10
2025-10-30 15:00:00,57.0,100,8.0,24.9,0.8931479748844354,15,303,10
2025-10-30 16:00:00,66.0,100,5.5,25.0,1.0804475865613288,16,303,10
2025-10-30 17:00:00,97.0,100,8.0,24.4,1.3171945101065066,17,303,10
2025-10-30 18:00:00,8.0,100,7.8,24.2,0.12203906945612532,18,303,10
2025-10-30 19:00:00,0.0,100,8.2,24.3,0.0,19,303,10
2025-10-30 20:00:00,0.0,100,7.3,24.3,0.0,20,303,10
2025-10-30 21:00:00,0.0,100,7.9,24.4,0.0,21,303,10
2025-10-30 22:00:00,0.0,100,7.7,24.2,0.0,22,303,10
2025-10-30 23:00:00,0.0,98,9.3,23.6,0.0,23,303,10
2025-10-31 00:00:00,0.0,79,10.0,23.6,0.0,0,304,10
2025-10-31 01:00:00,0.0,100,10.1,23.5,0.0,1,304,10
2025-10-31 02:00:00,0.0,100,10.5,23.6,0.0,2,304,10
2025-10-31 03:00:00,0.0,100,10.2,23.4,0.0,3,304,10
2025-10-31 04:00:00,0.0,95,12.4,23.4,0.0,4,304,10
2025-10-31 05:00:00,0.0,98,12.9,22.9,0.0,5,304,10
2025-10-31 06:00:00,0.0,100,11.7,23.0,0.0,6,304,10
2025-10-31 07:00:00,10.0,84,11.3,23.3,0.19579340384932994,7,304,10
2025-10-31 08:00:00,125.0,100,9.2,24.0,2.126233283971468,8,304,10
2025-10-31 09:00:00,105.0,100,7.9,24.3,1.7980339678418782,9,304,10
2025-10-31 10:00:00,529.0,100,12.1,26.7,7.537731850429336,10,304,10
2025-10-31 11:00:00,312.0,100,11.6,26.6,4.821610768127756,11,304,10
2025-10-31 12:00:00,417.0,100,10.8,27.1,6.258755928742521,12,304,10
2025-10-31 13:00:00,358.0,100,6.4,27.4,5.58944005925839,13,304,10
2025-10-31 14:00:00,203.0,99,4.8,27.0,2.9876995326427402,14,304,10
2025-10-31 15:00:00,282.0,100,4.0,27.4,4.223321419650695,15,304,10
2025-10-31 16:00:00,207.0,100,5.6,27.4,3.156910745900903,16,304,10
2025-10-31 17:00:00,83.0,100,6.6,26.5,1.3410920671034003,17,304,10
2025-10-31 18:00:00,4.0,100,7.5,25.9,0.061181662362734424,18,304,10
2025-10-31 19:00:00,0.0,100,9.0,25.3,0.0,19,304,10
2025-10-31 20:00:00,0.0,100,7.1,25.3,0.0,20,304,10
2025-10-31 21:00:00,0.0,100,8.1,25.0,0.0,21,304,10
2025-10-31 22:00:00,0.0,91,8.5,24.8,0.0,22,304,10
2025-10-31 23:00:00,0.0,100,8.4,25.2,0.0,23,304,10
2025-11-01 00:00:00,0.0,100,9.6,25.1,0.0,0,305,11
2025-11-01 01:00:00,0.0,98,8.3,24.9,0.0,1,305,11
2025-11-01 02:00:00,0.0,84,7.9,24.7,0.0,2,305,11
2025-11-01 03:00:00,0.0,99,6.3,24.6,0.0,3,305,11
2025-11-01 04:00:00,0.0,100,4.4,24.3,0.0,4,305,11
2025-11-01 05:00:00,0.0,91,6.5,23.9,0.0,5,305,11
2025-11-01 06:00:00,0.0,77,6.3,24.0,0.0,6,305,11
2025-11-01 07:00:00,22.0,97,7.4,24.1,0.3732711135127789,7,305,11
2025-11-01 08:00:00,169.0,100,6.9,25.2,2.775221673358268,8,305,11
2025-11-01 09:00:00,287.0,84,10.2,26.4,5.068977573328758,9,305,11
2025-11-01 10:00:00,424.0,73,6.4,27.3,8.796636082844634,10,305,11
2025-11-01 11:00:00,415.0,100,9.7,28.3,6.619829547506028,11,305,11
2025-11-01 12:00:00,227.0,91,4.9,27.3,4.01709905083499,12,305,11
2025-11-01 13:00:00,413.0,81,7.5,27.9,7.828161095396439,13,305,11
2025-11-01 14:00:00,474.0,98,6.0,28.0,7.899096519604284,14,305,11
2025-11-01 15:00:00,427.0,100,3.5,28.6,6.55025555191358,15,305,11
2025-11-01 16:00:00,223.0,45,1.8,28.6,5.438050844426989,16,305,11
2025-11-01 17:00:00,110.0,99,3.3,27.0,1.7919440417817825,17,305,11
2025-11-01 18:00:00,9.0,100,4.4,26.4,0.14220969491458835,18,305,11
2025-11-01 19:00:00,0.0,100,4.5,26.1,0.0,19,305,11
2025-11-01 20:00:00,0.0,100,5.8,25.9,0.0,20,305,11
2025-11-01 21:00:00,0.0,99,5.8,25.6,0.0,21,305,11
2025-11-01 22:00:00,0.0,92,5.2,25.4,0.0,22,305,11
2025-11-01 23:00:00,0.0,19,3.1,25.3,0.0,23,305,11
2025-11-02 00:00:00,0.0,83,4.9,25.7,0.0,0,306,11
2025-11-02 01:00:00,0.0,100,6.2,25.2,0.0,1,306,11
2025-11-02 02:00:00,0.0,97,4.4,25.0,0.0,2,306,11
2025-11-02 03:00:00,0.0,100,5.2,24.8,0.0,3,306,11
2025-11-02 04:00:00,0.0,100,5.4,24.7,0.0,4,306,11
2025-11-02 05:00:00,0.0,100,6.0,24.5,0.0,5,306,11
2025-11-02 06:00:00,0.0,87,6.3,24.7,0.0,6,306,11
2025-11-02 07:00:00,24.0,33,6.7,25.0,0.6930176134407846,7,306,11
2025-11-02 08:00:00,163.0,66,6.4,26.0,3.7087847711189434,8,306,11
2025-11-02 09:00:00,290.0,74,6.2,27.0,5.545195692019944,9,306,11
2025-11-02 10:00:00,434.0,45,6.0,28.0,11.849515591454995,10,306,11
2025-11-02 11:00:00,566.0,32,7.9,28.2,14.927012201537451,11,306,11
2025-11-02 12:00:00,630.0,26,5.5,29.4,19.308456143363127,12,306,11
2025-11-02 13:00:00,653.0,20,4.0,30.3,18.303126429644124,13,306,11
2025-11-02 14:00:00,594.0,18,4.6,30.8,18.633231825328394,14,306,11
2025-11-02 15:00:00,464.0,27,5.8,30.7,12.979003775750062,15,306,11
2025-11-02 16:00:00,290.0,21,8.3,29.1,8.897788973452919,16,306,11
2025-11-02 17:00:00,114.0,13,3.5,27.5,3.4270326485980753,17,306,11
2025-11-02 18:00:00,9.0,5,5.9,26.9,0.30019644717302546,18,306,11
2025-11-02 19:00:00,0.0,2,6.3,26.5,0.0,19,306,11
2025-11-02 20:00:00,0.0,6,5.6,26.4,0.0,20,306,11
2025-11-02 21:00:00,0.0,2,7.5,26.2,0.0,21,306,11
2025-11-02 22:00:00,0.0,25,8.9,25.9,0.0,22,306,11
2025-11-02 23:00:00,0.0,35,6.1,24.9,0.0,23,306,11
2025-11-03 00:00:00,0.0,20,7.4,25.1,0.0,0,307,11
2025-11-03 01:00:00,0.0,66,4.5,24.9,0.0,1,307,11
2025-11-03 02:00:00,0.0,16,2.2,24.8,0.0,2,307,11
2025-11-03 03:00:00,0.0,28,1.4,24.4,0.0,3,307,11
2025-11-03 04:00:00,0.0,100,2.0,24.4,0.0,4,307,11
2025-11-03 05:00:00,0.0,15,5.2,23.9,0.0,5,307,11
2025-11-03 06:00:00,0.0,38,3.5,24.0,0.0,6,307,11
2025-11-03 07:00:00,22.0,19,3.9,24.2,0.662701291453085,7,307,11
2025-11-03 08:00:00,154.0,25,3.4,25.3,4.106253002675738,8,307,11
2025-11-03 09:00:00,329.0,56,6.6,27.0,8.375123853369276,9,307,11
2025-11-03 10:00:00,417.0,20,7.1,28.2,12.895106784922538,10,307,11
2025-11-03 11:00:00,626.0,15,10.0,29.6,20.442466550929794,11,307,11
2025-11-03 12:00:00,689.0,15,10.8,30.3,22.08870996317993,12,307,11
2025-11-03 13:00:00,681.0,20,10.3,30.7,19.64231453846877,13,307,11
2025-11-03 14:00:00,596.0,23,10.3,30.8,17.49974526056378,14,307,11
2025-11-03 15:00:00,475.0,56,10.5,30.5,11.194388001187672,15,307,11
2025-11-03 16:00:00,230.0,58,8.5,29.4,5.060874047364206,16,307,11
2025-11-03 17:00:00,102.0,81,10.2,29.0,1.979598132763357,17,307,11
2025-11-03 18:00:00,8.0,20,11.4,27.5,0.26602772968677046,18,307,11
2025-11-03 19:00:00,0.0,60,12.1,27.0,0.0,19,307,11
2025-11-03 20:00:00,0.0,27,10.4,26.4,0.0,20,307,11
2025-11-03 21:00:00,0.0,44,8.9,26.0,0.0,21,307,11
2025-11-03 22:00:00,0.0,34,8.9,25.8,0.0,22,307,11
2025-11-03 23:00:00,0.0,11,9.9,25.2,0.0,23,307,11
2025-11-04 00:00:00,0.0,17,8.4,24.8,0.0,0,308,11
2025-11-04 01:00:00,0.0,9,8.4,24.7,0.0,1,308,11
2025-11-04 02:00:00,0.0,31,8.1,24.5,0.0,2,308,11
2025-11-04 03:00:00,0.0,98,8.5,24.3,0.0,3,308,11
2025-11-04 04:00:00,0.0,60,8.9,24.0,0.0,4,308,11
2025-11-04 05:00:00,0.0,82,8.6,24.1,0.0,5,308,11
2025-11-04 06:00:00,0.0,84,8.2,24.0,0.0,6,308,11
2025-11-04 07:00:00,22.0,60,7.6,23.9,0.49653857770824167,7,308,11
2025-11-04 08:00:00,170.0,34,8.1,24.9,4.97012814259566,8,308,11
2025-11-04 09:00:00,336.0,40,9.9,26.2,9.123325398445548,9,308,11
2025-11-04 10:00:00,454.0,34,8.3,27.3,11.813678609197629,10,308,11
2025-11-04 11:00:00,587.0,22,7.2,28.2,17.612947459959013,11,308,11
2025-11-04 12:00:00,679.0,16,7.0,29.0,19.44081114912356,12,308,11
2025-11-04 13:00:00,659.0,15,7.2,29.6,21.133262481895937,13,308,11
2025-11-04 14:00:00,631.0,3,6.3,30.1,20.67766556193502,14,308,11
2025-11-04 15:00:00,511.0,1,7.1,30.3,17.46328794126742,15,308,11
2025-11-04 16:00:00,332.0,0,6.3,29.9,10.887557571121913,16,308,11
2025-11-04 17:00:00,136.0,0,2.8,28.5,4.650646191740575,17,308,11
2025-11-04 18:00:00,9.0,1,2.6,27.7,0.3016022507401915,18,308,11
2025-11-04 19:00:00,0.0,1,4.0,27.1,0.0,19,308,11
2025-11-04 20:00:00,0.0,0,7.2,25.6,0.0,20,308,11
2025-11-04 21:00:00,0.0,0,7.9,24.6,0.0,21,308,11
2025-11-04 22:00:00,0.0,0,5.9,24.1,0.0,22,308,11
2025-11-04 23:00:00,0.0,0,5.4,24.0,0.0,23,308,11
2025-11-05 00:00:00,0.0,0,5.2,23.9,0.0,0,309,11
2025-11-05 01:00:00,0.0,0,3.2,23.5,0.0,1,309,11
2025-11-05 02:00:00,0.0,0,0.5,23.0,0.0,2,309,11
2025-11-05 03:00:00,0.0,100,4.4,22.5,0.0,3,309,11
2025-11-05 04:00:00,0.0,100,4.2,22.1,0.0,4,309,11
2025-11-05 05:00:00,0.0,100,6.2,22.7,0.0,5,309,11
2025-11-05 06:00:00,0.0,55,5.0,22.6,0.0,6,309,11
2025-11-05 07:00:00,22.0,93,5.2,22.3,0.3251888576729919,7,309,11
2025-11-05 08:00:00,172.0,81,6.1,23.3,3.4114715349590687,8,309,11
2025-11-05 09:00:00,370.0,58,4.1,24.8,9.323294107742456,9,309,11
2025-11-05 10:00:00,551.0,18,4.0,26.2,17.805738103149015,10,309,11
2025-11-05 11:00:00,687.0,0,3.6,28.2,23.038326255002747,11,309,11
2025-11-05 12:00:00,752.0,30,3.3,29.3,22.310397422224202,12,309,11
2025-11-05 13:00:00,738.0,63,2.9,30.0,17.273789135600566,13,309,11
2025-11-05 14:00:00,671.0,36,3.0,30.5,17.645160249519762,14,309,11
2025-11-05 15:00:00,525.0,3,3.2,30.6,17.83151643248038,15,309,11
2025-11-05 16:00:00,334.0,5,4.1,30.3,11.163459123528956,16,309,11
2025-11-05 17:00:00,134.0,0,1.9,29.0,5.078930660964483,17,309,11
2025-11-05 18:00:00,9.0,0,1.9,28.2,0.3168972965577397,18,309,11
2025-11-05 19:00:00,0.0,0,2.4,27.6,0.0,19,309,11
2025-11-05 20:00:00,0.0,0,6.9,26.3,0.0,20,309,11
2025-11-05 21:00:00,0.0,0,6.9,25.6,0.0,21,309,11
2025-11-05 22:00:00,0.0,0,6.9,25.4,0.0,22,309,11
2025-11-05 23:00:00,0.0,0,4.8,24.7,0.0,23,309,11
2025-11-06 00:00:00,0.0,0,3.9,24.6,0.0,0,310,11
2025-11-06 01:00:00,0.0,0,4.9,23.8,0.0,1,310,11
2025-11-06 02:00:00,0.0,0,6.4,23.2,0.0,2,310,11
2025-11-06 03:00:00,0.0,0,5.6,22.6,0.0,3,310,11
2025-11-06 04:00:00,0.0,0,6.2,21.6,0.0,4,310,11
2025-11-06 05:00:00,0.0,0,5.1,21.5,0.0,5,310,11
2025-11-06 06:00:00,0.0,0,5.0,21.9,0.0,6,310,11
2025-11-06 07:00:00,23.0,0,6.8,21.8,0.7568853743681395,7,310,11
2025-11-06 08:00:00,179.0,0,5.8,23.0,6.094033399643228,8,310,11
2025-11-06 09:00:00,383.0,0,4.7,25.4,13.007856975414123,9,310,11
2025-11-06 10:00:00,564.0,0,5.6,27.3,19.20730681172068,10,310,11
2025-11-06 11:00:00,695.0,0,5.3,28.9,21.288840590791168,11,310,11
2025-11-06 12:00:00,762.0,0,5.1,29.9,24.088165300424258,12,310,11
2025-11-06 13:00:00,754.0,0,5.2,30.6,26.014455649134916,13,310,11
2025-11-06 14:00:00,674.0,0,5.3,30.8,24.2974828530529,14,310,11
2025-11-06 15:00:00,531.0,0,5.3,30.6,18.11292806274026,15,310,11
2025-11-06 16:00:00,342.0,0,5.4,30.1,10.024030491045064,16,310,11
2025-11-06 17:00:00,138.0,0,4.9,28.3,4.557830306773654,17,310,11
2025-11-06 18:00:00,9.0,0,4.5,27.0,0.2786498050074931,18,310,11
2025-11-06 19:00:00,0.0,0,3.9,25.8,0.0,19,310,11
2025-11-06 20:00:00,0.0,0,3.8,24.9,0.0,20,310,11
2025-11-06 21:00:00,0.0,0,5.6,24.2,0.0,21,310,11
2025-11-06 22:00:00,0.0,0,4.7,23.4,0.0,22,310,11
2025-11-06 23:00:00,0.0,0,4.9,22.3,0.0,23,310,11
2025-11-07 00:00:00,0.0,0,5.4,22.1,0.0,0,311,11
2025-11-07 01:00:00,0.0,0,6.5,21.1,0.0,1,311,11
2025-11-07 02:00:00,0.0,0,8.1,20.0,0.0,2,311,11
2025-11-07 03:00:00,0.0,0,9.4,19.2,0.0,3,311,11
2025-11-07 04:00:00,0.0,0,8.9,18.9,0.0,4,311,11
2025-11-07 05:00:00,0.0,0,9.3,19.1,0.0,5,311,11
2025-11-07 06:00:00,0.0,0,9.9,19.1,0.0,6,311,11
2025-11-07 07:00:00,24.0,0,9.9,19.1,0.8310604925609973,7,311,11
2025-11-07 08:00:00,186.0,0,9.6,20.5,6.405809785293869,8,311,11
2025-11-07 09:00:00,396.0,0,5.9,22.6,13.428421071583346,9,311,11
2025-11-07 10:00:00,581.0,0,6.1,25.0,19.12151395117496,10,311,11
2025-11-07 11:00:00,713.0,0,6.3,27.6,24.867039901577254,11,311,11
2025-11-07 12:00:00,779.0,0,6.5,29.0,27.377121058686644,12,311,11
2025-11-07 13:00:00,770.0,0,6.5,29.7,27.89738686434172,13,311,11
2025-11-07 14:00:00,689.0,0,6.7,29.9,20.907841056788037,14,311,11
2025-11-07 15:00:00,544.0,0,7.3,29.6,17.942745951499305,15,311,11
2025-11-07 16:00:00,350.0,0,6.3,28.8,11.104477435139108,16,311,11
2025-11-07 17:00:00,140.0,0,4.3,27.3,4.574323973412429,17,311,11
2025-11-07 18:00:00,9.0,0,4.7,26.3,0.32010024130878867,18,311,11
2025-11-07 19:00:00,0.0,0,5.6,24.9,0.0,19,311,11
2025-11-07 20:00:00,0.0,0,3.6,23.3,0.0,20,311,11
2025-11-07 21:00:00,0.0,0,3.1,22.4,0.0,21,311,11
2025-11-07 22:00:00,0.0,0,3.5,21.8,0.0,22,311,11
2025-11-07 23:00:00,0.0,0,4.4,20.3,0.0,23,311,11
2025-11-08 00:00:00,0.0,0,5.0,20.3,0.0,0,312,11
2025-11-08 01:00:00,0.0,0,6.4,19.7,0.0,1,312,11
2025-11-08 02:00:00,0.0,0,7.0,18.7,0.0,2,312,11
2025-11-08 03:00:00,0.0,0,7.7,17.9,0.0,3,312,11
2025-11-08 04:00:00,0.0,0,8.4,17.2,0.0,4,312,11
2025-11-08 05:00:00,0.0,0,8.4,17.3,0.0,5,312,11
2025-11-08 06:00:00,0.0,0,8.9,17.2,0.0,6,312,11
2025-11-08 07:00:00,23.0,0,9.1,17.1,0.817846336220695,7,312,11
2025-11-08 08:00:00,185.0,0,8.2,18.4,6.8283178704146215,8,312,11
2025-11-08 09:00:00,395.0,0,4.8,21.0,14.175623140121722,9,312,11
2025-11-08 10:00:00,580.0,0,3.8,23.9,20.520301770917715,10,312,11
2025-11-08 11:00:00,712.0,0,3.6,27.1,24.923431304847742,11,312,11
2025-11-08 12:00:00,777.0,0,3.4,28.8,26.970882240134454,12,312,11
2025-11-08 13:00:00,768.0,0,3.5,29.5,26.31167350236663,13,312,11
2025-11-08 14:00:00,686.0,0,5.0,29.7,24.911418691123874,14,312,11
2025-11-08 15:00:00,540.0,0,6.4,29.5,19.596210861924213,15,312,11
2025-11-08 16:00:00,347.0,0,6.7,28.9,10.4986529731251,16,312,11
2025-11-08 17:00:00,138.0,0,8.5,27.1,4.635573673427632,17,312,11
2025-11-08 18:00:00,8.0,0,8.0,26.1,0.23689696246638595,18,312,11
2025-11-08 19:00:00,0.0,0,7.4,25.4,0.0,19,312,11
2025-11-08 20:00:00,0.0,0,7.1,24.4,0.0,20,312,11
2025-11-08 21:00:00,0.0,0,7.6,23.5,0.0,21,312,11
2025-11-08 22:00:00,0.0,0,5.6,22.7,0.0,22,312,11
2025-11-08 23:00:00,0.0,0,4.2,21.0,0.0,23,312,11
2025-11-09 00:00:00,0.0,0,4.1,20.7,0.0,0,313,11
2025-11-09 01:00:00,0.0,0,8.8,19.5,0.0,1,313,11
2025-11-09 02:00:00,0.0,0,8.4,19.6,0.0,2,313,11
2025-11-09 03:00:00,0.0,0,7.2,19.4,0.0,3,313,11
2025-11-09 04:00:00,0.0,0,8.2,17.4,0.0,4,313,11
2025-11-09 05:00:00,0.0,0,6.8,17.2,0.0,5,313,11
2025-11-09 06:00:00,0.0,0,7.9,17.1,0.0,6,313,11
2025-11-09 07:00:00,22.0,0,8.4,16.8,0.7146853725832485,7,313,11
2025-11-09 08:00:00,179.0,0,6.8,18.5,6.011904177733679,8,313,11
2025-11-09 09:00:00,387.0,0,3.6,21.2,13.369190293462273,9,313,11
2025-11-09 10:00:00,571.0,0,2.7,24.3,18.790510729164794,10,313,11
2025-11-09 11:00:00,702.0,0,3.7,27.5,24.773056409086706,11,313,11
2025-11-09 12:00:00,768.0,0,3.2,29.1,24.648743012246264,12,313,11
2025-11-09 13:00:00,760.0,0,1.4,29.7,24.004956902621483,13,313,11
2025-11-09 14:00:00,679.0,0,2.3,29.8,24.965581253044128,14,313,11
2025-11-09 15:00:00,533.0,0,3.9,29.7,17.499865399759127,15,313,11
2025-11-09 16:00:00,341.0,0,5.3,29.2,12.353012582449232,16,313,11
2025-11-09 17:00:00,135.0,0,7.9,28.1,4.823942548653908,17,313,11
2025-11-09 18:00:00,8.0,0,7.9,27.2,0.2655675653208386,18,313,11
2025-11-09 19:00:00,0.0,0,7.9,26.1,0.0,19,313,11
2025-11-09 20:00:00,0.0,0,8.0,24.7,0.0,20,313,11
2025-11-09 21:00:00,0.0,0,7.3,24.2,0.0,21,313,11
2025-11-09 22:00:00,0.0,0,5.2,24.0,0.0,22,313,11
2025-11-09 23:00:00,0.0,0,4.3,22.4,0.0,23,313,11
2025-11-10 00:00:00,0.0,0,5.7,21.0,0.0,0,314,11
2025-11-10 01:00:00,0.0,0,6.7,19.8,0.0,1,314,11
2025-11-10 02:00:00,0.0,0,7.4,19.1,0.0,2,314,11
2025-11-10 03:00:00,0.0,0,8.3,18.6,0.0,3,314,11
2025-11-10 04:00:00,0.0,0,6.9,18.5,0.0,4,314,11
2025-11-10 05:00:00,0.0,0,7.0,18.2,0.0,5,314,11
2025-11-10 06:00:00,0.0,0,7.7,17.8,0.0,6,314,11
2025-11-10 07:00:00,21.0,0,7.3,17.5,0.7529237490239777,7,314,11
2025-11-10 08:00:00,177.0,0,5.2,19.4,6.606399923402737,8,314,11
2025-11-10 09:00:00,384.0,0,3.1,22.3,13.778662656646397,9,314,11
2025-11-10 10:00:00,567.0,0,3.6,25.3,19.942919724694153,10,314,11
2025-11-10 11:00:00,698.0,0,3.5,27.8,24.614893822846287,11,314,11
2025-11-10 12:00:00,763.0,0,3.9,29.4,27.462807835235154,12,314,11
2025-11-10 13:00:00,754.0,0,3.2,29.8,28.749380243702774,13,314,11
2025-11-10 14:00:00,674.0,0,2.8,30.0,21.188510248242178,14,314,11
2025-11-10 15:00:00,529.0,0,2.6,29.8,20.03686440805872,15,314,11
2025-11-10 16:00:00,337.0,0,3.0,29.4,11.789046832571414,16,314,11
2025-11-10 17:00:00,132.0,0,6.4,28.1,4.5092509553927815,17,314,11
2025-11-10 18:00:00,7.0,0,3.3,26.8,0.2201042351858249,18,314,11
2025-11-10 19:00:00,0.0,0,2.2,26.0,0.0,19,314,11
2025-11-10 20:00:00,0.0,0,4.3,25.6,0.0,20,314,11
2025-11-10 21:00:00,0.0,0,2.7,25.6,0.0,21,314,11
2025-11-10 22:00:00,0.0,0,1.4,24.2,0.0,22,314,11
2025-11-10 23:00:00,0.0,0,0.4,22.6,0.0,23,314,11
2025-11-11 00:00:00,0.0,0,1.8,22.5,0.0,0,315,11
2025-11-11 01:00:00,0.0,0,2.5,21.5,0.0,1,315,11
2025-11-11 02:00:00,0.0,0,3.9,20.5,0.0,2,315,11
2025-11-11 03:00:00,0.0,0,6.4,19.4,0.0,3,315,11
2025-11-11 04:00:00,0.0,0,6.9,18.8,0.0,4,315,11
2025-11-11 05:00:00,0.0,0,7.3,18.0,0.0,5,315,11
2025-11-11 06:00:00,0.0,0,7.8,17.8,0.0,6,315,11
2025-11-11 07:00:00,20.0,0,7.4,17.8,0.6861007437611569,7,315,11
2025-11-11 08:00:00,173.0,0,5.5,19.8,6.707371679465163,8,315,11
2025-11-11 09:00:00,378.0,0,3.3,23.0,13.267922762622097,9,315,11
2025-11-11 10:00:00,559.0,0,4.2,26.0,18.722773719266055,10,315,11
2025-11-11 11:00:00,689.0,0,3.8,28.4,21.791217771071285,11,315,11
2025-11-11 12:00:00,756.0,0,3.1,29.6,23.72946810196718,12,315,11
2025-11-11 13:00:00,748.0,0,2.7,30.1,26.7429523101689,13,315,11
2025-11-11 14:00:00,668.0,0,2.3,30.2,23.17487666397076,14,315,11
2025-11-11 15:00:00,524.0,0,2.6,30.2,16.818061423714656,15,315,11
2025-11-11 16:00:00,333.0,0,3.3,29.7,11.154436526230732,16,315,11
2025-11-11 17:00:00,130.0,0,4.9,28.1,4.308738178772141,17,315,11
2025-11-11 18:00:00,7.0,0,2.2,26.8,0.2416212676115673,18,315,11
2025-11-11 19:00:00,0.0,0,3.7,26.0,0.0,19,315,11
2025-11-11 20:00:00,0.0,0,5.5,25.7,0.0,20,315,11
2025-11-11 21:00:00,0.0,0,6.2,25.5,0.0,21,315,11
2025-11-11 22:00:00,0.0,0,6.0,24.6,0.0,22,315,11
2025-11-11 23:00:00,0.0,0,4.9,23.7,0.0,23,315,11
2025-11-12 00:00:00,0.0,0,5.0,23.1,0.0,0,316,11
2025-11-12 01:00:00,0.0,0,5.1,21.5,0.0,1,316,11
2025-11-12 02:00:00,0.0,0,6.7,20.5,0.0,2,316,11
2025-11-12 03:00:00,0.0,0,7.5,19.8,0.0,3,316,11
2025-11-12 04:00:00,0.0,0,8.1,19.3,0.0,4,316,11
2025-11-12 05:00:00,0.0,0,8.0,18.6,0.0,5,316,11
2025-11-12 06:00:00,0.0,0,8.2,18.3,0.0,6,316,11
2025-11-12 07:00:00,19.0,0,8.1,18.2,0.6114664387651958,7,316,11
2025-11-12 08:00:00,169.0,0,6.4,20.0,5.831837333258694,8,316,11
2025-11-12 09:00:00,373.0,0,3.9,23.0,11.629699543296908,9,316,11
2025-11-12 10:00:00,554.0,0,4.5,25.9,18.826349866210624,10,316,11
2025-11-12 11:00:00,683.0,0,5.6,28.3,22.808640727705384,11,316,11
2025-11-12 12:00:00,749.0,0,4.7,29.8,25.016221428743016,12,316,11
2025-11-12 13:00:00,741.0,0,3.8,30.2,26.86688195685101,13,316,11
2025-11-12 14:00:00,661.0,0,3.6,30.4,24.04099917617965,14,316,11
2025-11-12 15:00:00,519.0,0,4.2,30.3,18.460628691531653,15,316,11
2025-11-12 16:00:00,330.0,0,5.6,29.8,10.4906868360628,16,316,11
2025-11-12 17:00:00,128.0,0,7.1,28.7,4.705164739823547,17,316,11
2025-11-12 18:00:00,7.0,0,6.6,27.8,0.25210418040610477,18,316,11
2025-11-12 19:00:00,0.0,0,5.6,27.4,0.0,19,316,11
2025-11-12 20:00:00,0.0,0,5.6,27.0,0.0,20,316,11
2025-11-12 21:00:00,0.0,0,6.1,25.6,0.0,21,316,11
2025-11-12 22:00:00,0.0,0,6.3,23.8,0.0,22,316,11
2025-11-12 23:00:00,0.0,0,7.3,22.5,0.0,23,316,11
2025-11-13 00:00:00,0.0,0,7.2,22.4,0.0,0,317,11
2025-11-13 01:00:00,0.0,0,8.0,22.2,0.0,1,317,11
2025-11-13 02:00:00,0.0,0,7.9,21.6,0.0,2,317,11
2025-11-13 03:00:00,0.0,0,7.1,20.1,0.0,3,317,11
2025-11-13 04:00:00,0.0,0,8.3,18.9,0.0,4,317,11
2025-11-13 05:00:00,0.0,0,8.1,18.5,0.0,5,317,11
2025-11-13 06:00:00,0.0,0,8.2,18.6,0.0,6,317,11
2025-11-13 07:00:00,18.0,0,8.6,18.5,0.6674852035671417,7,317,11
2025-11-13 08:00:00,166.0,0,7.6,19.8,5.482477380946782,8,317,11
2025-11-13 09:00:00,369.0,0,4.8,22.5,12.61498561735907,9,317,11
2025-11-13 10:00:00,549.0,0,5.5,25.7,20.58379564052384,10,317,11
2025-11-13 11:00:00,679.0,0,6.7,28.4,22.357487647688455,11,317,11
2025-11-13 12:00:00,744.0,0,6.9,29.9,24.876044591463167,12,317,11
2025-11-13 13:00:00,736.0,0,6.9,30.3,24.76105268834289,13,317,11
2025-11-13 14:00:00,657.0,0,7.1,30.4,18.797865995326728,14,317,11
2025-11-13 15:00:00,515.0,0,7.6,30.2,16.80517776654596,15,317,11
2025-11-13 16:00:00,326.0,0,7.3,29.7,11.650389801889055,16,317,11
2025-11-13 17:00:00,126.0,0,6.8,29.0,4.091822715880228,17,317,11
2025-11-13 18:00:00,7.0,0,5.3,28.1,0.2455354448616792,18,317,11
2025-11-13 19:00:00,0.0,0,6.4,26.8,0.0,19,317,11
2025-11-13 20:00:00,0.0,0,6.7,26.0,0.0,20,317,11
2025-11-13 21:00:00,0.0,0,6.8,25.2,0.0,21,317,11
2025-11-13 22:00:00,0.0,0,6.4,24.5,0.0,22,317,11
2025-11-13 23:00:00,0.0,0,7.9,23.0,0.0,23,317,11
2025-11-14 00:00:00,0.0,0,9.6,22.0,0.0,0,318,11
2025-11-14 01:00:00,0.0,0,8.7,20.8,0.0,1,318,11
2025-11-14 02:00:00,0.0,0,8.9,19.6,0.0,2,318,11
2025-11-14 03:00:00,0.0,0,9.8,19.1,0.0,3,318,11
2025-11-14 04:00:00,0.0,0,10.2,18.5,0.0,4,318,11
2025-11-14 05:00:00,0.0,0,10.9,18.4,0.0,5,318,11
2025-11-14 06:00:00,0.0,0,11.2,18.6,0.0,6,318,11
2025-11-14 07:00:00,17.0,0,10.7,18.6,0.5382723162468234,7,318,11
2025-11-14 08:00:00,164.0,0,8.4,20.0,5.597046432611788,8,318,11
2025-11-14 09:00:00,367.0,0,8.3,22.2,11.85960851584586,9,318,11
2025-11-14 10:00:00,547.0,0,8.4,24.8,19.16078305636864,10,318,11
2025-11-14 11:00:00,676.0,0,8.9,27.8,22.751691961989778,11,318,11
2025-11-14 12:00:00,741.0,0,9.7,29.5,22.854583246316903,12,318,11
2025-11-14 13:00:00,734.0,0,9.9,30.2,26.500811205886563,13,318,11
2025-11-14 14:00:00,656.0,0,9.2,30.3,21.50238426131876,14,318,11
2025-11-14 15:00:00,515.0,0,9.0,30.2,17.304195712854543,15,318,11
2025-11-14 16:00:00,327.0,0,9.0,29.7,11.505485551881145,16,318,11
2025-11-14 17:00:00,126.0,0,8.0,28.8,4.232931642032997,17,318,11
2025-11-14 18:00:00,6.0,0,5.9,28.0,0.18397260618202016,18,318,11
2025-11-14 19:00:00,0.0,0,6.6,26.6,0.0,19,318,11
2025-11-14 20:00:00,0.0,0,7.4,25.6,0.0,20,318,11
2025-11-14 21:00:00,0.0,0,8.7,24.7,0.0,21,318,11
2025-11-14 22:00:00,0.0,0,8.5,23.8,0.0,22,318,11
2025-11-14 23:00:00,0.0,0,8.7,22.8,0.0,23,318,11
2025-11-15 00:00:00,0.0,0,10.0,21.7,0.0,0,319,11
2025-11-15 01:00:00,0.0,0,9.8,20.3,0.0,1,319,11
2025-11-15 02:00:00,0.0,0,8.5,19.5,0.0,2,319,11
2025-11-15 03:00:00,0.0,0,9.4,19.1,0.0,3,319,11
2025-11-15 04:00:00,0.0,0,9.8,18.5,0.0,4,319,11
2025-11-15 05:00:00,0.0,0,11.6,18.7,0.0,5,319,11
2025-11-15 06:00:00,0.0,0,12.0,18.6,0.0,6,319,11
2025-11-15 07:00:00,17.0,0,12.3,18.6,0.4948080162407192,7,319,11
2025-11-15 08:00:00,162.0,0,9.7,20.0,5.597335567240677,8,319,11
2025-11-15 09:00:00,363.0,0,10.2,22.1,11.762142760673488,9,319,11
2025-11-15 10:00:00,542.0,0,10.3,24.6,18.144592528404043,10,319,11
2025-11-15 11:00:00,672.0,0,9.9,27.4,23.53871771920398,11,319,11
2025-11-15 12:00:00,737.0,0,9.7,29.0,25.941544445790154,12,319,11
2025-11-15 13:00:00,730.0,0,9.5,29.8,24.908035373899764,13,319,11
2025-11-15 14:00:00,651.0,0,8.7,30.1,22.036238538755264,14,319,11
2025-11-15 15:00:00,510.0,0,9.0,29.9,18.142021163794997,15,319,11
2025-11-15 16:00:00,323.0,0,9.0,29.4,10.836733273325292,16,319,11
2025-11-15 17:00:00,124.0,0,8.6,28.4,4.045229361852536,17,319,11
2025-11-15 18:00:00,6.0,0,7.4,27.4,0.20125457872109742,18,319,11
2025-11-15 19:00:00,0.0,0,8.4,26.2,0.0,19,319,11
2025-11-15 20:00:00,0.0,0,9.1,25.3,0.0,20,319,11
2025-11-15 21:00:00,0.0,0,10.1,24.3,0.0,21,319,11
2025-11-15 22:00:00,0.0,0,9.4,23.8,0.0,22,319,11
2025-11-15 23:00:00,0.0,0,10.0,23.1,0.0,23,319,11
2025-11-16 00:00:00,0.0,0,10.1,21.5,0.0,0,320,11
2025-11-16 01:00:00,0.0,0,11.1,20.6,0.0,1,320,11
2025-11-16 02:00:00,0.0,0,11.8,20.0,0.0,2,320,11
2025-11-16 03:00:00,0.0,0,12.3,19.6,0.0,3,320,11
2025-11-16 04:00:00,0.0,0,12.5,19.3,0.0,4,320,11
2025-11-16 05:00:00,0.0,0,11.8,18.6,0.0,5,320,11
2025-11-16 06:00:00,0.0,0,11.7,18.3,0.0,6,320,11
2025-11-16 07:00:00,16.0,0,11.7,18.2,0.5860736019525655,7,320,11
2025-11-16 08:00:00,162.0,0,9.0,19.5,5.702517908968923,8,320,11
2025-11-16 09:00:00,366.0,0,9.2,21.7,13.070601515962396,9,320,11
2025-11-16 10:00:00,547.0,0,9.2,24.3,18.379712856683412,10,320,11
2025-11-16 11:00:00,678.0,0,10.0,27.2,23.727683999502503,11,320,11
2025-11-16 12:00:00,744.0,0,12.3,28.8,24.09241114200248,12,320,11
2025-11-16 13:00:00,736.0,0,11.6,29.4,26.62289030223046,13,320,11
2025-11-16 14:00:00,658.0,0,10.9,29.6,24.36575190379562,14,320,11
2025-11-16 15:00:00,517.0,0,10.5,29.4,18.64931874539081,15,320,11
2025-11-16 16:00:00,329.0,0,10.3,29.0,11.663955265849479,16,320,11
2025-11-16 17:00:00,126.0,0,8.8,28.0,5.205389527311199,17,320,11
2025-11-16 18:00:00,6.0,0,6.5,27.2,0.2112364399673004,18,320,11
2025-11-16 19:00:00,0.0,0,7.7,26.1,0.0,19,320,11
2025-11-16 20:00:00,0.0,0,9.0,25.1,0.0,20,320,11
2025-11-16 21:00:00,0.0,0,9.3,24.2,0.0,21,320,11
2025-11-16 22:00:00,0.0,0,9.5,23.1,0.0,22,320,11
2025-11-16 23:00:00,0.0,0,10.6,21.8,0.0,23,320,11
2025-11-17 00:00:00,0.0,0,10.1,20.8,0.0,0,321,11
2025-11-17 01:00:00,0.0,0,9.5,19.8,0.0,1,321,11
2025-11-17 02:00:00,0.0,0,10.2,19.0,0.0,2,321,11
2025-11-17 03:00:00,0.0,0,10.6,18.4,0.0,3,321,11
2025-11-17 04:00:00,0.0,0,11.1,17.9,0.0,4,321,11
2025-11-17 05:00:00,0.0,0,11.1,17.7,0.0,5,321,11
2025-11-17 06:00:00,0.0,0,11.3,17.4,0.0,6,321,11
2025-11-17 07:00:00,16.0,0,11.0,17.2,0.5341236430588784,7,321,11
2025-11-17 08:00:00,162.0,0,8.1,18.5,6.413220842028326,8,321,11
2025-11-17 09:00:00,368.0,0,8.3,20.8,13.397967382769684,9,321,11
2025-11-17 10:00:00,550.0,0,7.9,23.4,18.44303918568426,10,321,11
2025-11-17 11:00:00,681.0,0,8.5,26.5,25.09793699291932,11,321,11
2025-11-17 12:00:00,746.0,0,10.5,28.2,25.427905823058147,12,321,11
2025-11-17 13:00:00,739.0,0,9.5,28.9,26.079367836930672,13,321,11
2025-11-17 14:00:00,660.0,0,8.8,29.3,22.79320355077989,14,321,11
2025-11-17 15:00:00,517.0,0,8.4,29.3,17.66491791425057,15,321,11
2025-11-17 16:00:00,328.0,0,8.5,28.9,10.983484285217182,16,321,11
2025-11-17 17:00:00,125.0,0,7.5,28.0,3.8329734282709764,17,321,11
2025-11-17 18:00:00,6.0,0,6.9,27.0,0.19828904467470726,18,321,11
2025-11-17 19:00:00,0.0,0,8.1,25.8,0.0,19,321,11
2025-11-17 20:00:00,0.0,0,8.0,24.8,0.0,20,321,11
2025-11-17 21:00:00,0.0,0,8.9,23.8,0.0,21,321,11
2025-11-17 22:00:00,0.0,0,9.4,23.1,0.0,22,321,11
2025-11-17 23:00:00,0.0,0,9.1,22.2,0.0,23,321,11
2025-11-18 00:00:00,0.0,0,9.6,21.2,0.0,0,322,11
2025-11-18 01:00:00,0.0,0,9.5,20.0,0.0,1,322,11
2025-11-18 02:00:00,0.0,0,9.1,18.8,0.0,2,322,11
2025-11-18 03:00:00,0.0,0,9.6,18.1,0.0,3,322,11
2025-11-18 04:00:00,0.0,0,10.0,17.7,0.0,4,322,11
2025-11-18 05:00:00,0.0,0,10.4,17.4,0.0,5,322,11
2025-11-18 06:00:00,0.0,0,10.6,17.1,0.0,6,322,11
2025-11-18 07:00:00,15.0,0,10.5,16.9,0.5012724655275236,7,322,11
2025-11-18 08:00:00,158.0,0,8.2,18.2,5.465395730048879,8,322,11
2025-11-18 09:00:00,361.0,0,8.1,20.6,12.258084703124041,9,322,11
2025-11-18 10:00:00,543.0,0,8.4,23.4,20.158869765131957,10,322,11
2025-11-18 11:00:00,675.0,0,8.5,26.4,21.362626773436563,11,322,11
2025-11-18 12:00:00,742.0,0,9.3,28.1,24.44323790522614,12,322,11
2025-11-18 13:00:00,735.0,0,8.7,28.8,25.716342861170748,13,322,11
2025-11-18 14:00:00,657.0,0,8.3,29.2,22.207688519560655,14,322,11
2025-11-18 15:00:00,515.0,0,8.1,29.2,16.448876707747644,15,322,11
2025-11-18 16:00:00,326.0,0,8.3,28.7,11.376699134910144,16,322,11
2025-11-18 17:00:00,124.0,0,7.3,27.9,4.514255944544828,17,322,11
2025-11-18 18:00:00,6.0,0,7.6,26.9,0.22812179853152087,18,322,11
2025-11-18 19:00:00,0.0,0,8.1,25.7,0.0,19,322,11
2025-11-18 20:00:00,0.0,0,8.5,24.7,0.0,20,322,11
2025-11-18 21:00:00,0.0,0,9.0,24.0,0.0,21,322,11
2025-11-18 22:00:00,0.0,0,9.1,23.3,0.0,22,322,11
2025-11-18 23:00:00,0.0,0,8.6,22.1,0.0,23,322,11
2025-11-19 00:00:00,0.0,0,9.4,20.7,0.0,0,323,11
2025-11-19 01:00:00,0.0,0,9.3,19.4,0.0,1,323,11
2025-11-19 02:00:00,0.0,0,9.2,18.8,0.0,2,323,11
2025-11-19 03:00:00,0.0,0,9.4,18.4,0.0,3,323,11
2025-11-19 04:00:00,0.0,0,9.6,17.8,0.0,4,323,11
2025-11-19 05:00:00,0.0,0,10.1,17.2,0.0,5,323,11
2025-11-19 06:00:00,0.0,0,10.6,16.6,0.0,6,323,11
2025-11-19 07:00:00,14.0,0,10.7,16.5,0.44500870961618444,7,323,11
2025-11-19 08:00:00,156.0,0,8.2,17.9,5.0417335281147615,8,323,11
2025-11-19 09:00:00,358.0,0,7.6,20.4,12.780498117167335,9,323,11
2025-11-19 10:00:00,540.0,0,7.7,23.3,16.91734443962266,10,323,11
2025-11-19 11:00:00,671.0,0,8.5,26.4,23.642101531410272,11,323,11
2025-11-19 12:00:00,736.0,0,7.6,28.1,24.605609175728873,12,323,11
2025-11-19 13:00:00,730.0,0,6.7,29.0,23.084756196931693,13,323,11
2025-11-19 14:00:00,652.0,0,5.8,29.4,22.144454834070046,14,323,11
2025-11-19 15:00:00,511.0,0,5.9,29.5,16.704896034550544,15,323,11
2025-11-19 16:00:00,322.0,0,6.8,29.0,10.40654523143545,16,323,11
2025-11-19 17:00:00,122.0,0,6.9,27.9,4.044046302462301,17,323,11
2025-11-19 18:00:00,6.0,0,6.4,27.0,0.21413452103260588,18,323,11
2025-11-19 19:00:00,0.0,0,7.2,25.8,0.0,19,323,11
2025-11-19 20:00:00,0.0,0,7.8,24.7,0.0,20,323,11
2025-11-19 21:00:00,0.0,0,8.8,23.6,0.0,21,323,11
2025-11-19 22:00:00,0.0,0,8.8,22.7,0.0,22,323,11
2025-11-19 23:00:00,0.0,0,8.5,21.6,0.0,23,323,11
2025-11-20 00:00:00,0.0,0,9.1,20.7,0.0,0,324,11
2025-11-20 01:00:00,0.0,0,9.4,19.8,0.0,1,324,11
2025-11-20 02:00:00,0.0,0,9.3,19.1,0.0,2,324,11
2025-11-20 03:00:00,0.0,0,9.6,18.5,0.0,3,324,11
2025-11-20 04:00:00,0.0,0,10.2,18.0,0.0,4,324,11
2025-11-20 05:00:00,0.0,0,10.3,17.7,0.0,5,324,11
2025-11-20 06:00:00,0.0,0,10.5,17.5,0.0,6,324,11
2025-11-20 07:00:00,13.0,0,10.4,17.3,0.42994660051907985,7,324,11
2025-11-20 08:00:00,151.0,0,8.2,18.7,4.658062732555496,8,324,11
2025-11-20 09:00:00,351.0,0,7.9,21.1,11.50875257950528,9,324,11
2025-11-20 10:00:00,530.0,0,8.4,23.9,20.11543360529396,10,324,11
2025-11-20 11:00:00,660.0,0,8.5,26.5,23.11663918826593,11,324,11
2025-11-20 12:00:00,726.0,0,8.2,28.2,25.780247527793637,12,324,11
2025-11-20 13:00:00,720.0,0,7.5,29.2,22.833506568199482,13,324,11
2025-11-20 14:00:00,643.0,0,6.7,29.6,22.04799774480071,14,324,11
2025-11-20 15:00:00,504.0,0,7.0,29.6,16.267177336558277,15,324,11
2025-11-20 16:00:00,318.0,0,7.8,29.2,11.12895116540492,16,324,11
2025-11-20 17:00:00,120.0,0,7.7,28.3,4.180244858067362,17,324,11
2025-11-20 18:00:00,5.0,0,7.8,27.1,0.1772864829253823,18,324,11
2025-11-20 19:00:00,0.0,0,8.1,26.1,0.0,19,324,11
2025-11-20 20:00:00,0.0,0,8.1,25.2,0.0,20,324,11
2025-11-20 21:00:00,0.0,0,8.6,24.3,0.0,21,324,11
2025-11-20 22:00:00,0.0,0,8.8,23.6,0.0,22,324,11
2025-11-20 23:00:00,0.0,0,9.3,22.4,0.0,23,324,11
2025-11-21 00:00:00,0.0,0,10.1,21.5,0.0,0,325,11
2025-11-21 01:00:00,0.0,0,9.8,20.5,0.0,1,325,11
2025-11-21 02:00:00,0.0,0,9.5,19.8,0.0,2,325,11
2025-11-21 03:00:00,0.0,0,9.8,19.5,0.0,3,325,11
2025-11-21 04:00:00,0.0,0,10.0,19.1,0.0,4,325,11
2025-11-21 05:00:00,0.0,0,10.1,18.9,0.0,5,325,11
2025-11-21 06:00:00,0.0,0,10.8,18.5,0.0,6,325,11
2025-11-21 07:00:00,12.0,0,10.6,18.4,0.3962380783386925,7,325,11
2025-11-21 08:00:00,146.0,0,7.8,19.8,4.989131432008257,8,325,11
2025-11-21 09:00:00,344.0,0,7.3,22.2,12.443582431789544,9,325,11
2025-11-21 10:00:00,523.0,0,7.8,24.9,16.707326498814098,10,325,11
2025-11-21 11:00:00,652.0,0,8.0,27.2,20.792141202430628,11,325,11
2025-11-21 12:00:00,719.0,0,7.9,29.0,26.666990271649357,12,325,11
2025-11-21 13:00:00,715.0,0,7.4,30.0,23.753470111536128,13,325,11
2025-11-21 14:00:00,639.0,0,6.9,30.4,20.120992917259258,14,325,11
2025-11-21 15:00:00,500.0,0,7.2,30.4,14.800166415699204,15,325,11
2025-11-21 16:00:00,314.0,0,8.3,29.8,11.078742332511865,16,325,11
2025-11-21 17:00:00,118.0,0,8.0,28.9,4.1969212721308455,17,325,11
2025-11-21 18:00:00,5.0,0,7.8,28.1,0.17607737929366124,18,325,11
2025-11-21 19:00:00,0.0,0,7.4,27.4,0.0,19,325,11
2025-11-21 20:00:00,0.0,0,7.3,26.2,0.0,20,325,11
2025-11-21 21:00:00,0.0,0,8.0,25.0,0.0,21,325,11
2025-11-21 22:00:00,0.0,0,8.7,23.9,0.0,22,325,11
2025-11-21 23:00:00,0.0,0,8.0,22.7,0.0,23,325,11
2025-11-22 00:00:00,0.0,0,8.4,21.8,0.0,0,326,11
2025-11-22 01:00:00,0.0,0,7.9,21.2,0.0,1,326,11
2025-11-22 02:00:00,0.0,0,7.8,20.1,0.0,2,326,11
2025-11-22 03:00:00,0.0,0,8.2,19.3,0.0,3,326,11
2025-11-22 04:00:00,0.0,0,8.9,18.8,0.0,4,326,11
2025-11-22 05:00:00,0.0,0,10.0,18.4,0.0,5,326,11
2025-11-22 06:00:00,0.0,0,10.3,18.6,0.0,6,326,11
2025-11-22 07:00:00,12.0,0,10.1,18.5,0.4123653799232933,7,326,11
2025-11-22 08:00:00,144.0,0,7.9,19.9,4.82162805994969,8,326,11
2025-11-22 09:00:00,341.0,0,7.4,22.3,12.457654269173876,9,326,11
2025-11-22 10:00:00,519.0,1,7.4,25.1,18.53957737830533,10,326,11
2025-11-22 11:00:00,649.0,0,7.0,27.8,21.775172198347576,11,326,11
2025-11-22 12:00:00,715.0,0,6.9,29.7,25.80950629524447,12,326,11
2025-11-22 13:00:00,710.0,0,6.2,30.6,23.8457539285131,13,326,11
2025-11-22 14:00:00,635.0,0,5.3,31.0,19.434942271141466,14,326,11
2025-11-22 15:00:00,496.0,0,5.1,31.0,16.56092671706203,15,326,11
2025-11-22 16:00:00,312.0,0,5.3,30.7,11.728512837807303,16,326,11
2025-11-22 17:00:00,117.0,0,7.1,29.3,3.9191510739963857,17,326,11
2025-11-22 18:00:00,5.0,0,7.5,28.4,0.18400140280523278,18,326,11
2025-11-22 19:00:00,0.0,0,7.6,27.6,0.0,19,326,11
2025-11-22 20:00:00,0.0,0,6.4,26.7,0.0,20,326,11
2025-11-22 21:00:00,0.0,0,6.0,25.7,0.0,21,326,11
2025-11-22 22:00:00,0.0,0,7.0,24.4,0.0,22,326,11
2025-11-22 23:00:00,0.0,0,7.0,23.1,0.0,23,326,11
2025-11-23 00:00:00,0.0,0,8.1,22.4,0.0,0,327,11
2025-11-23 01:00:00,0.0,0,9.2,21.8,0.0,1,327,11
2025-11-23 02:00:00,0.0,0,8.4,21.0,0.0,2,327,11
2025-11-23 03:00:00,0.0,0,6.9,20.3,0.0,3,327,11
2025-11-23 04:00:00,0.0,0,8.0,19.3,0.0,4,327,11
2025-11-23 05:00:00,0.0,0,7.8,19.0,0.0,5,327,11
2025-11-23 06:00:00,0.0,0,8.2,18.7,0.0,6,327,11
2025-11-23 07:00:00,11.0,0,8.9,18.1,0.3761536062155837,7,327,11
2025-11-23 08:00:00,142.0,0,8.3,19.5,4.889067612320386,8,327,11
2025-11-23 09:00:00,339.0,0,5.5,22.5,12.202835887704099,9,327,11
2025-11-23 10:00:00,518.0,0,6.1,25.9,15.322069532677471,10,327,11
2025-11-23 11:00:00,647.0,0,6.1,28.4,19.90476479284266,11,327,11
2025-11-23 12:00:00,710.0,0,4.8,30.0,26.113333705009225,12,327,11
2025-11-23 13:00:00,705.0,0,3.2,30.7,24.43858978599808,13,327,11
2025-11-23 14:00:00,630.0,0,3.8,31.2,22.08461634276178,14,327,11
2025-11-23 15:00:00,493.0,0,5.6,31.1,16.408366411805027,15,327,11
2025-11-23 16:00:00,310.0,0,7.7,30.5,10.284963209894027,16,327,11
2025-11-23 17:00:00,116.0,0,8.2,29.4,3.862629498163489,17,327,11
2025-11-23 18:00:00,5.0,0,8.5,28.4,0.18806865900962508,18,327,11
2025-11-23 19:00:00,0.0,0,7.2,27.8,0.0,19,327,11
2025-11-23 20:00:00,0.0,0,7.9,26.7,0.0,20,327,11
2025-11-23 21:00:00,0.0,0,8.8,25.3,0.0,21,327,11
2025-11-23 22:00:00,0.0,0,8.4,24.2,0.0,22,327,11
2025-11-23 23:00:00,0.0,0,8.0,22.8,0.0,23,327,11
2025-11-24 00:00:00,0.0,0,8.5,22.2,0.0,0,328,11
2025-11-24 01:00:00,0.0,0,9.1,21.6,0.0,1,328,11
2025-11-24 02:00:00,0.0,0,8.4,21.1,0.0,2,328,11
2025-11-24 03:00:00,0.0,0,8.7,20.2,0.0,3,328,11
2025-11-24 04:00:00,0.0,0,9.0,19.9,0.0,4,328,11
2025-11-24 05:00:00,0.0,0,9.8,18.8,0.0,5,328,11
2025-11-24 06:00:00,0.0,0,10.2,19.1,0.0,6,328,11
2025-11-24 07:00:00,10.0,0,10.3,19.1,0.3393533412722017,7,328,11
2025-11-24 08:00:00,138.0,0,8.0,20.5,5.005989209357095,8,328,11
2025-11-24 09:00:00,332.0,0,8.0,22.8,12.564360897842999,9,328,11
2025-11-24 10:00:00,509.0,0,7.4,25.4,15.39571821219867,10,328,11
2025-11-24 11:00:00,638.0,0,6.8,27.7,19.254371511517817,11,328,11
2025-11-24 12:00:00,703.0,0,5.5,29.3,23.21096837649736,12,328,11
2025-11-24 13:00:00,699.0,0,4.8,30.3,22.02876115322147,13,328,11
2025-11-24 14:00:00,624.0,0,3.9,30.9,21.338620663953993,14,328,11
2025-11-24 15:00:00,488.0,0,4.0,31.1,15.2994129402688,15,328,11
2025-11-24 16:00:00,306.0,0,4.8,30.7,9.413093036982552,16,328,11
2025-11-24 17:00:00,114.0,0,6.5,29.5,3.8875728088066386,17,328,11
2025-11-24 18:00:00,5.0,0,5.6,28.8,0.1779676926939187,18,328,11
2025-11-24 19:00:00,0.0,0,5.7,27.9,0.0,19,328,11
2025-11-24 20:00:00,0.0,0,6.4,26.8,0.0,20,328,11
2025-11-24 21:00:00,0.0,0,7.0,25.7,0.0,21,328,11
2025-11-24 22:00:00,0.0,0,7.7,24.5,0.0,22,328,11
2025-11-24 23:00:00,0.0,0,7.8,22.9,0.0,23,328,11
2025-11-25 00:00:00,0.0,0,8.9,22.4,0.0,0,329,11
2025-11-25 01:00:00,0.0,0,9.4,21.9,0.0,1,329,11
2025-11-25 02:00:00,0.0,0,10.3,21.6,0.0,2,329,11
2025-11-25 03:00:00,0.0,0,10.3,21.1,0.0,3,329,11
2025-11-25 04:00:00,0.0,0,10.2,20.5,0.0,4,329,11
2025-11-25 05:00:00,0.0,0,11.3,20.5,0.0,5,329,11
2025-11-25 06:00:00,0.0,0,11.7,20.4,0.0,6,329,11
2025-11-25 07:00:00,9.0,6,11.5,20.3,0.3452676343223008,7,329,11
2025-11-25 08:00:00,132.0,0,8.9,21.5,4.829523576086124,8,329,11
2025-11-25 09:00:00,322.0,0,9.5,23.7,11.945088320380314,9,329,11
2025-11-25 10:00:00,495.0,0,9.4,26.0,17.00576031039802,10,329,11
2025-11-25 11:00:00,622.0,0,8.3,27.7,21.581492235459574,11,329,11
2025-11-25 12:00:00,688.0,0,6.4,29.2,23.43213480088255,12,329,11
2025-11-25 13:00:00,683.0,0,4.8,30.2,24.454887609352244,13,329,11
2025-11-25 14:00:00,609.0,0,3.9,30.8,21.752879079611642,14,329,11
2025-11-25 15:00:00,476.0,0,3.6,31.0,16.527160538284623,15,329,11
2025-11-25 16:00:00,297.0,3,4.5,30.6,9.594700497585066,16,329,11
2025-11-25 17:00:00,110.0,0,6.6,29.3,3.748966625151182,17,329,11
2025-11-25 18:00:00,5.0,0,7.4,28.3,0.16320229824248844,18,329,11
2025-11-25 19:00:00,0.0,0,7.9,27.3,0.0,19,329,11
2025-11-25 20:00:00,0.0,0,7.7,26.2,0.0,20,329,11
2025-11-25 21:00:00,0.0,0,7.9,25.4,0.0,21,329,11
2025-11-25 22:00:00,0.0,0,8.6,24.8,0.0,22,329,11
2025-11-25 23:00:00,0.0,0,9.9,24.0,0.0,23,329,11
2025-11-26 00:00:00,0.0,0,9.9,23.4,0.0,0,330,11
2025-11-26 01:00:00,0.0,0,9.5,22.9,0.0,1,330,11
2025-11-26 02:00:00,0.0,0,9.1,22.5,0.0,2,330,11
2025-11-26 03:00:00,0.0,0,9.0,21.9,0.0,3,330,11
2025-11-26 04:00:00,0.0,0,9.1,21.5,0.0,4,330,11
2025-11-26 05:00:00,0.0,0,9.3,21.0,0.0,5,330,11
2025-11-26 06:00:00,0.0,0,9.6,20.8,0.0,6,330,11
2025-11-26 07:00:00,9.0,0,9.4,20.8,0.32687780420207496,7,330,11
2025-11-26 08:00:00,126.0,0,7.2,22.0,4.552981976938594,8,330,11
2025-11-26 09:00:00,311.0,0,7.0,24.3,10.166814813154115,9,330,11
2025-11-26 10:00:00,483.0,0,6.8,26.7,16.6457589460571,10,330,11
2025-11-26 11:00:00,610.0,0,5.4,28.4,22.27555382465105,11,330,11
2025-11-26 12:00:00,675.0,2,3.4,29.9,21.47017936006629,12,330,11
2025-11-26 13:00:00,671.0,13,1.2,30.9,21.57128773605079,13,330,11
2025-11-26 14:00:00,580.0,16,1.7,31.3,15.740661776075973,14,330,11
2025-11-26 15:00:00,429.0,13,2.1,31.4,12.215885897072143,15,330,11
2025-11-26 16:00:00,277.0,3,2.5,31.2,8.603192740084493,16,330,11
2025-11-26 17:00:00,105.0,3,3.4,30.4,3.721652590301677,17,330,11
2025-11-26 18:00:00,4.0,2,2.2,29.2,0.15027405899704135,18,330,11
2025-11-26 19:00:00,0.0,1,1.2,28.4,0.0,19,330,11
2025-11-26 20:00:00,0.0,1,3.2,28.0,0.0,20,330,11
2025-11-26 21:00:00,0.0,0,3.9,27.3,0.0,21,330,11
2025-11-26 22:00:00,0.0,0,4.8,26.5,0.0,22,330,11
2025-11-26 23:00:00,0.0,2,7.0,25.2,0.0,23,330,11
2025-11-27 00:00:00,0.0,0,7.2,24.8,0.0,0,331,11
2025-11-27 01:00:00,0.0,2,7.3,24.3,0.0,1,331,11
2025-11-27 02:00:00,0.0,5,8.4,23.7,0.0,2,331,11
2025-11-27 03:00:00,0.0,2,8.4,23.3,0.0,3,331,11
2025-11-27 04:00:00,0.0,37,8.0,22.8,0.0,4,331,11
2025-11-27 05:00:00,0.0,41,8.0,22.2,0.0,5,331,11
2025-11-27 06:00:00,0.0,41,9.7,22.1,0.0,6,331,11
2025-11-27 07:00:00,7.0,23,10.5,22.0,0.22168938515883996,7,331,11
2025-11-27 08:00:00,110.0,5,9.9,23.3,3.7120615720539916,8,331,11
2025-11-27 09:00:00,296.0,5,10.4,25.5,9.224654538437242,9,331,11
2025-11-27 10:00:00,466.0,2,9.9,27.3,16.56423840925402,10,331,11
2025-11-27 11:00:00,586.0,9,6.6,28.5,18.58175010028296,11,331,11
2025-11-27 12:00:00,645.0,5,4.5,29.7,19.962548435464676,12,331,11
2025-11-27 13:00:00,642.0,26,2.7,30.7,20.217772662799735,13,331,11
2025-11-27 14:00:00,528.0,31,2.2,31.1,15.027750401570998,14,331,11
2025-11-27 15:00:00,411.0,30,1.3,31.0,10.231727590742398,15,331,11
2025-11-27 16:00:00,269.0,13,1.7,30.9,8.61059990177374,16,331,11
2025-11-27 17:00:00,100.0,20,3.6,30.5,2.8775930462491774,17,331,11
2025-11-27 18:00:00,4.0,13,4.3,29.7,0.12746878578350224,18,331,11
2025-11-27 19:00:00,0.0,13,2.7,29.2,0.0,19,331,11
2025-11-27 20:00:00,0.0,13,4.7,28.4,0.0,20,331,11
2025-11-27 21:00:00,0.0,9,6.4,27.6,0.0,21,331,11
2025-11-27 22:00:00,0.0,2,6.6,26.7,0.0,22,331,11
2025-11-27 23:00:00,0.0,2,5.5,25.9,0.0,23,331,11
2025-11-28 00:00:00,0.0,1,5.7,25.3,0.0,0,332,11
2025-11-28 01:00:00,0.0,3,6.4,24.8,0.0,1,332,11
2025-11-28 02:00:00,0.0,2,7.3,24.2,0.0,2,332,11
2025-11-28 03:00:00,0.0,0,8.4,23.7,0.0,3,332,11
2025-11-28 04:00:00,0.0,1,8.9,23.1,0.0,4,332,11
2025-11-28 05:00:00,0.0,0,8.5,22.6,0.0,5,332,11
2025-11-28 06:00:00,0.0,0,9.3,22.5,0.0,6,332,11
2025-11-28 07:00:00,8.0,0,9.8,22.5,0.28948550375587767,7,332,11
2025-11-28 08:00:00,122.0,0,7.4,23.6,3.6679537464529917,8,332,11
2025-11-28 09:00:00,307.0,0,7.7,25.8,9.359711973453866,9,332,11
2025-11-28 10:00:00,479.0,0,8.3,27.9,17.202324747799207,10,332,11
2025-11-28 11:00:00,606.0,8,7.1,29.7,20.077521553166658,11,332,11
2025-11-28 12:00:00,667.0,23,5.8,30.8,19.851422830389073,12,332,11
2025-11-28 13:00:00,594.0,18,5.2,31.2,16.789666693653967,13,332,11
2025-11-28 14:00:00,536.0,26,4.9,31.5,15.366732967189114,14,332,11
2025-11-28 15:00:00,420.0,22,4.9,31.4,12.126539599737805,15,332,11
2025-11-28 16:00:00,270.0,20,5.5,31.1,7.523923887237507,16,332,11
2025-11-28 17:00:00,95.0,16,6.3,30.5,3.199271451583884,17,332,11
2025-11-28 18:00:00,4.0,27,4.2,29.6,0.11377531373763469,18,332,11
2025-11-28 19:00:00,0.0,11,2.0,28.9,0.0,19,332,11
2025-11-28 20:00:00,0.0,10,1.0,28.4,0.0,20,332,11
2025-11-28 21:00:00,0.0,9,3.3,27.8,0.0,21,332,11
2025-11-28 22:00:00,0.0,9,3.4,27.3,0.0,22,332,11
2025-11-28 23:00:00,0.0,1,0.4,26.5,0.0,23,332,11
2025-11-29 00:00:00,0.0,0,4.7,26.1,0.0,0,333,11
2025-11-29 01:00:00,0.0,2,7.1,24.4,0.0,1,333,11
2025-11-29 02:00:00,0.0,0,7.0,23.7,0.0,2,333,11
2025-11-29 03:00:00,0.0,1,7.4,23.1,0.0,3,333,11
2025-11-29 04:00:00,0.0,1,8.6,22.3,0.0,4,333,11
2025-11-29 05:00:00,0.0,0,8.6,21.8,0.0,5,333,11
2025-11-29 06:00:00,0.0,0,9.1,21.6,0.0,6,333,11
2025-11-29 07:00:00,7.0,0,9.7,21.4,0.25805359357593954,7,333,11
2025-11-29 08:00:00,121.0,0,8.1,22.4,4.125010781990217,8,333,11
2025-11-29 09:00:00,307.0,0,8.1,24.5,11.390074332758264,9,333,11
2025-11-29 10:00:00,481.0,0,8.5,26.7,15.289725791078624,10,333,11
2025-11-29 11:00:00,608.0,0,8.3,28.9,21.55297347593931,11,333,11
2025-11-29 12:00:00,674.0,0,7.7,30.2,23.048290827489268,12,333,11
2025-11-29 13:00:00,673.0,0,7.7,30.9,23.75168795562813,13,333,11
2025-11-29 14:00:00,602.0,2,7.9,31.2,19.718401648168854,14,333,11
2025-11-29 15:00:00,467.0,17,7.6,31.2,14.152564340998167,15,333,11
2025-11-29 16:00:00,285.0,19,8.0,30.9,8.861335494340004,16,333,11
2025-11-29 17:00:00,104.0,5,7.9,29.9,3.708334366083399,17,333,11
2025-11-29 18:00:00,5.0,1,6.0,29.0,0.17471839049587445,18,333,11
2025-11-29 19:00:00,0.0,1,5.6,28.2,0.0,19,333,11
2025-11-29 20:00:00,0.0,1,5.1,27.4,0.0,20,333,11
2025-11-29 21:00:00,0.0,0,4.5,26.8,0.0,21,333,11
2025-11-29 22:00:00,0.0,0,4.9,26.4,0.0,22,333,11
2025-11-29 23:00:00,0.0,0,5.9,25.1,0.0,23,333,11
2025-11-30 00:00:00,0.0,0,6.0,24.0,0.0,0,334,11
2025-11-30 01:00:00,0.0,20,7.1,22.8,0.0,1,334,11
2025-11-30 02:00:00,0.0,34,6.6,22.3,0.0,2,334,11
2025-11-30 03:00:00,0.0,81,7.0,21.9,0.0,3,334,11
2025-11-30 04:00:00,0.0,23,7.5,21.5,0.0,4,334,11
2025-11-30 05:00:00,0.0,0,8.0,21.2,0.0,5,334,11
2025-11-30 06:00:00,0.0,13,7.8,20.9,0.0,6,334,11
2025-11-30 07:00:00,7.0,79,7.2,20.5,0.12846684096587463,7,334,11
2025-11-30 08:00:00,120.0,55,6.1,21.6,2.8483900628078094,8,334,11
2025-11-30 09:00:00,308.0,57,5.4,24.0,7.490282033311635,9,334,11
2025-11-30 10:00:00,480.0,84,6.5,26.5,9.653523483636633,10,334,11
2025-11-30 11:00:00,597.0,82,5.8,28.7,11.64097868075028,11,334,11
2025-11-30 12:00:00,660.0,91,5.2,29.9,10.298255288170111,12,334,11
2025-11-30 13:00:00,644.0,43,5.2,30.4,17.352000049576414,13,334,11
2025-11-30 14:00:00,593.0,84,6.1,30.7,11.865718169911332,14,334,11
2025-11-30 15:00:00,448.0,30,7.9,30.4,12.957256016568934,15,334,11
2025-11-30 16:00:00,292.0,1,9.2,29.9,10.712885886897075,16,334,11
2025-11-30 17:00:00,110.0,1,8.7,29.1,3.596975379783217,17,334,11
2025-11-30 18:00:00,5.0,0,6.8,28.6,0.16751226483043727,18,334,11
2025-11-30 19:00:00,0.0,1,5.4,28.4,0.0,19,334,11
2025-11-30 20:00:00,0.0,1,4.8,28.1,0.0,20,334,11
2025-11-30 21:00:00,0.0,0,4.5,27.0,0.0,21,334,11
2025-11-30 22:00:00,0.0,13,4.6,25.6,0.0,22,334,11
2025-11-30 23:00:00,0.0,6,4.7,24.2,0.0,23,334,11
2025-12-01 00:00:00,0.0,0,6.5,23.8,0.0,0,335,12
2025-12-01 01:00:00,0.0,0,4.0,23.0,0.0,1,335,12
2025-12-01 02:00:00,0.0,0,5.2,21.6,0.0,2,335,12
2025-12-01 03:00:00,0.0,0,5.5,20.9,0.0,3,335,12
2025-12-01 04:00:00,0.0,0,5.4,20.6,0.0,4,335,12
2025-12-01 05:00:00,0.0,0,5.2,20.7,0.0,5,335,12
2025-12-01 06:00:00,0.0,0,6.2,20.5,0.0,6,335,12
2025-12-01 07:00:00,6.0,0,7.0,19.7,0.20168245145164299,7,335,12
2025-12-01 08:00:00,118.0,0,3.7,20.7,3.9431224963302838,8,335,12
2025-12-01 09:00:00,304.0,0,3.3,23.1,10.54715313569772,9,335,12
2025-12-01 10:00:00,479.0,0,3.8,25.8,18.225318181028534,10,335,12
2025-12-01 11:00:00,609.0,0,4.7,28.2,22.103167209655986,11,335,12
2025-12-01 12:00:00,676.0,0,4.7,29.4,24.112481523359072,12,335,12
2025-12-01 13:00:00,675.0,0,4.6,30.0,22.61394782798054,13,335,12
2025-12-01 14:00:00,605.0,0,4.7,30.2,19.99069799550023,14,335,12
2025-12-01 15:00:00,474.0,0,5.2,30.1,16.106127511809873,15,335,12
2025-12-01 16:00:00,297.0,5,5.4,29.7,9.340805174124974,16,335,12
2025-12-01 17:00:00,110.0,3,6.6,28.6,3.4805895715239568,17,335,12
2025-12-01 18:00:00,5.0,1,4.2,27.7,0.16604933816925546,18,335,12
2025-12-01 19:00:00,0.0,0,2.5,27.3,0.0,19,335,12
2025-12-01 20:00:00,0.0,0,2.7,26.8,0.0,20,335,12
2025-12-01 21:00:00,0.0,1,2.4,26.1,0.0,21,335,12
2025-12-01 22:00:00,0.0,0,1.1,25.2,0.0,22,335,12
2025-12-01 23:00:00,0.0,0,0.8,23.4,0.0,23,335,12
2025-12-02 00:00:00,0.0,0,3.4,23.3,0.0,0,336,12
2025-12-02 01:00:00,0.0,0,4.9,22.8,0.0,1,336,12
2025-12-02 02:00:00,0.0,0,4.5,21.3,0.0,2,336,12
2025-12-02 03:00:00,0.0,0,6.1,20.4,0.0,3,336,12
2025-12-02 04:00:00,0.0,0,5.5,20.0,0.0,4,336,12
2025-12-02 05:00:00,0.0,0,5.1,19.5,0.0,5,336,12
2025-12-02 06:00:00,0.0,0,6.1,19.6,0.0,6,336,12
2025-12-02 07:00:00,6.0,0,5.9,19.4,0.23239672451648613,7,336,12
2025-12-02 08:00:00,117.0,0,4.1,20.5,4.167067633212883,8,336,12
2025-12-02 09:00:00,303.0,0,3.0,23.0,10.317956828440074,9,336,12
2025-12-02 10:00:00,477.0,0,3.8,25.6,16.25587511085834,10,336,12
2025-12-02 11:00:00,607.0,0,4.6,27.5,20.52124797358431,11,336,12
2025-12-02 12:00:00,673.0,0,6.0,28.8,23.222548496032218,12,336,12
2025-12-02 13:00:00,672.0,2,6.0,29.3,22.595195048690588,13,336,12
2025-12-02 14:00:00,602.0,8,6.2,29.5,20.673146518150837,14,336,12
2025-12-02 15:00:00,469.0,22,7.4,29.5,15.089586634883831,15,336,12
2025-12-02 16:00:00,287.0,9,8.9,28.9,9.256771909347,16,336,12
2025-12-02 17:00:00,110.0,3,8.6,28.0,3.4281650535432466,17,336,12
2025-12-02 18:00:00,5.0,0,7.9,27.6,0.1660600068249351,18,336,12
2025-12-02 19:00:00,0.0,0,6.7,27.1,0.0,19,336,12
2025-12-02 20:00:00,0.0,0,7.5,26.1,0.0,20,336,12
2025-12-02 21:00:00,0.0,0,8.0,25.1,0.0,21,336,12
2025-12-02 22:00:00,0.0,0,8.3,24.1,0.0,22,336,12
2025-12-02 23:00:00,0.0,0,7.3,22.5,0.0,23,336,12
2025-12-03 00:00:00,0.0,0,7.3,21.9,0.0,0,337,12
2025-12-03 01:00:00,0.0,0,8.3,21.8,0.0,1,337,12
2025-12-03 02:00:00,0.0,0,7.3,20.8,0.0,2,337,12
2025-12-03 03:00:00,0.0,0,6.3,19.8,0.0,3,337,12
2025-12-03 04:00:00,0.0,0,7.5,19.5,0.0,4,337,12
2025-12-03 05:00:00,0.0,0,8.2,19.8,0.0,5,337,12
2025-12-03 06:00:00,0.0,0,8.6,19.6,0.0,6,337,12
2025-12-03 07:00:00,6.0,0,8.8,18.9,0.18690131201344418,7,337,12
2025-12-03 08:00:00,116.0,1,7.1,19.6,3.4415970935704823,8,337,12
2025-12-03 09:00:00,304.0,9,6.1,22.0,8.88208703413903,9,337,12
2025-12-03 10:00:00,480.0,56,6.8,25.0,10.861702053408195,10,337,12
2025-12-03 11:00:00,612.0,9,8.4,27.5,20.245673138218375,11,337,12
2025-12-03 12:00:00,683.0,65,10.6,28.9,15.977929248124083,12,337,12
2025-12-03 13:00:00,680.0,32,10.2,29.3,19.540874609437505,13,337,12
2025-12-03 14:00:00,609.0,4,9.7,29.6,21.448048228428156,14,337,12
2025-12-03 15:00:00,479.0,0,9.7,29.5,17.08209792882988,15,337,12
2025-12-03 16:00:00,302.0,0,9.7,29.1,10.027398868192716,16,337,12
2025-12-03 17:00:00,113.0,0,9.2,28.2,3.915884512262985,17,337,12
2025-12-03 18:00:00,5.0,0,8.3,27.2,0.17059674206006525,18,337,12
2025-12-03 19:00:00,0.0,0,8.7,26.3,0.0,19,337,12
2025-12-03 20:00:00,0.0,0,9.6,25.5,0.0,20,337,12
2025-12-03 21:00:00,0.0,0,9.2,24.5,0.0,21,337,12
2025-12-03 22:00:00,0.0,0,9.3,23.5,0.0,22,337,12
2025-12-03 23:00:00,0.0,0,8.7,22.3,0.0,23,337,12
2025-12-04 00:00:00,0.0,0,8.2,21.2,0.0,0,338,12
2025-12-04 01:00:00,0.0,0,9.5,20.7,0.0,1,338,12
2025-12-04 02:00:00,0.0,0,9.8,20.2,0.0,2,338,12
2025-12-04 03:00:00,0.0,0,10.6,19.6,0.0,3,338,12
2025-12-04 04:00:00,0.0,0,10.9,19.0,0.0,4,338,12
2025-12-04 05:00:00,0.0,0,11.3,18.6,0.0,5,338,12
2025-12-04 06:00:00,0.0,0,11.8,18.4,0.0,6,338,12
2025-12-04 07:00:00,5.0,0,12.2,18.3,0.16621003164062917,7,338,12
2025-12-04 08:00:00,115.0,0,9.0,19.4,4.115488495052661,8,338,12
2025-12-04 09:00:00,304.0,0,10.2,21.4,10.184098492203551,9,338,12
2025-12-04 10:00:00,481.0,0,10.4,23.8,15.972226405979455,10,338,12
2025-12-04 11:00:00,613.0,0,10.8,26.3,21.466601107620516,11,338,12
2025-12-04 12:00:00,682.0,0,11.4,27.9,20.119372225019713,12,338,12
2025-12-04 13:00:00,683.0,0,10.5,28.7,22.222499548953383,13,338,12
2025-12-04 14:00:00,614.0,0,9.4,29.0,19.73764821384502,14,338,12
2025-12-04 15:00:00,481.0,0,9.3,28.8,17.426492900299426,15,338,12
2025-12-04 16:00:00,303.0,0,9.1,28.4,10.860686751206563,16,338,12
2025-12-04 17:00:00,113.0,0,8.3,27.4,3.893022589741203,17,338,12
2025-12-04 18:00:00,5.0,0,7.6,26.5,0.16560621619788934,18,338,12
2025-12-04 19:00:00,0.0,0,8.5,25.6,0.0,19,338,12
2025-12-04 20:00:00,0.0,0,7.8,24.8,0.0,20,338,12
2025-12-04 21:00:00,0.0,0,8.5,23.8,0.0,21,338,12
2025-12-04 22:00:00,0.0,0,9.3,23.2,0.0,22,338,12
2025-12-04 23:00:00,0.0,0,9.3,22.3,0.0,23,338,12
2025-12-05 00:00:00,0.0,0,9.7,21.4,0.0,0,339,12
2025-12-05 01:00:00,0.0,0,10.1,20.6,0.0,1,339,12
2025-12-05 02:00:00,0.0,0,10.4,20.1,0.0,2,339,12
2025-12-05 03:00:00,0.0,0,10.2,19.6,0.0,3,339,12
2025-12-05 04:00:00,0.0,0,10.5,19.0,0.0,4,339,12
2025-12-05 05:00:00,0.0,0,11.0,18.2,0.0,5,339,12
2025-12-05 06:00:00,0.0,0,11.3,17.9,0.0,6,339,12
2025-12-05 07:00:00,5.0,0,11.9,17.7,0.1696712649973784,7,339,12
2025-12-05 08:00:00,112.0,0,9.2,18.7,4.201293540628167,8,339,12
2025-12-05 09:00:00,301.0,0,9.8,20.7,11.495514989403043,9,339,12
2025-12-05 10:00:00,477.0,0,9.3,23.2,16.15308685508708,10,339,12
2025-12-05 11:00:00,609.0,0,9.7,26.0,20.61280520973073,11,339,12
2025-12-05 12:00:00,679.0,0,10.6,27.7,21.9902992374787,12,339,12
2025-12-05 13:00:00,679.0,0,10.3,28.6,23.656062380489647,13,339,12
2025-12-05 14:00:00,609.0,0,9.7,29.0,19.52653449539013,14,339,12
2025-12-05 15:00:00,479.0,0,9.8,28.9,15.96632188639084,15,339,12
2025-12-05 16:00:00,302.0,0,10.5,28.4,10.745429422507842,16,339,12
2025-12-05 17:00:00,113.0,0,10.1,27.5,4.124440197053916,17,339,12
2025-12-05 18:00:00,5.0,0,9.8,26.3,0.17386802886261954,18,339,12
2025-12-05 19:00:00,0.0,0,10.3,25.3,0.0,19,339,12
2025-12-05 20:00:00,0.0,0,10.2,24.4,0.0,20,339,12
2025-12-05 21:00:00,0.0,0,10.4,23.8,0.0,21,339,12
2025-12-05 22:00:00,0.0,0,10.7,23.2,0.0,22,339,12
2025-12-05 23:00:00,0.0,0,10.9,22.0,0.0,23,339,12
2025-12-06 00:00:00,0.0,0,11.6,21.2,0.0,0,340,12
2025-12-06 01:00:00,0.0,0,11.0,20.6,0.0,1,340,12
2025-12-06 02:00:00,0.0,0,10.9,19.8,0.0,2,340,12
2025-12-06 03:00:00,0.0,0,11.2,19.2,0.0,3,340,12
2025-12-06 04:00:00,0.0,0,11.7,18.6,0.0,4,340,12
2025-12-06 05:00:00,0.0,0,12.1,17.8,0.0,5,340,12
2025-12-06 06:00:00,0.0,0,11.9,17.3,0.0,6,340,12
2025-12-06 07:00:00,5.0,0,12.4,17.0,0.16377906277246468,7,340,12
2025-12-06 08:00:00,112.0,0,9.1,17.9,3.971374643489392,8,340,12
2025-12-06 09:00:00,302.0,0,10.6,19.9,10.722970727410477,9,340,12
2025-12-06 10:00:00,481.0,28,9.4,22.3,13.22659830967677,10,340,12
2025-12-06 11:00:00,612.0,77,9.6,25.2,11.893215644389743,11,340,12
2025-12-06 12:00:00,682.0,89,10.2,26.8,10.993227824031338,12,340,12
2025-12-06 13:00:00,680.0,100,10.0,27.7,10.558185205676741,13,340,12
2025-12-06 14:00:00,593.0,98,9.3,28.1,8.385602191577664,14,340,12
2025-12-06 15:00:00,461.0,100,8.2,28.2,7.125949841886556,15,340,12
2025-12-06 16:00:00,263.0,99,8.7,27.6,3.870851752773723,16,340,12
2025-12-06 17:00:00,109.0,99,7.5,26.7,1.8453242479649679,17,340,12
2025-12-06 18:00:00,5.0,100,8.5,25.6,0.07398466704970671,18,340,12
2025-12-06 19:00:00,0.0,100,10.4,24.7,0.0,19,340,12
2025-12-06 20:00:00,0.0,100,10.2,24.1,0.0,20,340,12
2025-12-06 21:00:00,0.0,100,9.8,23.5,0.0,21,340,12
2025-12-06 22:00:00,0.0,99,9.6,22.7,0.0,22,340,12
2025-12-06 23:00:00,0.0,99,9.0,21.6,0.0,23,340,12
2025-12-07 00:00:00,0.0,78,9.0,20.6,0.0,0,341,12
2025-12-07 01:00:00,0.0,11,9.2,19.9,0.0,1,341,12
2025-12-07 02:00:00,0.0,0,9.3,19.1,0.0,2,341,12
2025-12-07 03:00:00,0.0,0,10.2,18.4,0.0,3,341,12
2025-12-07 04:00:00,0.0,0,10.5,17.7,0.0,4,341,12
2025-12-07 05:00:00,0.0,0,11.2,17.5,0.0,5,341,12
2025-12-07 06:00:00,0.0,0,11.8,17.2,0.0,6,341,12
2025-12-07 07:00:00,4.0,0,11.8,16.9,0.13793979520654112,7,341,12
2025-12-07 08:00:00,111.0,0,9.2,17.9,3.9142235852424827,8,341,12
2025-12-07 09:00:00,301.0,0,8.6,20.0,10.712405467085658,9,341,12
2025-12-07 10:00:00,481.0,0,8.5,22.5,16.190594755338605,10,341,12
2025-12-07 11:00:00,616.0,0,10.6,25.6,21.986995624712122,11,341,12
2025-12-07 12:00:00,689.0,0,11.1,27.4,23.509717796085166,12,341,12
2025-12-07 13:00:00,692.0,0,10.4,28.8,21.821576705462018,13,341,12
2025-12-07 14:00:00,622.0,0,8.6,29.5,20.40703445397412,14,341,12
2025-12-07 15:00:00,490.0,0,7.6,29.7,17.63287757643587,15,341,12
2025-12-07 16:00:00,310.0,0,8.3,29.2,9.698328989036924,16,341,12
2025-12-07 17:00:00,117.0,0,7.4,28.2,3.7299641284353915,17,341,12
2025-12-07 18:00:00,5.0,0,7.5,27.3,0.1806190543771824,18,341,12
2025-12-07 19:00:00,0.0,0,8.2,26.2,0.0,19,341,12
2025-12-07 20:00:00,0.0,0,9.1,25.2,0.0,20,341,12
2025-12-07 21:00:00,0.0,0,9.3,24.1,0.0,21,341,12
2025-12-07 22:00:00,0.0,0,8.9,22.8,0.0,22,341,12
2025-12-07 23:00:00,0.0,0,8.9,21.7,0.0,23,341,12
2025-12-08 00:00:00,0.0,0,9.6,20.7,0.0,0,342,12
2025-12-08 01:00:00,0.0,0,9.8,19.9,0.0,1,342,12
2025-12-08 02:00:00,0.0,0,9.3,19.2,0.0,2,342,12
2025-12-08 03:00:00,0.0,0,9.3,18.6,0.0,3,342,12
2025-12-08 04:00:00,0.0,0,9.7,18.0,0.0,4,342,12
2025-12-08 05:00:00,0.0,0,10.3,17.3,0.0,5,342,12
2025-12-08 06:00:00,0.0,0,11.1,17.1,0.0,6,342,12
2025-12-08 07:00:00,4.0,0,11.2,16.9,0.13772540703266153,7,342,12
2025-12-08 08:00:00,109.0,0,9.7,17.9,3.8465335002864407,8,342,12
2025-12-08 09:00:00,300.0,0,7.8,20.2,10.42950761130313,9,342,12
2025-12-08 10:00:00,479.0,0,7.7,23.0,16.927164168621978,10,342,12
2025-12-08 11:00:00,611.0,0,8.0,26.6,22.377840053960288,11,342,12
2025-12-08 12:00:00,682.0,0,8.7,28.7,20.948885953760215,12,342,12
2025-12-08 13:00:00,684.0,0,10.5,30.0,23.77583012607499,13,342,12
2025-12-08 14:00:00,617.0,0,10.7,30.7,21.441975318176922,14,342,12
2025-12-08 15:00:00,487.0,0,10.8,30.7,15.583831011367073,15,342,12
2025-12-08 16:00:00,310.0,0,10.4,30.4,10.717618435638245,16,342,12
2025-12-08 17:00:00,118.0,0,8.1,29.1,4.074019114438551,17,342,12
2025-12-08 18:00:00,5.0,0,8.0,27.9,0.1708482691070169,18,342,12
2025-12-08 19:00:00,0.0,0,8.2,26.6,0.0,19,342,12
2025-12-08 20:00:00,0.0,0,8.4,25.5,0.0,20,342,12
2025-12-08 21:00:00,0.0,0,8.8,25.1,0.0,21,342,12
2025-12-08 22:00:00,0.0,0,9.0,23.7,0.0,22,342,12
2025-12-08 23:00:00,0.0,0,9.6,21.9,0.0,23,342,12
2025-12-09 00:00:00,0.0,0,10.4,20.9,0.0,0,343,12
2025-12-09 01:00:00,0.0,0,8.9,20.0,0.0,1,343,12
2025-12-09 02:00:00,0.0,0,8.9,19.2,0.0,2,343,12
2025-12-09 03:00:00,0.0,0,9.5,18.5,0.0,3,343,12
2025-12-09 04:00:00,0.0,0,10.2,18.0,0.0,4,343,12
2025-12-09 05:00:00,0.0,0,11.2,17.7,0.0,5,343,12
2025-12-09 06:00:00,0.0,0,11.3,17.5,0.0,6,343,12
2025-12-09 07:00:00,4.0,0,11.0,17.1,0.1378867605196448,7,343,12
2025-12-09 08:00:00,109.0,0,10.2,18.2,3.5611375386993736,8,343,12
2025-12-09 09:00:00,302.0,0,7.3,20.3,10.007606335540071,9,343,12
2025-12-09 10:00:00,482.0,0,7.2,23.0,17.702626887528996,10,343,12
2025-12-09 11:00:00,616.0,0,6.8,26.6,20.888589864695394,11,343,12
2025-12-09 12:00:00,686.0,0,7.3,28.6,23.897184329809527,12,343,12
2025-12-09 13:00:00,688.0,0,7.8,29.9,22.983652731790293,13,343,12
2025-12-09 14:00:00,620.0,0,8.2,30.6,21.716477450467504,14,343,12
2025-12-09 15:00:00,488.0,0,8.5,30.6,15.407170871068132,15,343,12
2025-12-09 16:00:00,310.0,0,9.0,30.2,10.51681564380422,16,343,12
2025-12-09 17:00:00,118.0,0,7.5,29.0,3.8821598656809657,17,343,12
2025-12-09 18:00:00,6.0,0,7.4,27.8,0.19248689622872342,18,343,12
2025-12-09 19:00:00,0.0,0,7.9,26.8,0.0,19,343,12
2025-12-09 20:00:00,0.0,0,8.6,25.9,0.0,20,343,12
2025-12-09 21:00:00,0.0,0,9.4,24.5,0.0,21,343,12
2025-12-09 22:00:00,0.0,0,9.4,23.3,0.0,22,343,12
2025-12-09 23:00:00,0.0,0,7.6,22.2,0.0,23,343,12
2025-12-10 00:00:00,0.0,0,7.8,20.7,0.0,0,344,12
2025-12-10 01:00:00,0.0,0,8.9,19.8,0.0,1,344,12
2025-12-10 02:00:00,0.0,0,9.0,19.1,0.0,2,344,12
2025-12-10 03:00:00,0.0,0,8.9,18.5,0.0,3,344,12
2025-12-10 04:00:00,0.0,0,9.7,17.9,0.0,4,344,12
2025-12-10 05:00:00,0.0,0,9.2,17.5,0.0,5,344,12
2025-12-10 06:00:00,0.0,0,9.4,17.1,0.0,6,344,12
2025-12-10 07:00:00,3.0,0,9.7,16.6,0.10303928035877649,7,344,12
2025-12-10 08:00:00,106.0,0,9.3,17.6,3.514546735384482,8,344,12
2025-12-10 09:00:00,296.0,0,6.0,20.0,9.544785528543414,9,344,12
2025-12-10 10:00:00,477.0,0,6.0,23.1,15.814171023486995,10,344,12
2025-12-10 11:00:00,611.0,0,5.5,26.9,21.662616823860173,11,344,12
2025-12-10 12:00:00,683.0,0,5.0,29.1,21.919873521804384,12,344,12
2025-12-10 13:00:00,687.0,0,5.1,30.4,22.72467286976322,13,344,12
2025-12-10 14:00:00,620.0,0,4.3,30.9,18.67222863729418,14,344,12
2025-12-10 15:00:00,489.0,0,4.2,30.9,17.448261235623974,15,344,12
2025-12-10 16:00:00,310.0,0,5.6,30.5,11.529078920166869,16,344,12
2025-12-10 17:00:00,119.0,0,7.3,29.1,4.024659844870189,17,344,12
2025-12-10 18:00:00,6.0,0,7.1,27.9,0.20519856315750445,18,344,12
2025-12-10 19:00:00,0.0,0,7.9,26.9,0.0,19,344,12
2025-12-10 20:00:00,0.0,0,7.1,25.9,0.0,20,344,12
2025-12-10 21:00:00,0.0,0,6.6,24.8,0.0,21,344,12
2025-12-10 22:00:00,0.0,0,6.9,23.6,0.0,22,344,12
2025-12-10 23:00:00,0.0,0,8.7,21.8,0.0,23,344,12
2025-12-11 00:00:00,0.0,0,9.0,21.1,0.0,0,345,12
2025-12-11 01:00:00,0.0,0,7.7,20.2,0.0,1,345,12
2025-12-11 02:00:00,0.0,0,7.1,19.2,0.0,2,345,12
2025-12-11 03:00:00,0.0,0,7.3,18.1,0.0,3,345,12
2025-12-11 04:00:00,0.0,0,7.5,17.7,0.0,4,345,12
2025-12-11 05:00:00,0.0,0,7.8,17.3,0.0,5,345,12
2025-12-11 06:00:00,0.0,0,8.5,17.1,0.0,6,345,12
2025-12-11 07:00:00,3.0,0,8.7,16.7,0.10083143225897777,7,345,12
2025-12-11 08:00:00,104.0,0,7.8,17.3,3.3858527460797436,8,345,12
2025-12-11 09:00:00,293.0,0,4.7,19.6,11.004046668482934,9,345,12
2025-12-11 10:00:00,472.0,0,4.2,22.8,16.42970449803307,10,345,12
2025-12-11 11:00:00,606.0,0,4.5,26.7,20.242288048704758,11,345,12
2025-12-11 12:00:00,678.0,0,5.0,28.8,22.314086719971137,12,345,12
2025-12-11 13:00:00,682.0,0,4.4,29.7,22.27909752874961,13,345,12
2025-12-11 14:00:00,616.0,0,3.8,30.2,19.852868640891202,14,345,12
2025-12-11 15:00:00,487.0,0,3.1,30.3,16.01794036822554,15,345,12
2025-12-11 16:00:00,310.0,0,3.9,30.1,10.53428382978744,16,345,12
2025-12-11 17:00:00,119.0,0,6.2,28.8,4.0529550433033,17,345,12
2025-12-11 18:00:00,6.0,0,7.4,27.6,0.18810121564588891,18,345,12
2025-12-11 19:00:00,0.0,0,7.5,26.6,0.0,19,345,12
2025-12-11 20:00:00,0.0,0,7.4,25.7,0.0,20,345,12
2025-12-11 21:00:00,0.0,0,6.7,24.7,0.0,21,345,12
2025-12-11 22:00:00,0.0,0,7.0,23.4,0.0,22,345,12
2025-12-11 23:00:00,0.0,0,6.8,21.7,0.0,23,345,12
2025-12-12 00:00:00,0.0,0,7.2,20.7,0.0,0,346,12
2025-12-12 01:00:00,0.0,0,7.0,19.9,0.0,1,346,12
2025-12-12 02:00:00,0.0,0,8.0,19.2,0.0,2,346,12
2025-12-12 03:00:00,0.0,0,7.0,18.8,0.0,3,346,12
2025-12-12 04:00:00,0.0,0,6.6,18.2,0.0,4,346,12
2025-12-12 05:00:00,0.0,0,7.2,17.4,0.0,5,346,12
2025-12-12 06:00:00,0.0,0,7.7,17.1,0.0,6,346,12
2025-12-12 07:00:00,3.0,0,7.7,16.6,0.10040100134557865,7,346,12
2025-12-12 08:00:00,102.0,0,6.5,17.5,3.2893465560450132,8,346,12
2025-12-12 09:00:00,290.0,0,3.6,20.1,10.357583720673352,9,346,12
2025-12-12 10:00:00,470.0,0,4.1,23.4,15.522422483273157,10,346,12
2025-12-12 11:00:00,604.0,0,5.9,26.7,21.653849217358953,11,346,12
2025-12-12 12:00:00,676.0,0,5.9,28.5,23.49061014171934,12,346,12
2025-12-12 13:00:00,680.0,0,5.7,29.6,24.487092324613236,13,346,12
2025-12-12 14:00:00,614.0,0,4.9,30.1,20.10596150958218,14,346,12
2025-12-12 15:00:00,486.0,0,4.9,30.2,14.754126930845189,15,346,12
2025-12-12 16:00:00,310.0,0,5.2,29.9,9.855631524328645,16,346,12
2025-12-12 17:00:00,120.0,0,5.6,28.8,4.082012664255728,17,346,12
2025-12-12 18:00:00,6.0,0,3.7,28.1,0.22117567386238746,18,346,12
2025-12-12 19:00:00,0.0,0,5.4,27.1,0.0,19,346,12
2025-12-12 20:00:00,0.0,0,6.5,25.6,0.0,20,346,12
2025-12-12 21:00:00,0.0,0,6.6,24.5,0.0,21,346,12
2025-12-12 22:00:00,0.0,0,6.6,23.4,0.0,22,346,12
2025-12-12 23:00:00,0.0,0,5.9,22.0,0.0,23,346,12
2025-12-13 00:00:00,0.0,0,6.4,20.4,0.0,0,347,12
2025-12-13 01:00:00,0.0,0,7.8,19.2,0.0,1,347,12
2025-12-13 02:00:00,0.0,0,8.9,18.3,0.0,2,347,12
2025-12-13 03:00:00,0.0,0,8.7,17.9,0.0,3,347,12
2025-12-13 04:00:00,0.0,0,8.1,17.6,0.0,4,347,12
2025-12-13 05:00:00,0.0,0,8.1,17.0,0.0,5,347,12
2025-12-13 06:00:00,0.0,0,8.4,16.6,0.0,6,347,12
2025-12-13 07:00:00,3.0,0,8.6,16.1,0.10319512209709424,7,347,12
2025-12-13 08:00:00,100.0,0,8.3,17.1,3.170744104896174,8,347,12
2025-12-13 09:00:00,288.0,0,5.7,19.7,10.505807521679053,9,347,12
2025-12-13 10:00:00,467.0,0,5.6,22.9,15.72525726712855,10,347,12
2025-12-13 11:00:00,602.0,0,6.0,26.5,20.89468008666035,11,347,12
2025-12-13 12:00:00,676.0,0,6.5,28.7,23.434945165345578,12,347,12
2025-12-13 13:00:00,681.0,0,6.5,29.9,23.779005953098462,13,347,12
2025-12-13 14:00:00,616.0,0,5.6,30.5,21.51204530102471,14,347,12
2025-12-13 15:00:00,488.0,0,5.0,30.6,15.108666903692603,15,347,12
2025-12-13 16:00:00,312.0,0,5.6,30.3,10.01993716147997,16,347,12
2025-12-13 17:00:00,121.0,0,5.6,28.9,4.15984042430825,17,347,12
2025-12-13 18:00:00,6.0,0,5.7,27.8,0.20573690647939438,18,347,12
2025-12-13 19:00:00,0.0,0,7.0,26.6,0.0,19,347,12
2025-12-13 20:00:00,0.0,0,6.8,25.2,0.0,20,347,12
2025-12-13 21:00:00,0.0,0,7.1,23.8,0.0,21,347,12
2025-12-13 22:00:00,0.0,0,7.5,22.6,0.0,22,347,12
2025-12-13 23:00:00,0.0,0,7.8,21.6,0.0,23,347,12
2025-12-14 00:00:00,0.0,0,8.2,20.5,0.0,0,348,12
2025-12-14 01:00:00,0.0,0,8.7,19.5,0.0,1,348,12
2025-12-14 02:00:00,0.0,0,9.3,18.8,0.0,2,348,12
2025-12-14 03:00:00,0.0,0,10.0,18.4,0.0,3,348,12
2025-12-14 04:00:00,0.0,0,10.1,18.0,0.0,4,348,12
2025-12-14 05:00:00,0.0,0,9.6,17.5,0.0,5,348,12
2025-12-14 06:00:00,0.0,0,10.0,17.1,0.0,6,348,12
2025-12-14 07:00:00,2.0,0,9.9,16.7,0.0713202811770576,7,348,12
2025-12-14 08:00:00,97.0,0,8.7,17.7,3.2655744625123857,8,348,12
2025-12-14 09:00:00,283.0,0,6.8,20.0,10.004151021365008,9,348,12
2025-12-14 10:00:00,462.0,0,7.2,22.9,16.64049139371072,10,348,12
2025-12-14 11:00:00,596.0,0,5.6,26.0,21.51919278522488,11,348,12
2025-12-14 12:00:00,669.0,0,4.3,27.8,21.459592923621667,12,348,12
2025-12-14 13:00:00,674.0,0,3.7,29.1,23.017459075940646,13,348,12
2025-12-14 14:00:00,610.0,0,3.1,29.9,20.098313295831524,14,348,12
2025-12-14 15:00:00,482.0,0,3.6,30.2,17.33596017348573,15,348,12
2025-12-14 16:00:00,308.0,0,5.3,29.9,10.522115210525872,16,348,12
2025-12-14 17:00:00,120.0,0,6.6,28.9,3.8680066709401637,17,348,12
2025-12-14 18:00:00,6.0,0,6.8,27.6,0.20265843240795697,18,348,12
2025-12-14 19:00:00,0.0,0,6.7,26.8,0.0,19,348,12
2025-12-14 20:00:00,0.0,0,6.7,26.0,0.0,20,348,12
2025-12-14 21:00:00,0.0,0,7.6,24.6,0.0,21,348,12
2025-12-14 22:00:00,0.0,1,8.3,23.2,0.0,22,348,12
2025-12-14 23:00:00,0.0,2,8.0,21.8,0.0,23,348,12
2025-12-15 00:00:00,0.0,3,8.9,20.7,0.0,0,349,12
2025-12-15 01:00:00,0.0,0,9.5,19.8,0.0,1,349,12
2025-12-15 02:00:00,0.0,1,9.7,19.3,0.0,2,349,12
2025-12-15 03:00:00,0.0,1,9.9,18.8,0.0,3,349,12
2025-12-15 04:00:00,0.0,55,10.2,18.3,0.0,4,349,12
2025-12-15 05:00:00,0.0,0,10.3,18.1,0.0,5,349,12
2025-12-15 06:00:00,0.0,0,10.3,17.7,0.0,6,349,12
2025-12-15 07:00:00,2.0,0,10.4,17.2,0.06480632314537306,7,349,12
2025-12-15 08:00:00,96.0,0,9.2,18.1,3.5055704628321593,8,349,12
2025-12-15 09:00:00,281.0,0,7.6,20.1,10.194749150399492,9,349,12
2025-12-15 10:00:00,460.0,0,6.7,22.9,16.44841812762404,10,349,12
2025-12-15 11:00:00,595.0,0,6.0,26.2,18.028019820213995,11,349,12
2025-12-15 12:00:00,671.0,0,5.8,28.3,22.60769277953575,12,349,12
2025-12-15 13:00:00,677.0,0,6.1,29.6,21.316486495725005,13,349,12
2025-12-15 14:00:00,614.0,0,6.4,30.1,21.444707201031836,14,349,12
2025-12-15 15:00:00,487.0,0,7.1,30.2,17.568551328310264,15,349,12
2025-12-15 16:00:00,312.0,0,7.2,29.7,10.682417017892758,16,349,12
2025-12-15 17:00:00,122.0,0,6.6,28.6,4.2124564183708815,17,349,12
2025-12-15 18:00:00,7.0,0,7.2,27.5,0.22538337700319752,18,349,12
2025-12-15 19:00:00,0.0,0,7.9,26.1,0.0,19,349,12
2025-12-15 20:00:00,0.0,0,8.4,25.0,0.0,20,349,12
2025-12-15 21:00:00,0.0,0,9.4,24.0,0.0,21,349,12
2025-12-15 22:00:00,0.0,0,9.5,23.1,0.0,22,349,12
2025-12-15 23:00:00,0.0,0,9.3,21.9,0.0,23,349,12
2025-12-16 00:00:00,0.0,0,10.3,20.6,0.0,0,350,12
2025-12-16 01:00:00,0.0,0,10.4,19.8,0.0,1,350,12
2025-12-16 02:00:00,0.0,0,10.1,19.1,0.0,2,350,12
2025-12-16 03:00:00,0.0,0,10.5,18.4,0.0,3,350,12
2025-12-16 04:00:00,0.0,0,10.9,17.8,0.0,4,350,12
2025-12-16 05:00:00,0.0,0,11.4,17.3,0.0,5,350,12
2025-12-16 06:00:00,0.0,0,11.6,16.8,0.0,6,350,12
2025-12-16 07:00:00,2.0,0,11.1,16.2,0.06629586128924499,7,350,12
2025-12-16 08:00:00,97.0,0,9.1,16.9,3.8226176965096417,8,350,12
2025-12-16 09:00:00,286.0,0,9.2,18.8,9.84425705546992,9,350,12
2025-12-16 10:00:00,469.0,0,9.4,21.4,14.850169621246447,10,350,12
2025-12-16 11:00:00,608.0,0,9.5,24.3,21.240911328153324,11,350,12
2025-12-16 12:00:00,684.0,0,8.8,26.3,23.610322470515253,12,350,12
2025-12-16 13:00:00,691.0,0,8.8,27.8,22.818256395488877,13,350,12
2025-12-16 14:00:00,627.0,0,8.5,28.5,23.46687883858952,14,350,12
2025-12-16 15:00:00,498.0,0,8.1,28.7,15.9281066075911,15,350,12
2025-12-16 16:00:00,320.0,0,8.4,28.4,11.010393229284357,16,350,12
2025-12-16 17:00:00,126.0,0,7.9,27.0,4.6641250047796845,17,350,12
2025-12-16 18:00:00,7.0,0,7.6,25.9,0.24153728241962089,18,350,12
2025-12-16 19:00:00,0.0,0,9.6,24.6,0.0,19,350,12
2025-12-16 20:00:00,0.0,0,10.3,23.7,0.0,20,350,12
2025-12-16 21:00:00,0.0,0,10.7,22.9,0.0,21,350,12
2025-12-16 22:00:00,0.0,0,10.9,22.1,0.0,22,350,12
2025-12-16 23:00:00,0.0,0,11.3,21.1,0.0,23,350,12
2025-12-17 00:00:00,0.0,0,11.3,20.4,0.0,0,351,12
2025-12-17 01:00:00,0.0,0,10.8,19.7,0.0,1,351,12
2025-12-17 02:00:00,0.0,0,10.6,19.0,0.0,2,351,12
2025-12-17 03:00:00,0.0,0,10.4,18.4,0.0,3,351,12
2025-12-17 04:00:00,0.0,0,10.3,17.8,0.0,4,351,12
2025-12-17 05:00:00,0.0,0,9.8,16.7,0.0,5,351,12
2025-12-17 06:00:00,0.0,0,9.9,16.4,0.0,6,351,12
2025-12-17 07:00:00,2.0,0,10.5,16.0,0.06647914579695685,7,351,12
2025-12-17 08:00:00,94.0,0,8.8,16.8,3.3829132468354106,8,351,12
2025-12-17 09:00:00,281.0,0,7.6,19.0,9.12237260317155,9,351,12
2025-12-17 10:00:00,462.0,0,7.5,22.0,16.79351282531559,10,351,12
2025-12-17 11:00:00,599.0,0,6.7,25.6,17.421588236948452,11,351,12
2025-12-17 12:00:00,674.0,0,5.4,27.7,23.581806275128475,12,351,12
2025-12-17 13:00:00,681.0,0,4.7,29.2,19.90493360078425,13,351,12
2025-12-17 14:00:00,618.0,0,4.4,30.0,21.530445364437597,14,351,12
2025-12-17 15:00:00,492.0,0,4.6,30.2,16.932822917884153,15,351,12
2025-12-17 16:00:00,317.0,0,5.6,29.8,10.315735570050816,16,351,12
2025-12-17 17:00:00,125.0,0,6.8,28.2,4.338364215494871,17,351,12
2025-12-17 18:00:00,7.0,0,6.6,27.1,0.22090983010570167,18,351,12
2025-12-17 19:00:00,0.0,0,7.0,26.2,0.0,19,351,12
2025-12-17 20:00:00,0.0,0,8.0,25.1,0.0,20,351,12
2025-12-17 21:00:00,0.0,0,7.8,23.9,0.0,21,351,12
2025-12-17 22:00:00,0.0,0,8.1,23.0,0.0,22,351,12
2025-12-17 23:00:00,0.0,0,8.9,21.9,0.0,23,351,12
2025-12-18 00:00:00,0.0,0,9.3,21.1,0.0,0,352,12
2025-12-18 01:00:00,0.0,0,9.3,20.3,0.0,1,352,12
2025-12-18 02:00:00,0.0,0,9.0,19.5,0.0,2,352,12
2025-12-18 03:00:00,0.0,0,8.6,18.6,0.0,3,352,12
2025-12-18 04:00:00,0.0,0,9.1,17.9,0.0,4,352,12
2025-12-18 05:00:00,0.0,0,9.0,17.3,0.0,5,352,12
2025-12-18 06:00:00,0.0,0,9.7,17.0,0.0,6,352,12
2025-12-18 07:00:00,2.0,0,10.2,16.6,0.06562094242348285,7,352,12
2025-12-18 08:00:00,93.0,0,9.6,17.3,3.513921077275468,8,352,12
2025-12-18 09:00:00,282.0,0,6.6,19.5,9.567312766938034,9,352,12
2025-12-18 10:00:00,465.0,0,6.2,22.4,14.56406015619663,10,352,12
2025-12-18 11:00:00,603.0,0,5.9,26.1,21.50316539422517,11,352,12
2025-12-18 12:00:00,679.0,0,6.2,28.3,22.562749717536246,12,352,12
2025-12-18 13:00:00,686.0,0,6.6,29.6,23.54771880519897,13,352,12
2025-12-18 14:00:00,624.0,0,6.3,30.3,21.672153232646412,14,352,12
2025-12-18 15:00:00,496.0,0,6.2,30.4,16.724423670007404,15,352,12
2025-12-18 16:00:00,320.0,0,6.4,30.0,11.350833461359997,16,352,12
2025-12-18 17:00:00,128.0,0,6.2,28.7,4.091626802401217,17,352,12
2025-12-18 18:00:00,8.0,0,6.4,27.6,0.26128729874614337,18,352,12
2025-12-18 19:00:00,0.0,0,8.4,26.2,0.0,19,352,12
2025-12-18 20:00:00,0.0,0,8.9,25.1,0.0,20,352,12
2025-12-18 21:00:00,0.0,0,8.2,24.1,0.0,21,352,12
2025-12-18 22:00:00,0.0,0,8.3,23.0,0.0,22,352,12
2025-12-18 23:00:00,0.0,0,8.2,21.8,0.0,23,352,12
2025-12-19 00:00:00,0.0,0,8.6,20.9,0.0,0,353,12
2025-12-19 01:00:00,0.0,0,8.9,19.7,0.0,1,353,12
2025-12-19 02:00:00,0.0,0,9.1,18.9,0.0,2,353,12
2025-12-19 03:00:00,0.0,0,8.9,18.3,0.0,3,353,12
2025-12-19 04:00:00,0.0,0,8.9,17.4,0.0,4,353,12
2025-12-19 05:00:00,0.0,0,8.9,17.1,0.0,5,353,12
2025-12-19 06:00:00,0.0,0,9.2,16.6,0.0,6,353,12
2025-12-19 07:00:00,1.0,0,9.3,16.2,0.033830892982626565,7,353,12
2025-12-19 08:00:00,90.0,0,8.4,17.1,2.8468182477244954,8,353,12
2025-12-19 09:00:00,274.0,0,5.1,19.5,8.72795935178287,9,353,12
2025-12-19 10:00:00,452.0,0,5.5,22.6,16.031840907194788,10,353,12
2025-12-19 11:00:00,588.0,0,6.1,26.3,19.631618500217158,11,353,12
2025-12-19 12:00:00,663.0,0,6.3,28.5,21.979264099075493,12,353,12
2025-12-19 13:00:00,670.0,0,6.2,29.8,22.5521493876392,13,353,12
2025-12-19 14:00:00,608.0,0,6.0,30.6,20.92162706446139,14,353,12
2025-12-19 15:00:00,484.0,82,5.9,30.7,9.509135262247803,15,353,12
2025-12-19 16:00:00,312.0,39,6.1,30.4,8.39854182880202,16,353,12
2025-12-19 17:00:00,125.0,4,6.8,29.2,3.7195802814088688,17,353,12
2025-12-19 18:00:00,8.0,0,6.4,28.2,0.2724339517675641,18,353,12
2025-12-19 19:00:00,0.0,0,5.8,27.4,0.0,19,353,12
2025-12-19 20:00:00,0.0,0,6.2,26.5,0.0,20,353,12
2025-12-19 21:00:00,0.0,0,6.5,25.5,0.0,21,353,12
2025-12-19 22:00:00,0.0,0,6.1,24.6,0.0,22,353,12
2025-12-19 23:00:00,0.0,0,5.1,23.7,0.0,23,353,12
2025-12-20 00:00:00,0.0,0,5.9,22.9,0.0,0,354,12
2025-12-20 01:00:00,0.0,0,5.7,21.7,0.0,1,354,12
2025-12-20 02:00:00,0.0,0,6.2,20.4,0.0,2,354,12
2025-12-20 03:00:00,0.0,0,6.4,19.9,0.0,3,354,12
2025-12-20 04:00:00,0.0,0,6.6,19.4,0.0,4,354,12
2025-12-20 05:00:00,0.0,0,6.5,18.8,0.0,5,354,12
2025-12-20 06:00:00,0.0,0,6.9,18.2,0.0,6,354,12
2025-12-20 07:00:00,1.0,0,7.2,17.6,0.03539070951581169,7,354,12
2025-12-20 08:00:00,87.0,0,6.5,18.3,3.1818735254466066,8,354,12
2025-12-20 09:00:00,269.0,0,3.8,20.9,8.886398030036815,9,354,12
2025-12-20 10:00:00,447.0,0,4.6,24.2,15.995466809924023,10,354,12
2025-12-20 11:00:00,583.0,0,4.4,27.6,17.864111774523135,11,354,12
2025-12-20 12:00:00,659.0,0,3.0,29.6,21.04919451897162,12,354,12
2025-12-20 13:00:00,668.0,0,2.2,30.8,22.52312193208448,13,354,12
2025-12-20 14:00:00,607.0,16,3.1,31.5,19.12790037235948,14,354,12
2025-12-20 15:00:00,484.0,84,4.4,31.6,8.596003475826402,15,354,12
2025-12-20 16:00:00,312.0,5,4.9,31.3,11.48097052161214,16,354,12
2025-12-20 17:00:00,126.0,0,5.7,29.7,4.493634078467968,17,354,12
2025-12-20 18:00:00,8.0,0,4.3,28.6,0.2616675026056651,18,354,12
2025-12-20 19:00:00,0.0,0,3.6,27.7,0.0,19,354,12
2025-12-20 20:00:00,0.0,0,2.6,27.1,0.0,20,354,12
2025-12-20 21:00:00,0.0,0,3.6,26.0,0.0,21,354,12
2025-12-20 22:00:00,0.0,7,4.8,24.9,0.0,22,354,12
2025-12-20 23:00:00,0.0,20,4.9,23.4,0.0,23,354,12
2025-12-21 00:00:00,0.0,82,7.1,21.9,0.0,0,355,12
2025-12-21 01:00:00,0.0,100,8.1,20.6,0.0,1,355,12
2025-12-21 02:00:00,0.0,100,7.4,20.1,0.0,2,355,12
2025-12-21 03:00:00,0.0,100,8.1,19.6,0.0,3,355,12
2025-12-21 04:00:00,0.0,100,8.6,19.0,0.0,4,355,12
2025-12-21 05:00:00,0.0,100,8.3,18.8,0.0,5,355,12
2025-12-21 06:00:00,0.0,100,8.8,18.5,0.0,6,355,12
2025-12-21 07:00:00,1.0,100,9.1,18.2,0.014007067988542773,7,355,12
2025-12-21 08:00:00,75.0,100,7.5,18.9,1.222879152277109,8,355,12
2025-12-21 09:00:00,226.0,100,5.5,20.6,3.0602599200394343,9,355,12
2025-12-21 10:00:00,390.0,100,6.2,23.2,6.105184375029093,10,355,12
2025-12-21 11:00:00,503.0,100,6.2,26.0,7.585225362214871,11,355,12
2025-12-21 12:00:00,576.0,100,6.3,27.9,9.373862532358991,12,355,12
2025-12-21 13:00:00,618.0,100,6.3,29.2,8.808991323331172,13,355,12
2025-12-21 14:00:00,578.0,100,6.1,30.0,9.00265617727974,14,355,12
2025-12-21 15:00:00,453.0,100,5.2,30.1,7.417669206072125,15,355,12
2025-12-21 16:00:00,275.0,100,4.9,29.9,4.367797536184476,16,355,12
2025-12-21 17:00:00,108.0,100,5.4,28.8,1.79206666161501,17,355,12
2025-12-21 18:00:00,8.0,100,4.3,28.0,0.12767914381424403,18,355,12
2025-12-21 19:00:00,0.0,100,5.0,27.1,0.0,19,355,12
2025-12-21 20:00:00,0.0,100,6.7,25.8,0.0,20,355,12
2025-12-21 21:00:00,0.0,100,7.2,24.7,0.0,21,355,12
2025-12-21 22:00:00,0.0,100,7.6,23.7,0.0,22,355,12
2025-12-21 23:00:00,0.0,100,8.0,22.7,0.0,23,355,12
2025-12-22 00:00:00,0.0,100,8.2,21.9,0.0,0,356,12
2025-12-22 01:00:00,0.0,100,8.7,21.1,0.0,1,356,12
2025-12-22 02:00:00,0.0,100,9.0,20.5,0.0,2,356,12
2025-12-22 03:00:00,0.0,98,8.7,19.9,0.0,3,356,12
2025-12-22 04:00:00,0.0,100,8.8,19.3,0.0,4,356,12
2025-12-22 05:00:00,0.0,100,9.0,18.9,0.0,5,356,12
2025-12-22 06:00:00,0.0,99,9.9,18.5,0.0,6,356,12
2025-12-22 07:00:00,1.0,98,10.5,18.0,0.016887199942182376,7,356,12
2025-12-22 08:00:00,83.0,95,9.4,18.8,1.360109078194881,8,356,12
2025-12-22 09:00:00,265.0,100,7.3,20.9,3.9981792873421527,9,356,12
2025-12-22 10:00:00,433.0,100,7.7,23.6,6.688217499619642,10,356,12
2025-12-22 11:00:00,566.0,100,7.7,26.5,7.968606462617326,11,356,12
2025-12-22 12:00:00,652.0,100,7.4,28.6,9.900400128297212,12,356,12
2025-12-22 13:00:00,664.0,70,7.2,29.8,14.186870353130066,13,356,12
2025-12-22 14:00:00,611.0,52,6.7,30.6,11.899222252162884,14,356,12
2025-12-22 15:00:00,489.0,7,5.9,30.7,14.877909036405393,15,356,12
2025-12-22 16:00:00,318.0,0,5.9,30.4,10.924386271512525,16,356,12
2025-12-22 17:00:00,130.0,0,5.4,29.4,4.326572824760041,17,356,12
2025-12-22 18:00:00,9.0,0,5.2,28.4,0.30784679171049967,18,356,12
2025-12-22 19:00:00,0.0,0,6.4,27.1,0.0,19,356,12
2025-12-22 20:00:00,0.0,0,7.5,26.0,0.0,20,356,12
2025-12-22 21:00:00,0.0,0,7.2,25.0,0.0,21,356,12
2025-12-22 22:00:00,0.0,0,6.3,24.1,0.0,22,356,12
2025-12-22 23:00:00,0.0,0,6.4,22.9,0.0,23,356,12
2025-12-23 00:00:00,0.0,41,7.0,22.2,0.0,0,357,12
2025-12-23 01:00:00,0.0,2,7.0,21.4,0.0,1,357,12
2025-12-23 02:00:00,0.0,0,7.6,20.5,0.0,2,357,12
2025-12-23 03:00:00,0.0,0,8.0,19.7,0.0,3,357,12
2025-12-23 04:00:00,0.0,0,8.2,19.0,0.0,4,357,12
2025-12-23 05:00:00,0.0,0,8.1,18.4,0.0,5,357,12
2025-12-23 06:00:00,0.0,0,8.8,18.1,0.0,6,357,12
2025-12-23 07:00:00,1.0,0,8.8,17.7,0.03286834488593019,7,357,12
2025-12-23 08:00:00,84.0,0,8.5,18.4,2.421225902431535,8,357,12
2025-12-23 09:00:00,267.0,0,5.5,20.6,9.017655236866448,9,357,12
2025-12-23 10:00:00,447.0,2,5.9,23.6,13.569896853105762,10,357,12
2025-12-23 11:00:00,586.0,17,6.1,26.9,17.312609976754047,11,357,12
2025-12-23 12:00:00,662.0,32,5.5,28.9,18.77635131153752,12,357,12
2025-12-23 13:00:00,671.0,49,6.1,30.2,17.08458709796359,13,357,12
2025-12-23 14:00:00,610.0,2,7.6,30.6,23.233827431921572,14,357,12
2025-12-23 15:00:00,489.0,0,7.8,30.5,13.926056412731285,15,357,12
2025-12-23 16:00:00,318.0,0,7.7,30.0,10.683783426013868,16,357,12
2025-12-23 17:00:00,130.0,0,7.0,29.1,4.429543641481975,17,357,12
2025-12-23 18:00:00,9.0,25,7.4,28.1,0.24054412520737004,18,357,12
2025-12-23 19:00:00,0.0,21,7.0,27.3,0.0,19,357,12
2025-12-23 20:00:00,0.0,0,7.1,26.6,0.0,20,357,12
2025-12-23 21:00:00,0.0,0,7.9,25.7,0.0,21,357,12
2025-12-23 22:00:00,0.0,0,8.2,24.7,0.0,22,357,12
2025-12-23 23:00:00,0.0,0,8.4,23.9,0.0,23,357,12
2025-12-24 00:00:00,0.0,0,10.8,23.4,0.0,0,358,12
2025-12-24 01:00:00,0.0,0,8.3,22.4,0.0,1,358,12
2025-12-24 02:00:00,0.0,0,6.4,20.8,0.0,2,358,12
2025-12-24 03:00:00,0.0,0,7.2,19.8,0.0,3,358,12
2025-12-24 04:00:00,0.0,0,9.2,19.0,0.0,4,358,12
2025-12-24 05:00:00,0.0,0,8.3,18.6,0.0,5,358,12
2025-12-24 06:00:00,0.0,0,8.8,18.2,0.0,6,358,12
2025-12-24 07:00:00,1.0,0,9.2,17.7,0.03520647417776078,7,358,12
2025-12-24 08:00:00,82.0,0,8.2,18.4,2.5370824726122416,8,358,12
2025-12-24 09:00:00,264.0,0,6.9,20.3,8.820784598839069,9,358,12
2025-12-24 10:00:00,444.0,0,6.5,22.9,16.319603225585897,10,358,12
2025-12-24 11:00:00,583.0,0,5.7,26.2,20.467693106605616,11,358,12
2025-12-24 12:00:00,662.0,0,5.3,28.1,23.22054267478866,12,358,12
2025-12-24 13:00:00,673.0,0,4.6,29.2,23.06484139092616,13,358,12
2025-12-24 14:00:00,614.0,0,4.7,29.6,21.727836882880442,14,358,12
2025-12-24 15:00:00,493.0,0,5.8,29.6,15.564843785113663,15,358,12
2025-12-24 16:00:00,322.0,0,6.9,29.1,11.365235607500216,16,358,12
2025-12-24 17:00:00,133.0,0,8.1,28.2,4.494505008432247,17,358,12
2025-12-24 18:00:00,10.0,0,7.4,27.3,0.37382736882845385,18,358,12
2025-12-24 19:00:00,0.0,0,6.6,26.7,0.0,19,358,12
2025-12-24 20:00:00,0.0,0,7.1,25.6,0.0,20,358,12
2025-12-24 21:00:00,0.0,0,7.5,24.2,0.0,21,358,12
2025-12-24 22:00:00,0.0,0,6.6,22.9,0.0,22,358,12
2025-12-24 23:00:00,0.0,0,6.6,21.5,0.0,23,358,12
2025-12-25 00:00:00,0.0,0,7.6,20.9,0.0,0,359,12
2025-12-25 01:00:00,0.0,0,7.7,20.7,0.0,1,359,12
2025-12-25 02:00:00,0.0,0,6.4,20.3,0.0,2,359,12
2025-12-25 03:00:00,0.0,0,8.0,18.9,0.0,3,359,12
2025-12-25 04:00:00,0.0,0,7.6,18.4,0.0,4,359,12
2025-12-25 05:00:00,0.0,0,8.6,18.2,0.0,5,359,12
2025-12-25 06:00:00,0.0,0,9.5,17.7,0.0,6,359,12
2025-12-25 07:00:00,1.0,0,9.7,17.2,0.03494757966727374,7,359,12
2025-12-25 08:00:00,81.0,0,8.1,17.9,2.8744936852587157,8,359,12
2025-12-25 09:00:00,263.0,0,6.7,19.9,8.26732225294614,9,359,12
2025-12-25 10:00:00,444.0,0,7.0,22.5,14.990835860820479,10,359,12
2025-12-25 11:00:00,583.0,0,7.3,25.4,16.450967159971036,11,359,12
2025-12-25 12:00:00,662.0,0,7.6,27.5,21.612694035344287,12,359,12
2025-12-25 13:00:00,674.0,0,7.0,28.3,22.96402856429423,13,359,12
2025-12-25 14:00:00,616.0,0,6.6,28.7,20.18633836001121,14,359,12
2025-12-25 15:00:00,495.0,0,6.2,28.8,17.395661456085794,15,359,12
2025-12-25 16:00:00,325.0,0,6.1,28.5,10.535914776882073,16,359,12
2025-12-25 17:00:00,136.0,0,6.3,27.7,4.295596917025558,17,359,12
2025-12-25 18:00:00,10.0,0,3.9,26.9,0.3041725120520943,18,359,12
2025-12-25 19:00:00,0.0,0,4.9,26.0,0.0,19,359,12
2025-12-25 20:00:00,0.0,0,6.7,24.8,0.0,20,359,12
2025-12-25 21:00:00,0.0,0,7.3,23.7,0.0,21,359,12
2025-12-25 22:00:00,0.0,0,7.9,22.7,0.0,22,359,12
2025-12-25 23:00:00,0.0,0,7.3,21.9,0.0,23,359,12
2025-12-26 00:00:00,0.0,0,7.5,21.1,0.0,0,360,12
2025-12-26 01:00:00,0.0,0,7.6,19.9,0.0,1,360,12
2025-12-26 02:00:00,0.0,0,8.4,18.9,0.0,2,360,12
2025-12-26 03:00:00,0.0,0,8.8,18.3,0.0,3,360,12
2025-12-26 04:00:00,0.0,0,8.8,17.9,0.0,4,360,12
2025-12-26 05:00:00,0.0,0,9.0,17.4,0.0,5,360,12
2025-12-26 06:00:00,0.0,0,9.6,17.2,0.0,6,360,12
2025-12-26 07:00:00,1.0,0,9.9,16.8,0.03158624191358756,7,360,12
2025-12-26 08:00:00,80.0,0,8.2,17.5,2.8477775731305166,8,360,12
2025-12-26 09:00:00,260.0,0,8.0,19.4,9.556886279638443,9,360,12
2025-12-26 10:00:00,441.0,0,7.9,22.0,16.18432065374467,10,360,12
2025-12-26 11:00:00,581.0,0,8.0,24.8,18.954770138380923,11,360,12
2025-12-26 12:00:00,661.0,0,8.8,26.9,22.694288802448526,12,360,12
2025-12-26 13:00:00,674.0,0,7.7,28.0,24.919804015781136,13,360,12
2025-12-26 14:00:00,617.0,0,6.1,28.5,21.48247281373111,14,360,12
2025-12-26 15:00:00,496.0,0,5.6,28.6,15.517626655485298,15,360,12
2025-12-26 16:00:00,326.0,0,5.7,28.3,11.091625720356712,16,360,12
2025-12-26 17:00:00,136.0,0,7.1,27.1,4.725236367006375,17,360,12
2025-12-26 18:00:00,11.0,0,7.2,26.1,0.3652444177718562,18,360,12
2025-12-26 19:00:00,0.0,0,8.5,24.9,0.0,19,360,12
2025-12-26 20:00:00,0.0,0,8.6,24.0,0.0,20,360,12
2025-12-26 21:00:00,0.0,0,8.5,23.1,0.0,21,360,12
2025-12-26 22:00:00,0.0,0,8.8,22.0,0.0,22,360,12
2025-12-26 23:00:00,0.0,0,8.6,20.8,0.0,23,360,12
2025-12-27 00:00:00,0.0,0,8.6,20.4,0.0,0,361,12
2025-12-27 01:00:00,0.0,0,9.1,19.6,0.0,1,361,12
2025-12-27 02:00:00,0.0,0,9.6,18.9,0.0,2,361,12
2025-12-27 03:00:00,0.0,0,10.2,18.3,0.0,3,361,12
2025-12-27 04:00:00,0.0,0,10.5,17.7,0.0,4,361,12
2025-12-27 05:00:00,0.0,0,11.0,16.8,0.0,5,361,12
2025-12-27 06:00:00,0.0,0,11.1,16.7,0.0,6,361,12
2025-12-27 07:00:00,1.0,0,11.0,16.3,0.03506046314694716,7,361,12
2025-12-27 08:00:00,79.0,0,9.2,16.9,2.8179923664520303,8,361,12
2025-12-27 09:00:00,260.0,0,9.1,18.9,9.052513447918226,9,361,12
2025-12-27 10:00:00,441.0,0,8.5,21.5,16.01217609196774,10,361,12
2025-12-27 11:00:00,581.0,0,8.3,24.0,21.41936726682094,11,361,12
2025-12-27 12:00:00,661.0,0,7.5,26.1,23.508704234293266,12,361,12
2025-12-27 13:00:00,672.0,0,6.2,27.3,21.409985788507587,13,361,12
2025-12-27 14:00:00,615.0,0,4.7,28.0,19.993560685818426,14,361,12
2025-12-27 15:00:00,495.0,0,4.3,28.3,16.434981027510897,15,361,12
2025-12-27 16:00:00,326.0,0,5.1,28.0,11.166716019190542,16,361,12
2025-12-27 17:00:00,137.0,0,7.7,26.7,4.855092001069347,17,361,12
2025-12-27 18:00:00,11.0,0,8.0,25.7,0.3680396536458715,18,361,12
2025-12-27 19:00:00,0.0,0,7.6,24.9,0.0,19,361,12
2025-12-27 20:00:00,0.0,0,6.8,24.1,0.0,20,361,12
2025-12-27 21:00:00,0.0,0,6.6,23.2,0.0,21,361,12
2025-12-27 22:00:00,0.0,0,6.8,22.0,0.0,22,361,12
2025-12-27 23:00:00,0.0,0,7.6,20.9,0.0,23,361,12
2025-12-28 00:00:00,0.0,0,7.7,20.1,0.0,0,362,12
2025-12-28 01:00:00,0.0,0,7.5,19.3,0.0,1,362,12
2025-12-28 02:00:00,0.0,0,8.7,18.5,0.0,2,362,12
2025-12-28 03:00:00,0.0,0,9.1,17.9,0.0,3,362,12
2025-12-28 04:00:00,0.0,0,9.2,17.4,0.0,4,362,12
2025-12-28 05:00:00,0.0,0,8.9,17.0,0.0,5,362,12
2025-12-28 06:00:00,0.0,0,9.4,16.6,0.0,6,362,12
2025-12-28 07:00:00,1.0,0,9.9,16.2,0.034961323250536795,7,362,12
2025-12-28 08:00:00,78.0,0,8.5,17.0,2.866220720023709,8,362,12
2025-12-28 09:00:00,258.0,0,6.8,19.1,8.945850045754973,9,362,12
2025-12-28 10:00:00,440.0,0,6.7,21.9,15.631809808930385,10,362,12
2025-12-28 11:00:00,581.0,0,5.8,24.5,20.33509268622544,11,362,12
2025-12-28 12:00:00,661.0,0,4.6,26.7,22.146863275563092,12,362,12
2025-12-28 13:00:00,674.0,0,3.3,28.1,22.1112301686323,13,362,12
2025-12-28 14:00:00,618.0,0,1.3,28.7,20.71257917913327,14,362,12
2025-12-28 15:00:00,498.0,0,0.4,28.9,17.172030984715867,15,362,12
2025-12-28 16:00:00,328.0,0,0.7,28.7,12.353949035283238,16,362,12
2025-12-28 17:00:00,140.0,0,4.8,27.7,4.198537512018062,17,362,12
2025-12-28 18:00:00,12.0,0,6.5,26.4,0.41868327712175096,18,362,12
2025-12-28 19:00:00,0.0,0,7.8,25.5,0.0,19,362,12
2025-12-28 20:00:00,0.0,0,7.7,24.7,0.0,20,362,12
2025-12-28 21:00:00,0.0,0,7.2,24.0,0.0,21,362,12
2025-12-28 22:00:00,0.0,0,6.9,23.1,0.0,22,362,12
2025-12-28 23:00:00,0.0,0,6.8,21.6,0.0,23,362,12
2025-12-29 00:00:00,0.0,0,7.8,20.4,0.0,0,363,12
2025-12-29 01:00:00,0.0,0,7.9,19.3,0.0,1,363,12
2025-12-29 02:00:00,0.0,0,7.9,18.2,0.0,2,363,12
2025-12-29 03:00:00,0.0,2,8.4,17.4,0.0,3,363,12
2025-12-29 04:00:00,0.0,2,8.7,16.9,0.0,4,363,12
2025-12-29 05:00:00,0.0,23,8.7,16.7,0.0,5,363,12
2025-12-29 06:00:00,0.0,1,9.4,16.7,0.0,6,363,12
2025-12-29 07:00:00,0.0,0,9.5,16.3,0.0,7,363,12
2025-12-29 08:00:00,77.0,0,8.3,17.1,2.450315809530173,8,363,12
2025-12-29 09:00:00,258.0,0,5.9,19.4,8.462565705563918,9,363,12
2025-12-29 10:00:00,441.0,0,5.8,22.2,15.359724954914734,10,363,12
2025-12-29 11:00:00,583.0,0,4.8,24.9,18.523773157123305,11,363,12
2025-12-29 12:00:00,665.0,0,4.0,27.0,23.90171940375529,12,363,12
2025-12-29 13:00:00,679.0,0,3.9,28.2,24.140140079180327,13,363,12
2025-12-29 14:00:00,623.0,0,3.4,28.8,20.33229521222415,14,363,12
2025-12-29 15:00:00,503.0,0,3.2,29.0,16.620051417468204,15,363,12
2025-12-29 16:00:00,333.0,0,3.0,28.7,11.270553947699733,16,363,12
2025-12-29 17:00:00,142.0,0,2.6,27.7,4.660267923694758,17,363,12
2025-12-29 18:00:00,12.0,0,3.8,26.4,0.45515528569839653,18,363,12
2025-12-29 19:00:00,0.0,0,6.5,25.4,0.0,19,363,12
2025-12-29 20:00:00,0.0,0,6.1,25.0,0.0,20,363,12
2025-12-29 21:00:00,0.0,0,5.6,24.2,0.0,21,363,12
2025-12-29 22:00:00,0.0,0,5.6,23.0,0.0,22,363,12
2025-12-29 23:00:00,0.0,0,5.0,22.3,0.0,23,363,12
2025-12-30 00:00:00,0.0,0,6.5,21.2,0.0,0,364,12
2025-12-30 01:00:00,0.0,0,6.1,19.8,0.0,1,364,12
2025-12-30 02:00:00,0.0,0,6.7,18.7,0.0,2,364,12
2025-12-30 03:00:00,0.0,0,6.9,18.2,0.0,3,364,12
2025-12-30 04:00:00,0.0,0,7.4,17.8,0.0,4,364,12
2025-12-30 05:00:00,0.0,0,7.7,16.8,0.0,5,364,12
2025-12-30 06:00:00,0.0,0,8.2,16.7,0.0,6,364,12
2025-12-30 07:00:00,0.0,0,8.3,16.4,0.0,7,364,12
2025-12-30 08:00:00,76.0,0,7.5,17.2,2.4938400767536137,8,364,12
2025-12-30 09:00:00,256.0,0,4.1,19.7,9.390379838607915,9,364,12
2025-12-30 10:00:00,438.0,0,3.2,22.7,14.953852593771101,10,364,12
2025-12-30 11:00:00,578.0,0,2.6,25.5,19.323448976469837,11,364,12
2025-12-30 12:00:00,661.0,0,1.3,27.4,23.27709100922187,12,364,12
2025-12-30 13:00:00,675.0,0,1.2,28.4,21.20978361798363,13,364,12
2025-12-30 14:00:00,619.0,0,3.8,28.8,22.734954040854436,14,364,12
2025-12-30 15:00:00,500.0,0,5.8,28.8,15.463808870106595,15,364,12
2025-12-30 16:00:00,332.0,0,7.2,28.3,11.766099213292367,16,364,12
2025-12-30 17:00:00,143.0,0,7.9,27.3,4.657358757002518,17,364,12
2025-12-30 18:00:00,13.0,0,6.8,26.4,0.44739819253500923,18,364,12
2025-12-30 19:00:00,0.0,0,4.6,25.7,0.0,19,364,12
2025-12-30 20:00:00,0.0,0,3.2,24.9,0.0,20,364,12
2025-12-30 21:00:00,0.0,0,5.8,23.9,0.0,21,364,12
2025-12-30 22:00:00,0.0,0,3.9,23.1,0.0,22,364,12
2025-12-30 23:00:00,0.0,0,1.8,22.0,0.0,23,364,12
2025-12-31 00:00:00,0.0,0,3.8,21.7,0.0,0,365,12
2025-12-31 01:00:00,0.0,0,4.0,21.1,0.0,1,365,12
2025-12-31 02:00:00,0.0,0,2.4,20.3,0.0,2,365,12
2025-12-31 03:00:00,0.0,0,5.1,19.3,0.0,3,365,12
2025-12-31 04:00:00,0.0,0,5.2,18.9,0.0,4,365,12
2025-12-31 05:00:00,0.0,0,3.4,18.7,0.0,5,365,12
2025-12-31 06:00:00,0.0,0,2.7,18.6,0.0,6,365,12
2025-12-31 07:00:00,0.0,0,4.1,17.7,0.0,7,365,12
2025-12-31 08:00:00,74.0,0,3.6,18.1,2.5147326834571504,8,365,12
2025-12-31 09:00:00,253.0,0,1.5,20.5,8.809540177346944,9,365,12
2025-12-31 10:00:00,434.0,0,1.1,23.2,15.260824698373648,10,365,12
2025-12-31 11:00:00,575.0,0,2.1,25.3,19.401474017971008,11,365,12
2025-12-31 12:00:00,656.0,0,3.8,26.9,21.629134873575758,12,365,12
2025-12-31 13:00:00,669.0,2,6.0,27.7,20.785259218329685,13,365,12
2025-12-31 14:00:00,584.0,13,7.6,28.0,17.76016855774553,14,365,12
2025-12-31 15:00:00,465.0,13,11.4,27.7,13.666233117022113,15,365,12
2025-12-31 16:00:00,286.0,14,9.9,27.0,8.982439744895995,16,365,12
2025-12-31 17:00:00,130.0,22,6.4,26.9,4.02962258154028,17,365,12
2025-12-31 18:00:00,12.0,17,5.6,26.1,0.35909702088026985,18,365,12
2025-12-31 19:00:00,0.0,4,5.6,25.4,0.0,19,365,12
2025-12-31 20:00:00,0.0,25,4.9,25.1,0.0,20,365,12
2025-12-31 21:00:00,0.0,28,6.5,24.2,0.0,21,365,12
2025-12-31 22:00:00,0.0,37,6.8,23.2,0.0,22,365,12
2025-12-31 23:00:00,0.0,54,7.6,22.4,0.0,23,365,12
2026-01-01 00:00:00,0.0,23,7.5,21.7,0.0,0,1,1
2026-01-01 01:00:00,0.0,30,7.6,21.0,0.0,1,1,1
2026-01-01 02:00:00,0.0,12,7.7,19.8,0.0,2,1,1
2026-01-01 03:00:00,0.0,16,7.8,19.0,0.0,3,1,1
2026-01-01 04:00:00,0.0,57,8.0,18.8,0.0,4,1,1
2026-01-01 05:00:00,0.0,31,9.0,20.1,0.0,5,1,1
2026-01-01 06:00:00,0.0,24,6.8,19.8,0.0,6,1,1
2026-01-01 07:00:00,0.0,28,6.3,19.8,0.0,7,1,1
2026-01-01 08:00:00,59.0,22,3.3,20.1,1.8767732240930202,8,1,1
2026-01-01 09:00:00,207.0,55,2.3,21.3,5.046520305588343,9,1,1
2026-01-01 10:00:00,339.0,100,0.0,22.7,5.297917268160201,10,1,1
2026-01-01 11:00:00,333.0,26,6.0,24.8,9.636919468198162,11,1,1
2026-01-01 12:00:00,565.0,22,4.1,25.4,17.248305625244278,12,1,1
2026-01-01 13:00:00,585.0,21,5.1,26.1,16.631205469251938,13,1,1
2026-01-01 14:00:00,560.0,29,6.5,26.5,15.313752471996374,14,1,1
2026-01-01 15:00:00,441.0,27,7.1,26.8,12.262394756167378,15,1,1
2026-01-01 16:00:00,303.0,15,8.3,26.6,9.1362931300288,16,1,1
2026-01-01 17:00:00,133.0,44,9.0,25.9,3.340434390592752,17,1,1
2026-01-01 18:00:00,12.0,13,6.5,25.5,0.33761175952860306,18,1,1
2026-01-01 19:00:00,0.0,7,8.9,24.6,0.0,19,1,1
2026-01-01 20:00:00,0.0,2,9.0,23.1,0.0,20,1,1
2026-01-01 21:00:00,0.0,2,9.3,22.3,0.0,21,1,1
2026-01-01 22:00:00,0.0,7,9.6,21.6,0.0,22,1,1
2026-01-01 23:00:00,0.0,0,8.1,20.9,0.0,23,1,1
2026-01-02 00:00:00,0.0,0,8.8,19.9,0.0,0,2,1
2026-01-02 01:00:00,0.0,0,8.8,18.9,0.0,1,2,1
2026-01-02 02:00:00,0.0,0,9.1,18.4,0.0,2,2,1
2026-01-02 03:00:00,0.0,0,9.0,17.9,0.0,3,2,1
2026-01-02 04:00:00,0.0,0,8.9,17.3,0.0,4,2,1
2026-01-02 05:00:00,0.0,0,9.3,17.2,0.0,5,2,1
2026-01-02 06:00:00,0.0,0,9.5,16.9,0.0,6,2,1
2026-01-02 07:00:00,0.0,0,9.2,16.7,0.0,7,2,1
2026-01-02 08:00:00,73.0,0,8.6,17.4,2.621736685529667,8,2,1
2026-01-02 09:00:00,251.0,0,7.0,19.3,8.514253089522596,9,2,1
2026-01-02 10:00:00,433.0,0,6.8,21.5,15.75541513510798,10,2,1
2026-01-02 11:00:00,576.0,0,7.4,23.5,19.23289223782901,11,2,1
2026-01-02 12:00:00,658.0,0,6.0,24.9,24.727096453901677,12,2,1
2026-01-02 13:00:00,674.0,0,5.0,25.7,23.670042164731278,13,2,1
2026-01-02 14:00:00,620.0,0,5.6,26.1,21.300284200208225,14,2,1
2026-01-02 15:00:00,503.0,0,7.0,26.1,16.184862624719408,15,2,1
2026-01-02 16:00:00,337.0,0,8.3,25.6,11.22934529615688,16,2,1
2026-01-02 17:00:00,149.0,0,8.0,25.0,4.573361408370136,17,2,1
2026-01-02 18:00:00,15.0,0,8.5,23.7,0.5283888880147469,18,2,1
2026-01-02 19:00:00,0.0,0,9.7,22.5,0.0,19,2,1
2026-01-02 20:00:00,0.0,0,9.7,21.4,0.0,20,2,1
2026-01-02 21:00:00,0.0,0,9.2,20.7,0.0,21,2,1
2026-01-02 22:00:00,0.0,0,9.0,19.7,0.0,22,2,1
2026-01-02 23:00:00,0.0,0,7.9,18.9,0.0,23,2,1
2026-01-03 00:00:00,0.0,0,8.1,17.8,0.0,0,3,1
2026-01-03 01:00:00,0.0,0,7.8,16.8,0.0,1,3,1
2026-01-03 02:00:00,0.0,0,7.3,16.2,0.0,2,3,1
2026-01-03 03:00:00,0.0,0,7.9,15.7,0.0,3,3,1
2026-01-03 04:00:00,0.0,0,8.8,15.4,0.0,4,3,1
2026-01-03 05:00:00,0.0,0,8.5,15.5,0.0,5,3,1
2026-01-03 06:00:00,0.0,0,9.0,15.5,0.0,6,3,1
2026-01-03 07:00:00,0.0,0,9.4,15.1,0.0,7,3,1
2026-01-03 08:00:00,73.0,0,7.4,15.8,2.3608348310347886,8,3,1
2026-01-03 09:00:00,254.0,0,7.0,17.6,8.265057428719652,9,3,1
2026-01-03 10:00:00,440.0,0,6.1,20.2,14.924376843715741,10,3,1
2026-01-03 11:00:00,586.0,0,6.7,22.4,19.68283325701842,11,3,1
2026-01-03 12:00:00,672.0,0,5.2,24.3,23.81546184062263,12,3,1
2026-01-03 13:00:00,688.0,0,3.1,25.4,21.356366292912945,13,3,1
2026-01-03 14:00:00,634.0,0,2.7,26.1,21.800346913125576,14,3,1
2026-01-03 15:00:00,514.0,0,4.1,26.3,18.494667702611824,15,3,1
2026-01-03 16:00:00,345.0,0,6.7,25.9,11.004272238210708,16,3,1
2026-01-03 17:00:00,154.0,0,8.1,24.4,5.208289882175283,17,3,1
2026-01-03 18:00:00,16.0,0,7.2,23.5,0.5810080819767269,18,3,1
2026-01-03 19:00:00,0.0,0,6.0,22.9,0.0,19,3,1
2026-01-03 20:00:00,0.0,0,6.6,22.1,0.0,20,3,1
2026-01-03 21:00:00,0.0,0,7.8,20.7,0.0,21,3,1
2026-01-03 22:00:00,0.0,0,8.2,19.5,0.0,22,3,1
2026-01-03 23:00:00,0.0,0,7.6,18.5,0.0,23,3,1
2026-01-04 00:00:00,0.0,0,7.6,18.2,0.0,0,4,1
2026-01-04 01:00:00,0.0,0,6.7,17.7,0.0,1,4,1
2026-01-04 02:00:00,0.0,0,7.0,17.1,0.0,2,4,1
2026-01-04 03:00:00,0.0,0,7.9,16.4,0.0,3,4,1
2026-01-04 04:00:00,0.0,0,8.8,15.8,0.0,4,4,1
2026-01-04 05:00:00,0.0,0,9.4,15.5,0.0,5,4,1
2026-01-04 06:00:00,0.0,0,9.8,15.4,0.0,6,4,1
2026-01-04 07:00:00,0.0,0,9.4,15.0,0.0,7,4,1
2026-01-04 08:00:00,74.0,0,7.2,15.6,2.4815646897745345,8,4,1
2026-01-04 09:00:00,257.0,0,7.2,17.5,9.427349577553036,9,4,1
2026-01-04 10:00:00,442.0,0,6.7,19.9,13.63957370271817,10,4,1
2026-01-04 11:00:00,588.0,0,7.0,22.3,21.473337710490004,11,4,1
2026-01-04 12:00:00,673.0,0,6.3,24.3,24.533962858683235,12,4,1
2026-01-04 13:00:00,690.0,0,5.7,25.7,24.375468911882958,13,4,1
2026-01-04 14:00:00,637.0,0,6.2,26.5,21.549522020605135,14,4,1
2026-01-04 15:00:00,519.0,0,7.3,26.7,17.81014049001393,15,4,1
2026-01-04 16:00:00,350.0,0,8.2,26.3,10.729080383630174,16,4,1
2026-01-04 17:00:00,157.0,0,8.3,25.3,5.139653112569792,17,4,1
2026-01-04 18:00:00,17.0,0,8.2,24.2,0.5307628028766137,18,4,1
2026-01-04 19:00:00,0.0,0,7.7,23.4,0.0,19,4,1
2026-01-04 20:00:00,0.0,0,7.1,22.4,0.0,20,4,1
2026-01-04 21:00:00,0.0,0,7.6,21.1,0.0,21,4,1
2026-01-04 22:00:00,0.0,0,7.9,19.9,0.0,22,4,1
2026-01-04 23:00:00,0.0,0,8.6,19.2,0.0,23,4,1
2026-01-05 00:00:00,0.0,0,10.4,18.4,0.0,0,5,1
2026-01-05 01:00:00,0.0,0,11.0,17.8,0.0,1,5,1
2026-01-05 02:00:00,0.0,0,11.3,17.3,0.0,2,5,1
2026-01-05 03:00:00,0.0,0,11.5,16.7,0.0,3,5,1
2026-01-05 04:00:00,0.0,0,12.0,16.1,0.0,4,5,1
2026-01-05 05:00:00,0.0,0,13.2,15.5,0.0,5,5,1
2026-01-05 06:00:00,0.0,0,12.8,15.1,0.0,6,5,1
2026-01-05 07:00:00,0.0,0,12.7,14.6,0.0,7,5,1
2026-01-05 08:00:00,73.0,0,9.9,15.0,2.482895467761241,8,5,1
2026-01-05 09:00:00,256.0,0,10.7,16.8,7.544146054484542,9,5,1
2026-01-05 10:00:00,441.0,0,10.3,19.4,14.358171234816313,10,5,1
2026-01-05 11:00:00,587.0,0,10.6,21.4,21.3092236521185,11,5,1
2026-01-05 12:00:00,673.0,0,9.7,23.4,22.613221315367195,12,5,1
2026-01-05 13:00:00,690.0,0,9.1,24.9,21.6524954208137,13,5,1
2026-01-05 14:00:00,637.0,0,8.9,25.8,24.174222993907577,14,5,1
2026-01-05 15:00:00,519.0,0,9.0,26.0,19.74229432214843,15,5,1
2026-01-05 16:00:00,350.0,0,9.1,25.8,13.392754660412376,16,5,1
2026-01-05 17:00:00,157.0,0,9.6,24.8,5.339168078996021,17,5,1
2026-01-05 18:00:00,17.0,0,8.5,23.7,0.6226284426929855,18,5,1
2026-01-05 19:00:00,0.0,0,9.8,22.7,0.0,19,5,1
2026-01-05 20:00:00,0.0,0,10.0,21.7,0.0,20,5,1
2026-01-05 21:00:00,0.0,0,9.6,20.6,0.0,21,5,1
2026-01-05 22:00:00,0.0,0,9.7,19.5,0.0,22,5,1
2026-01-05 23:00:00,0.0,0,10.8,18.9,0.0,23,5,1
2026-01-06 00:00:00,0.0,0,10.8,18.4,0.0,0,6,1
2026-01-06 01:00:00,0.0,0,10.6,17.8,0.0,1,6,1
2026-01-06 02:00:00,0.0,0,10.5,17.1,0.0,2,6,1
2026-01-06 03:00:00,0.0,0,10.5,16.5,0.0,3,6,1
2026-01-06 04:00:00,0.0,0,10.7,15.9,0.0,4,6,1
2026-01-06 05:00:00,0.0,0,10.5,15.0,0.0,5,6,1
2026-01-06 06:00:00,0.0,0,10.8,14.8,0.0,6,6,1
2026-01-06 07:00:00,0.0,0,10.8,14.5,0.0,7,6,1
2026-01-06 08:00:00,73.0,0,9.2,15.3,2.6080659430548088,8,6,1
2026-01-06 09:00:00,258.0,0,8.5,17.2,8.498508261628478,9,6,1
2026-01-06 10:00:00,446.0,0,7.7,19.9,15.73096067286517,10,6,1
2026-01-06 11:00:00,593.0,0,7.9,22.4,21.969307258045983,11,6,1
2026-01-06 12:00:00,682.0,0,7.0,24.3,22.804765287678503,12,6,1
2026-01-06 13:00:00,700.0,0,6.6,25.6,23.992242427139015,13,6,1
2026-01-06 14:00:00,645.0,0,6.9,26.3,19.895153934583973,14,6,1
2026-01-06 15:00:00,526.0,0,7.7,26.5,18.273844231700945,15,6,1
2026-01-06 16:00:00,355.0,0,8.2,26.1,10.633008426660924,16,6,1
2026-01-06 17:00:00,161.0,0,7.8,25.4,5.560265440210079,17,6,1
2026-01-06 18:00:00,18.0,0,6.7,24.6,0.611780002416221,18,6,1
2026-01-06 19:00:00,0.0,0,6.7,23.8,0.0,19,6,1
2026-01-06 20:00:00,0.0,0,7.9,22.5,0.0,20,6,1
2026-01-06 21:00:00,0.0,0,8.7,21.2,0.0,21,6,1
2026-01-06 22:00:00,0.0,0,8.9,20.1,0.0,22,6,1
2026-01-06 23:00:00,0.0,0,7.9,19.3,0.0,23,6,1
2026-01-07 00:00:00,0.0,0,7.7,18.5,0.0,0,7,1
2026-01-07 01:00:00,0.0,0,8.7,17.4,0.0,1,7,1
2026-01-07 02:00:00,0.0,0,9.6,16.5,0.0,2,7,1
2026-01-07 03:00:00,0.0,0,10.4,16.1,0.0,3,7,1
2026-01-07 04:00:00,0.0,0,11.1,15.8,0.0,4,7,1
2026-01-07 05:00:00,0.0,0,11.3,15.7,0.0,5,7,1
2026-01-07 06:00:00,0.0,0,11.3,15.5,0.0,6,7,1
2026-01-07 07:00:00,0.0,0,11.2,15.1,0.0,7,7,1
2026-01-07 08:00:00,72.0,0,9.4,15.8,2.6014550497716247,8,7,1
2026-01-07 09:00:00,254.0,0,9.0,17.6,8.44919434391188,9,7,1
2026-01-07 10:00:00,440.0,0,8.0,20.1,15.657341676935056,10,7,1
2026-01-07 11:00:00,586.0,0,7.5,22.1,21.572210367459224,11,7,1
2026-01-07 12:00:00,675.0,0,6.2,23.9,24.711463935609167,12,7,1
2026-01-07 13:00:00,693.0,0,5.7,25.3,23.618271738481162,13,7,1
2026-01-07 14:00:00,642.0,0,5.7,26.0,23.073092990571283,14,7,1
2026-01-07 15:00:00,524.0,0,6.0,26.1,17.26181110240795,15,7,1
2026-01-07 16:00:00,355.0,0,6.5,25.8,10.76075747849816,16,7,1
2026-01-07 17:00:00,162.0,0,7.7,25.2,5.560766529122514,17,7,1
2026-01-07 18:00:00,19.0,0,7.6,24.2,0.5901983788956634,18,7,1
2026-01-07 19:00:00,0.0,0,8.3,23.0,0.0,19,7,1
2026-01-07 20:00:00,0.0,0,9.1,21.6,0.0,20,7,1
2026-01-07 21:00:00,0.0,0,8.9,20.6,0.0,21,7,1
2026-01-07 22:00:00,0.0,0,8.5,19.7,0.0,22,7,1
2026-01-07 23:00:00,0.0,0,9.1,18.6,0.0,23,7,1
2026-01-08 00:00:00,0.0,0,8.8,18.1,0.0,0,8,1
2026-01-08 01:00:00,0.0,0,8.8,17.5,0.0,1,8,1
2026-01-08 02:00:00,0.0,0,8.8,16.9,0.0,2,8,1
2026-01-08 03:00:00,0.0,0,9.0,16.6,0.0,3,8,1
2026-01-08 04:00:00,0.0,0,9.6,16.2,0.0,4,8,1
2026-01-08 05:00:00,0.0,0,10.4,15.8,0.0,5,8,1
2026-01-08 06:00:00,0.0,0,10.4,15.6,0.0,6,8,1
2026-01-08 07:00:00,0.0,0,9.5,15.3,0.0,7,8,1
2026-01-08 08:00:00,70.0,0,6.8,15.9,2.4053493510626094,8,8,1
2026-01-08 09:00:00,250.0,0,7.2,17.8,8.619262684766444,9,8,1
2026-01-08 10:00:00,434.0,0,6.1,20.5,13.875276226949984,10,8,1
2026-01-08 11:00:00,579.0,0,2.6,22.8,21.16172294410569,11,8,1
2026-01-08 12:00:00,664.0,0,0.7,24.9,23.324537118209147,12,8,1
2026-01-08 13:00:00,683.0,0,3.1,26.4,22.067851660619652,13,8,1
2026-01-08 14:00:00,632.0,0,5.0,27.0,21.822343897547896,14,8,1
2026-01-08 15:00:00,517.0,0,7.1,27.0,16.998162756263323,15,8,1
2026-01-08 16:00:00,350.0,0,8.5,26.2,9.745890009448285,16,8,1
2026-01-08 17:00:00,160.0,0,8.1,25.3,5.095258542438506,17,8,1
2026-01-08 18:00:00,19.0,0,7.5,24.2,0.7133470192827558,18,8,1
2026-01-08 19:00:00,0.0,1,8.4,23.1,0.0,19,8,1
2026-01-08 20:00:00,0.0,2,8.5,22.0,0.0,20,8,1
2026-01-08 21:00:00,0.0,0,10.1,20.5,0.0,21,8,1
2026-01-08 22:00:00,0.0,0,11.5,19.1,0.0,22,8,1
2026-01-08 23:00:00,0.0,0,10.8,18.1,0.0,23,8,1
2026-01-09 00:00:00,0.0,0,11.0,17.6,0.0,0,9,1
2026-01-09 01:00:00,0.0,0,10.3,17.1,0.0,1,9,1
2026-01-09 02:00:00,0.0,0,5.8,16.6,0.0,2,9,1
2026-01-09 03:00:00,0.0,0,5.2,16.1,0.0,3,9,1
2026-01-09 04:00:00,0.0,0,8.0,15.4,0.0,4,9,1
2026-01-09 05:00:00,0.0,0,7.9,15.6,0.0,5,9,1
2026-01-09 06:00:00,0.0,0,8.4,14.9,0.0,6,9,1
2026-01-09 07:00:00,0.0,0,7.8,14.2,0.0,7,9,1
2026-01-09 08:00:00,72.0,0,6.4,14.7,2.445024116245432,8,9,1
2026-01-09 09:00:00,256.0,0,4.3,17.0,8.122775860724106,9,9,1
2026-01-09 10:00:00,444.0,0,3.5,20.1,16.23341394288964,10,9,1
2026-01-09 11:00:00,592.0,0,4.5,23.0,20.70635120553211,11,9,1
2026-01-09 12:00:00,680.0,0,4.2,24.8,24.460278041153742,12,9,1
2026-01-09 13:00:00,699.0,0,4.3,25.9,22.697783532293595,13,9,1
2026-01-09 14:00:00,648.0,0,5.1,26.4,21.315729705351796,14,9,1
2026-01-09 15:00:00,531.0,0,5.7,26.4,19.120589173934643,15,9,1
2026-01-09 16:00:00,362.0,0,7.0,25.9,12.481054866396514,16,9,1
2026-01-09 17:00:00,168.0,0,8.3,25.0,5.94547302618292,17,9,1
2026-01-09 18:00:00,20.0,0,8.8,23.7,0.7095853657974417,18,9,1
2026-01-09 19:00:00,0.0,0,8.6,22.5,0.0,19,9,1
2026-01-09 20:00:00,0.0,0,8.7,21.3,0.0,20,9,1
2026-01-09 21:00:00,0.0,0,8.9,20.4,0.0,21,9,1
2026-01-09 22:00:00,0.0,0,8.6,19.8,0.0,22,9,1
2026-01-09 23:00:00,0.0,0,7.6,18.9,0.0,23,9,1
2026-01-10 00:00:00,0.0,0,8.6,18.0,0.0,0,10,1
2026-01-10 01:00:00,0.0,0,10.1,17.1,0.0,1,10,1
2026-01-10 02:00:00,0.0,0,6.9,16.2,0.0,2,10,1
2026-01-10 03:00:00,0.0,0,4.7,15.6,0.0,3,10,1
2026-01-10 04:00:00,0.0,0,5.7,15.0,0.0,4,10,1
2026-01-10 05:00:00,0.0,0,6.2,14.5,0.0,5,10,1
2026-01-10 06:00:00,0.0,0,8.0,14.2,0.0,6,10,1
2026-01-10 07:00:00,0.0,0,8.3,13.6,0.0,7,10,1
2026-01-10 08:00:00,72.0,0,6.1,14.0,2.4510193440311396,8,10,1
2026-01-10 09:00:00,256.0,0,4.6,16.0,9.065711333517624,9,10,1
2026-01-10 10:00:00,444.0,0,5.5,19.0,16.562875872883765,10,10,1
2026-01-10 11:00:00,593.0,0,4.7,22.1,20.06793652030994,11,10,1
2026-01-10 12:00:00,683.0,0,4.9,24.5,22.93402238423362,12,10,1
2026-01-10 13:00:00,703.0,0,5.8,25.6,23.20134764831791,13,10,1
2026-01-10 14:00:00,652.0,0,8.2,26.0,22.652520282355304,14,10,1
2026-01-10 15:00:00,534.0,0,9.6,25.7,17.89429751770888,15,10,1
2026-01-10 16:00:00,364.0,0,10.7,24.9,12.600908182499191,16,10,1
2026-01-10 17:00:00,170.0,0,10.1,23.8,5.959243499986927,17,10,1
2026-01-10 18:00:00,21.0,0,8.5,22.7,0.6453972130090301,18,10,1
2026-01-10 19:00:00,0.0,0,9.1,21.6,0.0,19,10,1
2026-01-10 20:00:00,0.0,0,9.0,20.6,0.0,20,10,1
2026-01-10 21:00:00,0.0,0,9.3,19.5,0.0,21,10,1
2026-01-10 22:00:00,0.0,0,9.3,18.5,0.0,22,10,1
2026-01-10 23:00:00,0.0,0,9.0,17.4,0.0,23,10,1
2026-01-11 00:00:00,0.0,0,9.4,16.4,0.0,0,11,1
2026-01-11 01:00:00,0.0,0,8.5,15.4,0.0,1,11,1
2026-01-11 02:00:00,0.0,0,8.3,14.7,0.0,2,11,1
2026-01-11 03:00:00,0.0,0,8.8,14.2,0.0,3,11,1
2026-01-11 04:00:00,0.0,0,7.3,13.6,0.0,4,11,1
2026-01-11 05:00:00,0.0,0,6.2,13.6,0.0,5,11,1
2026-01-11 06:00:00,0.0,0,7.7,13.4,0.0,6,11,1
2026-01-11 07:00:00,0.0,0,8.4,13.4,0.0,7,11,1
2026-01-11 08:00:00,72.0,0,8.5,14.3,2.7693521971426382,8,11,1
2026-01-11 09:00:00,257.0,0,6.3,16.6,8.891389524911666,9,11,1
2026-01-11 10:00:00,445.0,0,5.9,19.4,15.875712058860314,10,11,1
2026-01-11 11:00:00,592.0,0,6.0,22.4,22.17434922227228,11,11,1
2026-01-11 12:00:00,680.0,0,6.3,24.8,25.331025016319597,12,11,1
2026-01-11 13:00:00,700.0,0,5.8,26.4,23.38535257696644,13,11,1
2026-01-11 14:00:00,649.0,0,4.9,27.4,22.122688433513016,14,11,1
2026-01-11 15:00:00,533.0,0,4.4,27.9,20.427867300797843,15,11,1
2026-01-11 16:00:00,365.0,0,4.4,27.7,12.435147486316477,16,11,1
2026-01-11 17:00:00,171.0,0,5.8,27.1,5.642650012607743,17,11,1
2026-01-11 18:00:00,22.0,0,7.1,25.8,0.8173096763708718,18,11,1
2026-01-11 19:00:00,0.0,0,9.0,24.4,0.0,19,11,1
2026-01-11 20:00:00,0.0,0,9.2,23.2,0.0,20,11,1
2026-01-11 21:00:00,0.0,0,9.7,21.7,0.0,21,11,1
2026-01-11 22:00:00,0.0,0,9.4,20.7,0.0,22,11,1
2026-01-11 23:00:00,0.0,0,8.7,19.6,0.0,23,11,1
2026-01-12 00:00:00,0.0,0,9.2,18.9,0.0,0,12,1
2026-01-12 01:00:00,0.0,0,8.9,18.1,0.0,1,12,1
2026-01-12 02:00:00,0.0,0,8.8,17.5,0.0,2,12,1
2026-01-12 03:00:00,0.0,0,9.2,17.0,0.0,3,12,1
2026-01-12 04:00:00,0.0,0,9.8,16.5,0.0,4,12,1
2026-01-12 05:00:00,0.0,0,10.4,16.3,0.0,5,12,1
2026-01-12 06:00:00,0.0,0,11.0,16.1,0.0,6,12,1
2026-01-12 07:00:00,0.0,0,10.8,15.8,0.0,7,12,1
2026-01-12 08:00:00,71.0,0,10.5,16.5,2.6379670306831815,8,12,1
2026-01-12 09:00:00,256.0,0,8.3,18.6,8.263539388547333,9,12,1
2026-01-12 10:00:00,447.0,0,8.1,21.4,14.698317742337794,10,12,1
2026-01-12 11:00:00,596.0,0,8.1,24.4,20.163235735076118,11,12,1
2026-01-12 12:00:00,687.0,0,6.7,26.4,22.939438236819353,12,12,1
2026-01-12 13:00:00,708.0,0,4.7,27.8,23.546441883596135,13,12,1
2026-01-12 14:00:00,657.0,0,4.0,28.7,22.720466842520736,14,12,1
2026-01-12 15:00:00,540.0,0,4.7,29.1,17.928193510303768,15,12,1
2026-01-12 16:00:00,372.0,0,5.7,28.9,12.550557434703153,16,12,1
2026-01-12 17:00:00,176.0,0,6.7,28.0,5.557123394230486,17,12,1
2026-01-12 18:00:00,23.0,0,6.6,26.7,0.752288940242052,18,12,1
2026-01-12 19:00:00,0.0,0,7.2,25.8,0.0,19,12,1
2026-01-12 20:00:00,0.0,0,8.3,24.7,0.0,20,12,1
2026-01-12 21:00:00,0.0,0,8.0,23.5,0.0,21,12,1
2026-01-12 22:00:00,0.0,0,8.1,22.2,0.0,22,12,1
2026-01-12 23:00:00,0.0,0,8.1,21.2,0.0,23,12,1
2026-01-13 00:00:00,0.0,0,8.5,20.5,0.0,0,13,1
2026-01-13 01:00:00,0.0,0,7.5,19.6,0.0,1,13,1
2026-01-13 02:00:00,0.0,0,7.4,18.7,0.0,2,13,1
2026-01-13 03:00:00,0.0,0,8.7,18.1,0.0,3,13,1
2026-01-13 04:00:00,0.0,0,9.9,17.7,0.0,4,13,1
2026-01-13 05:00:00,0.0,0,9.4,17.7,0.0,5,13,1
2026-01-13 06:00:00,0.0,0,9.2,17.3,0.0,6,13,1
2026-01-13 07:00:00,0.0,0,9.8,16.8,0.0,7,13,1
2026-01-13 08:00:00,69.0,0,9.3,17.4,2.292471829711314,8,13,1
2026-01-13 09:00:00,250.0,0,7.3,19.4,8.33930981443218,9,13,1
2026-01-13 10:00:00,437.0,0,6.4,22.2,14.945704681204916,10,13,1
2026-01-13 11:00:00,585.0,0,5.1,25.2,19.695224615939377,11,13,1
2026-01-13 12:00:00,674.0,0,2.7,27.2,24.611145914088073,12,13,1
2026-01-13 13:00:00,695.0,0,0.8,28.7,22.23488786307131,13,13,1
2026-01-13 14:00:00,645.0,0,3.5,29.5,22.739118703608902,14,13,1
2026-01-13 15:00:00,531.0,0,6.5,29.4,18.998829823303048,15,13,1
2026-01-13 16:00:00,365.0,0,8.6,28.7,12.234724687856753,16,13,1
2026-01-13 17:00:00,173.0,0,9.0,27.7,5.8561861638929225,17,13,1
2026-01-13 18:00:00,24.0,0,7.8,26.5,0.7620402687194322,18,13,1
2026-01-13 19:00:00,0.0,0,9.0,25.2,0.0,19,13,1
2026-01-13 20:00:00,0.0,0,8.7,24.1,0.0,20,13,1
2026-01-13 21:00:00,0.0,0,8.1,23.4,0.0,21,13,1
2026-01-13 22:00:00,0.0,0,8.7,22.5,0.0,22,13,1
2026-01-13 23:00:00,0.0,0,9.6,21.3,0.0,23,13,1
2026-01-14 00:00:00,0.0,0,9.9,20.2,0.0,0,14,1
2026-01-14 01:00:00,0.0,0,10.0,19.5,0.0,1,14,1
2026-01-14 02:00:00,0.0,0,10.3,18.8,0.0,2,14,1
2026-01-14 03:00:00,0.0,0,10.5,18.0,0.0,3,14,1
2026-01-14 04:00:00,0.0,0,10.3,17.0,0.0,4,14,1
2026-01-14 05:00:00,0.0,0,8.7,16.6,0.0,5,14,1
2026-01-14 06:00:00,0.0,0,8.5,16.1,0.0,6,14,1
2026-01-14 07:00:00,0.0,0,8.1,15.4,0.0,7,14,1
2026-01-14 08:00:00,74.0,0,7.4,15.6,2.494411929744595,8,14,1
2026-01-14 09:00:00,266.0,0,4.6,17.5,8.973288501277604,9,14,1
2026-01-14 10:00:00,463.0,0,4.2,20.4,15.194421487748887,10,14,1
2026-01-14 11:00:00,620.0,0,4.4,24.1,22.584620801027132,11,14,1
2026-01-14 12:00:00,713.0,0,6.7,25.9,24.410534246820372,12,14,1
2026-01-14 13:00:00,736.0,0,6.8,26.7,21.59042677341144,13,14,1
2026-01-14 14:00:00,685.0,0,6.6,27.1,23.763114429362663,14,14,1
2026-01-14 15:00:00,567.0,0,6.8,27.1,18.481005439732076,15,14,1
2026-01-14 16:00:00,393.0,0,6.5,26.7,13.46682093971636,16,14,1
2026-01-14 17:00:00,190.0,0,7.5,26.3,6.4754896018191905,17,14,1
2026-01-14 18:00:00,27.0,0,7.8,25.0,0.8619990439746646,18,14,1
2026-01-14 19:00:00,0.0,0,8.3,24.0,0.0,19,14,1
2026-01-14 20:00:00,0.0,0,9.3,22.7,0.0,20,14,1
2026-01-14 21:00:00,0.0,0,9.4,22.2,0.0,21,14,1
2026-01-14 22:00:00,0.0,0,9.4,21.0,0.0,22,14,1
2026-01-14 23:00:00,0.0,0,7.7,19.4,0.0,23,14,1
2026-01-15 00:00:00,0.0,0,7.5,18.2,0.0,0,15,1
2026-01-15 01:00:00,0.0,0,7.9,17.3,0.0,1,15,1
2026-01-15 02:00:00,0.0,0,7.6,16.6,0.0,2,15,1
2026-01-15 03:00:00,0.0,0,7.4,15.9,0.0,3,15,1
2026-01-15 04:00:00,0.0,0,7.2,15.1,0.0,4,15,1
2026-01-15 05:00:00,0.0,0,6.5,14.4,0.0,5,15,1
2026-01-15 06:00:00,0.0,0,6.6,13.8,0.0,6,15,1
2026-01-15 07:00:00,0.0,0,8.1,13.5,0.0,7,15,1
2026-01-15 08:00:00,74.0,0,8.3,14.4,2.4138945603181168,8,15,1
2026-01-15 09:00:00,263.0,0,5.5,16.9,10.178137043367379,9,15,1
2026-01-15 10:00:00,455.0,0,5.2,20.2,15.834501905060039,10,15,1
2026-01-15 11:00:00,608.0,0,6.4,23.6,19.61527992393532,11,15,1
2026-01-15 12:00:00,701.0,0,7.4,26.0,22.641775199959223,12,15,1
2026-01-15 13:00:00,724.0,0,7.4,27.3,26.743061216830057,13,15,1
2026-01-15 14:00:00,675.0,0,6.8,28.0,22.362782018587932,14,15,1
2026-01-15 15:00:00,558.0,0,6.3,28.3,18.272159115913908,15,15,1
2026-01-15 16:00:00,387.0,0,6.4,28.1,13.217026849284842,16,15,1
2026-01-15 17:00:00,188.0,0,5.8,27.6,6.267252962596576,17,15,1
2026-01-15 18:00:00,27.0,0,4.8,26.5,0.8589522484754833,18,15,1
2026-01-15 19:00:00,0.0,0,7.2,25.3,0.0,19,15,1
2026-01-15 20:00:00,0.0,0,8.6,24.4,0.0,20,15,1
2026-01-15 21:00:00,0.0,0,9.3,22.7,0.0,21,15,1
2026-01-15 22:00:00,0.0,0,8.7,21.4,0.0,22,15,1
2026-01-15 23:00:00,0.0,0,8.6,20.4,0.0,23,15,1
2026-01-16 00:00:00,0.0,0,9.0,19.6,0.0,0,16,1
2026-01-16 01:00:00,0.0,0,9.5,18.2,0.0,1,16,1
2026-01-16 02:00:00,0.0,0,9.6,17.4,0.0,2,16,1
2026-01-16 03:00:00,0.0,0,9.6,16.8,0.0,3,16,1
2026-01-16 04:00:00,0.0,3,9.4,16.4,0.0,4,16,1
2026-01-16 05:00:00,0.0,0,10.0,16.1,0.0,5,16,1
2026-01-16 06:00:00,0.0,0,10.1,15.8,0.0,6,16,1
2026-01-16 07:00:00,0.0,0,10.5,15.5,0.0,7,16,1
2026-01-16 08:00:00,73.0,0,9.9,16.0,2.616036544386803,8,16,1
2026-01-16 09:00:00,261.0,0,7.0,18.1,8.526041627772125,9,16,1
2026-01-16 10:00:00,452.0,0,6.2,21.0,15.571629832590377,10,16,1
2026-01-16 11:00:00,604.0,0,6.2,24.6,18.588222520460814,11,16,1
2026-01-16 12:00:00,697.0,0,5.8,27.2,24.872420812817875,12,16,1
2026-01-16 13:00:00,720.0,0,5.3,28.8,23.115310536420818,13,16,1
2026-01-16 14:00:00,671.0,0,4.3,29.7,23.552317406355215,14,16,1
2026-01-16 15:00:00,555.0,0,3.7,30.0,17.561165750699953,15,16,1
2026-01-16 16:00:00,385.0,0,3.6,29.9,13.502340924772486,16,16,1
2026-01-16 17:00:00,187.0,0,2.8,29.4,6.771763120270619,17,16,1
2026-01-16 18:00:00,28.0,0,1.4,27.9,0.9407091205392639,18,16,1
2026-01-16 19:00:00,0.0,0,4.8,26.5,0.0,19,16,1
2026-01-16 20:00:00,0.0,0,5.3,25.7,0.0,20,16,1
2026-01-16 21:00:00,0.0,0,5.7,24.4,0.0,21,16,1
2026-01-16 22:00:00,0.0,0,6.2,23.2,0.0,22,16,1
2026-01-16 23:00:00,0.0,0,5.6,21.9,0.0,23,16,1
2026-01-17 00:00:00,0.0,0,6.2,20.9,0.0,0,17,1
2026-01-17 01:00:00,0.0,0,6.0,20.0,0.0,1,17,1
2026-01-17 02:00:00,0.0,0,6.0,19.1,0.0,2,17,1
2026-01-17 03:00:00,0.0,0,6.2,18.4,0.0,3,17,1
2026-01-17 04:00:00,0.0,0,7.1,17.7,0.0,4,17,1
2026-01-17 05:00:00,0.0,0,6.2,17.0,0.0,5,17,1
2026-01-17 06:00:00,0.0,0,6.0,16.6,0.0,6,17,1
2026-01-17 07:00:00,0.0,0,6.1,16.1,0.0,7,17,1
2026-01-17 08:00:00,72.0,0,5.3,16.7,2.4436853158902827,8,17,1
2026-01-17 09:00:00,258.0,0,3.1,19.2,8.543344289628948,9,17,1
2026-01-17 10:00:00,449.0,0,3.2,22.4,15.161104294234166,10,17,1
2026-01-17 11:00:00,601.0,0,5.9,25.2,21.453535448845237,11,17,1
2026-01-17 12:00:00,692.0,0,7.3,26.6,24.051689978659006,12,17,1
2026-01-17 13:00:00,716.0,0,8.1,27.4,25.008867291907038,13,17,1
2026-01-17 14:00:00,668.0,0,8.3,27.9,23.647591691871643,14,17,1
2026-01-17 15:00:00,554.0,0,8.1,27.9,17.868199764813305,15,17,1
2026-01-17 16:00:00,386.0,0,6.5,27.6,13.025771420768931,16,17,1
2026-01-17 17:00:00,190.0,0,7.2,26.9,5.542072292303447,17,17,1
2026-01-17 18:00:00,29.0,0,8.0,25.8,1.0283597818824142,18,17,1
2026-01-17 19:00:00,0.0,0,7.3,25.0,0.0,19,17,1
2026-01-17 20:00:00,0.0,0,7.1,23.8,0.0,20,17,1
2026-01-17 21:00:00,0.0,0,8.6,22.3,0.0,21,17,1
2026-01-17 22:00:00,0.0,0,9.0,21.5,0.0,22,17,1
2026-01-17 23:00:00,0.0,0,8.9,20.6,0.0,23,17,1
2026-01-18 00:00:00,0.0,0,8.2,20.2,0.0,0,18,1
2026-01-18 01:00:00,0.0,0,7.1,19.8,0.0,1,18,1
2026-01-18 02:00:00,0.0,0,6.0,19.1,0.0,2,18,1
2026-01-18 03:00:00,0.0,0,7.8,18.3,0.0,3,18,1
2026-01-18 04:00:00,0.0,0,8.6,17.4,0.0,4,18,1
2026-01-18 05:00:00,0.0,0,9.0,16.6,0.0,5,18,1
2026-01-18 06:00:00,0.0,0,7.1,16.1,0.0,6,18,1
2026-01-18 07:00:00,0.0,0,6.5,15.9,0.0,7,18,1
2026-01-18 08:00:00,71.0,0,4.4,16.8,2.7031163742471453,8,18,1
2026-01-18 09:00:00,253.0,0,3.6,18.9,7.814309054232909,9,18,1
2026-01-18 10:00:00,442.0,0,3.6,21.3,15.631176793478952,10,18,1
2026-01-18 11:00:00,593.0,0,4.5,23.6,20.09065686158697,11,18,1
2026-01-18 12:00:00,673.0,31,6.5,25.3,17.769620667434722,12,18,1
2026-01-18 13:00:00,611.0,19,8.5,26.0,18.851769996871763,13,18,1
2026-01-18 14:00:00,589.0,29,10.1,26.2,15.025973563628135,14,18,1
2026-01-18 15:00:00,459.0,51,10.3,26.3,11.001926159861101,15,18,1
2026-01-18 16:00:00,327.0,48,10.5,26.0,7.83460161467122,16,18,1
2026-01-18 17:00:00,152.0,20,9.3,26.0,4.4025652756385565,17,18,1
2026-01-18 18:00:00,26.0,5,6.2,25.1,0.7594788449305274,18,18,1
2026-01-18 19:00:00,0.0,2,4.5,24.4,0.0,19,18,1
2026-01-18 20:00:00,0.0,1,4.4,23.7,0.0,20,18,1
2026-01-18 21:00:00,0.0,9,3.2,23.0,0.0,21,18,1
2026-01-18 22:00:00,0.0,37,4.2,22.2,0.0,22,18,1
2026-01-18 23:00:00,0.0,18,3.8,21.5,0.0,23,18,1
2026-01-19 00:00:00,0.0,7,7.3,20.6,0.0,0,19,1
2026-01-19 01:00:00,0.0,1,7.0,20.4,0.0,1,19,1
2026-01-19 02:00:00,0.0,1,4.8,19.5,0.0,2,19,1
2026-01-19 03:00:00,0.0,0,5.5,18.5,0.0,3,19,1
2026-01-19 04:00:00,0.0,0,5.8,17.8,0.0,4,19,1
2026-01-19 05:00:00,0.0,0,0.9,17.2,0.0,5,19,1
2026-01-19 06:00:00,0.0,0,2.1,16.9,0.0,6,19,1
2026-01-19 07:00:00,0.0,0,6.1,16.3,0.0,7,19,1
2026-01-19 08:00:00,72.0,0,3.9,16.9,2.6311438073053526,8,19,1
2026-01-19 09:00:00,260.0,0,1.9,19.1,8.671964138696449,9,19,1
2026-01-19 10:00:00,454.0,0,2.4,21.8,15.938608006034533,10,19,1
2026-01-19 11:00:00,608.0,0,4.2,24.1,22.175085945628208,11,19,1
2026-01-19 12:00:00,701.0,0,5.4,25.7,23.894916465477245,12,19,1
2026-01-19 13:00:00,725.0,0,6.6,26.4,26.585674677670685,13,19,1
2026-01-19 14:00:00,679.0,0,7.7,26.7,22.074229182302577,14,19,1
2026-01-19 15:00:00,564.0,0,8.6,26.7,18.567472718397934,15,19,1
2026-01-19 16:00:00,395.0,0,9.1,26.3,13.125498507464561,16,19,1
2026-01-19 17:00:00,195.0,0,8.7,25.5,6.953969470533236,17,19,1
2026-01-19 18:00:00,31.0,0,6.9,24.7,1.0570594975555745,18,19,1
2026-01-19 19:00:00,0.0,0,5.6,24.2,0.0,19,19,1
2026-01-19 20:00:00,0.0,0,5.1,23.6,0.0,20,19,1
2026-01-19 21:00:00,0.0,0,4.6,22.8,0.0,21,19,1
2026-01-19 22:00:00,0.0,0,5.1,22.3,0.0,22,19,1
2026-01-19 23:00:00,0.0,0,5.5,21.8,0.0,23,19,1
2026-01-20 00:00:00,0.0,0,5.7,21.5,0.0,0,20,1
2026-01-20 01:00:00,0.0,0,7.5,20.2,0.0,1,20,1
2026-01-20 02:00:00,0.0,0,7.9,19.2,0.0,2,20,1
2026-01-20 03:00:00,0.0,0,8.8,18.3,0.0,3,20,1
2026-01-20 04:00:00,0.0,0,8.3,17.5,0.0,4,20,1
2026-01-20 05:00:00,0.0,0,7.9,16.9,0.0,5,20,1
2026-01-20 06:00:00,0.0,0,6.9,16.8,0.0,6,20,1
2026-01-20 07:00:00,0.0,0,7.2,15.6,0.0,7,20,1
2026-01-20 08:00:00,74.0,0,4.4,15.8,2.333333270909381,8,20,1
2026-01-20 09:00:00,265.0,0,2.6,18.1,9.431319001413527,9,20,1
2026-01-20 10:00:00,460.0,0,3.4,21.3,16.021270159416048,10,20,1
2026-01-20 11:00:00,615.0,0,5.7,24.4,21.013899601962233,11,20,1
2026-01-20 12:00:00,712.0,0,5.8,26.2,25.643620399510436,12,20,1
2026-01-20 13:00:00,737.0,0,4.9,27.0,27.528797575573137,13,20,1
2026-01-20 14:00:00,689.0,0,4.5,27.5,23.54716705650143,14,20,1
2026-01-20 15:00:00,573.0,0,4.3,27.7,19.565134987429893,15,20,1
2026-01-20 16:00:00,401.0,0,4.2,27.6,13.947619663663962,16,20,1
2026-01-20 17:00:00,200.0,0,7.5,27.0,6.294576130091951,17,20,1
2026-01-20 18:00:00,33.0,0,7.0,26.2,1.1102750621701853,18,20,1
2026-01-20 19:00:00,0.0,0,6.3,25.6,0.0,19,20,1
2026-01-20 20:00:00,0.0,0,6.7,25.0,0.0,20,20,1
2026-01-20 21:00:00,0.0,0,7.7,23.8,0.0,21,20,1
2026-01-20 22:00:00,0.0,0,8.0,22.3,0.0,22,20,1
2026-01-20 23:00:00,0.0,0,7.9,21.1,0.0,23,20,1
2026-01-21 00:00:00,0.0,0,8.4,20.7,0.0,0,21,1
2026-01-21 01:00:00,0.0,0,8.5,19.7,0.0,1,21,1
2026-01-21 02:00:00,0.0,0,8.9,19.0,0.0,2,21,1
2026-01-21 03:00:00,0.0,0,9.2,18.5,0.0,3,21,1
2026-01-21 04:00:00,0.0,0,9.6,18.2,0.0,4,21,1
2026-01-21 05:00:00,0.0,0,10.7,17.9,0.0,5,21,1
2026-01-21 06:00:00,0.0,0,11.3,17.6,0.0,6,21,1
2026-01-21 07:00:00,0.0,0,11.7,17.3,0.0,7,21,1
2026-01-21 08:00:00,72.0,0,9.8,18.0,2.5270789677960885,8,21,1
2026-01-21 09:00:00,257.0,0,9.4,20.0,8.46191296455366,9,21,1
2026-01-21 10:00:00,448.0,0,9.0,22.6,15.207264491087793,10,21,1
2026-01-21 11:00:00,600.0,0,9.2,25.4,21.30683884610189,11,21,1
2026-01-21 12:00:00,694.0,0,8.8,27.4,23.910592605017317,12,21,1
2026-01-21 13:00:00,718.0,0,8.2,28.9,24.122290219968388,13,21,1
2026-01-21 14:00:00,672.0,30,7.1,29.9,19.211323879360947,14,21,1
2026-01-21 15:00:00,474.0,36,5.6,30.0,12.536544253479725,15,21,1
2026-01-21 16:00:00,316.0,29,4.0,29.9,9.430043999506088,16,21,1
2026-01-21 17:00:00,169.0,3,5.5,29.2,5.828938020655805,17,21,1
2026-01-21 18:00:00,33.0,2,4.3,28.5,1.1704343846249117,18,21,1
2026-01-21 19:00:00,0.0,6,6.5,27.5,0.0,19,21,1
2026-01-21 20:00:00,0.0,7,7.4,26.3,0.0,20,21,1
2026-01-21 21:00:00,0.0,1,8.5,25.4,0.0,21,21,1
2026-01-21 22:00:00,0.0,2,8.0,24.0,0.0,22,21,1
2026-01-21 23:00:00,0.0,1,8.4,22.8,0.0,23,21,1
2026-01-22 00:00:00,0.0,0,8.1,22.4,0.0,0,22,1
2026-01-22 01:00:00,0.0,2,7.5,22.0,0.0,1,22,1
2026-01-22 02:00:00,0.0,0,7.2,21.5,0.0,2,22,1
2026-01-22 03:00:00,0.0,1,5.9,20.9,0.0,3,22,1
2026-01-22 04:00:00,0.0,0,5.9,20.2,0.0,4,22,1
2026-01-22 05:00:00,0.0,0,7.2,19.2,0.0,5,22,1
2026-01-22 06:00:00,0.0,0,8.1,19.0,0.0,6,22,1
2026-01-22 07:00:00,0.0,6,7.9,18.7,0.0,7,22,1
2026-01-22 08:00:00,72.0,12,6.9,19.5,2.2122188884621448,8,22,1
2026-01-22 09:00:00,256.0,11,3.5,21.7,8.320413681146308,9,22,1
2026-01-22 10:00:00,451.0,0,5.2,24.3,15.068369557338006,10,22,1
2026-01-22 11:00:00,608.0,1,6.9,26.5,18.729001734675176,11,22,1
2026-01-22 12:00:00,705.0,9,7.6,28.3,20.47792377940402,12,22,1
2026-01-22 13:00:00,709.0,28,9.2,29.6,22.179824107997202,13,22,1
2026-01-22 14:00:00,590.0,42,11.1,30.0,15.044984546494536,14,22,1
2026-01-22 15:00:00,493.0,27,13.0,30.3,15.574800497446642,15,22,1
2026-01-22 16:00:00,378.0,18,12.6,30.0,11.430763961016723,16,22,1
2026-01-22 17:00:00,182.0,13,10.9,28.6,5.632234289004906,17,22,1
2026-01-22 18:00:00,32.0,16,7.2,27.8,1.0087998636590831,18,22,1
2026-01-22 19:00:00,0.0,23,7.9,26.8,0.0,19,22,1
2026-01-22 20:00:00,0.0,60,6.8,25.8,0.0,20,22,1
2026-01-22 21:00:00,0.0,27,8.0,24.8,0.0,21,22,1
2026-01-22 22:00:00,0.0,29,8.4,24.2,0.0,22,22,1
2026-01-22 23:00:00,0.0,18,12.9,23.5,0.0,23,22,1
2026-01-23 00:00:00,0.0,39,14.0,22.6,0.0,0,23,1
2026-01-23 01:00:00,0.0,1,13.9,21.8,0.0,1,23,1
2026-01-23 02:00:00,0.0,0,14.5,20.5,0.0,2,23,1
2026-01-23 03:00:00,0.0,0,12.6,19.6,0.0,3,23,1
2026-01-23 04:00:00,0.0,0,9.3,18.9,0.0,4,23,1
2026-01-23 05:00:00,0.0,10,8.6,18.9,0.0,5,23,1
2026-01-23 06:00:00,0.0,40,7.1,18.6,0.0,6,23,1
2026-01-23 07:00:00,0.0,100,7.2,18.6,0.0,7,23,1
2026-01-23 08:00:00,30.0,99,6.4,19.1,0.44019711338514494,8,23,1
2026-01-23 09:00:00,151.0,20,6.5,19.9,4.0869283367694225,9,23,1
2026-01-23 10:00:00,416.0,2,4.7,21.5,14.221817463777546,10,23,1
2026-01-23 11:00:00,598.0,7,6.8,23.1,20.819433571780632,11,23,1
2026-01-23 12:00:00,663.0,39,10.7,24.5,17.24175473038748,12,23,1
2026-01-23 13:00:00,661.0,42,11.0,25.5,16.29424895025767,13,23,1
2026-01-23 14:00:00,617.0,23,12.9,26.5,19.106628968182612,14,23,1
2026-01-23 15:00:00,514.0,29,14.4,26.3,13.74546738495933,15,23,1
2026-01-23 16:00:00,344.0,27,13.2,25.5,10.572875561373657,16,23,1
2026-01-23 17:00:00,154.0,9,11.7,24.5,5.216869066976834,17,23,1
2026-01-23 18:00:00,34.0,1,11.3,23.3,1.1965552261981676,18,23,1
2026-01-23 19:00:00,0.0,9,9.1,22.4,0.0,19,23,1
2026-01-23 20:00:00,0.0,0,9.8,21.3,0.0,20,23,1
2026-01-23 21:00:00,0.0,0,8.8,20.2,0.0,21,23,1
2026-01-23 22:00:00,0.0,0,9.8,19.2,0.0,22,23,1
2026-01-23 23:00:00,0.0,0,10.7,17.8,0.0,23,23,1
2026-01-24 00:00:00,0.0,0,10.2,16.9,0.0,0,24,1
2026-01-24 01:00:00,0.0,0,10.9,16.2,0.0,1,24,1
2026-01-24 02:00:00,0.0,0,8.9,15.6,0.0,2,24,1
2026-01-24 03:00:00,0.0,0,7.9,15.0,0.0,3,24,1
2026-01-24 04:00:00,0.0,16,8.9,14.4,0.0,4,24,1
2026-01-24 05:00:00,0.0,23,9.8,14.2,0.0,5,24,1
2026-01-24 06:00:00,0.0,37,9.6,14.0,0.0,6,24,1
2026-01-24 07:00:00,0.0,5,10.0,13.8,0.0,7,24,1
2026-01-24 08:00:00,75.0,2,8.9,14.5,2.5241516638670127,8,24,1
2026-01-24 09:00:00,265.0,1,11.1,16.7,9.888520826328879,9,24,1
2026-01-24 10:00:00,461.0,0,10.0,19.1,16.522314895174492,10,24,1
2026-01-24 11:00:00,618.0,0,11.0,21.4,22.23695247328139,11,24,1
2026-01-24 12:00:00,709.0,30,11.1,23.2,18.56126847902753,12,24,1
2026-01-24 13:00:00,733.0,95,10.3,24.4,12.067546481620171,13,24,1
2026-01-24 14:00:00,677.0,42,8.2,25.1,17.68453735344897,14,24,1
2026-01-24 15:00:00,571.0,79,6.9,25.4,11.075848480741563,15,24,1
2026-01-24 16:00:00,395.0,100,7.1,25.2,6.166348009645142,16,24,1
2026-01-24 17:00:00,192.0,99,7.9,24.0,2.820153047855692,17,24,1
2026-01-24 18:00:00,32.0,100,7.6,23.5,0.4961505968003456,18,24,1
2026-01-24 19:00:00,0.0,100,7.4,22.9,0.0,19,24,1
2026-01-24 20:00:00,0.0,100,7.3,21.9,0.0,20,24,1
2026-01-24 21:00:00,0.0,100,7.7,21.0,0.0,21,24,1
2026-01-24 22:00:00,0.0,98,8.0,20.0,0.0,22,24,1
2026-01-24 23:00:00,0.0,98,8.5,19.0,0.0,23,24,1
2026-01-25 00:00:00,0.0,11,9.0,18.3,0.0,0,25,1
2026-01-25 01:00:00,0.0,81,9.4,17.6,0.0,1,25,1
2026-01-25 02:00:00,0.0,96,9.3,17.0,0.0,2,25,1
2026-01-25 03:00:00,0.0,41,9.8,16.5,0.0,3,25,1
2026-01-25 04:00:00,0.0,9,10.0,16.0,0.0,4,25,1
2026-01-25 05:00:00,0.0,91,10.8,15.7,0.0,5,25,1
2026-01-25 06:00:00,0.0,51,10.7,15.5,0.0,6,25,1
2026-01-25 07:00:00,0.0,9,10.7,15.3,0.0,7,25,1
2026-01-25 08:00:00,74.0,9,8.6,16.1,2.1601067358313357,8,25,1
2026-01-25 09:00:00,261.0,26,10.1,17.8,8.060856884341426,9,25,1
2026-01-25 10:00:00,452.0,27,9.9,19.9,13.189168581954409,10,25,1
2026-01-25 11:00:00,606.0,13,9.8,21.5,18.445333058154834,11,25,1
2026-01-25 12:00:00,701.0,25,8.8,23.4,19.90685533572461,12,25,1
2026-01-25 13:00:00,727.0,53,7.3,24.8,15.147852194300556,13,25,1
2026-01-25 14:00:00,677.0,69,6.9,25.8,14.607781254986046,14,25,1
2026-01-25 15:00:00,564.0,55,6.6,26.2,12.841948680631122,15,25,1
2026-01-25 16:00:00,401.0,100,6.3,26.2,5.92279142743618,16,25,1
2026-01-25 17:00:00,200.0,85,7.4,24.9,3.803767511070348,17,25,1
2026-01-25 18:00:00,37.0,95,6.4,24.4,0.6085419854827901,18,25,1
2026-01-25 19:00:00,0.0,98,6.5,23.9,0.0,19,25,1
2026-01-25 20:00:00,0.0,95,7.3,23.1,0.0,20,25,1
2026-01-25 21:00:00,0.0,99,7.4,21.9,0.0,21,25,1
2026-01-25 22:00:00,0.0,100,7.7,20.7,0.0,22,25,1
2026-01-25 23:00:00,0.0,100,7.4,19.8,0.0,23,25,1
2026-01-26 00:00:00,0.0,100,8.0,19.4,0.0,0,26,1
2026-01-26 01:00:00,0.0,100,8.6,18.9,0.0,1,26,1
2026-01-26 02:00:00,0.0,100,9.0,18.6,0.0,2,26,1
2026-01-26 03:00:00,0.0,100,9.1,18.4,0.0,3,26,1
2026-01-26 04:00:00,0.0,100,9.2,18.3,0.0,4,26,1
2026-01-26 05:00:00,0.0,100,10.2,17.8,0.0,5,26,1
2026-01-26 06:00:00,0.0,100,10.3,17.7,0.0,6,26,1
2026-01-26 07:00:00,0.0,100,10.7,17.6,0.0,7,26,1
2026-01-26 08:00:00,65.0,100,8.3,18.2,0.9888048831603685,8,26,1
2026-01-26 09:00:00,235.0,100,8.6,20.0,3.4594659207672476,9,26,1
2026-01-26 10:00:00,415.0,100,8.6,22.5,6.249694612420236,10,26,1
2026-01-26 11:00:00,540.0,100,7.6,25.0,8.684809580781126,11,26,1
2026-01-26 12:00:00,652.0,100,6.1,27.0,9.717839618552775,12,26,1
2026-01-26 13:00:00,671.0,99,6.2,28.5,10.937719576150629,13,26,1
2026-01-26 14:00:00,593.0,100,8.0,29.3,8.145913376511748,14,26,1
2026-01-26 15:00:00,462.0,100,8.1,29.4,7.126525914127796,15,26,1
2026-01-26 16:00:00,304.0,100,7.2,29.2,4.837021905746817,16,26,1
2026-01-26 17:00:00,156.0,100,5.7,28.7,2.259492558545713,17,26,1
2026-01-26 18:00:00,32.0,100,5.2,27.8,0.4210216775152877,18,26,1
2026-01-26 19:00:00,0.0,100,3.4,27.3,0.0,19,26,1
2026-01-26 20:00:00,0.0,98,3.6,26.5,0.0,20,26,1
2026-01-26 21:00:00,0.0,98,3.7,25.7,0.0,21,26,1
2026-01-26 22:00:00,0.0,95,3.8,25.0,0.0,22,26,1
2026-01-26 23:00:00,0.0,98,4.5,23.6,0.0,23,26,1
2026-01-27 00:00:00,0.0,99,8.6,22.1,0.0,0,27,1
2026-01-27 01:00:00,0.0,95,5.9,21.6,0.0,1,27,1
2026-01-27 02:00:00,0.0,60,5.5,21.2,0.0,2,27,1
2026-01-27 03:00:00,0.0,27,4.8,20.7,0.0,3,27,1
2026-01-27 04:00:00,0.0,5,7.2,19.9,0.0,4,27,1
2026-01-27 05:00:00,0.0,0,8.1,19.3,0.0,5,27,1
2026-01-27 06:00:00,0.0,0,9.1,18.6,0.0,6,27,1
2026-01-27 07:00:00,0.0,0,9.9,18.0,0.0,7,27,1
2026-01-27 08:00:00,75.0,0,7.1,18.5,2.611812546556514,8,27,1
2026-01-27 09:00:00,263.0,0,6.6,20.4,9.47338029328413,9,27,1
2026-01-27 10:00:00,456.0,3,7.1,22.9,13.97801678494251,10,27,1
2026-01-27 11:00:00,605.0,16,8.2,25.0,19.277674645104316,11,27,1
2026-01-27 12:00:00,671.0,2,8.5,26.2,19.678904380001725,12,27,1
2026-01-27 13:00:00,727.0,0,9.2,27.0,25.155272135250144,13,27,1
2026-01-27 14:00:00,694.0,0,10.8,27.3,22.52903063334384,14,27,1
2026-01-27 15:00:00,583.0,0,12.5,27.1,18.46874401288758,15,27,1
2026-01-27 16:00:00,418.0,0,13.5,26.4,14.406083621344326,16,27,1
2026-01-27 17:00:00,219.0,0,11.8,25.7,7.1108619963542985,17,27,1
2026-01-27 18:00:00,43.0,0,10.0,24.6,1.4646068013124869,18,27,1
2026-01-27 19:00:00,0.0,0,8.6,23.2,0.0,19,27,1
2026-01-27 20:00:00,0.0,0,8.7,21.9,0.0,20,27,1
2026-01-27 21:00:00,0.0,0,9.1,20.9,0.0,21,27,1
2026-01-27 22:00:00,0.0,0,10.1,20.2,0.0,22,27,1
2026-01-27 23:00:00,0.0,0,10.6,19.6,0.0,23,27,1
2026-01-28 00:00:00,0.0,0,11.0,18.8,0.0,0,28,1
2026-01-28 01:00:00,0.0,0,10.9,17.9,0.0,1,28,1
2026-01-28 02:00:00,0.0,0,11.4,17.2,0.0,2,28,1
2026-01-28 03:00:00,0.0,0,11.6,16.7,0.0,3,28,1
2026-01-28 04:00:00,0.0,0,11.0,16.0,0.0,4,28,1
2026-01-28 05:00:00,0.0,0,10.1,16.0,0.0,5,28,1
2026-01-28 06:00:00,0.0,0,10.4,15.7,0.0,6,28,1
2026-01-28 07:00:00,0.0,0,9.7,15.3,0.0,7,28,1
2026-01-28 08:00:00,84.0,0,8.1,15.9,3.0285332029468583,8,28,1
2026-01-28 09:00:00,286.0,0,6.5,17.7,9.930392787823358,9,28,1
2026-01-28 10:00:00,489.0,0,5.6,20.1,18.639487148049668,10,28,1
2026-01-28 11:00:00,650.0,0,7.0,22.7,21.697193472055194,11,28,1
2026-01-28 12:00:00,748.0,0,8.2,24.2,28.14319366642811,12,28,1
2026-01-28 13:00:00,777.0,0,8.2,25.1,24.865446021031072,13,28,1
2026-01-28 14:00:00,730.0,0,8.1,25.6,25.52175691120564,14,28,1
2026-01-28 15:00:00,613.0,0,8.5,25.8,21.619971634017848,15,28,1
2026-01-28 16:00:00,438.0,0,8.7,25.6,14.465141763818716,16,28,1
2026-01-28 17:00:00,230.0,0,8.5,25.0,7.365771500076193,17,28,1
2026-01-28 18:00:00,45.0,0,5.9,24.4,1.5506156349421782,18,28,1
2026-01-28 19:00:00,0.0,0,5.7,23.8,0.0,19,28,1
2026-01-28 20:00:00,0.0,0,5.8,22.7,0.0,20,28,1
2026-01-28 21:00:00,0.0,0,7.0,21.4,0.0,21,28,1
2026-01-28 22:00:00,0.0,0,8.8,20.4,0.0,22,28,1
2026-01-28 23:00:00,0.0,1,10.7,19.0,0.0,23,28,1
2026-01-29 00:00:00,0.0,2,11.7,18.1,0.0,0,29,1
2026-01-29 01:00:00,0.0,1,12.3,17.7,0.0,1,29,1
2026-01-29 02:00:00,0.0,23,13.0,17.5,0.0,2,29,1
2026-01-29 03:00:00,0.0,11,13.6,17.0,0.0,3,29,1
2026-01-29 04:00:00,0.0,55,13.4,16.5,0.0,4,29,1
2026-01-29 05:00:00,0.0,12,13.4,15.9,0.0,5,29,1
2026-01-29 06:00:00,0.0,3,13.2,15.5,0.0,6,29,1
2026-01-29 07:00:00,0.0,1,12.9,15.1,0.0,7,29,1
2026-01-29 08:00:00,83.0,0,10.4,15.8,2.909189927254115,8,29,1
2026-01-29 09:00:00,282.0,13,12.0,17.7,9.03884666819825,9,29,1
2026-01-29 10:00:00,484.0,9,11.9,20.1,14.628388675896312,10,29,1
2026-01-29 11:00:00,644.0,0,12.6,22.4,20.726759983230913,11,29,1
2026-01-29 12:00:00,742.0,30,11.9,24.4,21.323945482694867,12,29,1
2026-01-29 13:00:00,768.0,72,11.3,25.8,15.512884257176374,13,29,1
2026-01-29 14:00:00,721.0,98,10.3,26.7,10.330159013567322,14,29,1
2026-01-29 15:00:00,589.0,100,10.2,27.0,9.608286598037264,15,29,1
2026-01-29 16:00:00,404.0,100,10.2,26.9,5.860721155308776,16,29,1
2026-01-29 17:00:00,216.0,100,12.2,25.6,3.473517846753429,17,29,1
2026-01-29 18:00:00,42.0,100,10.3,24.9,0.643795598805091,18,29,1
2026-01-29 19:00:00,0.0,100,10.1,23.9,0.0,19,29,1
2026-01-29 20:00:00,0.0,97,10.8,23.0,0.0,20,29,1
2026-01-29 21:00:00,0.0,89,10.9,22.1,0.0,21,29,1
2026-01-29 22:00:00,0.0,99,11.3,21.3,0.0,22,29,1
2026-01-29 23:00:00,0.0,89,12.3,20.7,0.0,23,29,1
2026-01-30 00:00:00,0.0,100,12.2,20.1,0.0,0,30,1
2026-01-30 01:00:00,0.0,84,12.6,19.6,0.0,1,30,1
2026-01-30 02:00:00,0.0,98,12.7,19.0,0.0,2,30,1
2026-01-30 03:00:00,0.0,60,12.3,18.4,0.0,3,30,1
2026-01-30 04:00:00,0.0,97,12.3,18.0,0.0,4,30,1
2026-01-30 05:00:00,0.0,97,12.3,17.4,0.0,5,30,1
2026-01-30 06:00:00,0.0,100,12.8,17.2,0.0,6,30,1
2026-01-30 07:00:00,0.0,100,12.8,17.0,0.0,7,30,1
2026-01-30 08:00:00,70.0,97,10.1,17.6,1.0243905375870221,8,30,1
2026-01-30 09:00:00,251.0,98,10.6,19.5,4.181322681455715,9,30,1
2026-01-30 10:00:00,433.0,98,10.3,22.0,7.053837373417914,10,30,1
2026-01-30 11:00:00,506.0,95,8.2,24.2,8.343622953637901,11,30,1
2026-01-30 12:00:00,614.0,100,6.7,26.1,9.773869745955997,12,30,1
2026-01-30 13:00:00,599.0,99,6.1,27.5,9.323282598213593,13,30,1
2026-01-30 14:00:00,593.0,97,5.7,28.5,9.795833817810006,14,30,1
2026-01-30 15:00:00,498.0,96,6.6,28.9,7.57247246545168,15,30,1
2026-01-30 16:00:00,365.0,94,7.7,29.0,5.922857734947098,16,30,1
2026-01-30 17:00:00,208.0,90,8.7,28.5,3.301374441979969,17,30,1
2026-01-30 18:00:00,42.0,94,5.0,27.8,0.7641957655901302,18,30,1
2026-01-30 19:00:00,0.0,100,3.3,27.3,0.0,19,30,1
2026-01-30 20:00:00,0.0,98,4.1,26.6,0.0,20,30,1
2026-01-30 21:00:00,0.0,97,5.8,25.5,0.0,21,30,1
2026-01-30 22:00:00,0.0,77,6.5,24.5,0.0,22,30,1
2026-01-30 23:00:00,0.0,100,9.3,23.2,0.0,23,30,1
2026-01-31 00:00:00,0.0,99,9.2,22.6,0.0,0,31,1
2026-01-31 01:00:00,0.0,100,8.6,22.2,0.0,1,31,1
2026-01-31 02:00:00,0.0,100,10.3,22.0,0.0,2,31,1
2026-01-31 03:00:00,0.0,100,10.3,22.0,0.0,3,31,1
2026-01-31 04:00:00,0.0,100,8.8,21.8,0.0,4,31,1
2026-01-31 05:00:00,0.0,100,9.2,20.8,0.0,5,31,1
2026-01-31 06:00:00,0.0,100,5.8,21.0,0.0,6,31,1
2026-01-31 07:00:00,0.0,100,1.5,20.8,0.0,7,31,1
2026-01-31 08:00:00,65.0,100,1.8,21.3,0.9533863014803933,8,31,1
2026-01-31 09:00:00,228.0,100,5.3,22.8,3.6770992521901382,9,31,1
2026-01-31 10:00:00,401.0,100,4.9,24.9,6.0923384234479725,10,31,1
2026-01-31 11:00:00,545.0,45,5.9,26.9,13.612213301212117,11,31,1
2026-01-31 12:00:00,661.0,23,6.0,28.4,19.91187270797966,12,31,1
2026-01-31 13:00:00,673.0,17,6.2,29.5,19.99989461353271,13,31,1
2026-01-31 14:00:00,650.0,24,7.8,30.1,18.795988857062984,14,31,1
2026-01-31 15:00:00,536.0,55,7.6,30.2,13.129142366550687,15,31,1
2026-01-31 16:00:00,356.0,70,5.9,29.9,6.9285385361358625,16,31,1
2026-01-31 17:00:00,188.0,100,7.1,29.1,2.82815519599955,17,31,1
2026-01-31 18:00:00,35.0,100,5.4,28.3,0.4848224362430802,18,31,1
2026-01-31 19:00:00,0.0,100,3.5,27.9,0.0,19,31,1
2026-01-31 20:00:00,0.0,100,2.2,27.7,0.0,20,31,1
2026-01-31 21:00:00,0.0,100,4.2,27.2,0.0,21,31,1
2026-01-31 22:00:00,0.0,100,4.3,26.6,0.0,22,31,1
2026-01-31 23:00:00,0.0,95,4.0,25.8,0.0,23,31,1
2026-02-01 00:00:00,0.0,48,5.7,25.2,0.0,0,32,2
2026-02-01 01:00:00,0.0,1,5.1,24.4,0.0,1,32,2
2026-02-01 02:00:00,0.0,14,3.9,23.4,0.0,2,32,2
2026-02-01 03:00:00,0.0,21,4.8,22.8,0.0,3,32,2
2026-02-01 04:00:00,0.0,91,5.9,22.2,0.0,4,32,2
2026-02-01 05:00:00,0.0,95,5.3,22.2,0.0,5,32,2
2026-02-01 06:00:00,0.0,98,5.2,22.2,0.0,6,32,2
2026-02-01 07:00:00,0.0,98,4.2,22.2,0.0,7,32,2
2026-02-01 08:00:00,39.0,75,3.9,22.4,0.7340148134494473,8,32,2
2026-02-01 09:00:00,174.0,6,3.7,24.0,5.6889493329325225,9,32,2
2026-02-01 10:00:00,432.0,6,3.4,26.7,11.811887497418189,10,32,2
2026-02-01 11:00:00,570.0,14,3.0,27.4,17.021065119532803,11,32,2
2026-02-01 12:00:00,642.0,34,2.2,29.1,17.834664910534418,12,32,2
2026-02-01 13:00:00,661.0,52,3.5,29.8,16.608360943820774,13,32,2
2026-02-01 14:00:00,609.0,25,3.6,30.3,18.27226675837273,14,32,2
2026-02-01 15:00:00,513.0,39,3.5,29.3,13.811380901853987,15,32,2
2026-02-01 16:00:00,367.0,30,3.2,29.1,10.455768070371803,16,32,2
2026-02-01 17:00:00,181.0,17,8.4,28.9,5.72225352920144,17,32,2
2026-02-01 18:00:00,44.0,9,6.9,28.2,1.341580714332386,18,32,2
2026-02-01 19:00:00,0.0,21,6.4,27.7,0.0,19,32,2
2026-02-01 20:00:00,0.0,8,6.3,27.0,0.0,20,32,2
2026-02-01 21:00:00,0.0,1,6.4,26.5,0.0,21,32,2
2026-02-01 22:00:00,0.0,2,6.5,25.9,0.0,22,32,2
2026-02-01 23:00:00,0.0,2,6.5,25.1,0.0,23,32,2
2026-02-02 00:00:00,0.0,9,8.9,24.3,0.0,0,33,2
2026-02-02 01:00:00,0.0,71,8.7,23.2,0.0,1,33,2
2026-02-02 02:00:00,0.0,91,8.3,22.7,0.0,2,33,2
2026-02-02 03:00:00,0.0,100,7.1,22.3,0.0,3,33,2
2026-02-02 04:00:00,0.0,100,7.8,21.8,0.0,4,33,2
2026-02-02 05:00:00,0.0,96,8.7,20.8,0.0,5,33,2
2026-02-02 06:00:00,0.0,97,8.5,20.9,0.0,6,33,2
2026-02-02 07:00:00,1.0,100,9.1,20.9,0.015632631940640206,7,33,2
2026-02-02 08:00:00,68.0,98,7.2,21.8,1.1398707409529503,8,33,2
2026-02-02 09:00:00,259.0,48,7.1,23.7,6.466668509529081,9,33,2
2026-02-02 10:00:00,465.0,5,6.7,26.2,15.678243404038584,10,33,2
2026-02-02 11:00:00,628.0,20,8.5,28.1,18.862522795012243,11,33,2
2026-02-02 12:00:00,665.0,21,7.8,29.7,19.196512247755606,12,33,2
2026-02-02 13:00:00,676.0,24,6.7,30.5,16.71317857533541,13,33,2
2026-02-02 14:00:00,622.0,52,6.9,30.6,15.404899023495577,14,33,2
2026-02-02 15:00:00,485.0,72,7.1,30.2,9.717118060343154,15,33,2
2026-02-02 16:00:00,264.0,27,7.9,29.0,8.152650997544272,16,33,2
2026-02-02 17:00:00,181.0,33,10.3,29.0,4.739261910532142,17,33,2
2026-02-02 18:00:00,44.0,8,6.7,28.0,1.3504927303707484,18,33,2
2026-02-02 19:00:00,0.0,5,7.6,27.2,0.0,19,33,2
2026-02-02 20:00:00,0.0,2,7.3,26.6,0.0,20,33,2
2026-02-02 21:00:00,0.0,0,6.8,25.9,0.0,21,33,2
2026-02-02 22:00:00,0.0,0,5.4,25.4,0.0,22,33,2
2026-02-02 23:00:00,0.0,5,4.9,24.4,0.0,23,33,2
2026-02-03 00:00:00,0.0,0,10.3,22.8,0.0,0,34,2
2026-02-03 01:00:00,0.0,0,9.6,21.6,0.0,1,34,2
2026-02-03 02:00:00,0.0,0,8.8,20.9,0.0,2,34,2
2026-02-03 03:00:00,0.0,0,8.6,20.3,0.0,3,34,2
2026-02-03 04:00:00,0.0,0,9.7,19.8,0.0,4,34,2
2026-02-03 05:00:00,0.0,3,10.3,20.0,0.0,5,34,2
2026-02-03 06:00:00,0.0,1,10.6,19.9,0.0,6,34,2
2026-02-03 07:00:00,1.0,0,10.4,19.7,0.03307284275671858,7,34,2
2026-02-03 08:00:00,83.0,0,7.9,20.6,2.9133181309308926,8,34,2
2026-02-03 09:00:00,276.0,0,8.5,22.4,9.009141441325825,9,34,2
2026-02-03 10:00:00,472.0,0,9.0,24.4,15.40178962250199,10,34,2
2026-02-03 11:00:00,628.0,0,10.8,26.5,21.008856350372003,11,34,2
2026-02-03 12:00:00,727.0,1,10.2,28.3,26.122922179200728,12,34,2
2026-02-03 13:00:00,754.0,23,8.6,29.4,22.60951183296698,13,34,2
2026-02-03 14:00:00,686.0,30,7.1,29.8,22.160425265267474,14,34,2
2026-02-03 15:00:00,537.0,14,6.4,29.9,18.1905315254893,15,34,2
2026-02-03 16:00:00,399.0,16,7.0,29.7,12.70093080120454,16,34,2
2026-02-03 17:00:00,222.0,11,10.2,29.2,6.63185659525334,17,34,2
2026-02-03 18:00:00,49.0,6,7.5,28.3,1.700127708182809,18,34,2
2026-02-03 19:00:00,0.0,4,7.6,27.4,0.0,19,34,2
2026-02-03 20:00:00,0.0,3,9.1,26.2,0.0,20,34,2
2026-02-03 21:00:00,0.0,2,10.2,25.4,0.0,21,34,2
2026-02-03 22:00:00,0.0,2,10.9,24.8,0.0,22,34,2
2026-02-03 23:00:00,0.0,1,13.9,24.0,0.0,23,34,2
2026-02-04 00:00:00,0.0,0,13.3,23.1,0.0,0,35,2
2026-02-04 01:00:00,0.0,0,13.2,22.4,0.0,1,35,2
2026-02-04 02:00:00,0.0,0,12.7,21.7,0.0,2,35,2
2026-02-04 03:00:00,0.0,0,12.6,21.0,0.0,3,35,2
2026-02-04 04:00:00,0.0,0,13.0,20.4,0.0,4,35,2
2026-02-04 05:00:00,0.0,0,13.4,20.3,0.0,5,35,2
2026-02-04 06:00:00,0.0,2,13.5,20.1,0.0,6,35,2
2026-02-04 07:00:00,1.0,0,13.5,19.8,0.033806137426844275,7,35,2
2026-02-04 08:00:00,84.0,0,10.7,20.5,3.0575714963620255,8,35,2
2026-02-04 09:00:00,279.0,0,12.2,22.1,9.792092340804432,9,35,2
2026-02-04 10:00:00,476.0,1,12.2,24.1,15.001312705035406,10,35,2
2026-02-04 11:00:00,634.0,0,12.2,26.1,19.773158080732173,11,35,2
2026-02-04 12:00:00,729.0,2,11.0,27.9,23.617845774487314,12,35,2
2026-02-04 13:00:00,751.0,7,10.3,29.2,25.474222564901815,13,35,2
2026-02-04 14:00:00,710.0,37,9.1,30.1,18.009583203008866,14,35,2
2026-02-04 15:00:00,507.0,11,8.8,30.2,17.019780724855572,15,35,2
2026-02-04 16:00:00,357.0,8,8.8,30.0,10.274996648802047,16,35,2
2026-02-04 17:00:00,211.0,20,12.6,29.2,6.4547669451443355,17,35,2
2026-02-04 18:00:00,51.0,3,11.7,28.4,1.770183150386234,18,35,2
2026-02-04 19:00:00,0.0,4,12.4,27.2,0.0,19,35,2
2026-02-04 20:00:00,0.0,3,12.4,26.3,0.0,20,35,2
2026-02-04 21:00:00,0.0,4,13.5,25.4,0.0,21,35,2
2026-02-04 22:00:00,0.0,3,13.8,24.6,0.0,22,35,2
2026-02-04 23:00:00,0.0,2,14.8,23.7,0.0,23,35,2
2026-02-05 00:00:00,0.0,1,13.8,23.0,0.0,0,36,2
2026-02-05 01:00:00,0.0,0,13.7,22.3,0.0,1,36,2
2026-02-05 02:00:00,0.0,0,14.1,21.7,0.0,2,36,2
2026-02-05 03:00:00,0.0,0,14.1,21.2,0.0,3,36,2
2026-02-05 04:00:00,0.0,0,14.1,20.6,0.0,4,36,2
2026-02-05 05:00:00,0.0,6,13.5,20.1,0.0,5,36,2
2026-02-05 06:00:00,0.0,12,13.2,19.8,0.0,6,36,2
2026-02-05 07:00:00,1.0,28,12.7,19.5,0.030088084346384686,7,36,2
2026-02-05 08:00:00,84.0,5,10.7,20.1,2.7348646348908354,8,36,2
2026-02-05 09:00:00,275.0,0,12.0,21.8,9.682388695473582,9,36,2
2026-02-05 10:00:00,480.0,0,11.5,24.0,16.854168663767943,10,36,2
2026-02-05 11:00:00,640.0,0,10.6,26.4,19.77843343323886,11,36,2
2026-02-05 12:00:00,738.0,1,8.9,28.4,24.309333111611686,12,36,2
2026-02-05 13:00:00,768.0,2,6.8,29.9,23.729207184408885,13,36,2
2026-02-05 14:00:00,722.0,22,4.4,31.0,20.798143969751322,14,36,2
2026-02-05 15:00:00,550.0,16,3.4,31.4,17.131371252356754,15,36,2
2026-02-05 16:00:00,397.0,11,4.0,31.4,13.284864698734077,16,36,2
2026-02-05 17:00:00,220.0,2,7.4,30.3,6.834457050724631,17,36,2
2026-02-05 18:00:00,54.0,0,6.5,29.3,1.7307185009151707,18,36,2
2026-02-05 19:00:00,0.0,1,5.1,28.5,0.0,19,36,2
2026-02-05 20:00:00,0.0,2,4.4,27.6,0.0,20,36,2
2026-02-05 21:00:00,0.0,0,4.3,26.8,0.0,21,36,2
2026-02-05 22:00:00,0.0,1,4.6,26.5,0.0,22,36,2
2026-02-05 23:00:00,0.0,0,6.6,25.1,0.0,23,36,2
2026-02-06 00:00:00,0.0,0,7.2,24.1,0.0,0,37,2
2026-02-06 01:00:00,0.0,0,7.8,23.2,0.0,1,37,2
2026-02-06 02:00:00,0.0,0,7.2,22.4,0.0,2,37,2
2026-02-06 03:00:00,0.0,0,9.2,21.3,0.0,3,37,2
2026-02-06 04:00:00,0.0,0,9.2,20.4,0.0,4,37,2
2026-02-06 05:00:00,0.0,0,9.5,20.3,0.0,5,37,2
2026-02-06 06:00:00,0.0,0,9.7,20.0,0.0,6,37,2
2026-02-06 07:00:00,1.0,0,9.7,19.7,0.034019741904843484,7,37,2
2026-02-06 08:00:00,89.0,0,8.0,20.5,3.057919037109818,8,37,2
2026-02-06 09:00:00,286.0,0,7.2,22.7,9.733869946343043,9,37,2
2026-02-06 10:00:00,487.0,0,8.2,25.6,15.940789112549162,10,37,2
2026-02-06 11:00:00,646.0,0,5.8,28.2,20.50052784109403,11,37,2
2026-02-06 12:00:00,746.0,0,4.6,30.0,25.003741613754098,12,37,2
2026-02-06 13:00:00,775.0,0,3.1,31.2,25.83787467303173,13,37,2
2026-02-06 14:00:00,732.0,0,2.1,32.0,25.099828483615234,14,37,2
2026-02-06 15:00:00,619.0,2,2.2,32.3,22.789020329506773,15,37,2
2026-02-06 16:00:00,447.0,4,1.7,32.2,13.652336180860251,16,37,2
2026-02-06 17:00:00,233.0,4,3.8,31.2,7.038065306579802,17,37,2
2026-02-06 18:00:00,56.0,6,0.7,29.8,1.9888984072209888,18,37,2
2026-02-06 19:00:00,0.0,9,3.3,29.0,0.0,19,37,2
2026-02-06 20:00:00,0.0,2,1.3,28.9,0.0,20,37,2
2026-02-06 21:00:00,0.0,0,1.0,28.6,0.0,21,37,2
2026-02-06 22:00:00,0.0,3,4.6,27.7,0.0,22,37,2
2026-02-06 23:00:00,0.0,60,2.2,25.5,0.0,23,37,2
2026-02-07 00:00:00,0.0,34,3.6,25.4,0.0,0,38,2
2026-02-07 01:00:00,0.0,19,4.9,24.3,0.0,1,38,2
2026-02-07 02:00:00,0.0,95,6.6,24.0,0.0,2,38,2
2026-02-07 03:00:00,0.0,100,9.9,23.2,0.0,3,38,2
2026-02-07 04:00:00,0.0,35,8.4,22.7,0.0,4,38,2
2026-02-07 05:00:00,0.0,13,8.6,22.0,0.0,5,38,2
2026-02-07 06:00:00,0.0,3,9.4,21.6,0.0,6,38,2
2026-02-07 07:00:00,1.0,15,7.7,21.0,0.031091990739158533,7,38,2
2026-02-07 08:00:00,91.0,2,4.9,21.2,3.135274209995925,8,38,2
2026-02-07 09:00:00,292.0,5,4.5,23.4,8.728088532558312,9,38,2
2026-02-07 10:00:00,494.0,42,5.7,26.5,13.438816280721564,10,38,2
2026-02-07 11:00:00,654.0,87,7.4,29.5,11.742057064870117,11,38,2
2026-02-07 12:00:00,752.0,52,5.0,30.8,19.58502249032533,12,38,2
2026-02-07 13:00:00,783.0,33,4.4,31.5,20.981605276588287,13,38,2
2026-02-07 14:00:00,735.0,66,6.8,32.0,16.029770794116587,14,38,2
2026-02-07 15:00:00,622.0,66,10.2,31.9,14.053930245090022,15,38,2
2026-02-07 16:00:00,453.0,40,11.6,31.4,10.987783113707561,16,38,2
2026-02-07 17:00:00,244.0,60,11.0,31.0,5.100166534969619,17,38,2
2026-02-07 18:00:00,58.0,49,7.6,30.0,1.3062471400621285,18,38,2
2026-02-07 19:00:00,0.0,68,4.0,29.1,0.0,19,38,2
2026-02-07 20:00:00,0.0,6,5.9,27.7,0.0,20,38,2
2026-02-07 21:00:00,0.0,1,5.9,26.6,0.0,21,38,2
2026-02-07 22:00:00,0.0,2,6.0,26.1,0.0,22,38,2
2026-02-07 23:00:00,0.0,0,4.2,24.7,0.0,23,38,2
2026-02-08 00:00:00,0.0,0,5.3,23.9,0.0,0,39,2
2026-02-08 01:00:00,0.0,0,8.3,23.2,0.0,1,39,2
2026-02-08 02:00:00,0.0,0,8.2,22.4,0.0,2,39,2
2026-02-08 03:00:00,0.0,0,7.7,21.3,0.0,3,39,2
2026-02-08 04:00:00,0.0,0,8.3,20.1,0.0,4,39,2
2026-02-08 05:00:00,0.0,0,8.4,19.5,0.0,5,39,2
2026-02-08 06:00:00,0.0,0,8.6,19.2,0.0,6,39,2
2026-02-08 07:00:00,1.0,0,8.8,18.4,0.03307924044695183,7,39,2
2026-02-08 08:00:00,97.0,0,8.4,19.0,3.3708357824951998,8,39,2
2026-02-08 09:00:00,305.0,0,5.8,21.5,10.121580572076612,9,39,2
2026-02-08 10:00:00,512.0,0,5.6,25.0,16.20240420363373,10,39,2
2026-02-08 11:00:00,676.0,0,4.0,28.8,22.779781128848914,11,39,2
2026-02-08 12:00:00,778.0,0,1.3,30.6,26.062568988307895,12,39,2
2026-02-08 13:00:00,808.0,0,1.2,31.3,25.85399738981977,13,39,2
2026-02-08 14:00:00,762.0,0,2.1,31.8,26.151343337764793,14,39,2
2026-02-08 15:00:00,645.0,0,3.2,31.9,21.32250281349091,15,39,2
2026-02-08 16:00:00,470.0,0,3.6,31.6,15.279483299650517,16,39,2
2026-02-08 17:00:00,259.0,0,4.5,30.9,8.285936751256498,17,39,2
2026-02-08 18:00:00,63.0,0,0.4,29.2,2.1275307324411323,18,39,2
2026-02-08 19:00:00,0.0,0,4.4,28.0,0.0,19,39,2
2026-02-08 20:00:00,0.0,0,5.1,27.5,0.0,20,39,2
2026-02-08 21:00:00,0.0,0,4.0,27.6,0.0,21,39,2
2026-02-08 22:00:00,0.0,0,5.5,26.9,0.0,22,39,2
2026-02-08 23:00:00,0.0,0,5.8,25.2,0.0,23,39,2
2026-02-09 00:00:00,0.0,0,7.2,23.5,0.0,0,40,2
2026-02-09 01:00:00,0.0,0,6.7,22.2,0.0,1,40,2
2026-02-09 02:00:00,0.0,0,6.8,21.8,0.0,2,40,2
2026-02-09 03:00:00,0.0,0,6.6,21.5,0.0,3,40,2
2026-02-09 04:00:00,0.0,0,6.9,20.9,0.0,4,40,2
2026-02-09 05:00:00,0.0,0,5.2,19.8,0.0,5,40,2
2026-02-09 06:00:00,0.0,0,6.0,18.9,0.0,6,40,2
2026-02-09 07:00:00,1.0,0,4.8,18.2,0.037160888500020806,7,40,2
2026-02-09 08:00:00,97.0,0,1.5,18.9,3.5921007771127837,8,40,2
2026-02-09 09:00:00,303.0,0,1.3,21.6,10.115077101339129,9,40,2
2026-02-09 10:00:00,510.0,0,2.2,25.0,17.034686305263612,10,40,2
2026-02-09 11:00:00,674.0,0,4.0,28.2,21.58416481078399,11,40,2
2026-02-09 12:00:00,775.0,0,5.9,30.2,26.560466948720332,12,40,2
2026-02-09 13:00:00,804.0,0,6.5,31.1,27.0919585130354,13,40,2
2026-02-09 14:00:00,759.0,0,7.4,31.5,23.278833658863583,14,40,2
2026-02-09 15:00:00,644.0,0,8.2,31.5,19.5674477226953,15,40,2
2026-02-09 16:00:00,470.0,0,7.5,31.0,15.700943219298255,16,40,2
2026-02-09 17:00:00,259.0,0,8.2,30.5,9.132069055881438,17,40,2
2026-02-09 18:00:00,63.0,0,4.9,29.5,2.294999484262659,18,40,2
2026-02-09 19:00:00,0.0,0,3.8,28.5,0.0,19,40,2
2026-02-09 20:00:00,0.0,0,6.4,27.5,0.0,20,40,2
2026-02-09 21:00:00,0.0,0,5.0,27.3,0.0,21,40,2
2026-02-09 22:00:00,0.0,0,6.8,26.2,0.0,22,40,2
2026-02-09 23:00:00,0.0,0,7.3,24.9,0.0,23,40,2
2026-02-10 00:00:00,0.0,0,7.7,23.5,0.0,0,41,2
2026-02-10 01:00:00,0.0,0,8.3,22.5,0.0,1,41,2
2026-02-10 02:00:00,0.0,0,8.4,21.5,0.0,2,41,2
2026-02-10 03:00:00,0.0,0,8.6,20.5,0.0,3,41,2
2026-02-10 04:00:00,0.0,0,8.6,19.7,0.0,4,41,2
2026-02-10 05:00:00,0.0,0,8.9,19.2,0.0,5,41,2
2026-02-10 06:00:00,0.0,0,9.7,19.0,0.0,6,41,2
2026-02-10 07:00:00,2.0,0,10.2,18.7,0.06913599265341669,7,41,2
2026-02-10 08:00:00,98.0,0,8.3,19.4,3.359045019081459,8,41,2
2026-02-10 09:00:00,303.0,0,6.6,21.5,9.61607299447577,9,41,2
2026-02-10 10:00:00,507.0,0,5.3,24.2,20.085365713046336,10,41,2
2026-02-10 11:00:00,668.0,0,7.5,26.7,23.10976440310921,11,41,2
2026-02-10 12:00:00,768.0,0,7.0,28.2,24.53736676995816,12,41,2
2026-02-10 13:00:00,796.0,0,6.8,29.1,26.717894562560407,13,41,2
2026-02-10 14:00:00,752.0,0,7.6,29.6,25.13532548435114,14,41,2
2026-02-10 15:00:00,637.0,0,8.3,29.8,20.243578599177948,15,41,2
2026-02-10 16:00:00,466.0,0,8.5,29.5,16.27432302388522,16,41,2
2026-02-10 17:00:00,258.0,0,8.9,29.0,8.664221650707916,17,41,2
2026-02-10 18:00:00,64.0,0,8.0,28.4,2.134326758618679,18,41,2
2026-02-10 19:00:00,0.0,0,6.6,27.7,0.0,19,41,2
2026-02-10 20:00:00,0.0,0,5.6,26.6,0.0,20,41,2
2026-02-10 21:00:00,0.0,0,7.6,25.3,0.0,21,41,2
2026-02-10 22:00:00,0.0,0,7.8,24.1,0.0,22,41,2
2026-02-10 23:00:00,0.0,0,7.4,23.4,0.0,23,41,2
2026-02-11 00:00:00,0.0,0,7.3,23.1,0.0,0,42,2
2026-02-11 01:00:00,0.0,0,6.9,22.5,0.0,1,42,2
2026-02-11 02:00:00,0.0,0,6.8,22.0,0.0,2,42,2
2026-02-11 03:00:00,0.0,0,7.0,21.4,0.0,3,42,2
2026-02-11 04:00:00,0.0,0,7.9,20.8,0.0,4,42,2
2026-02-11 05:00:00,0.0,0,7.1,20.2,0.0,5,42,2
2026-02-11 06:00:00,0.0,0,7.4,19.8,0.0,6,42,2
2026-02-11 07:00:00,2.0,0,7.6,19.6,0.06897405993219999,7,42,2
2026-02-11 08:00:00,100.0,0,6.0,20.5,3.314923591136267,8,42,2
2026-02-11 09:00:00,309.0,0,4.5,22.7,9.424717766761075,9,42,2
2026-02-11 10:00:00,515.0,0,5.9,25.6,17.013347578474164,10,42,2
2026-02-11 11:00:00,678.0,0,8.0,27.7,22.729482240926075,11,42,2
2026-02-11 12:00:00,781.0,0,8.9,29.1,26.071561389162166,12,42,2
2026-02-11 13:00:00,812.0,0,8.4,30.1,27.97953800913066,13,42,2
2026-02-11 14:00:00,768.0,0,7.5,30.8,27.05468934372912,14,42,2
2026-02-11 15:00:00,653.0,22,7.0,31.1,18.36300476704321,15,42,2
2026-02-11 16:00:00,478.0,73,6.8,31.0,9.748465547454249,16,42,2
2026-02-11 17:00:00,265.0,0,7.4,30.4,9.154380766673816,17,42,2
2026-02-11 18:00:00,67.0,0,5.8,29.7,2.080207285967378,18,42,2
2026-02-11 19:00:00,0.0,0,3.6,29.2,0.0,19,42,2
2026-02-11 20:00:00,0.0,0,1.7,28.7,0.0,20,42,2
2026-02-11 21:00:00,0.0,0,4.6,27.3,0.0,21,42,2
2026-02-11 22:00:00,0.0,0,6.9,26.0,0.0,22,42,2
2026-02-11 23:00:00,0.0,0,7.8,24.6,0.0,23,42,2
2026-02-12 00:00:00,0.0,0,7.3,23.7,0.0,0,43,2
2026-02-12 01:00:00,0.0,0,8.4,22.5,0.0,1,43,2
2026-02-12 02:00:00,0.0,0,9.8,21.4,0.0,2,43,2
2026-02-12 03:00:00,0.0,0,9.5,21.0,0.0,3,43,2
2026-02-12 04:00:00,0.0,0,9.8,20.5,0.0,4,43,2
2026-02-12 05:00:00,0.0,0,10.9,20.7,0.0,5,43,2
2026-02-12 06:00:00,0.0,0,11.4,20.9,0.0,6,43,2
2026-02-12 07:00:00,2.0,0,11.6,20.8,0.06974535323531787,7,43,2
2026-02-12 08:00:00,100.0,0,10.2,21.8,3.0999856094905143,8,43,2
2026-02-12 09:00:00,305.0,0,10.6,23.8,10.015732494016985,9,43,2
2026-02-12 10:00:00,509.0,0,10.7,26.3,18.251123034382108,10,43,2
2026-02-12 11:00:00,670.0,1,10.6,29.2,20.15368254359046,11,43,2
2026-02-12 12:00:00,770.0,2,9.9,31.0,25.179468335404128,12,43,2
2026-02-12 13:00:00,798.0,0,8.7,32.3,24.51639885414321,13,43,2
2026-02-12 14:00:00,754.0,2,6.5,33.1,26.18295730739255,14,43,2
2026-02-12 15:00:00,640.0,22,4.2,33.5,18.75651645182138,15,43,2
2026-02-12 16:00:00,450.0,25,4.0,33.5,12.75702508097261,16,43,2
2026-02-12 17:00:00,248.0,10,5.9,32.6,7.783409278457871,17,43,2
2026-02-12 18:00:00,66.0,55,4.5,31.3,1.6412124516943103,18,43,2
2026-02-12 19:00:00,0.0,82,3.1,30.1,0.0,19,43,2
2026-02-12 20:00:00,0.0,63,0.9,29.7,0.0,20,43,2
2026-02-12 21:00:00,0.0,54,1.0,29.0,0.0,21,43,2
2026-02-12 22:00:00,0.0,46,4.0,28.0,0.0,22,43,2
2026-02-12 23:00:00,0.0,77,3.1,26.7,0.0,23,43,2
2026-02-13 00:00:00,0.0,15,5.0,26.0,0.0,0,44,2
2026-02-13 01:00:00,0.0,48,6.2,24.7,0.0,1,44,2
2026-02-13 02:00:00,0.0,63,7.2,23.3,0.0,2,44,2
2026-02-13 03:00:00,0.0,7,8.2,22.6,0.0,3,44,2
2026-02-13 04:00:00,0.0,59,8.9,21.9,0.0,4,44,2
2026-02-13 05:00:00,0.0,27,9.0,21.3,0.0,5,44,2
2026-02-13 06:00:00,0.0,76,9.1,21.3,0.0,6,44,2
2026-02-13 07:00:00,2.0,60,9.4,21.0,0.045707247326890243,7,44,2
2026-02-13 08:00:00,104.0,9,7.5,21.8,3.234354948160037,8,44,2
2026-02-13 09:00:00,311.0,27,6.4,24.0,7.972657580887176,9,44,2
2026-02-13 10:00:00,516.0,8,6.3,27.1,17.610320811602506,10,44,2
2026-02-13 11:00:00,679.0,2,6.1,29.8,20.701475092702708,11,44,2
2026-02-13 12:00:00,779.0,13,4.1,31.6,22.646165790783574,12,44,2
2026-02-13 13:00:00,809.0,17,1.7,32.7,25.403964327322715,13,44,2
2026-02-13 14:00:00,764.0,0,2.9,33.6,27.096486157626064,14,44,2
2026-02-13 15:00:00,651.0,6,6.2,33.9,19.48480225711923,15,44,2
2026-02-13 16:00:00,479.0,36,8.1,33.6,12.69125917703385,16,44,2
2026-02-13 17:00:00,269.0,0,8.3,32.8,9.152354642348723,17,44,2
2026-02-13 18:00:00,70.0,0,6.9,31.4,2.4481095705025893,18,44,2
2026-02-13 19:00:00,0.0,0,3.8,30.3,0.0,19,44,2
2026-02-13 20:00:00,0.0,0,2.5,29.4,0.0,20,44,2
2026-02-13 21:00:00,0.0,0,4.7,28.4,0.0,21,44,2
2026-02-13 22:00:00,0.0,0,6.7,27.2,0.0,22,44,2
2026-02-13 23:00:00,0.0,0,7.1,26.4,0.0,23,44,2
2026-02-14 00:00:00,0.0,0,7.8,25.6,0.0,0,45,2
2026-02-14 01:00:00,0.0,0,8.9,25.0,0.0,1,45,2
2026-02-14 02:00:00,0.0,0,9.1,24.2,0.0,2,45,2
2026-02-14 03:00:00,0.0,5,8.5,23.5,0.0,3,45,2
2026-02-14 04:00:00,0.0,0,7.4,22.5,0.0,4,45,2
2026-02-14 05:00:00,0.0,0,5.6,21.8,0.0,5,45,2
2026-02-14 06:00:00,0.0,0,5.9,21.6,0.0,6,45,2
2026-02-14 07:00:00,2.0,0,6.1,20.7,0.07609839961102866,7,45,2
2026-02-14 08:00:00,108.0,23,2.8,21.2,3.4033044443003466,8,45,2
2026-02-14 09:00:00,321.0,9,1.5,23.8,10.796686520027361,9,45,2
2026-02-14 10:00:00,529.0,14,1.8,27.3,16.9961051141069,10,45,2
2026-02-14 11:00:00,695.0,0,3.8,30.5,21.841452833895392,11,45,2
2026-02-14 12:00:00,797.0,0,6.9,32.0,27.11570523984539,12,45,2
2026-02-14 13:00:00,827.0,0,9.0,32.6,26.413578535637853,13,45,2
2026-02-14 14:00:00,782.0,0,9.6,32.9,26.01566058074203,14,45,2
2026-02-14 15:00:00,665.0,0,9.3,32.9,24.615274842062995,15,45,2
2026-02-14 16:00:00,491.0,0,9.4,32.5,16.441097039109316,16,45,2
2026-02-14 17:00:00,278.0,0,9.3,31.9,9.236814779077168,17,45,2
2026-02-14 18:00:00,74.0,0,8.4,30.8,2.641781878836173,18,45,2
2026-02-14 19:00:00,0.0,0,8.1,29.6,0.0,19,45,2
2026-02-14 20:00:00,0.0,0,7.4,28.8,0.0,20,45,2
2026-02-14 21:00:00,0.0,0,5.8,28.4,0.0,21,45,2
2026-02-14 22:00:00,0.0,0,5.7,27.6,0.0,22,45,2
2026-02-14 23:00:00,0.0,0,4.6,26.1,0.0,23,45,2
2026-02-15 00:00:00,0.0,0,8.0,24.7,0.0,0,46,2
2026-02-15 01:00:00,0.0,0,7.7,23.6,0.0,1,46,2
2026-02-15 02:00:00,0.0,0,8.3,22.6,0.0,2,46,2
2026-02-15 03:00:00,0.0,0,8.2,22.2,0.0,3,46,2
2026-02-15 04:00:00,0.0,0,7.9,21.5,0.0,4,46,2
2026-02-15 05:00:00,0.0,0,5.8,20.7,0.0,5,46,2
2026-02-15 06:00:00,0.0,0,6.5,20.0,0.0,6,46,2
2026-02-15 07:00:00,3.0,0,7.1,18.9,0.09871822385788934,7,46,2
2026-02-15 08:00:00,113.0,0,5.8,19.5,4.237428190575749,8,46,2
2026-02-15 09:00:00,330.0,0,3.4,22.3,11.264460284026113,9,46,2
2026-02-15 10:00:00,541.0,0,3.4,25.8,19.054604462453028,10,46,2
2026-02-15 11:00:00,707.0,0,2.6,28.8,24.793341811368528,11,46,2
2026-02-15 12:00:00,808.0,0,2.2,31.1,24.963527562973894,12,46,2
2026-02-15 13:00:00,838.0,0,2.9,32.3,27.02687927123053,13,46,2
2026-02-15 14:00:00,792.0,0,2.8,33.0,25.10424902966494,14,46,2
2026-02-15 15:00:00,674.0,0,3.2,33.3,23.482754664286354,15,46,2
2026-02-15 16:00:00,496.0,0,4.1,33.0,16.756704391500424,16,46,2
2026-02-15 17:00:00,281.0,0,2.3,32.2,9.55772190575055,17,46,2
2026-02-15 18:00:00,75.0,0,2.1,30.6,2.471371554599421,18,46,2
2026-02-15 19:00:00,0.0,0,1.3,29.3,0.0,19,46,2
2026-02-15 20:00:00,0.0,0,2.1,28.8,0.0,20,46,2
2026-02-15 21:00:00,0.0,0,3.1,28.5,0.0,21,46,2
2026-02-15 22:00:00,0.0,0,4.2,28.1,0.0,22,46,2
2026-02-15 23:00:00,0.0,0,4.6,26.6,0.0,23,46,2
2026-02-16 00:00:00,0.0,0,3.6,24.9,0.0,0,47,2
2026-02-16 01:00:00,0.0,0,2.3,23.6,0.0,1,47,2
2026-02-16 02:00:00,0.0,0,2.5,22.7,0.0,2,47,2
2026-02-16 03:00:00,0.0,0,3.4,21.8,0.0,3,47,2
2026-02-16 04:00:00,0.0,0,5.0,20.7,0.0,4,47,2
2026-02-16 05:00:00,0.0,0,7.1,19.6,0.0,5,47,2
2026-02-16 06:00:00,0.0,0,4.9,19.9,0.0,6,47,2
2026-02-16 07:00:00,3.0,0,1.5,19.6,0.1022958902047257,7,47,2
2026-02-16 08:00:00,115.0,0,1.5,20.3,3.766437453902797,8,47,2
2026-02-16 09:00:00,331.0,0,1.0,22.8,10.627313852368502,9,47,2
2026-02-16 10:00:00,540.0,0,1.5,25.8,20.25204164597171,10,47,2
2026-02-16 11:00:00,705.0,0,2.2,28.5,22.982391784800804,11,47,2
2026-02-16 12:00:00,804.0,0,1.8,30.8,24.727763731873786,12,47,2
2026-02-16 13:00:00,833.0,0,1.3,32.0,26.557423454595522,13,47,2
2026-02-16 14:00:00,787.0,0,2.6,32.7,27.39216593692724,14,47,2
2026-02-16 15:00:00,671.0,0,3.9,32.9,22.158134143994534,15,47,2
2026-02-16 16:00:00,495.0,0,4.1,32.8,14.948788784887078,16,47,2
2026-02-16 17:00:00,281.0,0,6.3,31.9,8.749584028213773,17,47,2
2026-02-16 18:00:00,76.0,0,6.1,30.5,2.750271818061185,18,47,2
2026-02-16 19:00:00,0.0,0,3.6,29.4,0.0,19,47,2
2026-02-16 20:00:00,0.0,0,4.0,28.7,0.0,20,47,2
2026-02-16 21:00:00,0.0,0,5.0,28.2,0.0,21,47,2
2026-02-16 22:00:00,0.0,0,5.6,27.3,0.0,22,47,2
2026-02-16 23:00:00,0.0,0,6.9,25.9,0.0,23,47,2
2026-02-17 00:00:00,0.0,4,7.0,25.3,0.0,0,48,2
2026-02-17 01:00:00,0.0,7,5.9,25.0,0.0,1,48,2
2026-02-17 02:00:00,0.0,1,4.5,24.0,0.0,2,48,2
2026-02-17 03:00:00,0.0,10,7.1,22.4,0.0,3,48,2
2026-02-17 04:00:00,0.0,16,8.3,21.1,0.0,4,48,2
2026-02-17 05:00:00,0.0,15,9.5,20.1,0.0,5,48,2
2026-02-17 06:00:00,0.0,19,9.8,19.7,0.0,6,48,2
2026-02-17 07:00:00,3.0,15,10.1,19.4,0.09380685277493672,7,48,2
2026-02-17 08:00:00,107.0,7,7.6,20.3,3.367543590772768,8,48,2
2026-02-17 09:00:00,319.0,8,7.4,22.2,9.572953759825984,9,48,2
2026-02-17 10:00:00,530.0,2,6.7,24.8,15.367845976870681,10,48,2
2026-02-17 11:00:00,693.0,0,6.3,27.3,21.96145347900158,11,48,2
2026-02-17 12:00:00,797.0,0,4.6,29.2,24.718150655398105,12,48,2
2026-02-17 13:00:00,827.0,1,2.3,30.5,26.35584262544192,13,48,2
2026-02-17 14:00:00,778.0,5,1.4,31.5,24.319797014534508,14,48,2
2026-02-17 15:00:00,664.0,0,3.2,32.0,21.484735302629783,15,48,2
2026-02-17 16:00:00,491.0,0,4.7,31.9,14.965414452133421,16,48,2
2026-02-17 17:00:00,279.0,0,4.0,31.3,9.141078610773434,17,48,2
2026-02-17 18:00:00,76.0,0,7.4,30.0,2.5943800019127568,18,48,2
2026-02-17 19:00:00,0.0,11,7.1,29.0,0.0,19,48,2
2026-02-17 20:00:00,0.0,9,5.8,28.2,0.0,20,48,2
2026-02-17 21:00:00,0.0,4,6.7,27.4,0.0,21,48,2
2026-02-17 22:00:00,0.0,2,6.9,26.7,0.0,22,48,2
2026-02-17 23:00:00,0.0,42,7.6,25.5,0.0,23,48,2
2026-02-18 00:00:00,0.0,73,8.1,25.2,0.0,0,49,2
2026-02-18 01:00:00,0.0,10,7.3,24.1,0.0,1,49,2
2026-02-18 02:00:00,0.0,2,6.9,22.8,0.0,2,49,2
2026-02-18 03:00:00,0.0,24,8.0,22.3,0.0,3,49,2
2026-02-18 04:00:00,0.0,30,8.4,22.0,0.0,4,49,2
2026-02-18 05:00:00,0.0,23,7.4,22.0,0.0,5,49,2
2026-02-18 06:00:00,0.0,32,6.3,21.9,0.0,6,49,2
2026-02-18 07:00:00,3.0,60,5.7,21.5,0.06432662807667107,7,49,2
2026-02-18 08:00:00,98.0,35,3.6,22.3,2.8329109375933257,8,49,2
2026-02-18 09:00:00,304.0,26,2.8,24.8,8.213239729334727,9,49,2
2026-02-18 10:00:00,480.0,26,3.2,27.5,12.025889475604863,10,49,2
2026-02-18 11:00:00,673.0,16,6.3,29.2,18.063308548274772,11,49,2
2026-02-18 12:00:00,761.0,33,4.4,30.4,20.379941523778857,12,49,2
2026-02-18 13:00:00,777.0,4,1.5,31.3,26.086520188487587,13,49,2
2026-02-18 14:00:00,754.0,12,1.0,32.1,21.23577009416921,14,49,2
2026-02-18 15:00:00,668.0,10,2.5,32.3,20.314300393450583,15,49,2
2026-02-18 16:00:00,492.0,2,5.8,32.0,15.61281215333373,16,49,2
2026-02-18 17:00:00,279.0,0,10.0,31.1,8.640390288079766,17,49,2
2026-02-18 18:00:00,78.0,0,8.6,30.0,2.647382962551268,18,49,2
2026-02-18 19:00:00,0.0,0,8.0,29.0,0.0,19,49,2
2026-02-18 20:00:00,0.0,0,5.7,28.2,0.0,20,49,2
2026-02-18 21:00:00,0.0,0,6.8,27.2,0.0,21,49,2
2026-02-18 22:00:00,0.0,0,6.7,26.1,0.0,22,49,2
2026-02-18 23:00:00,0.0,0,6.8,25.2,0.0,23,49,2
2026-02-19 00:00:00,0.0,0,8.0,24.9,0.0,0,50,2
2026-02-19 01:00:00,0.0,0,9.8,23.7,0.0,1,50,2
2026-02-19 02:00:00,0.0,0,11.5,21.2,0.0,2,50,2
2026-02-19 03:00:00,0.0,0,11.8,20.7,0.0,3,50,2
2026-02-19 04:00:00,0.0,0,12.3,20.4,0.0,4,50,2
2026-02-19 05:00:00,0.0,0,13.1,19.9,0.0,5,50,2
2026-02-19 06:00:00,0.0,0,13.2,19.8,0.0,6,50,2
2026-02-19 07:00:00,4.0,0,12.4,19.7,0.14090062165762762,7,50,2
2026-02-19 08:00:00,118.0,0,8.8,20.7,4.1210474898312315,8,50,2
2026-02-19 09:00:00,332.0,0,9.7,22.9,12.236385281145134,9,50,2
2026-02-19 10:00:00,541.0,0,9.0,25.5,18.462934834883043,10,50,2
2026-02-19 11:00:00,705.0,0,8.1,27.5,24.0369799561461,11,50,2
2026-02-19 12:00:00,807.0,0,7.2,29.5,26.15693688170732,12,50,2
2026-02-19 13:00:00,836.0,16,5.1,30.8,26.671133202612843,13,50,2
2026-02-19 14:00:00,754.0,18,4.3,31.5,22.496763463419512,14,50,2
2026-02-19 15:00:00,645.0,18,4.8,31.9,19.91103826511808,15,50,2
2026-02-19 16:00:00,474.0,19,6.1,31.7,13.116229545376124,16,50,2
2026-02-19 17:00:00,262.0,1,8.5,30.5,8.09468734175037,17,50,2
2026-02-19 18:00:00,77.0,9,7.0,30.0,2.3890844573473546,18,50,2
2026-02-19 19:00:00,0.0,7,6.3,29.5,0.0,19,50,2
2026-02-19 20:00:00,0.0,18,6.7,28.9,0.0,20,50,2
2026-02-19 21:00:00,0.0,48,7.6,28.5,0.0,21,50,2
2026-02-19 22:00:00,0.0,53,8.7,27.7,0.0,22,50,2
2026-02-19 23:00:00,0.0,96,7.9,27.1,0.0,23,50,2
2026-02-20 00:00:00,0.0,59,9.7,25.7,0.0,0,51,2
2026-02-20 01:00:00,0.0,57,9.8,24.5,0.0,1,51,2
2026-02-20 02:00:00,0.0,21,11.6,24.0,0.0,2,51,2
2026-02-20 03:00:00,0.0,1,13.3,23.3,0.0,3,51,2
2026-02-20 04:00:00,0.0,24,13.1,22.8,0.0,4,51,2
2026-02-20 05:00:00,0.0,26,13.1,22.4,0.0,5,51,2
2026-02-20 06:00:00,0.0,23,12.6,22.1,0.0,6,51,2
2026-02-20 07:00:00,4.0,13,13.0,21.9,0.13427085298656705,7,51,2
2026-02-20 08:00:00,109.0,11,10.1,22.7,3.6994439258459013,8,51,2
2026-02-20 09:00:00,309.0,8,11.6,24.5,9.56445590044897,9,51,2
2026-02-20 10:00:00,510.0,23,9.1,26.8,14.398824120125843,10,51,2
2026-02-20 11:00:00,644.0,15,10.7,28.0,18.637434169630726,11,51,2
2026-02-20 12:00:00,758.0,3,10.2,29.5,23.219953747488237,12,51,2
2026-02-20 13:00:00,822.0,0,10.2,30.9,27.00364643022456,13,51,2
2026-02-20 14:00:00,779.0,30,9.2,31.7,23.090597391034873,14,51,2
2026-02-20 15:00:00,635.0,27,8.1,32.0,18.4045280637459,15,51,2
2026-02-20 16:00:00,407.0,32,7.9,31.7,10.788248114080577,16,51,2
2026-02-20 17:00:00,238.0,7,10.4,30.6,7.1713545390838105,17,51,2
2026-02-20 18:00:00,74.0,7,10.4,29.9,2.2344672341339384,18,51,2
2026-02-20 19:00:00,0.0,6,10.1,29.1,0.0,19,51,2
2026-02-20 20:00:00,0.0,3,9.7,28.2,0.0,20,51,2
2026-02-20 21:00:00,0.0,2,10.4,27.4,0.0,21,51,2
2026-02-20 22:00:00,0.0,0,9.3,26.5,0.0,22,51,2
2026-02-20 23:00:00,0.0,0,9.8,25.5,0.0,23,51,2
2026-02-21 00:00:00,0.0,0,10.2,24.7,0.0,0,52,2
2026-02-21 01:00:00,0.0,0,10.2,23.9,0.0,1,52,2
2026-02-21 02:00:00,0.0,0,9.7,23.1,0.0,2,52,2
2026-02-21 03:00:00,0.0,0,9.9,22.4,0.0,3,52,2
2026-02-21 04:00:00,0.0,0,9.8,21.8,0.0,4,52,2
2026-02-21 05:00:00,0.0,0,11.2,21.3,0.0,5,52,2
2026-02-21 06:00:00,0.0,0,11.2,21.1,0.0,6,52,2
2026-02-21 07:00:00,5.0,0,10.9,21.0,0.14585810521715548,7,52,2
2026-02-21 08:00:00,120.0,0,9.4,22.0,4.121768438970908,8,52,2
2026-02-21 09:00:00,332.0,0,8.7,24.1,12.361746512948638,9,52,2
2026-02-21 10:00:00,540.0,0,9.6,26.8,18.13620609166413,10,52,2
2026-02-21 11:00:00,705.0,0,9.4,29.4,22.418148096887265,11,52,2
2026-02-21 12:00:00,810.0,0,7.1,31.3,27.992932334030886,12,52,2
2026-02-21 13:00:00,839.0,0,4.8,32.6,26.1613892572236,13,52,2
2026-02-21 14:00:00,794.0,2,2.9,33.5,22.8730455212563,14,52,2
2026-02-21 15:00:00,669.0,0,4.8,34.0,20.154398212613863,15,52,2
2026-02-21 16:00:00,500.0,0,7.3,33.8,17.39895329377718,16,52,2
2026-02-21 17:00:00,286.0,0,8.4,32.9,10.247702525425346,17,52,2
2026-02-21 18:00:00,83.0,0,8.0,31.7,2.8416077312771955,18,52,2
2026-02-21 19:00:00,0.0,0,5.9,30.5,0.0,19,52,2
2026-02-21 20:00:00,0.0,0,6.1,29.9,0.0,20,52,2
2026-02-21 21:00:00,0.0,0,7.1,29.2,0.0,21,52,2
2026-02-21 22:00:00,0.0,0,5.3,28.7,0.0,22,52,2
2026-02-21 23:00:00,0.0,0,4.8,28.2,0.0,23,52,2
2026-02-22 00:00:00,0.0,0,5.2,27.2,0.0,0,53,2
2026-02-22 01:00:00,0.0,0,6.5,26.0,0.0,1,53,2
2026-02-22 02:00:00,0.0,0,7.3,24.7,0.0,2,53,2
2026-02-22 03:00:00,0.0,0,7.5,23.8,0.0,3,53,2
2026-02-22 04:00:00,0.0,0,6.7,23.0,0.0,4,53,2
2026-02-22 05:00:00,0.0,0,3.5,22.6,0.0,5,53,2
2026-02-22 06:00:00,0.0,0,1.6,22.8,0.0,6,53,2
2026-02-22 07:00:00,5.0,0,2.6,22.2,0.176049200782189,7,53,2
2026-02-22 08:00:00,127.0,0,2.2,23.2,4.379579339230281,8,53,2
2026-02-22 09:00:00,344.0,0,0.8,25.8,11.868509284500737,9,53,2
2026-02-22 10:00:00,555.0,0,0.9,28.6,21.143188520013055,10,53,2
2026-02-22 11:00:00,721.0,0,1.8,30.8,23.069487617937387,11,53,2
2026-02-22 12:00:00,822.0,0,4.1,32.6,27.457206875971924,12,53,2
2026-02-22 13:00:00,852.0,0,6.7,33.5,29.323524696649002,13,53,2
2026-02-22 14:00:00,805.0,0,8.6,33.9,24.706060378926928,14,53,2
2026-02-22 15:00:00,687.0,0,9.6,33.9,22.27460192665201,15,53,2
2026-02-22 16:00:00,511.0,2,9.2,33.6,15.746888717881133,16,53,2
2026-02-22 17:00:00,288.0,7,7.7,32.8,9.450970344920819,17,53,2
2026-02-22 18:00:00,82.0,1,5.2,32.0,2.794867435210362,18,53,2
2026-02-22 19:00:00,0.0,1,3.6,30.9,0.0,19,53,2
2026-02-22 20:00:00,0.0,0,4.4,30.0,0.0,20,53,2
2026-02-22 21:00:00,0.0,0,5.1,29.2,0.0,21,53,2
2026-02-22 22:00:00,0.0,3,4.6,28.5,0.0,22,53,2
2026-02-22 23:00:00,0.0,2,0.7,27.2,0.0,23,53,2
2026-02-23 00:00:00,0.0,0,1.0,27.0,0.0,0,54,2
2026-02-23 01:00:00,0.0,4,0.8,26.2,0.0,1,54,2
2026-02-23 02:00:00,0.0,14,5.6,25.4,0.0,2,54,2
2026-02-23 03:00:00,0.0,13,5.9,24.5,0.0,3,54,2
2026-02-23 04:00:00,0.0,8,5.8,24.0,0.0,4,54,2
2026-02-23 05:00:00,0.0,13,7.1,23.6,0.0,5,54,2
2026-02-23 06:00:00,0.0,9,8.6,23.3,0.0,6,54,2
2026-02-23 07:00:00,5.0,49,5.2,22.7,0.12122304588865429,7,54,2
2026-02-23 08:00:00,118.0,80,2.8,23.4,2.3646524418569066,8,54,2
2026-02-23 09:00:00,264.0,2,2.7,25.2,8.678707846645583,9,54,2
2026-02-23 10:00:00,560.0,3,3.6,27.6,17.732929329152036,10,54,2
2026-02-23 11:00:00,710.0,20,3.8,29.6,22.38392673679986,11,54,2
2026-02-23 12:00:00,752.0,23,1.7,31.3,21.320217643482255,12,54,2
2026-02-23 13:00:00,805.0,35,0.6,32.5,22.698414617211846,13,54,2
2026-02-23 14:00:00,676.0,38,4.2,32.9,18.587243952037937,14,54,2
2026-02-23 15:00:00,518.0,28,7.8,32.9,14.450089454387625,15,54,2
2026-02-23 16:00:00,408.0,26,11.0,32.7,10.906517159472047,16,54,2
2026-02-23 17:00:00,230.0,33,5.0,32.2,5.9295010727498845,17,54,2
2026-02-23 18:00:00,67.0,16,4.8,31.7,1.918940835660409,18,54,2
2026-02-23 19:00:00,0.0,8,8.2,30.4,0.0,19,54,2
2026-02-23 20:00:00,0.0,0,8.3,28.9,0.0,20,54,2
2026-02-23 21:00:00,0.0,0,7.9,28.3,0.0,21,54,2
2026-02-23 22:00:00,0.0,1,7.7,27.6,0.0,22,54,2
2026-02-23 23:00:00,0.0,26,3.8,27.0,0.0,23,54,2
2026-02-24 00:00:00,0.0,49,1.0,27.1,0.0,0,55,2
2026-02-24 01:00:00,0.0,41,0.6,26.5,0.0,1,55,2
2026-02-24 02:00:00,0.0,5,2.7,26.0,0.0,2,55,2
2026-02-24 03:00:00,0.0,16,5.2,25.2,0.0,3,55,2
2026-02-24 04:00:00,0.0,5,5.8,24.1,0.0,4,55,2
2026-02-24 05:00:00,0.0,25,8.1,24.0,0.0,5,55,2
2026-02-24 06:00:00,0.0,16,7.6,24.3,0.0,6,55,2
2026-02-24 07:00:00,6.0,4,7.4,24.1,0.19120407822885035,7,55,2
2026-02-24 08:00:00,124.0,5,5.3,24.7,4.385884973965391,8,55,2
2026-02-24 09:00:00,339.0,3,6.2,25.9,11.860003765991484,9,55,2
2026-02-24 10:00:00,548.0,2,6.7,28.6,18.810318654954635,10,55,2
2026-02-24 11:00:00,715.0,29,7.2,31.5,20.51006242214435,11,55,2
2026-02-24 12:00:00,755.0,36,6.8,32.8,20.491524447776897,12,55,2
2026-02-24 13:00:00,656.0,30,6.0,33.2,18.388947916775493,13,55,2
2026-02-24 14:00:00,641.0,60,4.5,33.8,13.664307243682023,14,55,2
2026-02-24 15:00:00,552.0,25,5.4,34.1,15.87235464572569,15,55,2
2026-02-24 16:00:00,440.0,53,8.7,34.0,10.587508382049599,16,55,2
2026-02-24 17:00:00,242.0,26,6.0,33.4,6.464202250411551,17,55,2
2026-02-24 18:00:00,74.0,23,5.1,32.5,2.2588872923288377,18,55,2
2026-02-24 19:00:00,1.0,12,2.7,31.3,0.030009862997243186,19,55,2
2026-02-24 20:00:00,0.0,5,4.0,30.9,0.0,20,55,2
2026-02-24 21:00:00,0.0,1,6.4,30.2,0.0,21,55,2
2026-02-24 22:00:00,0.0,1,4.1,29.6,0.0,22,55,2
2026-02-24 23:00:00,0.0,2,2.2,28.2,0.0,23,55,2
2026-02-25 00:00:00,0.0,40,7.8,27.2,0.0,0,56,2
2026-02-25 01:00:00,0.0,8,7.3,25.9,0.0,1,56,2
2026-02-25 02:00:00,0.0,46,6.1,25.0,0.0,2,56,2
2026-02-25 03:00:00,0.0,81,5.2,24.2,0.0,3,56,2
2026-02-25 04:00:00,0.0,3,1.6,24.0,0.0,4,56,2
2026-02-25 05:00:00,0.0,82,5.3,24.3,0.0,5,56,2
2026-02-25 06:00:00,0.0,53,6.0,24.8,0.0,6,56,2
2026-02-25 07:00:00,5.0,33,6.4,24.1,0.14537758372830314,7,56,2
2026-02-25 08:00:00,113.0,23,6.9,24.7,3.2893779326196855,8,56,2
2026-02-25 09:00:00,330.0,0,6.0,27.2,11.505906052531092,9,56,2
2026-02-25 10:00:00,553.0,0,6.7,29.9,17.47117000597938,10,56,2
2026-02-25 11:00:00,722.0,0,5.1,32.2,22.99691689715658,11,56,2
2026-02-25 12:00:00,821.0,0,5.0,33.8,27.296263265193822,12,56,2
2026-02-25 13:00:00,849.0,23,6.2,34.9,22.616271556932624,13,56,2
2026-02-25 14:00:00,770.0,20,6.3,35.2,21.959308579864754,14,56,2
2026-02-25 15:00:00,634.0,33,7.2,35.2,14.91504707272719,15,56,2
2026-02-25 16:00:00,432.0,100,9.7,34.9,6.590958236420178,16,56,2
2026-02-25 17:00:00,161.0,18,10.0,33.9,4.5482330557579616,17,56,2
2026-02-25 18:00:00,80.0,3,10.0,32.8,2.553858684721787,18,56,2
2026-02-25 19:00:00,1.0,4,7.4,32.3,0.030070017062223266,19,56,2
2026-02-25 20:00:00,0.0,2,2.2,32.0,0.0,20,56,2
2026-02-25 21:00:00,0.0,0,0.7,30.7,0.0,21,56,2
2026-02-25 22:00:00,0.0,0,2.5,30.2,0.0,22,56,2
2026-02-25 23:00:00,0.0,0,9.2,28.9,0.0,23,56,2
2026-02-26 00:00:00,0.0,0,9.6,27.2,0.0,0,57,2
2026-02-26 01:00:00,0.0,0,8.9,26.4,0.0,1,57,2
2026-02-26 02:00:00,0.0,0,8.2,25.4,0.0,2,57,2
2026-02-26 03:00:00,0.0,0,8.2,24.7,0.0,3,57,2
2026-02-26 04:00:00,0.0,0,9.4,24.0,0.0,4,57,2
2026-02-26 05:00:00,0.0,0,8.8,23.1,0.0,5,57,2
2026-02-26 06:00:00,0.0,0,7.4,22.5,0.0,6,57,2
2026-02-26 07:00:00,7.0,0,3.7,21.9,0.23736121181635242,7,57,2
2026-02-26 08:00:00,134.0,0,3.8,22.8,4.58065419810843,8,57,2
2026-02-26 09:00:00,351.0,0,4.2,24.7,10.887779138698837,9,57,2
2026-02-26 10:00:00,561.0,0,3.2,27.4,17.16347235377545,10,57,2
2026-02-26 11:00:00,727.0,0,3.6,30.1,24.796253393907445,11,57,2
2026-02-26 12:00:00,828.0,0,7.4,32.0,28.06137466145386,12,57,2
2026-02-26 13:00:00,855.0,0,9.1,32.7,30.669203095114636,13,57,2
2026-02-26 14:00:00,808.0,0,9.1,33.0,29.04489496296409,14,57,2
2026-02-26 15:00:00,689.0,0,8.7,33.1,23.510298902041228,15,57,2
2026-02-26 16:00:00,512.0,0,8.8,32.8,17.480786570686586,16,57,2
2026-02-26 17:00:00,297.0,0,10.4,32.0,9.950146147954662,17,57,2
2026-02-26 18:00:00,89.0,0,11.8,30.9,3.167680706304688,18,57,2
2026-02-26 19:00:00,1.0,0,11.9,29.6,0.03545942906535929,19,57,2
2026-02-26 20:00:00,0.0,0,9.1,28.8,0.0,20,57,2
2026-02-26 21:00:00,0.0,0,8.0,27.7,0.0,21,57,2
2026-02-26 22:00:00,0.0,0,8.4,26.2,0.0,22,57,2
2026-02-26 23:00:00,0.0,0,8.2,24.9,0.0,23,57,2
2026-02-27 00:00:00,0.0,0,8.1,24.0,0.0,0,58,2
2026-02-27 01:00:00,0.0,0,8.7,23.2,0.0,1,58,2
2026-02-27 02:00:00,0.0,0,8.3,22.3,0.0,2,58,2
2026-02-27 03:00:00,0.0,0,7.9,21.6,0.0,3,58,2
2026-02-27 04:00:00,0.0,0,6.8,20.9,0.0,4,58,2
2026-02-27 05:00:00,0.0,0,6.1,20.3,0.0,5,58,2
2026-02-27 06:00:00,0.0,0,5.7,20.2,0.0,6,58,2
2026-02-27 07:00:00,8.0,0,5.5,20.0,0.2403024486952648,7,58,2
2026-02-27 08:00:00,139.0,0,5.5,21.0,4.3368596500946,8,58,2
2026-02-27 09:00:00,358.0,0,5.9,22.8,12.854065046372426,9,58,2
2026-02-27 10:00:00,568.0,0,5.4,24.9,19.86720505715156,10,58,2
2026-02-27 11:00:00,734.0,0,5.5,27.0,26.286491711994874,11,58,2
2026-02-27 12:00:00,835.0,0,6.6,29.0,27.52658199043102,12,58,2
2026-02-27 13:00:00,865.0,0,8.1,30.0,30.82685570514934,13,58,2
2026-02-27 14:00:00,819.0,0,9.2,30.5,26.099675285350084,14,58,2
2026-02-27 15:00:00,697.0,1,8.9,30.7,21.42210943093905,15,58,2
2026-02-27 16:00:00,520.0,0,8.5,30.6,17.383069801751724,16,58,2
2026-02-27 17:00:00,301.0,0,9.1,29.7,10.252356948289613,17,58,2
2026-02-27 18:00:00,91.0,0,8.4,29.3,2.5721437761457913,18,58,2
2026-02-27 19:00:00,1.0,0,5.0,29.0,0.033859076762449036,19,58,2
2026-02-27 20:00:00,0.0,0,8.2,28.1,0.0,20,58,2
2026-02-27 21:00:00,0.0,0,9.4,26.0,0.0,21,58,2
2026-02-27 22:00:00,0.0,0,8.7,24.3,0.0,22,58,2
2026-02-27 23:00:00,0.0,0,9.1,23.3,0.0,23,58,2
2026-02-28 00:00:00,0.0,0,8.8,23.1,0.0,0,59,2
2026-02-28 01:00:00,0.0,0,7.7,22.7,0.0,1,59,2
2026-02-28 02:00:00,0.0,0,5.9,22.4,0.0,2,59,2
2026-02-28 03:00:00,0.0,0,7.0,22.1,0.0,3,59,2
2026-02-28 04:00:00,0.0,0,6.7,21.7,0.0,4,59,2
2026-02-28 05:00:00,0.0,0,6.7,21.6,0.0,5,59,2
2026-02-28 06:00:00,0.0,0,6.4,21.6,0.0,6,59,2
2026-02-28 07:00:00,8.0,0,5.5,21.5,0.2399679806302877,7,59,2
2026-02-28 08:00:00,140.0,0,3.4,22.5,5.106452641635408,8,59,2
2026-02-28 09:00:00,361.0,0,4.9,24.7,12.595024968644104,9,59,2
2026-02-28 10:00:00,572.0,0,5.9,26.7,19.400483243249322,10,59,2
2026-02-28 11:00:00,738.0,0,5.5,28.6,25.02361225158587,11,59,2
2026-02-28 12:00:00,838.0,0,6.4,30.2,27.43313074372548,12,59,2
2026-02-28 13:00:00,867.0,0,7.9,31.0,28.513389931740925,13,59,2
2026-02-28 14:00:00,818.0,0,7.3,31.4,25.4844183942162,14,59,2
2026-02-28 15:00:00,700.0,0,7.4,31.6,21.242906965190194,15,59,2
2026-02-28 16:00:00,521.0,0,8.0,31.5,16.612166591086293,16,59,2
2026-02-28 17:00:00,304.0,0,8.0,31.1,10.451588929542842,17,59,2
2026-02-28 18:00:00,92.0,0,7.1,30.4,2.8801951026435555,18,59,2
2026-02-28 19:00:00,1.0,0,4.7,29.5,0.03557195383214365,19,59,2
2026-02-28 20:00:00,0.0,0,7.0,28.4,0.0,20,59,2
2026-02-28 21:00:00,0.0,0,5.8,27.6,0.0,21,59,2
2026-02-28 22:00:00,0.0,0,6.5,26.8,0.0,22,59,2
2026-02-28 23:00:00,0.0,0,5.6,26.5,0.0,23,59,2
2026-03-01 00:00:00,0.0,0,5.1,26.2,0.0,0,60,3
2026-03-01 01:00:00,0.0,0,5.0,25.8,0.0,1,60,3
2026-03-01 02:00:00,0.0,0,9.3,24.2,0.0,2,60,3
2026-03-01 03:00:00,0.0,0,7.6,23.0,0.0,3,60,3
2026-03-01 04:00:00,0.0,0,7.4,22.3,0.0,4,60,3
2026-03-01 05:00:00,0.0,0,8.1,22.1,0.0,5,60,3
2026-03-01 06:00:00,0.0,0,8.7,21.7,0.0,6,60,3
2026-03-01 07:00:00,9.0,0,7.2,21.3,0.2898566630363491,7,60,3
2026-03-01 08:00:00,142.0,0,4.6,22.4,5.024236724552118,8,60,3
2026-03-01 09:00:00,361.0,0,4.8,24.6,11.410491103219208,9,60,3
2026-03-01 10:00:00,570.0,0,4.3,27.1,18.671833755215207,10,60,3
2026-03-01 11:00:00,735.0,0,5.9,29.5,22.550011261938344,11,60,3
2026-03-01 12:00:00,835.0,0,5.1,31.1,26.380799583282645,12,60,3
2026-03-01 13:00:00,863.0,0,4.2,32.1,29.645174388249348,13,60,3
2026-03-01 14:00:00,816.0,0,3.8,32.8,29.34442670544093,14,60,3
2026-03-01 15:00:00,696.0,0,4.3,33.2,21.01564600005054,15,60,3
2026-03-01 16:00:00,517.0,2,4.8,33.1,19.012182724173645,16,60,3
2026-03-01 17:00:00,300.0,5,2.7,32.6,9.961016755472828,17,60,3
2026-03-01 18:00:00,92.0,7,4.6,31.6,2.943113583060102,18,60,3
2026-03-01 19:00:00,1.0,0,6.1,30.0,0.03678581923435391,19,60,3
2026-03-01 20:00:00,0.0,0,4.7,29.4,0.0,20,60,3
2026-03-01 21:00:00,0.0,0,6.7,29.0,0.0,21,60,3
2026-03-01 22:00:00,0.0,0,7.7,28.4,0.0,22,60,3
2026-03-01 23:00:00,0.0,0,6.0,27.6,0.0,23,60,3
2026-03-02 00:00:00,0.0,0,6.3,27.3,0.0,0,61,3
2026-03-02 01:00:00,0.0,0,6.1,26.6,0.0,1,61,3
2026-03-02 02:00:00,0.0,0,6.5,25.7,0.0,2,61,3
2026-03-02 03:00:00,0.0,0,7.1,24.9,0.0,3,61,3
2026-03-02 04:00:00,0.0,0,6.4,24.4,0.0,4,61,3
2026-03-02 05:00:00,0.0,0,1.8,23.4,0.0,5,61,3
2026-03-02 06:00:00,0.0,0,3.3,23.6,0.0,6,61,3
2026-03-02 07:00:00,10.0,0,3.3,23.1,0.30847770146832787,7,61,3
2026-03-02 08:00:00,146.0,0,2.9,24.0,4.80562713758028,8,61,3
2026-03-02 09:00:00,367.0,0,1.7,26.5,14.029592393182442,9,61,3
2026-03-02 10:00:00,578.0,0,2.8,29.0,21.647202936696285,10,61,3
2026-03-02 11:00:00,744.0,0,4.7,31.0,23.929819401541156,11,61,3
2026-03-02 12:00:00,847.0,0,1.7,32.6,32.43516014807172,12,61,3
2026-03-02 13:00:00,875.0,0,0.3,33.8,27.86998038534071,13,61,3
2026-03-02 14:00:00,827.0,0,1.2,34.5,23.484130705011353,14,61,3
2026-03-02 15:00:00,707.0,0,2.0,34.8,23.793313849855778,15,61,3
2026-03-02 16:00:00,527.0,0,2.3,34.6,17.336381382901582,16,61,3
2026-03-02 17:00:00,309.0,0,5.2,33.9,10.595672253892374,17,61,3
2026-03-02 18:00:00,96.0,0,4.8,32.7,3.3737249579806208,18,61,3
2026-03-02 19:00:00,1.0,0,5.7,31.3,0.033428458558434224,19,61,3
2026-03-02 20:00:00,0.0,0,5.2,30.8,0.0,20,61,3
2026-03-02 21:00:00,0.0,0,5.3,30.3,0.0,21,61,3
2026-03-02 22:00:00,0.0,0,5.8,29.3,0.0,22,61,3
2026-03-02 23:00:00,0.0,0,3.9,28.6,0.0,23,61,3
2026-03-03 00:00:00,0.0,0,7.1,28.1,0.0,0,62,3
2026-03-03 01:00:00,0.0,0,7.4,26.8,0.0,1,62,3
2026-03-03 02:00:00,0.0,0,7.2,26.2,0.0,2,62,3
2026-03-03 03:00:00,0.0,0,5.8,25.7,0.0,3,62,3
2026-03-03 04:00:00,0.0,0,6.2,25.2,0.0,4,62,3
2026-03-03 05:00:00,0.0,0,6.2,24.3,0.0,5,62,3
2026-03-03 06:00:00,0.0,0,6.7,24.1,0.0,6,62,3
2026-03-03 07:00:00,11.0,0,6.5,23.8,0.41203533836036216,7,62,3
2026-03-03 08:00:00,152.0,0,4.6,25.1,4.562794898413152,8,62,3
2026-03-03 09:00:00,377.0,0,3.3,27.7,11.90469276030125,9,62,3
2026-03-03 10:00:00,590.0,0,4.4,30.4,18.934480895481013,10,62,3
2026-03-03 11:00:00,757.0,0,5.7,32.6,23.492613232503345,11,62,3
2026-03-03 12:00:00,856.0,0,4.0,34.5,27.64987377188131,12,62,3
2026-03-03 13:00:00,884.0,0,4.2,35.6,31.652043216283865,13,62,3
2026-03-03 14:00:00,836.0,0,6.3,36.4,28.82420759974539,14,62,3
2026-03-03 15:00:00,715.0,0,8.5,36.4,21.642288631673452,15,62,3
2026-03-03 16:00:00,533.0,0,9.1,36.1,17.56853138986654,16,62,3
2026-03-03 17:00:00,313.0,0,8.8,35.5,9.753331780014097,17,62,3
2026-03-03 18:00:00,98.0,0,7.7,34.7,3.2601927977897613,18,62,3
2026-03-03 19:00:00,1.0,0,7.5,33.8,0.03046685392879238,19,62,3
2026-03-03 20:00:00,0.0,0,6.1,33.3,0.0,20,62,3
2026-03-03 21:00:00,0.0,0,3.6,32.5,0.0,21,62,3
2026-03-03 22:00:00,0.0,0,6.1,30.8,0.0,22,62,3
2026-03-03 23:00:00,0.0,0,2.8,29.4,0.0,23,62,3
2026-03-04 00:00:00,0.0,0,4.6,29.3,0.0,0,63,3
2026-03-04 01:00:00,0.0,0,5.7,28.3,0.0,1,63,3
2026-03-04 02:00:00,0.0,0,7.4,26.9,0.0,2,63,3
2026-03-04 03:00:00,0.0,0,8.1,26.3,0.0,3,63,3
2026-03-04 04:00:00,0.0,0,8.3,25.9,0.0,4,63,3
2026-03-04 05:00:00,0.0,0,7.8,25.4,0.0,5,63,3
2026-03-04 06:00:00,0.0,0,8.6,25.3,0.0,6,63,3
2026-03-04 07:00:00,11.0,0,7.4,24.6,0.3916574162682922,7,63,3
2026-03-04 08:00:00,155.0,0,6.1,25.6,4.528802143512802,8,63,3
2026-03-04 09:00:00,379.0,0,4.8,28.1,13.5217553870812,9,63,3
2026-03-04 10:00:00,592.0,0,3.4,31.1,19.18059665691318,10,63,3
2026-03-04 11:00:00,760.0,0,4.7,33.7,23.835247247373978,11,63,3
2026-03-04 12:00:00,862.0,0,6.1,35.7,27.490190493769525,12,63,3
2026-03-04 13:00:00,889.0,0,6.7,36.6,28.686569941967125,13,63,3
2026-03-04 14:00:00,839.0,0,8.3,37.0,27.171883300223083,14,63,3
2026-03-04 15:00:00,717.0,0,9.6,37.0,26.33401909791924,15,63,3
2026-03-04 16:00:00,535.0,0,10.0,36.6,17.34334475612048,16,63,3
2026-03-04 17:00:00,314.0,0,10.6,36.1,8.92008264479828,17,63,3
2026-03-04 18:00:00,99.0,0,9.1,35.3,3.586128356459435,18,63,3
2026-03-04 19:00:00,1.0,0,8.5,34.3,0.035017843180886396,19,63,3
2026-03-04 20:00:00,0.0,0,7.8,33.5,0.0,20,63,3
2026-03-04 21:00:00,0.0,0,8.0,32.2,0.0,21,63,3
2026-03-04 22:00:00,0.0,0,9.3,30.3,0.0,22,63,3
2026-03-04 23:00:00,0.0,0,9.6,29.2,0.0,23,63,3
2026-03-05 00:00:00,0.0,0,10.2,28.5,0.0,0,64,3
2026-03-05 01:00:00,0.0,0,10.2,27.6,0.0,1,64,3
2026-03-05 02:00:00,0.0,0,10.4,26.8,0.0,2,64,3
2026-03-05 03:00:00,0.0,0,11.3,25.9,0.0,3,64,3
2026-03-05 04:00:00,0.0,0,12.0,25.3,0.0,4,64,3
2026-03-05 05:00:00,0.0,0,11.8,24.6,0.0,5,64,3
2026-03-05 06:00:00,0.0,0,11.5,24.1,0.0,6,64,3
2026-03-05 07:00:00,12.0,0,11.0,23.7,0.41238663147668225,7,64,3
2026-03-05 08:00:00,158.0,0,7.8,24.6,5.601547123735903,8,64,3
2026-03-05 09:00:00,385.0,0,7.5,26.8,13.107061805631492,9,64,3
2026-03-05 10:00:00,599.0,0,8.0,29.7,19.186690123795557,10,64,3
2026-03-05 11:00:00,768.0,0,9.2,32.6,23.596585642624998,11,64,3
2026-03-05 12:00:00,871.0,0,10.3,34.5,27.311665125686567,12,64,3
2026-03-05 13:00:00,901.0,0,9.9,35.6,30.362050273002595,13,64,3
2026-03-05 14:00:00,854.0,0,9.3,36.2,25.888453339794125,14,64,3
2026-03-05 15:00:00,732.0,0,9.5,36.3,24.113008588486792,15,64,3
2026-03-05 16:00:00,548.0,0,9.2,36.2,15.54329994909585,16,64,3
2026-03-05 17:00:00,324.0,0,9.4,35.6,9.974115602118989,17,64,3
2026-03-05 18:00:00,104.0,0,7.8,34.5,3.2122106137174327,18,64,3
2026-03-05 19:00:00,2.0,0,8.6,33.0,0.07096783454634,19,64,3
2026-03-05 20:00:00,0.0,0,9.1,32.1,0.0,20,64,3
2026-03-05 21:00:00,0.0,0,7.6,31.0,0.0,21,64,3
2026-03-05 22:00:00,0.0,0,7.1,29.6,0.0,22,64,3
2026-03-05 23:00:00,0.0,0,8.0,27.9,0.0,23,64,3
2026-03-06 00:00:00,0.0,0,9.7,27.1,0.0,0,65,3
2026-03-06 01:00:00,0.0,0,9.9,26.0,0.0,1,65,3
2026-03-06 02:00:00,0.0,0,10.3,24.8,0.0,2,65,3
2026-03-06 03:00:00,0.0,0,10.1,23.8,0.0,3,65,3
2026-03-06 04:00:00,0.0,0,9.5,23.2,0.0,4,65,3
2026-03-06 05:00:00,0.0,0,9.0,22.3,0.0,5,65,3
2026-03-06 06:00:00,0.0,0,8.6,22.0,0.0,6,65,3
2026-03-06 07:00:00,13.0,0,7.8,21.5,0.4258203817414837,7,65,3
2026-03-06 08:00:00,163.0,0,6.1,22.5,5.520731881362388,8,65,3
2026-03-06 09:00:00,392.0,0,5.1,24.6,13.887259861071945,9,65,3
2026-03-06 10:00:00,606.0,0,4.3,27.1,18.26433056853944,10,65,3
2026-03-06 11:00:00,773.0,0,3.1,29.5,25.286673418547757,11,65,3
2026-03-06 12:00:00,873.0,0,3.8,31.8,28.377884443435548,12,65,3
2026-03-06 13:00:00,901.0,0,5.3,33.2,31.364507979897738,13,65,3
2026-03-06 14:00:00,852.0,0,6.6,34.2,28.345009216075216,14,65,3
2026-03-06 15:00:00,731.0,0,7.3,34.6,24.480822571992306,15,65,3
2026-03-06 16:00:00,547.0,0,7.4,34.4,19.19499884922587,16,65,3
2026-03-06 17:00:00,324.0,0,6.8,33.7,11.263656004896982,17,65,3
2026-03-06 18:00:00,104.0,0,7.1,32.8,3.458984461918893,18,65,3
2026-03-06 19:00:00,2.0,0,7.3,31.8,0.07147555273890677,19,65,3
2026-03-06 20:00:00,0.0,0,7.2,31.2,0.0,20,65,3
2026-03-06 21:00:00,0.0,0,6.2,30.6,0.0,21,65,3
2026-03-06 22:00:00,0.0,0,5.4,30.0,0.0,22,65,3
2026-03-06 23:00:00,0.0,0,3.3,28.5,0.0,23,65,3
2026-03-07 00:00:00,0.0,0,4.7,28.4,0.0,0,66,3
2026-03-07 01:00:00,0.0,0,5.8,27.1,0.0,1,66,3
2026-03-07 02:00:00,0.0,0,8.5,25.5,0.0,2,66,3
2026-03-07 03:00:00,0.0,0,8.1,24.0,0.0,3,66,3
2026-03-07 04:00:00,0.0,0,8.3,22.6,0.0,4,66,3
2026-03-07 05:00:00,0.0,0,8.1,21.6,0.0,5,66,3
2026-03-07 06:00:00,0.0,0,7.5,21.0,0.0,6,66,3
2026-03-07 07:00:00,14.0,0,6.8,20.7,0.4835537048641881,7,66,3
2026-03-07 08:00:00,166.0,0,4.3,22.1,5.900787152820531,8,66,3
2026-03-07 09:00:00,397.0,0,3.7,24.7,11.573279123034842,9,66,3
2026-03-07 10:00:00,608.0,0,3.1,27.8,21.881918252062466,10,66,3
2026-03-07 11:00:00,775.0,0,2.2,30.6,26.132115125494874,11,66,3
2026-03-07 12:00:00,877.0,0,2.7,33.0,29.85983427213826,12,66,3
2026-03-07 13:00:00,904.0,0,3.5,34.7,29.65060584709239,13,66,3
2026-03-07 14:00:00,853.0,0,4.4,35.7,28.413778168459817,14,66,3
2026-03-07 15:00:00,729.0,0,5.5,36.2,22.002122183965778,15,66,3
2026-03-07 16:00:00,546.0,0,5.7,36.1,18.321793356262358,16,66,3
2026-03-07 17:00:00,323.0,0,6.7,35.2,10.787798749949005,17,66,3
2026-03-07 18:00:00,105.0,0,6.7,34.2,3.239098697724941,18,66,3
2026-03-07 19:00:00,2.0,0,5.6,33.1,0.06848297615855997,19,66,3
2026-03-07 20:00:00,0.0,0,4.5,32.3,0.0,20,66,3
2026-03-07 21:00:00,0.0,0,4.1,31.2,0.0,21,66,3
2026-03-07 22:00:00,0.0,0,3.7,30.4,0.0,22,66,3
2026-03-07 23:00:00,0.0,0,3.0,29.1,0.0,23,66,3
2026-03-08 00:00:00,0.0,0,5.8,28.6,0.0,0,67,3
2026-03-08 01:00:00,0.0,0,7.4,27.4,0.0,1,67,3
2026-03-08 02:00:00,0.0,0,8.6,26.7,0.0,2,67,3
2026-03-08 03:00:00,0.0,0,8.5,26.1,0.0,3,67,3
2026-03-08 04:00:00,0.0,0,8.1,25.3,0.0,4,67,3
2026-03-08 05:00:00,0.0,0,7.7,24.0,0.0,5,67,3
2026-03-08 06:00:00,0.0,0,7.5,23.9,0.0,6,67,3
2026-03-08 07:00:00,15.0,0,6.3,23.5,0.5079549378882332,7,67,3
2026-03-08 08:00:00,170.0,0,3.2,24.8,5.504467147988246,8,67,3
2026-03-08 09:00:00,401.0,0,2.2,27.7,13.480235225383085,9,67,3
2026-03-08 10:00:00,616.0,0,2.9,31.2,19.856222312303814,10,67,3
2026-03-08 11:00:00,783.0,0,5.0,34.0,23.130990491003274,11,67,3
2026-03-08 12:00:00,884.0,0,3.8,36.0,29.05158825334107,12,67,3
2026-03-08 13:00:00,912.0,0,3.1,37.3,30.735049246149227,13,67,3
2026-03-08 14:00:00,862.0,0,3.6,38.3,27.64706010924275,14,67,3
2026-03-08 15:00:00,737.0,0,5.0,38.7,24.768342148390083,15,67,3
2026-03-08 16:00:00,552.0,0,7.6,38.4,18.514470650569443,16,67,3
2026-03-08 17:00:00,327.0,0,8.5,37.7,9.459278979873416,17,67,3
2026-03-08 18:00:00,106.0,0,8.4,36.3,3.355068995426482,18,67,3
2026-03-08 19:00:00,2.0,0,8.3,35.1,0.06468032205072179,19,67,3
2026-03-08 20:00:00,0.0,0,8.9,34.1,0.0,20,67,3
2026-03-08 21:00:00,0.0,0,9.1,33.5,0.0,21,67,3
2026-03-08 22:00:00,0.0,0,9.2,33.1,0.0,22,67,3
2026-03-08 23:00:00,0.0,0,10.2,31.7,0.0,23,67,3
2026-03-09 00:00:00,0.0,0,11.9,29.6,0.0,0,68,3
2026-03-09 01:00:00,0.0,0,13.0,27.9,0.0,1,68,3
2026-03-09 02:00:00,0.0,0,12.0,26.9,0.0,2,68,3
2026-03-09 03:00:00,0.0,0,11.0,26.4,0.0,3,68,3
2026-03-09 04:00:00,0.0,0,11.8,26.0,0.0,4,68,3
2026-03-09 05:00:00,0.0,0,12.0,25.9,0.0,5,68,3
2026-03-09 06:00:00,0.0,0,8.5,25.4,0.0,6,68,3
2026-03-09 07:00:00,16.0,0,6.2,24.8,0.5633692639502116,7,68,3
2026-03-09 08:00:00,172.0,0,6.9,26.4,6.356864736879254,8,68,3
2026-03-09 09:00:00,401.0,0,5.1,29.6,13.163725505138695,9,68,3
2026-03-09 10:00:00,615.0,0,6.3,32.7,21.76685915379715,10,68,3
2026-03-09 11:00:00,781.0,0,7.3,35.5,25.478542680045855,11,68,3
2026-03-09 12:00:00,882.0,0,6.4,37.3,28.523271482302693,12,68,3
2026-03-09 13:00:00,909.0,0,4.5,38.4,28.898967320203827,13,68,3
2026-03-09 14:00:00,857.0,0,3.1,39.3,27.023136976941757,14,68,3
2026-03-09 15:00:00,734.0,0,3.3,39.6,25.92972714304466,15,68,3
2026-03-09 16:00:00,550.0,0,5.1,39.5,18.50648222095954,16,68,3
2026-03-09 17:00:00,326.0,0,6.9,39.0,10.367696161309867,17,68,3
2026-03-09 18:00:00,107.0,0,5.1,37.8,2.985650616589044,18,68,3
2026-03-09 19:00:00,2.0,0,0.6,36.3,0.06717588053822637,19,68,3
2026-03-09 20:00:00,0.0,0,2.2,35.0,0.0,20,68,3
2026-03-09 21:00:00,0.0,0,3.0,34.1,0.0,21,68,3
2026-03-09 22:00:00,0.0,0,3.7,32.8,0.0,22,68,3
2026-03-09 23:00:00,0.0,0,8.3,31.2,0.0,23,68,3
2026-03-10 00:00:00,0.0,0,11.7,30.7,0.0,0,69,3
2026-03-10 01:00:00,0.0,0,9.9,29.9,0.0,1,69,3
2026-03-10 02:00:00,0.0,0,9.8,29.2,0.0,2,69,3
2026-03-10 03:00:00,0.0,0,9.5,28.5,0.0,3,69,3
2026-03-10 04:00:00,0.0,0,9.4,27.7,0.0,4,69,3
2026-03-10 05:00:00,0.0,0,9.6,26.7,0.0,5,69,3
2026-03-10 06:00:00,0.0,0,10.0,26.2,0.0,6,69,3
2026-03-10 07:00:00,17.0,0,10.3,25.9,0.5472118658603219,7,69,3
2026-03-10 08:00:00,176.0,0,7.1,26.9,6.0387510875269275,8,69,3
2026-03-10 09:00:00,406.0,0,6.0,29.3,13.875907841940284,9,69,3
2026-03-10 10:00:00,620.0,0,6.2,32.5,21.578913393350007,10,69,3
2026-03-10 11:00:00,787.0,0,5.1,35.9,25.019744334065038,11,69,3
2026-03-10 12:00:00,888.0,0,3.8,38.2,28.2252070535146,12,69,3
2026-03-10 13:00:00,913.0,0,3.6,39.4,29.099675058680738,13,69,3
2026-03-10 14:00:00,862.0,0,3.3,39.9,27.03799166820566,14,69,3
2026-03-10 15:00:00,738.0,0,4.4,40.1,27.145619950066855,15,69,3
2026-03-10 16:00:00,553.0,0,6.0,39.9,18.177006837158785,16,69,3
2026-03-10 17:00:00,329.0,0,8.0,39.1,11.022504910521004,17,69,3
2026-03-10 18:00:00,108.0,0,5.6,38.2,3.426322004643096,18,69,3
2026-03-10 19:00:00,2.0,0,1.1,36.8,0.06569491095716988,19,69,3
2026-03-10 20:00:00,0.0,0,4.4,34.9,0.0,20,69,3
2026-03-10 21:00:00,0.0,0,5.3,34.6,0.0,21,69,3
2026-03-10 22:00:00,0.0,0,7.7,34.1,0.0,22,69,3
2026-03-10 23:00:00,0.0,0,8.1,32.5,0.0,23,69,3
2026-03-11 00:00:00,0.0,0,9.3,30.9,0.0,0,70,3
2026-03-11 01:00:00,0.0,0,11.7,29.3,0.0,1,70,3
2026-03-11 02:00:00,0.0,0,12.4,28.7,0.0,2,70,3
2026-03-11 03:00:00,0.0,0,10.3,27.8,0.0,3,70,3
2026-03-11 04:00:00,0.0,0,9.8,27.0,0.0,4,70,3
2026-03-11 05:00:00,0.0,0,8.1,26.8,0.0,5,70,3
2026-03-11 06:00:00,0.0,0,9.1,26.8,0.0,6,70,3
2026-03-11 07:00:00,18.0,0,9.0,26.7,0.6396802170213272,7,70,3
2026-03-11 08:00:00,179.0,0,7.3,27.2,6.081350480432975,8,70,3
2026-03-11 09:00:00,409.0,0,5.7,29.7,13.138650599673998,9,70,3
2026-03-11 10:00:00,624.0,0,4.5,32.7,21.48681903334375,10,70,3
2026-03-11 11:00:00,791.0,0,4.2,35.7,22.368539334840595,11,70,3
2026-03-11 12:00:00,892.0,0,3.1,38.1,28.228512290571008,12,70,3
2026-03-11 13:00:00,918.0,0,1.5,39.4,30.59123106080736,13,70,3
2026-03-11 14:00:00,866.0,0,0.6,40.0,27.955321671129358,14,70,3
2026-03-11 15:00:00,741.0,0,3.1,40.3,20.65993891226804,15,70,3
2026-03-11 16:00:00,556.0,0,7.6,39.9,16.24453900611275,16,70,3
2026-03-11 17:00:00,330.0,0,10.4,38.9,11.501015897328926,17,70,3
2026-03-11 18:00:00,109.0,0,8.8,37.4,3.548967809055052,18,70,3
2026-03-11 19:00:00,2.0,0,8.2,36.7,0.0618070849086683,19,70,3
2026-03-11 20:00:00,0.0,0,7.0,35.4,0.0,20,70,3
2026-03-11 21:00:00,0.0,0,10.6,33.1,0.0,21,70,3
2026-03-11 22:00:00,0.0,0,11.7,31.9,0.0,22,70,3
2026-03-11 23:00:00,0.0,0,11.6,31.2,0.0,23,70,3
2026-03-12 00:00:00,0.0,0,11.4,30.8,0.0,0,71,3
2026-03-12 01:00:00,0.0,0,10.5,30.4,0.0,1,71,3
2026-03-12 02:00:00,0.0,0,9.9,29.7,0.0,2,71,3
2026-03-12 03:00:00,0.0,0,10.7,29.1,0.0,3,71,3
2026-03-12 04:00:00,0.0,0,10.8,28.1,0.0,4,71,3
2026-03-12 05:00:00,0.0,0,8.4,27.1,0.0,5,71,3
2026-03-12 06:00:00,0.0,0,7.0,26.6,0.0,6,71,3
2026-03-12 07:00:00,20.0,0,4.8,26.1,0.6167696814000193,7,71,3
2026-03-12 08:00:00,184.0,0,3.5,27.4,5.697974261998734,8,71,3
2026-03-12 09:00:00,415.0,0,3.0,30.1,14.130952724153124,9,71,3
2026-03-12 10:00:00,629.0,0,5.4,32.1,20.345077993352795,10,71,3
2026-03-12 11:00:00,794.0,0,6.2,34.0,26.88696042910879,11,71,3
2026-03-12 12:00:00,893.0,0,7.2,35.6,28.709717024727517,12,71,3
2026-03-12 13:00:00,919.0,0,8.1,36.7,30.297208177560915,13,71,3
2026-03-12 14:00:00,868.0,0,8.6,37.4,25.544952899273607,14,71,3
2026-03-12 15:00:00,745.0,0,9.6,37.9,23.648647946710764,15,71,3
2026-03-12 16:00:00,560.0,0,11.2,37.9,16.370388266568938,16,71,3
2026-03-12 17:00:00,334.0,0,10.8,37.5,10.66225711178899,17,71,3
2026-03-12 18:00:00,111.0,0,9.4,36.4,4.019143700547663,18,71,3
2026-03-12 19:00:00,3.0,0,7.7,35.4,0.09417707503107667,19,71,3
2026-03-12 20:00:00,0.0,0,4.3,34.7,0.0,20,71,3
2026-03-12 21:00:00,0.0,0,5.0,33.1,0.0,21,71,3
2026-03-12 22:00:00,0.0,0,3.9,32.2,0.0,22,71,3
2026-03-12 23:00:00,0.0,0,2.6,30.6,0.0,23,71,3
2026-03-13 00:00:00,0.0,0,4.7,29.9,0.0,0,72,3
2026-03-13 01:00:00,0.0,0,4.1,28.9,0.0,1,72,3
2026-03-13 02:00:00,0.0,0,4.8,27.6,0.0,2,72,3
2026-03-13 03:00:00,0.0,0,6.8,26.6,0.0,3,72,3
2026-03-13 04:00:00,0.0,0,5.0,26.1,0.0,4,72,3
2026-03-13 05:00:00,0.0,0,3.9,25.3,0.0,5,72,3
2026-03-13 06:00:00,0.0,0,3.6,25.0,0.0,6,72,3
2026-03-13 07:00:00,20.0,0,5.8,24.6,0.7290695553112527,7,72,3
2026-03-13 08:00:00,183.0,0,0.4,26.0,6.214696774333409,8,72,3
2026-03-13 09:00:00,411.0,0,0.4,28.8,13.50643010425328,9,72,3
2026-03-13 10:00:00,623.0,0,0.7,31.8,20.664831581074484,10,72,3
2026-03-13 11:00:00,787.0,0,2.1,34.3,26.271431287550936,11,72,3
2026-03-13 12:00:00,885.0,0,3.1,36.5,29.023349583869855,12,72,3
2026-03-13 13:00:00,909.0,0,6.5,37.6,31.842470832501245,13,72,3
2026-03-13 14:00:00,858.0,0,11.1,38.1,28.474338902476003,14,72,3
2026-03-13 15:00:00,735.0,0,12.5,37.7,23.15810885810653,15,72,3
2026-03-13 16:00:00,551.0,0,10.8,37.7,16.464833962139384,16,72,3
2026-03-13 17:00:00,328.0,0,12.9,36.9,10.686757732688548,17,72,3
2026-03-13 18:00:00,110.0,0,9.0,36.1,3.0723099652205983,18,72,3
2026-03-13 19:00:00,3.0,0,3.7,34.8,0.10371271444101442,19,72,3
2026-03-13 20:00:00,0.0,0,5.5,33.9,0.0,20,72,3
2026-03-13 21:00:00,0.0,0,7.5,33.6,0.0,21,72,3
2026-03-13 22:00:00,0.0,0,10.2,31.9,0.0,22,72,3
2026-03-13 23:00:00,0.0,0,12.4,29.9,0.0,23,72,3
2026-03-14 00:00:00,0.0,0,10.8,28.8,0.0,0,73,3
2026-03-14 01:00:00,0.0,0,7.7,27.6,0.0,1,73,3
2026-03-14 02:00:00,0.0,0,8.7,26.4,0.0,2,73,3
2026-03-14 03:00:00,0.0,0,9.6,25.7,0.0,3,73,3
2026-03-14 04:00:00,0.0,5,9.4,25.0,0.0,4,73,3
2026-03-14 05:00:00,0.0,0,9.8,24.5,0.0,5,73,3
2026-03-14 06:00:00,0.0,0,9.4,24.2,0.0,6,73,3
2026-03-14 07:00:00,22.0,6,8.5,23.9,0.8305227745038964,7,73,3
2026-03-14 08:00:00,189.0,0,5.5,25.1,6.929890720839379,8,73,3
2026-03-14 09:00:00,421.0,0,3.2,27.3,13.996231871909773,9,73,3
2026-03-14 10:00:00,636.0,0,2.8,29.6,19.610831281117203,10,73,3
2026-03-14 11:00:00,803.0,0,4.5,31.9,23.518959613466688,11,73,3
2026-03-14 12:00:00,903.0,0,7.2,34.1,29.777295815009364,12,73,3
2026-03-14 13:00:00,925.0,0,9.7,35.4,29.48247239239368,13,73,3
2026-03-14 14:00:00,870.0,0,10.7,36.1,29.14355712513289,14,73,3
2026-03-14 15:00:00,742.0,0,11.0,36.6,24.971106821798227,15,73,3
2026-03-14 16:00:00,554.0,0,11.7,36.5,19.608181438268637,16,73,3
2026-03-14 17:00:00,329.0,0,11.5,35.9,10.751340885395795,17,73,3
2026-03-14 18:00:00,111.0,0,7.8,35.4,3.4889480811881093,18,73,3
2026-03-14 19:00:00,3.0,0,8.1,34.2,0.08881028874465782,19,73,3
2026-03-14 20:00:00,0.0,0,12.4,32.9,0.0,20,73,3
2026-03-14 21:00:00,0.0,0,13.1,31.8,0.0,21,73,3
2026-03-14 22:00:00,0.0,0,14.2,30.9,0.0,22,73,3
2026-03-14 23:00:00,0.0,0,11.7,29.6,0.0,23,73,3
2026-03-15 00:00:00,0.0,0,9.2,28.3,0.0,0,74,3
2026-03-15 01:00:00,0.0,0,8.6,27.1,0.0,1,74,3
2026-03-15 02:00:00,0.0,0,8.0,26.2,0.0,2,74,3
2026-03-15 03:00:00,0.0,0,8.4,25.5,0.0,3,74,3
2026-03-15 04:00:00,0.0,0,8.7,24.8,0.0,4,74,3
2026-03-15 05:00:00,0.0,0,7.9,24.6,0.0,5,74,3
2026-03-15 06:00:00,0.0,0,8.5,24.4,0.0,6,74,3
2026-03-15 07:00:00,22.0,0,7.9,24.1,0.6728140130250192,7,74,3
2026-03-15 08:00:00,186.0,0,7.0,25.4,5.935605572695857,8,74,3
2026-03-15 09:00:00,412.0,0,7.4,27.6,13.593805275626348,9,74,3
2026-03-15 10:00:00,623.0,0,6.8,30.0,20.726317594711706,10,74,3
2026-03-15 11:00:00,787.0,0,6.3,32.2,23.67343608302242,11,74,3
2026-03-15 12:00:00,887.0,0,6.8,34.3,26.90296513028995,12,74,3
2026-03-15 13:00:00,913.0,0,8.3,35.7,30.107653077686102,13,74,3
2026-03-15 14:00:00,859.0,1,10.3,36.7,25.684195440379064,14,74,3
2026-03-15 15:00:00,733.0,1,11.9,37.0,26.024832361167704,15,74,3
2026-03-15 16:00:00,550.0,5,12.6,36.9,17.67089528602951,16,74,3
2026-03-15 17:00:00,331.0,98,11.9,36.2,5.252254335927413,17,74,3
2026-03-15 18:00:00,107.0,100,11.3,35.2,1.3641021891566583,18,74,3
2026-03-15 19:00:00,3.0,59,10.8,34.6,0.06811635034149233,19,74,3
2026-03-15 20:00:00,0.0,100,9.2,34.3,0.0,20,74,3
2026-03-15 21:00:00,0.0,100,9.7,33.1,0.0,21,74,3
2026-03-15 22:00:00,0.0,100,8.5,31.1,0.0,22,74,3
2026-03-15 23:00:00,0.0,0,10.2,28.7,0.0,23,74,3
2026-03-16 00:00:00,0.0,0,9.0,28.1,0.0,0,75,3
2026-03-16 01:00:00,0.0,0,7.3,27.2,0.0,1,75,3
2026-03-16 02:00:00,0.0,0,6.9,26.3,0.0,2,75,3
2026-03-16 03:00:00,0.0,0,6.8,25.8,0.0,3,75,3
2026-03-16 04:00:00,0.0,0,7.8,25.2,0.0,4,75,3
2026-03-16 05:00:00,0.0,0,9.1,25.3,0.0,5,75,3
2026-03-16 06:00:00,0.0,0,8.8,24.3,0.0,6,75,3
2026-03-16 07:00:00,24.0,0,8.3,23.7,0.8056108285294404,7,75,3
2026-03-16 08:00:00,194.0,0,6.9,24.8,6.840823914591,8,75,3
2026-03-16 09:00:00,425.0,0,6.9,27.1,13.74291824474417,9,75,3
2026-03-16 10:00:00,639.0,0,6.0,29.7,18.24224118076665,10,75,3
2026-03-16 11:00:00,805.0,0,6.3,32.0,25.656659736042293,11,75,3
2026-03-16 12:00:00,905.0,0,7.9,34.1,31.022640500773857,12,75,3
2026-03-16 13:00:00,932.0,0,11.1,35.4,30.146769092801772,13,75,3
2026-03-16 14:00:00,882.0,0,12.3,35.7,28.63505940464176,14,75,3
2026-03-16 15:00:00,757.0,0,12.3,36.1,25.030991480960825,15,75,3
2026-03-16 16:00:00,570.0,0,13.0,36.1,18.17194023875375,16,75,3
2026-03-16 17:00:00,343.0,0,10.8,35.3,11.641336280558436,17,75,3
2026-03-16 18:00:00,117.0,0,7.9,34.7,3.6659042742617123,18,75,3
2026-03-16 19:00:00,3.0,0,4.2,33.6,0.10636522960514881,19,75,3
2026-03-16 20:00:00,0.0,0,12.5,31.2,0.0,20,75,3
2026-03-16 21:00:00,0.0,0,11.0,28.3,0.0,21,75,3
2026-03-16 22:00:00,0.0,0,11.4,27.5,0.0,22,75,3
2026-03-16 23:00:00,0.0,0,10.7,26.9,0.0,23,75,3
2026-03-17 00:00:00,0.0,0,9.5,26.4,0.0,0,76,3
2026-03-17 01:00:00,0.0,0,8.1,25.6,0.0,1,76,3
2026-03-17 02:00:00,0.0,0,8.7,25.1,0.0,2,76,3
2026-03-17 03:00:00,0.0,0,8.8,24.9,0.0,3,76,3
2026-03-17 04:00:00,0.0,0,8.5,24.4,0.0,4,76,3
2026-03-17 05:00:00,0.0,0,7.7,24.0,0.0,5,76,3
2026-03-17 06:00:00,0.0,0,7.1,24.0,0.0,6,76,3
2026-03-17 07:00:00,25.0,0,5.6,23.6,0.9097305012112977,7,76,3
2026-03-17 08:00:00,194.0,0,3.9,24.6,6.699089527838972,8,76,3
2026-03-17 09:00:00,422.0,0,4.5,26.5,14.385231762016245,9,76,3
2026-03-17 10:00:00,633.0,0,5.1,28.8,21.819833082649186,10,76,3
2026-03-17 11:00:00,797.0,0,5.7,30.7,24.25620462125122,11,76,3
2026-03-17 12:00:00,897.0,0,6.4,32.8,30.106722097434506,12,76,3
2026-03-17 13:00:00,920.0,4,7.7,34.2,29.70311460368139,13,76,3
2026-03-17 14:00:00,867.0,77,9.9,35.0,15.109556896605566,14,76,3
2026-03-17 15:00:00,740.0,38,10.1,35.3,18.219901743260415,15,76,3
2026-03-17 16:00:00,556.0,64,9.8,35.2,11.474101699275437,16,76,3
2026-03-17 17:00:00,331.0,95,7.6,34.3,5.014179218969619,17,76,3
2026-03-17 18:00:00,112.0,99,7.1,33.8,1.707603459272546,18,76,3
2026-03-17 19:00:00,3.0,88,6.2,32.6,0.05031828152906485,19,76,3
2026-03-17 20:00:00,0.0,3,4.5,32.3,0.0,20,76,3
2026-03-17 21:00:00,0.0,0,9.4,31.0,0.0,21,76,3
2026-03-17 22:00:00,0.0,61,8.9,29.3,0.0,22,76,3
2026-03-17 23:00:00,0.0,51,9.7,27.4,0.0,23,76,3
2026-03-18 00:00:00,0.0,0,9.3,26.7,0.0,0,77,3
2026-03-18 01:00:00,0.0,0,9.5,26.3,0.0,1,77,3
2026-03-18 02:00:00,0.0,0,9.8,25.8,0.0,2,77,3
2026-03-18 03:00:00,0.0,0,8.8,25.3,0.0,3,77,3
2026-03-18 04:00:00,0.0,0,8.1,24.5,0.0,4,77,3
2026-03-18 05:00:00,0.0,0,9.2,24.6,0.0,5,77,3
2026-03-18 06:00:00,0.0,0,10.3,24.5,0.0,6,77,3
2026-03-18 07:00:00,26.0,0,8.8,23.9,0.8921877238318804,7,77,3
2026-03-18 08:00:00,196.0,0,4.3,24.9,6.18078433335738,8,77,3
2026-03-18 09:00:00,423.0,9,2.3,27.0,14.1333694977728,9,77,3
2026-03-18 10:00:00,633.0,0,1.5,29.5,22.006608679748975,10,77,3
2026-03-18 11:00:00,795.0,0,1.8,31.2,28.18865281318837,11,77,3
2026-03-18 12:00:00,889.0,15,3.8,33.3,26.070310170819937,12,77,3
2026-03-18 13:00:00,911.0,34,6.0,34.4,24.589176004488916,13,77,3
2026-03-18 14:00:00,815.0,57,8.0,34.8,17.940670362554627,14,77,3
2026-03-18 15:00:00,571.0,77,8.0,34.6,12.071223904927018,15,77,3
2026-03-18 16:00:00,466.0,58,7.9,34.7,10.460300819299817,16,77,3
2026-03-18 17:00:00,284.0,20,8.5,34.2,9.172351484486914,17,77,3
2026-03-18 18:00:00,111.0,26,8.5,33.6,2.5261491034866914,18,77,3
2026-03-18 19:00:00,3.0,73,9.0,32.3,0.061662459209049544,19,77,3
2026-03-18 20:00:00,0.0,91,10.2,30.6,0.0,20,77,3
2026-03-18 21:00:00,0.0,57,10.5,29.2,0.0,21,77,3
2026-03-18 22:00:00,0.0,3,9.6,28.1,0.0,22,77,3
2026-03-18 23:00:00,0.0,2,9.5,27.7,0.0,23,77,3
2026-03-19 00:00:00,0.0,17,9.5,26.6,0.0,0,78,3
2026-03-19 01:00:00,0.0,38,8.2,25.7,0.0,1,78,3
2026-03-19 02:00:00,0.0,0,8.0,25.0,0.0,2,78,3
2026-03-19 03:00:00,0.0,1,5.5,24.2,0.0,3,78,3
2026-03-19 04:00:00,0.0,86,3.8,23.7,0.0,4,78,3
2026-03-19 05:00:00,0.0,87,12.6,24.9,0.0,5,78,3
2026-03-19 06:00:00,0.0,100,15.5,24.5,0.0,6,78,3
2026-03-19 07:00:00,26.0,98,11.3,24.1,0.44645352429098334,7,78,3
2026-03-19 08:00:00,181.0,16,10.6,24.8,4.943082917400527,8,78,3
2026-03-19 09:00:00,417.0,86,3.0,26.5,6.365885986059263,9,78,3
2026-03-19 10:00:00,580.0,77,0.7,28.6,11.065698335573058,10,78,3
2026-03-19 11:00:00,770.0,97,5.3,30.9,11.653374991038504,11,78,3
2026-03-19 12:00:00,807.0,99,4.7,32.8,14.377897255450213,12,78,3
2026-03-19 13:00:00,856.0,95,5.5,34.0,11.676711620360594,13,78,3
2026-03-19 14:00:00,715.0,48,3.4,34.5,16.919603243224195,14,78,3
2026-03-19 15:00:00,619.0,86,5.9,34.8,10.64540512960478,15,78,3
2026-03-19 16:00:00,414.0,99,10.8,34.6,5.870953149939998,16,78,3
2026-03-19 17:00:00,154.0,100,20.4,32.2,2.2246201993891774,17,78,3
2026-03-19 18:00:00,60.0,100,28.2,27.5,0.985265386745253,18,78,3
2026-03-19 19:00:00,2.0,100,23.6,24.4,0.027868460049870415,19,78,3
2026-03-19 20:00:00,0.0,100,9.0,23.2,0.0,20,78,3
2026-03-19 21:00:00,0.0,100,6.7,22.6,0.0,21,78,3
2026-03-19 22:00:00,0.0,100,3.8,22.9,0.0,22,78,3
2026-03-19 23:00:00,0.0,100,7.9,22.2,0.0,23,78,3
2026-03-20 00:00:00,0.0,13,3.8,21.7,0.0,0,79,3
2026-03-20 01:00:00,0.0,4,3.5,21.6,0.0,1,79,3
2026-03-20 02:00:00,0.0,2,8.0,20.9,0.0,2,79,3
2026-03-20 03:00:00,0.0,2,6.7,20.4,0.0,3,79,3
2026-03-20 04:00:00,0.0,26,1.1,20.4,0.0,4,79,3
2026-03-20 05:00:00,0.0,25,1.9,20.6,0.0,5,79,3
2026-03-20 06:00:00,0.0,4,1.5,20.8,0.0,6,79,3
2026-03-20 07:00:00,28.0,18,1.9,20.9,0.7654673272327054,7,79,3
2026-03-20 08:00:00,179.0,0,1.1,22.3,5.926129784415215,8,79,3
2026-03-20 09:00:00,419.0,0,1.6,24.5,12.700598444753792,9,79,3
2026-03-20 10:00:00,627.0,0,5.2,26.4,20.123075483761873,10,79,3
2026-03-20 11:00:00,789.0,6,7.3,27.3,22.969589627916722,11,79,3
2026-03-20 12:00:00,875.0,4,7.2,28.5,29.780744449134886,12,79,3
2026-03-20 13:00:00,912.0,7,10.1,29.8,32.386113021868766,13,79,3
2026-03-20 14:00:00,830.0,33,11.2,30.7,20.538056248812126,14,79,3
2026-03-20 15:00:00,711.0,7,12.1,31.2,22.414117554759866,15,79,3
2026-03-20 16:00:00,546.0,8,12.2,31.2,16.780013699135864,16,79,3
2026-03-20 17:00:00,317.0,9,9.5,30.2,9.960441223216806,17,79,3
2026-03-20 18:00:00,112.0,2,8.7,29.8,3.506079834485224,18,79,3
2026-03-20 19:00:00,4.0,2,5.7,29.4,0.12593144674651666,19,79,3
2026-03-20 20:00:00,0.0,1,4.0,29.3,0.0,20,79,3
2026-03-20 21:00:00,0.0,0,3.9,28.5,0.0,21,79,3
2026-03-20 22:00:00,0.0,0,6.1,27.0,0.0,22,79,3
2026-03-20 23:00:00,0.0,0,5.1,26.4,0.0,23,79,3
2026-03-21 00:00:00,0.0,0,5.9,25.9,0.0,0,80,3
2026-03-21 01:00:00,0.0,0,8.4,24.8,0.0,1,80,3
2026-03-21 02:00:00,0.0,0,8.7,24.1,0.0,2,80,3
2026-03-21 03:00:00,0.0,0,9.1,23.6,0.0,3,80,3
2026-03-21 04:00:00,0.0,0,8.5,23.1,0.0,4,80,3
2026-03-21 05:00:00,0.0,0,5.4,22.8,0.0,5,80,3
2026-03-21 06:00:00,0.0,0,5.6,23.2,0.0,6,80,3
2026-03-21 07:00:00,31.0,0,5.9,22.8,1.0047826498876775,7,80,3
2026-03-21 08:00:00,209.0,98,5.0,23.8,3.196698159099602,8,80,3
2026-03-21 09:00:00,433.0,91,3.4,26.8,7.542990374586932,9,80,3
2026-03-21 10:00:00,637.0,84,4.3,29.4,11.071519859494273,10,80,3
2026-03-21 11:00:00,798.0,96,5.2,30.8,13.60703482177594,11,80,3
2026-03-21 12:00:00,865.0,100,3.3,32.0,13.470471112288875,12,80,3
2026-03-21 13:00:00,855.0,100,3.1,32.8,11.963745274083028,13,80,3
2026-03-21 14:00:00,854.0,54,3.4,33.5,21.203436580462682,14,80,3
2026-03-21 15:00:00,741.0,63,4.6,33.8,16.82284734100441,15,80,3
2026-03-21 16:00:00,553.0,2,5.3,33.7,14.979434853482783,16,80,3
2026-03-21 17:00:00,332.0,100,6.7,32.7,4.556723755153388,17,80,3
2026-03-21 18:00:00,106.0,100,6.1,32.3,1.5388848568061693,18,80,3
2026-03-21 19:00:00,4.0,98,3.4,31.5,0.05876161325112996,19,80,3
2026-03-21 20:00:00,0.0,31,3.5,30.8,0.0,20,80,3
2026-03-21 21:00:00,0.0,5,4.3,29.7,0.0,21,80,3
2026-03-21 22:00:00,0.0,2,3.3,29.0,0.0,22,80,3
2026-03-21 23:00:00,0.0,2,3.6,28.5,0.0,23,80,3
2026-03-22 00:00:00,0.0,94,6.4,27.6,0.0,0,81,3
2026-03-22 01:00:00,0.0,98,7.4,27.2,0.0,1,81,3
2026-03-22 02:00:00,0.0,100,7.4,26.3,0.0,2,81,3
2026-03-22 03:00:00,0.0,98,6.5,25.2,0.0,3,81,3
2026-03-22 04:00:00,0.0,11,6.5,24.9,0.0,4,81,3
2026-03-22 05:00:00,0.0,0,6.4,23.9,0.0,5,81,3
2026-03-22 06:00:00,0.0,3,8.3,23.9,0.0,6,81,3
2026-03-22 07:00:00,32.0,3,3.6,23.7,1.2524081164747864,7,81,3
2026-03-22 08:00:00,206.0,2,3.5,25.3,7.029997460471302,8,81,3
2026-03-22 09:00:00,432.0,10,1.0,28.4,13.567681629925898,9,81,3
2026-03-22 10:00:00,638.0,38,2.4,31.1,17.222284719549656,10,81,3
2026-03-22 11:00:00,799.0,34,4.2,32.6,22.319482518192576,11,81,3
2026-03-22 12:00:00,893.0,97,5.5,33.8,13.253328117152392,12,81,3
2026-03-22 13:00:00,900.0,59,7.3,34.6,19.007000994224228,13,81,3
2026-03-22 14:00:00,859.0,9,8.9,35.0,27.1592476536274,14,81,3
2026-03-22 15:00:00,732.0,83,8.6,35.0,12.912242463900263,15,81,3
2026-03-22 16:00:00,543.0,41,8.2,34.7,14.087110404661669,16,81,3
2026-03-22 17:00:00,325.0,15,7.9,34.6,10.284638876793093,17,81,3
2026-03-22 18:00:00,115.0,76,10.1,34.1,2.229727321038753,18,81,3
2026-03-22 19:00:00,3.0,12,6.5,33.8,0.09590812831217137,19,81,3
2026-03-22 20:00:00,0.0,84,3.7,33.4,0.0,20,81,3
2026-03-22 21:00:00,0.0,20,6.7,32.1,0.0,21,81,3
2026-03-22 22:00:00,0.0,96,7.8,30.8,0.0,22,81,3
2026-03-22 23:00:00,0.0,77,5.2,30.4,0.0,23,81,3
2026-03-23 00:00:00,0.0,100,5.3,30.0,0.0,0,82,3
2026-03-23 01:00:00,0.0,100,5.9,29.0,0.0,1,82,3
2026-03-23 02:00:00,0.0,100,6.4,28.3,0.0,2,82,3
2026-03-23 03:00:00,0.0,66,7.3,27.6,0.0,3,82,3
2026-03-23 04:00:00,0.0,31,8.0,26.6,0.0,4,82,3
2026-03-23 05:00:00,0.0,38,10.1,26.4,0.0,5,82,3
2026-03-23 06:00:00,0.0,0,10.2,26.3,0.0,6,82,3
2026-03-23 07:00:00,33.0,2,8.7,26.4,0.9711728313170813,7,82,3
2026-03-23 08:00:00,207.0,4,6.9,27.6,6.810783738243722,8,82,3
2026-03-23 09:00:00,429.0,8,8.5,29.8,12.862845169427228,9,82,3
2026-03-23 10:00:00,634.0,21,11.5,31.8,17.9780682977587,10,82,3
2026-03-23 11:00:00,791.0,10,10.1,33.1,25.786390296782315,11,82,3
2026-03-23 12:00:00,890.0,6,10.2,34.5,25.532288322468723,12,82,3
2026-03-23 13:00:00,910.0,5,9.6,35.4,30.508590398199647,13,82,3
2026-03-23 14:00:00,847.0,2,11.2,36.0,26.652310713301528,14,82,3
2026-03-23 15:00:00,726.0,28,12.1,36.1,21.642467468459106,15,82,3
2026-03-23 16:00:00,527.0,60,13.0,35.8,10.845257686998437,16,82,3
2026-03-23 17:00:00,331.0,0,9.4,35.0,9.915954658557354,17,82,3
2026-03-23 18:00:00,117.0,12,11.0,34.4,3.4972489072558886,18,82,3
2026-03-23 19:00:00,4.0,77,10.2,33.3,0.06946014705297787,19,82,3
2026-03-23 20:00:00,0.0,6,8.3,32.7,0.0,20,82,3
2026-03-23 21:00:00,0.0,19,7.7,31.7,0.0,21,82,3
2026-03-23 22:00:00,0.0,2,7.9,30.6,0.0,22,82,3
2026-03-23 23:00:00,0.0,2,8.5,29.9,0.0,23,82,3
2026-03-24 00:00:00,0.0,0,8.8,29.3,0.0,0,83,3
2026-03-24 01:00:00,0.0,0,8.6,28.9,0.0,1,83,3
2026-03-24 02:00:00,0.0,0,8.2,28.7,0.0,2,83,3
2026-03-24 03:00:00,0.0,97,8.5,28.0,0.0,3,83,3
2026-03-24 04:00:00,0.0,100,7.6,26.7,0.0,4,83,3
2026-03-24 05:00:00,0.0,3,6.8,26.0,0.0,5,83,3
2026-03-24 06:00:00,0.0,9,5.6,26.0,0.0,6,83,3
2026-03-24 07:00:00,35.0,57,4.8,26.0,0.8027511109205799,7,83,3
2026-03-24 08:00:00,209.0,97,3.2,27.2,3.138903742121199,8,83,3
2026-03-24 09:00:00,429.0,100,3.0,29.3,5.716785304784473,9,83,3
2026-03-24 10:00:00,611.0,96,3.4,31.5,8.54841153314243,10,83,3
2026-03-24 11:00:00,752.0,46,3.8,33.2,16.698474060522464,11,83,3
2026-03-24 12:00:00,887.0,55,2.6,34.8,20.476245261963886,12,83,3
2026-03-24 13:00:00,907.0,99,3.2,35.7,11.959117922087032,13,83,3
2026-03-24 14:00:00,724.0,92,5.4,35.9,12.577519536626774,14,83,3
2026-03-24 15:00:00,532.0,35,8.0,35.7,13.62108083172387,15,83,3
2026-03-24 16:00:00,512.0,100,8.3,35.6,7.114102423997337,16,83,3
2026-03-24 17:00:00,282.0,100,7.0,35.3,3.8662828007549184,17,83,3
2026-03-24 18:00:00,87.0,100,6.5,34.7,1.349051473978372,18,83,3
2026-03-24 19:00:00,3.0,100,4.7,33.7,0.04211907755249398,19,83,3
2026-03-24 20:00:00,0.0,100,7.6,33.3,0.0,20,83,3
2026-03-24 21:00:00,0.0,98,8.3,33.1,0.0,21,83,3
2026-03-24 22:00:00,0.0,94,6.8,32.8,0.0,22,83,3
2026-03-24 23:00:00,0.0,96,9.6,32.1,0.0,23,83,3
2026-03-25 00:00:00,0.0,34,7.9,31.1,0.0,0,84,3
2026-03-25 01:00:00,0.0,98,6.6,30.0,0.0,1,84,3
2026-03-25 02:00:00,0.0,32,7.6,29.6,0.0,2,84,3
2026-03-25 03:00:00,0.0,48,9.2,28.0,0.0,3,84,3
2026-03-25 04:00:00,0.0,14,9.6,27.2,0.0,4,84,3
2026-03-25 05:00:00,0.0,11,8.9,26.7,0.0,5,84,3
2026-03-25 06:00:00,0.0,17,8.3,26.6,0.0,6,84,3
2026-03-25 07:00:00,36.0,17,7.5,26.5,1.2100735948250456,7,84,3
2026-03-25 08:00:00,213.0,40,8.1,27.6,5.626467924533477,8,84,3
2026-03-25 09:00:00,437.0,55,8.3,29.6,10.000843553003133,9,84,3
2026-03-25 10:00:00,642.0,86,9.7,31.9,10.679081525944373,10,84,3
2026-03-25 11:00:00,793.0,100,6.1,33.3,12.526033796010918,11,84,3
2026-03-25 12:00:00,527.0,24,2.7,33.6,14.670595972528263,12,84,3
2026-03-25 13:00:00,925.0,100,1.2,35.6,12.151668487359021,13,84,3
2026-03-25 14:00:00,584.0,1,3.8,35.7,20.31425488962607,14,84,3
2026-03-25 15:00:00,746.0,7,7.4,36.6,23.331935896593066,15,84,3
2026-03-25 16:00:00,553.0,59,9.5,36.5,11.267020478574569,16,84,3
2026-03-25 17:00:00,305.0,45,8.4,35.7,7.320865616122227,17,84,3
2026-03-25 18:00:00,117.0,23,8.7,35.3,3.3236214297702102,18,84,3
2026-03-25 19:00:00,5.0,4,3.7,34.4,0.1623021805942935,19,84,3
2026-03-25 20:00:00,0.0,4,1.1,33.8,0.0,20,84,3
2026-03-25 21:00:00,0.0,41,2.1,32.9,0.0,21,84,3
2026-03-25 22:00:00,0.0,48,4.4,31.8,0.0,22,84,3
2026-03-25 23:00:00,0.0,100,6.2,30.9,0.0,23,84,3
2026-03-26 00:00:00,0.0,66,8.3,30.1,0.0,0,85,3
2026-03-26 01:00:00,0.0,45,8.0,29.0,0.0,1,85,3
2026-03-26 02:00:00,0.0,50,8.4,27.9,0.0,2,85,3
2026-03-26 03:00:00,0.0,2,8.4,27.1,0.0,3,85,3
2026-03-26 04:00:00,0.0,0,9.1,26.7,0.0,4,85,3
2026-03-26 05:00:00,0.0,0,8.9,26.5,0.0,5,85,3
2026-03-26 06:00:00,0.0,0,9.8,26.0,0.0,6,85,3
2026-03-26 07:00:00,38.0,0,9.0,26.1,1.4202548187226798,7,85,3
2026-03-26 08:00:00,219.0,0,7.2,27.7,6.739643095021302,8,85,3
2026-03-26 09:00:00,446.0,0,7.7,30.0,14.850727348334022,9,85,3
2026-03-26 10:00:00,653.0,0,7.6,32.4,21.013729678534283,10,85,3
2026-03-26 11:00:00,813.0,0,7.7,34.4,24.992308165575952,11,85,3
2026-03-26 12:00:00,907.0,0,6.6,35.8,31.18839389001264,12,85,3
2026-03-26 13:00:00,927.0,0,7.4,36.8,29.61139163951249,13,85,3
2026-03-26 14:00:00,872.0,2,9.4,37.2,28.126742134241837,14,85,3
2026-03-26 15:00:00,746.0,0,9.4,37.4,24.19530581548803,15,85,3
2026-03-26 16:00:00,562.0,0,8.1,37.3,17.486359060782448,16,85,3
2026-03-26 17:00:00,340.0,95,7.8,36.7,5.037922724714027,17,85,3
2026-03-26 18:00:00,118.0,100,8.1,36.1,1.6752026789442618,18,85,3
2026-03-26 19:00:00,5.0,98,6.1,35.0,0.07609459901396791,19,85,3
2026-03-26 20:00:00,0.0,6,6.8,33.9,0.0,20,85,3
2026-03-26 21:00:00,0.0,13,7.0,32.8,0.0,21,85,3
2026-03-26 22:00:00,0.0,1,6.9,31.7,0.0,22,85,3
2026-03-26 23:00:00,0.0,15,8.7,30.4,0.0,23,85,3
2026-03-27 00:00:00,0.0,2,9.6,29.6,0.0,0,86,3
2026-03-27 01:00:00,0.0,9,9.3,28.8,0.0,1,86,3
2026-03-27 02:00:00,0.0,1,10.4,27.9,0.0,2,86,3
2026-03-27 03:00:00,0.0,0,8.4,27.4,0.0,3,86,3
2026-03-27 04:00:00,0.0,0,6.8,26.9,0.0,4,86,3
2026-03-27 05:00:00,0.0,0,7.9,26.5,0.0,5,86,3
2026-03-27 06:00:00,0.0,0,7.8,26.3,0.0,6,86,3
2026-03-27 07:00:00,41.0,0,7.7,26.3,1.4852511558632737,7,86,3
2026-03-27 08:00:00,224.0,0,6.8,27.8,7.8471911435731565,8,86,3
2026-03-27 09:00:00,449.0,0,7.5,30.1,13.666133315703494,9,86,3
2026-03-27 10:00:00,655.0,0,8.5,32.5,20.025385952545495,10,86,3
2026-03-27 11:00:00,813.0,0,9.7,34.2,23.817908619402953,11,86,3
2026-03-27 12:00:00,906.0,0,9.9,35.7,26.074124508831687,12,86,3
2026-03-27 13:00:00,926.0,0,10.2,36.8,32.34640908241485,13,86,3
2026-03-27 14:00:00,870.0,0,11.4,37.4,24.41995648226973,14,86,3
2026-03-27 15:00:00,744.0,0,12.3,37.6,25.466113753426313,15,86,3
2026-03-27 16:00:00,559.0,0,12.7,37.4,17.0490276926512,16,86,3
2026-03-27 17:00:00,338.0,0,12.0,36.6,10.707895834277002,17,86,3
2026-03-27 18:00:00,120.0,0,13.1,36.0,3.919104065985533,18,86,3
2026-03-27 19:00:00,5.0,0,9.4,35.0,0.1774531788228493,19,86,3
2026-03-27 20:00:00,0.0,0,8.9,34.0,0.0,20,86,3
2026-03-27 21:00:00,0.0,0,10.8,32.9,0.0,21,86,3
2026-03-27 22:00:00,0.0,3,9.5,31.9,0.0,22,86,3
2026-03-27 23:00:00,0.0,0,11.4,30.8,0.0,23,86,3
2026-03-28 00:00:00,0.0,35,10.3,29.9,0.0,0,87,3
2026-03-28 01:00:00,0.0,74,10.5,29.0,0.0,1,87,3
2026-03-28 02:00:00,0.0,0,10.7,28.1,0.0,2,87,3
2026-03-28 03:00:00,0.0,0,11.1,27.4,0.0,3,87,3
2026-03-28 04:00:00,0.0,0,11.2,26.7,0.0,4,87,3
2026-03-28 05:00:00,0.0,0,8.6,26.7,0.0,5,87,3
2026-03-28 06:00:00,0.0,0,8.5,26.7,0.0,6,87,3
2026-03-28 07:00:00,43.0,0,7.0,26.6,1.3691583933867297,7,87,3
2026-03-28 08:00:00,228.0,0,8.2,27.9,7.678256795902312,8,87,3
2026-03-28 09:00:00,455.0,0,10.0,29.7,14.445976923351898,9,87,3
2026-03-28 10:00:00,661.0,0,12.9,31.6,20.891503280272087,10,87,3
2026-03-28 11:00:00,818.0,0,10.7,33.1,27.562653992772248,11,87,3
2026-03-28 12:00:00,908.0,0,11.2,34.6,27.896512695281984,12,87,3
2026-03-28 13:00:00,925.0,2,13.1,35.6,29.194370069086588,13,87,3
2026-03-28 14:00:00,863.0,29,15.0,36.3,23.381205159417686,14,87,3
2026-03-28 15:00:00,713.0,37,15.5,36.8,17.985703032056424,15,87,3
2026-03-28 16:00:00,529.0,25,18.9,36.1,14.71477681577495,16,87,3
2026-03-28 17:00:00,291.0,9,14.4,35.5,7.930084544967211,17,87,3
2026-03-28 18:00:00,115.0,5,13.8,34.5,3.720432285761183,18,87,3
2026-03-28 19:00:00,5.0,2,11.4,33.9,0.14372200392122014,19,87,3
2026-03-28 20:00:00,0.0,5,10.4,33.2,0.0,20,87,3
2026-03-28 21:00:00,0.0,3,12.0,32.3,0.0,21,87,3
2026-03-28 22:00:00,0.0,1,9.8,30.8,0.0,22,87,3
2026-03-28 23:00:00,0.0,26,9.9,30.3,0.0,23,87,3
2026-03-29 00:00:00,0.0,48,9.3,29.7,0.0,0,88,3
2026-03-29 01:00:00,0.0,0,9.3,28.8,0.0,1,88,3
2026-03-29 02:00:00,0.0,0,9.5,28.0,0.0,2,88,3
2026-03-29 03:00:00,0.0,0,9.4,27.3,0.0,3,88,3
2026-03-29 04:00:00,0.0,0,10.1,26.6,0.0,4,88,3
2026-03-29 05:00:00,0.0,20,8.4,26.4,0.0,5,88,3
2026-03-29 06:00:00,0.0,28,8.6,26.1,0.0,6,88,3
2026-03-29 07:00:00,43.0,45,7.9,26.0,1.2012430039215303,7,88,3
2026-03-29 08:00:00,219.0,83,9.0,26.9,4.339241851903963,8,88,3
2026-03-29 09:00:00,428.0,99,11.5,28.7,6.906294807239284,9,88,3
2026-03-29 10:00:00,577.0,99,10.6,30.3,7.9268760099738556,10,88,3
2026-03-29 11:00:00,737.0,100,9.0,31.8,11.12435824208283,11,88,3
2026-03-29 12:00:00,797.0,100,7.8,33.3,11.598968979641516,12,88,3
2026-03-29 13:00:00,800.0,100,9.1,34.3,12.070843095620338,13,88,3
2026-03-29 14:00:00,706.0,90,13.4,34.2,12.055704282246863,14,88,3
2026-03-29 15:00:00,392.0,77,12.3,33.7,7.337616715717385,15,88,3
2026-03-29 16:00:00,432.0,96,13.5,34.0,6.852194064945151,16,88,3
2026-03-29 17:00:00,227.0,90,15.0,34.4,4.176868964633733,17,88,3
2026-03-29 18:00:00,85.0,16,13.0,32.5,2.5419032038936695,18,88,3
2026-03-29 19:00:00,5.0,10,7.8,31.9,0.1553897338184207,19,88,3
2026-03-29 20:00:00,0.0,11,6.5,31.8,0.0,20,88,3
2026-03-29 21:00:00,0.0,0,8.8,31.5,0.0,21,88,3
2026-03-29 22:00:00,0.0,0,7.6,30.6,0.0,22,88,3
2026-03-29 23:00:00,0.0,58,6.6,30.3,0.0,23,88,3
2026-03-30 00:00:00,0.0,97,8.3,29.4,0.0,0,89,3
2026-03-30 01:00:00,0.0,93,8.1,28.7,0.0,1,89,3
2026-03-30 02:00:00,0.0,80,8.0,28.1,0.0,2,89,3
2026-03-30 03:00:00,0.0,70,8.2,27.6,0.0,3,89,3
2026-03-30 04:00:00,0.0,86,8.2,27.0,0.0,4,89,3
2026-03-30 05:00:00,0.0,100,5.8,27.0,0.0,5,89,3
2026-03-30 06:00:00,0.0,99,6.2,27.1,0.0,6,89,3
2026-03-30 07:00:00,37.0,52,5.1,27.3,0.8114533405810249,7,89,3
2026-03-30 08:00:00,191.0,93,10.3,28.3,3.3131713784053947,8,89,3
2026-03-30 09:00:00,335.0,54,8.4,29.7,7.60784644865076,9,89,3
2026-03-30 10:00:00,552.0,72,6.4,31.6,9.945043032970114,10,89,3
2026-03-30 11:00:00,695.0,32,5.9,33.3,17.995398933752938,11,89,3
2026-03-30 12:00:00,828.0,36,6.7,34.5,21.47207532505781,12,89,3
2026-03-30 13:00:00,776.0,64,9.7,34.6,16.85200503761684,13,89,3
2026-03-30 14:00:00,665.0,97,8.6,33.9,10.396738458725325,14,89,3
2026-03-30 15:00:00,296.0,71,6.0,32.2,5.324856966658659,15,89,3
2026-03-30 16:00:00,412.0,98,8.8,31.9,6.4799131101463905,16,89,3
2026-03-30 17:00:00,204.0,95,6.2,35.1,3.087500366292152,17,89,3
2026-03-30 18:00:00,75.0,100,8.9,34.3,1.133372022433363,18,89,3
2026-03-30 19:00:00,5.0,2,5.6,33.9,0.15627335240986118,19,89,3
2026-03-30 20:00:00,0.0,2,1.2,33.4,0.0,20,89,3
2026-03-30 21:00:00,0.0,0,8.8,32.1,0.0,21,89,3
2026-03-30 22:00:00,0.0,0,8.5,30.2,0.0,22,89,3
2026-03-30 23:00:00,0.0,3,4.4,30.1,0.0,23,89,3
2026-03-31 00:00:00,0.0,0,5.1,29.9,0.0,0,90,3
2026-03-31 01:00:00,0.0,38,8.3,29.1,0.0,1,90,3
2026-03-31 02:00:00,0.0,4,9.0,28.8,0.0,2,90,3
2026-03-31 03:00:00,0.0,0,11.4,27.7,0.0,3,90,3
2026-03-31 04:00:00,0.0,0,10.9,26.7,0.0,4,90,3
2026-03-31 05:00:00,0.0,15,10.2,26.4,0.0,5,90,3
2026-03-31 06:00:00,0.0,13,10.1,26.4,0.0,6,90,3
2026-03-31 07:00:00,47.0,13,8.2,26.7,1.4156089011700421,7,90,3
2026-03-31 08:00:00,222.0,3,8.6,28.0,7.451214083481981,8,90,3
2026-03-31 09:00:00,456.0,1,8.3,29.7,15.218874153429487,9,90,3
2026-03-31 10:00:00,660.0,81,5.1,31.4,11.72984197937717,10,90,3
2026-03-31 11:00:00,809.0,91,4.0,32.2,12.746500623603561,11,90,3
2026-03-31 12:00:00,779.0,98,5.6,33.4,11.636614297053514,12,90,3
2026-03-31 13:00:00,832.0,100,7.4,34.4,12.399885194917552,13,90,3
2026-03-31 14:00:00,761.0,98,8.9,34.7,11.708991508701676,14,90,3
2026-03-31 15:00:00,637.0,95,8.7,34.8,9.673874978275439,15,90,3
2026-03-31 16:00:00,479.0,97,9.5,34.8,6.938829846700351,16,90,3
2026-03-31 17:00:00,288.0,99,9.9,33.9,4.596777172651092,17,90,3
2026-03-31 18:00:00,102.0,99,5.9,33.9,1.4550017962963515,18,90,3
2026-03-31 19:00:00,6.0,23,7.0,33.9,0.16464337451834865,19,90,3
2026-03-31 20:00:00,0.0,98,5.8,33.0,0.0,20,90,3
2026-03-31 21:00:00,0.0,100,5.7,32.0,0.0,21,90,3
2026-03-31 22:00:00,0.0,100,6.7,31.1,0.0,22,90,3
2026-03-31 23:00:00,0.0,100,5.6,30.4,0.0,23,90,3
2026-04-01 00:00:00,0.0,100,6.9,29.8,0.0,0,91,4
2026-04-01 01:00:00,0.0,100,8.1,29.0,0.0,1,91,4
2026-04-01 02:00:00,0.0,100,9.3,28.2,0.0,2,91,4
2026-04-01 03:00:00,0.0,17,7.6,27.6,0.0,3,91,4
2026-04-01 04:00:00,0.0,31,7.6,26.7,0.0,4,91,4
2026-04-01 05:00:00,0.0,33,8.9,25.8,0.0,5,91,4
2026-04-01 06:00:00,0.0,98,8.8,25.4,0.0,6,91,4
2026-04-01 07:00:00,48.0,9,7.9,25.3,1.4091398730226687,7,91,4
2026-04-01 08:00:00,238.0,1,7.4,26.3,7.6229090662635,8,91,4
2026-04-01 09:00:00,462.0,1,6.7,28.4,15.342562631532763,9,91,4
2026-04-01 10:00:00,670.0,31,5.0,30.6,17.38681628924621,10,91,4
2026-04-01 11:00:00,826.0,0,2.8,31.9,25.82404078446267,11,91,4
2026-04-01 12:00:00,916.0,11,3.1,33.6,28.47811487047398,12,91,4
2026-04-01 13:00:00,934.0,87,6.5,34.7,14.585066501450287,13,91,4
2026-04-01 14:00:00,877.0,100,9.4,35.2,12.757614826423799,14,91,4
2026-04-01 15:00:00,737.0,100,9.9,35.3,11.958834792124849,15,91,4
2026-04-01 16:00:00,531.0,100,10.2,35.2,7.2981148106266085,16,91,4
2026-04-01 17:00:00,325.0,100,9.8,34.6,4.696309983363681,17,91,4
2026-04-01 18:00:00,111.0,100,11.4,33.9,1.6690434498118167,18,91,4
2026-04-01 19:00:00,6.0,98,7.6,33.2,0.09510434570283008,19,91,4
2026-04-01 20:00:00,0.0,100,5.5,33.0,0.0,20,91,4
2026-04-01 21:00:00,0.0,99,9.0,31.7,0.0,21,91,4
2026-04-01 22:00:00,0.0,100,10.4,30.5,0.0,22,91,4
2026-04-01 23:00:00,0.0,100,9.7,29.4,0.0,23,91,4
2026-04-02 00:00:00,0.0,100,7.6,29.1,0.0,0,92,4
2026-04-02 01:00:00,0.0,100,5.5,28.5,0.0,1,92,4
2026-04-02 02:00:00,0.0,99,5.4,27.8,0.0,2,92,4
2026-04-02 03:00:00,0.0,100,6.2,27.0,0.0,3,92,4
2026-04-02 04:00:00,0.0,100,7.2,26.1,0.0,4,92,4
2026-04-02 05:00:00,0.0,100,8.4,24.8,0.0,5,92,4
2026-04-02 06:00:00,0.0,100,7.1,24.7,0.0,6,92,4
2026-04-02 07:00:00,33.0,100,6.4,24.8,0.46598784045517344,7,92,4
2026-04-02 08:00:00,212.0,90,4.8,25.9,3.2645221195407053,8,92,4
2026-04-02 09:00:00,465.0,27,3.2,27.9,12.879926563412853,9,92,4
2026-04-02 10:00:00,676.0,24,0.3,30.1,22.077146493005984,10,92,4
2026-04-02 11:00:00,836.0,14,4.3,31.8,26.310122517011614,11,92,4
2026-04-02 12:00:00,922.0,9,6.9,33.7,31.487649676616666,12,92,4
2026-04-02 13:00:00,937.0,45,9.6,34.7,23.07630298533935,13,92,4
2026-04-02 14:00:00,879.0,8,11.1,35.1,29.443470326384798,14,92,4
2026-04-02 15:00:00,742.0,13,12.8,35.3,23.82710170466028,15,92,4
2026-04-02 16:00:00,558.0,21,14.0,34.9,16.176816772722702,16,92,4
2026-04-02 17:00:00,335.0,15,13.5,34.1,9.75066132000889,17,92,4
2026-04-02 18:00:00,118.0,12,15.8,33.3,3.4903452720388697,18,92,4
2026-04-02 19:00:00,6.0,1,16.5,31.1,0.19402351255211828,19,92,4
2026-04-02 20:00:00,0.0,3,11.7,30.4,0.0,20,92,4
2026-04-02 21:00:00,0.0,15,9.3,29.7,0.0,21,92,4
2026-04-02 22:00:00,0.0,21,7.5,28.9,0.0,22,92,4
2026-04-02 23:00:00,0.0,95,4.9,28.9,0.0,23,92,4
2026-04-03 00:00:00,0.0,43,3.9,28.5,0.0,0,93,4
2026-04-03 01:00:00,0.0,9,3.4,28.4,0.0,1,93,4
2026-04-03 02:00:00,0.0,23,4.0,26.5,0.0,2,93,4
2026-04-03 03:00:00,0.0,52,4.2,26.0,0.0,3,93,4
2026-04-03 04:00:00,0.0,23,2.7,25.8,0.0,4,93,4
2026-04-03 05:00:00,0.0,20,4.0,25.9,0.0,5,93,4
2026-04-03 06:00:00,0.0,28,4.7,25.7,0.0,6,93,4
2026-04-03 07:00:00,48.0,41,3.5,25.9,1.1411575795811038,7,93,4
2026-04-03 08:00:00,213.0,95,5.4,27.2,3.4511676657446464,8,93,4
2026-04-03 09:00:00,416.0,98,6.3,28.6,6.421862160937774,9,93,4
2026-04-03 10:00:00,475.0,99,7.3,29.6,6.235420522983103,10,93,4
2026-04-03 11:00:00,686.0,95,8.8,31.5,10.788282471020532,11,93,4
2026-04-03 12:00:00,640.0,100,9.1,32.0,9.921940414825253,12,93,4
2026-04-03 13:00:00,732.0,66,15.4,32.9,14.904482683888716,13,93,4
2026-04-03 14:00:00,628.0,76,18.5,31.7,12.44552886766993,14,93,4
2026-04-03 15:00:00,604.0,100,21.6,30.3,8.985343419308048,15,93,4
2026-04-03 16:00:00,186.0,98,14.1,27.5,2.9849005573543206,16,93,4
2026-04-03 17:00:00,238.0,100,13.1,29.8,3.634868140056225,17,93,4
2026-04-03 18:00:00,47.0,40,9.6,29.0,1.2661831989588888,18,93,4
2026-04-03 19:00:00,6.0,58,6.9,27.4,0.1311173462928964,19,93,4
2026-04-03 20:00:00,0.0,95,5.0,26.8,0.0,20,93,4
2026-04-03 21:00:00,0.0,100,4.9,26.7,0.0,21,93,4
2026-04-03 22:00:00,0.0,99,5.3,26.4,0.0,22,93,4
2026-04-03 23:00:00,0.0,83,7.0,26.7,0.0,23,93,4
2026-04-04 00:00:00,0.0,69,7.2,26.2,0.0,0,94,4
2026-04-04 01:00:00,0.0,98,6.2,25.9,0.0,1,94,4
2026-04-04 02:00:00,0.0,99,7.0,25.5,0.0,2,94,4
2026-04-04 03:00:00,0.0,73,6.6,25.0,0.0,3,94,4
2026-04-04 04:00:00,0.0,99,6.7,24.3,0.0,4,94,4
2026-04-04 05:00:00,0.0,95,8.6,24.6,0.0,5,94,4
2026-04-04 06:00:00,0.0,74,8.8,24.5,0.0,6,94,4
2026-04-04 07:00:00,48.0,23,6.6,24.6,1.2906109434063715,7,94,4
2026-04-04 08:00:00,240.0,18,8.2,25.8,7.6719176426005316,8,94,4
2026-04-04 09:00:00,474.0,9,8.7,27.5,14.106741640091586,9,94,4
2026-04-04 10:00:00,681.0,10,8.1,29.0,21.16925733104822,10,94,4
2026-04-04 11:00:00,836.0,13,6.9,30.2,27.222002393064724,11,94,4
2026-04-04 12:00:00,883.0,57,7.9,31.0,18.89993463304919,12,94,4
2026-04-04 13:00:00,883.0,55,8.0,31.7,23.219114849107616,13,94,4
2026-04-04 14:00:00,826.0,16,8.8,32.4,27.395496430674964,14,94,4
2026-04-04 15:00:00,731.0,3,10.3,32.7,22.24288384751549,15,94,4
2026-04-04 16:00:00,573.0,2,10.7,32.6,17.739622097026672,16,94,4
2026-04-04 17:00:00,352.0,2,12.2,32.1,11.404078748364798,17,94,4
2026-04-04 18:00:00,132.0,0,11.4,31.2,4.265303891503776,18,94,4
2026-04-04 19:00:00,7.0,0,9.0,30.4,0.21437202948991627,19,94,4
2026-04-04 20:00:00,0.0,0,10.1,30.0,0.0,20,94,4
2026-04-04 21:00:00,0.0,0,8.4,29.2,0.0,21,94,4
2026-04-04 22:00:00,0.0,0,6.1,28.4,0.0,22,94,4
2026-04-04 23:00:00,0.0,0,5.9,27.5,0.0,23,94,4
2026-04-05 00:00:00,0.0,100,5.3,26.6,0.0,0,95,4
2026-04-05 01:00:00,0.0,99,5.9,26.1,0.0,1,95,4
2026-04-05 02:00:00,0.0,100,5.4,25.7,0.0,2,95,4
2026-04-05 03:00:00,0.0,96,6.6,25.4,0.0,3,95,4
2026-04-05 04:00:00,0.0,63,8.4,24.6,0.0,4,95,4
2026-04-05 05:00:00,0.0,38,10.1,23.7,0.0,5,95,4
2026-04-05 06:00:00,0.0,0,9.6,23.5,0.0,6,95,4
2026-04-05 07:00:00,58.0,3,7.7,24.0,1.9247753288439378,7,95,4
2026-04-05 08:00:00,254.0,6,7.0,25.9,9.25882104369169,8,95,4
2026-04-05 09:00:00,483.0,83,7.8,27.8,8.544376683588565,9,95,4
2026-04-05 10:00:00,687.0,68,7.3,29.7,14.207825373472122,10,95,4
2026-04-05 11:00:00,826.0,86,4.5,30.9,14.915392289376808,11,95,4
2026-04-05 12:00:00,869.0,11,3.2,31.9,27.655135430514882,12,95,4
2026-04-05 13:00:00,909.0,2,4.4,32.7,27.059101472653644,13,95,4
2026-04-05 14:00:00,884.0,2,5.7,33.4,28.36751852627927,14,95,4
2026-04-05 15:00:00,754.0,9,6.7,33.7,24.47249486511297,15,95,4
2026-04-05 16:00:00,570.0,98,7.8,33.6,7.992050293517003,16,95,4
2026-04-05 17:00:00,335.0,100,8.3,33.0,4.455818686568912,17,95,4
2026-04-05 18:00:00,101.0,99,7.0,32.6,1.530388517576387,18,95,4
2026-04-05 19:00:00,6.0,100,6.3,31.9,0.0830932289440182,19,95,4
2026-04-05 20:00:00,0.0,100,6.7,30.7,0.0,20,95,4
2026-04-05 21:00:00,0.0,99,7.0,29.8,0.0,21,95,4
2026-04-05 22:00:00,0.0,82,6.6,29.5,0.0,22,95,4
2026-04-05 23:00:00,0.0,19,6.9,28.8,0.0,23,95,4
2026-04-06 00:00:00,0.0,25,6.7,28.5,0.0,0,96,4
2026-04-06 01:00:00,0.0,7,7.8,26.7,0.0,1,96,4
2026-04-06 02:00:00,0.0,37,10.2,24.9,0.0,2,96,4
2026-04-06 03:00:00,0.0,0,10.3,24.3,0.0,3,96,4
2026-04-06 04:00:00,0.0,0,10.8,23.9,0.0,4,96,4
2026-04-06 05:00:00,0.0,0,10.2,23.9,0.0,5,96,4
2026-04-06 06:00:00,0.0,0,10.4,23.9,0.0,6,96,4
2026-04-06 07:00:00,60.0,0,8.0,24.2,2.1853930148132603,7,96,4
2026-04-06 08:00:00,256.0,0,8.5,25.5,8.557930718244888,8,96,4
2026-04-06 09:00:00,483.0,0,8.2,27.4,17.116320804049195,9,96,4
2026-04-06 10:00:00,688.0,0,7.7,29.7,23.635386955190953,10,96,4
2026-04-06 11:00:00,843.0,0,5.8,31.7,24.569942302214287,11,96,4
2026-04-06 12:00:00,935.0,0,4.7,33.3,29.037073280256287,12,96,4
2026-04-06 13:00:00,948.0,0,7.0,34.3,34.18291248819336,13,96,4
2026-04-06 14:00:00,888.0,5,9.2,34.8,28.6048465257332,14,96,4
2026-04-06 15:00:00,739.0,5,10.0,34.9,23.463287814251327,15,96,4
2026-04-06 16:00:00,562.0,70,12.3,34.8,11.719479304535998,16,96,4
2026-04-06 17:00:00,304.0,0,7.7,34.3,9.499166025207913,17,96,4
2026-04-06 18:00:00,132.0,1,3.6,34.2,4.1276088059454095,18,96,4
2026-04-06 19:00:00,7.0,6,7.8,33.2,0.20503267572540246,19,96,4
2026-04-06 20:00:00,0.0,4,14.4,30.4,0.0,20,96,4
2026-04-06 21:00:00,0.0,0,12.5,28.6,0.0,21,96,4
2026-04-06 22:00:00,0.0,0,12.5,28.4,0.0,22,96,4
2026-04-06 23:00:00,0.0,0,11.0,28.0,0.0,23,96,4
2026-04-07 00:00:00,0.0,0,10.1,27.5,0.0,0,97,4
2026-04-07 01:00:00,0.0,0,11.8,26.7,0.0,1,97,4
2026-04-07 02:00:00,0.0,0,9.5,25.9,0.0,2,97,4
2026-04-07 03:00:00,0.0,0,8.2,25.4,0.0,3,97,4
2026-04-07 04:00:00,0.0,0,7.7,25.0,0.0,4,97,4
2026-04-07 05:00:00,0.0,0,7.9,24.8,0.0,5,97,4
2026-04-07 06:00:00,0.0,0,7.8,24.9,0.0,6,97,4
2026-04-07 07:00:00,61.0,5,8.6,25.2,2.0103343737548762,7,97,4
2026-04-07 08:00:00,250.0,45,13.0,26.4,6.268598381358572,8,97,4
2026-04-07 09:00:00,436.0,6,12.9,28.0,14.654875231171097,9,97,4
2026-04-07 10:00:00,666.0,37,12.5,29.9,16.26011313359208,10,97,4
2026-04-07 11:00:00,749.0,15,14.3,31.3,22.76357289811922,11,97,4
2026-04-07 12:00:00,843.0,30,14.6,32.9,22.717690864176287,12,97,4
2026-04-07 13:00:00,821.0,100,17.0,33.6,12.716436210045359,13,97,4
2026-04-07 14:00:00,125.0,31,12.3,27.1,3.162611623768728,14,97,4
2026-04-07 15:00:00,494.0,37,13.1,28.1,13.492158688887399,15,97,4
2026-04-07 16:00:00,405.0,51,11.8,28.4,10.113902528063333,16,97,4
2026-04-07 17:00:00,236.0,11,15.5,30.1,7.137450987769136,17,97,4
2026-04-07 18:00:00,110.0,42,13.1,29.8,3.0586314985692233,18,97,4
2026-04-07 19:00:00,6.0,51,11.9,28.6,0.14517624015689223,19,97,4
2026-04-07 20:00:00,0.0,44,5.2,24.3,0.0,20,97,4
2026-04-07 21:00:00,0.0,5,8.4,23.3,0.0,21,97,4
2026-04-07 22:00:00,0.0,13,8.3,24.5,0.0,22,97,4
2026-04-07 23:00:00,0.0,25,14.9,27.4,0.0,23,97,4
2026-04-08 00:00:00,0.0,14,14.1,26.8,0.0,0,98,4
2026-04-08 01:00:00,0.0,5,12.6,26.3,0.0,1,98,4
2026-04-08 02:00:00,0.0,9,12.0,25.8,0.0,2,98,4
2026-04-08 03:00:00,0.0,2,11.3,25.5,0.0,3,98,4
2026-04-08 04:00:00,0.0,2,9.4,24.9,0.0,4,98,4
2026-04-08 05:00:00,0.0,16,8.1,25.0,0.0,5,98,4
2026-04-08 06:00:00,0.0,24,8.0,25.2,0.0,6,98,4
2026-04-08 07:00:00,59.0,53,10.8,25.4,1.2617685480913328,7,98,4
2026-04-08 08:00:00,182.0,45,11.6,25.5,4.561793627880904,8,98,4
2026-04-08 09:00:00,417.0,24,10.4,27.5,12.552531469460234,9,98,4
2026-04-08 10:00:00,615.0,18,10.0,29.1,17.817100096370407,10,98,4
2026-04-08 11:00:00,748.0,22,8.8,30.2,22.034916774985103,11,98,4
2026-04-08 12:00:00,817.0,24,11.3,31.1,26.588744487558014,12,98,4
2026-04-08 13:00:00,835.0,18,12.5,32.5,24.572404941747124,13,98,4
2026-04-08 14:00:00,803.0,18,15.5,33.3,21.096407372196925,14,98,4
2026-04-08 15:00:00,704.0,5,13.0,33.5,23.163318978956834,15,98,4
2026-04-08 16:00:00,554.0,1,11.7,34.1,18.4264771417622,16,98,4
2026-04-08 17:00:00,347.0,35,8.5,34.2,9.434448763710405,17,98,4
2026-04-08 18:00:00,108.0,8,7.3,32.9,3.276167006181495,18,98,4
2026-04-08 19:00:00,7.0,20,4.8,31.8,0.19601415332894134,19,98,4
2026-04-08 20:00:00,0.0,16,9.7,29.8,0.0,20,98,4
2026-04-08 21:00:00,0.0,2,6.9,28.7,0.0,21,98,4
2026-04-08 22:00:00,0.0,7,7.6,27.9,0.0,22,98,4
2026-04-08 23:00:00,0.0,6,7.4,27.3,0.0,23,98,4
2026-04-09 00:00:00,0.0,0,6.0,27.1,0.0,0,99,4
2026-04-09 01:00:00,0.0,0,6.0,26.6,0.0,1,99,4
2026-04-09 02:00:00,0.0,0,7.8,26.1,0.0,2,99,4
2026-04-09 03:00:00,0.0,0,8.3,25.4,0.0,3,99,4
2026-04-09 04:00:00,0.0,0,7.8,24.5,0.0,4,99,4
2026-04-09 05:00:00,0.0,0,8.4,24.1,0.0,5,99,4
2026-04-09 06:00:00,0.0,0,9.0,24.0,0.0,6,99,4
2026-04-09 07:00:00,66.0,0,7.2,24.3,2.104608695306204,7,99,4
2026-04-09 08:00:00,262.0,0,5.1,25.8,8.802443202041513,8,99,4
2026-04-09 09:00:00,488.0,0,2.4,27.9,16.801221203099903,9,99,4
2026-04-09 10:00:00,690.0,0,1.5,30.3,21.648488176888794,10,99,4
2026-04-09 11:00:00,842.0,11,0.6,31.5,26.573706103514827,11,99,4
2026-04-09 12:00:00,894.0,9,1.9,33.2,27.146448618463165,12,99,4
2026-04-09 13:00:00,912.0,7,4.3,34.3,28.98260336976744,13,99,4
2026-04-09 14:00:00,829.0,5,4.9,34.7,23.507024061454253,14,99,4
2026-04-09 15:00:00,679.0,8,3.6,35.0,21.070650765789885,15,99,4
2026-04-09 16:00:00,510.0,3,1.8,35.0,16.10943035680609,16,99,4
2026-04-09 17:00:00,336.0,1,3.9,34.1,11.120306705267364,17,99,4
2026-04-09 18:00:00,132.0,0,4.0,33.8,4.193136325987962,18,99,4
2026-04-09 19:00:00,8.0,0,3.9,33.5,0.28463266294198103,19,99,4
2026-04-09 20:00:00,0.0,0,3.8,33.4,0.0,20,99,4
2026-04-09 21:00:00,0.0,0,9.4,31.5,0.0,21,99,4
2026-04-09 22:00:00,0.0,0,6.9,30.0,0.0,22,99,4
2026-04-09 23:00:00,0.0,0,6.6,29.8,0.0,23,99,4
2026-04-10 00:00:00,0.0,0,6.4,29.2,0.0,0,100,4
2026-04-10 01:00:00,0.0,0,7.6,28.0,0.0,1,100,4
2026-04-10 02:00:00,0.0,0,8.7,26.9,0.0,2,100,4
2026-04-10 03:00:00,0.0,0,8.4,26.4,0.0,3,100,4
2026-04-10 04:00:00,0.0,0,7.3,26.3,0.0,4,100,4
2026-04-10 05:00:00,0.0,0,8.6,26.0,0.0,5,100,4
2026-04-10 06:00:00,0.0,0,9.4,26.1,0.0,6,100,4
2026-04-10 07:00:00,69.0,0,8.8,26.3,2.222495512985704,7,100,4
2026-04-10 08:00:00,271.0,0,8.8,28.0,9.002427141061819,8,100,4
2026-04-10 09:00:00,500.0,0,10.3,30.4,16.675739481972474,9,100,4
2026-04-10 10:00:00,704.0,0,11.4,33.0,22.11384015113558,10,100,4
2026-04-10 11:00:00,858.0,0,13.3,35.1,29.596896812303775,11,100,4
2026-04-10 12:00:00,945.0,0,12.1,36.0,32.46270569293413,12,100,4
2026-04-10 13:00:00,958.0,0,10.9,36.9,28.207955604690444,13,100,4
2026-04-10 14:00:00,896.0,0,9.9,37.4,28.763242009973702,14,100,4
2026-04-10 15:00:00,766.0,0,9.0,37.6,27.254444551190744,15,100,4
2026-04-10 16:00:00,579.0,0,8.4,37.5,19.489685396464424,16,100,4
2026-04-10 17:00:00,358.0,0,9.0,36.8,12.930098772023976,17,100,4
2026-04-10 18:00:00,137.0,0,7.7,36.3,4.688819235125509,18,100,4
2026-04-10 19:00:00,8.0,0,5.7,35.9,0.25013013840324655,19,100,4
2026-04-10 20:00:00,0.0,0,2.8,35.4,0.0,20,100,4
2026-04-10 21:00:00,0.0,0,7.0,33.8,0.0,21,100,4
2026-04-10 22:00:00,0.0,0,6.5,32.9,0.0,22,100,4
2026-04-10 23:00:00,0.0,0,3.5,31.5,0.0,23,100,4
2026-04-11 00:00:00,0.0,0,6.2,31.1,0.0,0,101,4
2026-04-11 01:00:00,0.0,0,6.6,29.8,0.0,1,101,4
2026-04-11 02:00:00,0.0,0,7.4,28.2,0.0,2,101,4
2026-04-11 03:00:00,0.0,0,7.7,27.1,0.0,3,101,4
2026-04-11 04:00:00,0.0,0,9.1,25.8,0.0,4,101,4
2026-04-11 05:00:00,0.0,0,8.2,26.4,0.0,5,101,4
2026-04-11 06:00:00,0.0,0,9.0,26.4,0.0,6,101,4
2026-04-11 07:00:00,72.0,0,5.4,26.5,2.431360611599685,7,101,4
2026-04-11 08:00:00,276.0,0,3.8,28.0,10.056690317299434,8,101,4
2026-04-11 09:00:00,507.0,0,1.1,30.6,17.44848620601512,9,101,4
2026-04-11 10:00:00,711.0,0,1.1,33.4,24.210251071134984,10,101,4
2026-04-11 11:00:00,866.0,0,2.7,35.4,29.354673181614825,11,101,4
2026-04-11 12:00:00,953.0,0,2.1,37.2,26.950479496410125,12,101,4
2026-04-11 13:00:00,966.0,0,3.0,38.2,29.27499906097176,13,101,4
2026-04-11 14:00:00,904.0,0,5.3,38.7,30.4358185895913,14,101,4
2026-04-11 15:00:00,772.0,0,6.5,38.8,25.15251796731643,15,101,4
2026-04-11 16:00:00,582.0,0,4.7,38.7,18.198064787864965,16,101,4
2026-04-11 17:00:00,357.0,0,4.9,38.2,11.16966806241147,17,101,4
2026-04-11 18:00:00,136.0,0,6.0,38.0,3.9681657659948733,18,101,4
2026-04-11 19:00:00,8.0,0,6.2,36.4,0.24697488212926216,19,101,4
2026-04-11 20:00:00,0.0,0,1.0,35.6,0.0,20,101,4
2026-04-11 21:00:00,0.0,0,3.4,34.6,0.0,21,101,4
2026-04-11 22:00:00,0.0,0,6.7,33.4,0.0,22,101,4
2026-04-11 23:00:00,0.0,0,8.6,32.5,0.0,23,101,4
2026-04-12 00:00:00,0.0,0,9.3,32.1,0.0,0,102,4
2026-04-12 01:00:00,0.0,0,6.8,30.5,0.0,1,102,4
2026-04-12 02:00:00,0.0,0,7.0,29.3,0.0,2,102,4
2026-04-12 03:00:00,0.0,0,8.1,28.7,0.0,3,102,4
2026-04-12 04:00:00,0.0,0,9.2,27.9,0.0,4,102,4
2026-04-12 05:00:00,0.0,0,7.3,27.7,0.0,5,102,4
2026-04-12 06:00:00,0.0,0,6.5,27.6,0.0,6,102,4
2026-04-12 07:00:00,74.0,0,4.3,28.0,2.4061592342803215,7,102,4
2026-04-12 08:00:00,276.0,0,2.4,29.9,8.694633354262972,8,102,4
2026-04-12 09:00:00,504.0,0,3.6,32.3,14.426431449653299,9,102,4
2026-04-12 10:00:00,708.0,0,3.7,34.7,23.393630088576785,10,102,4
2026-04-12 11:00:00,861.0,0,2.8,36.7,27.157123477726426,11,102,4
2026-04-12 12:00:00,946.0,0,3.4,38.4,31.383305663211328,12,102,4
2026-04-12 13:00:00,960.0,0,5.1,39.1,30.20977281795018,13,102,4
2026-04-12 14:00:00,899.0,0,7.2,39.5,24.581822126240226,14,102,4
2026-04-12 15:00:00,768.0,0,8.7,39.6,24.655100512655324,15,102,4
2026-04-12 16:00:00,580.0,0,9.5,39.3,18.062020499422633,16,102,4
2026-04-12 17:00:00,358.0,0,8.4,38.9,11.315252061866413,17,102,4
2026-04-12 18:00:00,137.0,0,9.9,38.3,4.6866634591706955,18,102,4
2026-04-12 19:00:00,9.0,0,10.6,37.4,0.29460460481440476,19,102,4
2026-04-12 20:00:00,0.0,0,10.6,37.0,0.0,20,102,4
2026-04-12 21:00:00,0.0,0,10.7,35.4,0.0,21,102,4
2026-04-12 22:00:00,0.0,0,9.5,34.1,0.0,22,102,4
2026-04-12 23:00:00,0.0,0,9.3,32.6,0.0,23,102,4
2026-04-13 00:00:00,0.0,0,9.9,31.8,0.0,0,103,4
2026-04-13 01:00:00,0.0,0,9.0,31.2,0.0,1,103,4
2026-04-13 02:00:00,0.0,0,8.2,30.1,0.0,2,103,4
2026-04-13 03:00:00,0.0,0,2.8,29.3,0.0,3,103,4
2026-04-13 04:00:00,0.0,0,1.0,28.7,0.0,4,103,4
2026-04-13 05:00:00,0.0,0,8.5,27.8,0.0,5,103,4
2026-04-13 06:00:00,0.0,0,5.7,26.9,0.0,6,103,4
2026-04-13 07:00:00,77.0,0,4.5,27.0,2.36684344346508,7,103,4
2026-04-13 08:00:00,284.0,0,3.1,29.3,9.63274440481114,8,103,4
2026-04-13 09:00:00,515.0,0,3.6,32.1,16.36496364058659,9,103,4
2026-04-13 10:00:00,720.0,0,3.7,34.5,24.605340889426248,10,103,4
2026-04-13 11:00:00,872.0,0,3.6,36.4,25.284502952541025,11,103,4
2026-04-13 12:00:00,960.0,0,3.1,38.5,31.292445307510686,12,103,4
2026-04-13 13:00:00,974.0,0,3.9,39.3,31.450608035787255,13,103,4
2026-04-13 14:00:00,910.0,0,5.5,39.8,32.522891088727356,14,103,4
2026-04-13 15:00:00,778.0,0,5.7,40.0,26.882779671300085,15,103,4
2026-04-13 16:00:00,588.0,0,4.8,40.1,20.00794402278051,16,103,4
2026-04-13 17:00:00,363.0,0,4.5,39.7,12.889657494991244,17,103,4
2026-04-13 18:00:00,140.0,0,3.9,39.3,4.881522916481276,18,103,4
2026-04-13 19:00:00,9.0,0,5.2,37.7,0.29317508669655923,19,103,4
2026-04-13 20:00:00,0.0,0,3.6,36.9,0.0,20,103,4
2026-04-13 21:00:00,0.0,0,3.1,36.2,0.0,21,103,4
2026-04-13 22:00:00,0.0,0,6.7,34.9,0.0,22,103,4
2026-04-13 23:00:00,0.0,0,9.2,33.5,0.0,23,103,4
2026-04-14 00:00:00,0.0,0,10.2,31.7,0.0,0,104,4
2026-04-14 01:00:00,0.0,0,9.2,30.9,0.0,1,104,4
2026-04-14 02:00:00,0.0,0,8.0,30.2,0.0,2,104,4
2026-04-14 03:00:00,0.0,0,7.9,29.4,0.0,3,104,4
2026-04-14 04:00:00,0.0,0,9.2,28.7,0.0,4,104,4
2026-04-14 05:00:00,0.0,0,9.9,28.2,0.0,5,104,4
2026-04-14 06:00:00,0.0,0,9.2,28.0,0.0,6,104,4
2026-04-14 07:00:00,78.0,0,7.1,28.4,2.2537938225640515,7,104,4
2026-04-14 08:00:00,282.0,0,7.2,29.8,10.08330227808717,8,104,4
2026-04-14 09:00:00,510.0,0,6.0,31.6,18.263196642551545,9,104,4
2026-04-14 10:00:00,714.0,0,5.2,34.0,23.2293118801379,10,104,4
2026-04-14 11:00:00,867.0,0,5.8,35.9,26.820892644823758,11,104,4
2026-04-14 12:00:00,956.0,0,7.4,37.8,31.970679530562236,12,104,4
2026-04-14 13:00:00,970.0,0,10.2,39.1,32.710206755926905,13,104,4
2026-04-14 14:00:00,908.0,0,12.5,40.1,26.814859404446057,14,104,4
2026-04-14 15:00:00,777.0,1,14.1,40.5,24.737250719031778,15,104,4
2026-04-14 16:00:00,588.0,30,14.7,40.3,12.942750508332464,16,104,4
2026-04-14 17:00:00,362.0,7,12.0,39.8,10.621155953245449,17,104,4
2026-04-14 18:00:00,141.0,2,11.6,39.3,4.460677992267994,18,104,4
2026-04-14 19:00:00,9.0,0,8.5,37.8,0.2653721223898024,19,104,4
2026-04-14 20:00:00,0.0,0,9.5,36.4,0.0,20,104,4
2026-04-14 21:00:00,0.0,0,11.1,33.5,0.0,21,104,4
2026-04-14 22:00:00,0.0,0,9.2,31.9,0.0,22,104,4
2026-04-14 23:00:00,0.0,0,8.3,31.0,0.0,23,104,4
2026-04-15 00:00:00,0.0,0,8.4,30.5,0.0,0,105,4
2026-04-15 01:00:00,0.0,0,9.0,30.3,0.0,1,105,4
2026-04-15 02:00:00,0.0,0,10.1,29.7,0.0,2,105,4
2026-04-15 03:00:00,0.0,0,10.7,28.8,0.0,3,105,4
2026-04-15 04:00:00,0.0,0,9.7,28.0,0.0,4,105,4
2026-04-15 05:00:00,0.0,0,9.3,27.6,0.0,5,105,4
2026-04-15 06:00:00,1.0,0,8.3,27.3,0.03617307491646485,6,105,4
2026-04-15 07:00:00,79.0,0,6.0,27.6,2.7259049845577077,7,105,4
2026-04-15 08:00:00,280.0,0,5.1,29.2,9.701023199043016,8,105,4
2026-04-15 09:00:00,505.0,0,4.2,31.4,17.267459181587597,9,105,4
2026-04-15 10:00:00,706.0,0,4.5,33.8,23.496839123965344,10,105,4
2026-04-15 11:00:00,857.0,0,4.8,35.6,26.646941916831253,11,105,4
2026-04-15 12:00:00,941.0,0,5.7,37.7,32.681380208954195,12,105,4
2026-04-15 13:00:00,954.0,0,6.9,38.9,30.17658899758883,13,105,4
2026-04-15 14:00:00,893.0,0,7.4,39.6,27.52835261956576,14,105,4
2026-04-15 15:00:00,764.0,0,7.4,39.9,24.142768537344022,15,105,4
2026-04-15 16:00:00,578.0,0,8.0,39.9,17.503581860066998,16,105,4
2026-04-15 17:00:00,358.0,0,8.3,39.0,11.318316021150792,17,105,4
2026-04-15 18:00:00,140.0,0,8.1,38.6,4.533104660317767,18,105,4
2026-04-15 19:00:00,10.0,0,9.0,37.4,0.29303676107943954,19,105,4
2026-04-15 20:00:00,0.0,0,10.1,36.8,0.0,20,105,4
2026-04-15 21:00:00,0.0,0,11.3,32.4,0.0,21,105,4
2026-04-15 22:00:00,0.0,0,11.1,31.3,0.0,22,105,4
2026-04-15 23:00:00,0.0,0,11.4,30.5,0.0,23,105,4
2026-04-16 00:00:00,0.0,0,9.9,30.1,0.0,0,106,4
2026-04-16 01:00:00,0.0,0,8.7,29.4,0.0,1,106,4
2026-04-16 02:00:00,0.0,0,7.7,28.8,0.0,2,106,4
2026-04-16 03:00:00,0.0,0,7.6,28.3,0.0,3,106,4
2026-04-16 04:00:00,0.0,0,7.0,27.5,0.0,4,106,4
2026-04-16 05:00:00,0.0,0,5.6,26.7,0.0,5,106,4
2026-04-16 06:00:00,1.0,0,3.3,26.7,0.036073884990496796,6,106,4
2026-04-16 07:00:00,81.0,0,3.3,27.0,2.9379892433261814,7,106,4
2026-04-16 08:00:00,284.0,10,3.5,28.4,8.373990062861164,8,106,4
2026-04-16 09:00:00,510.0,8,3.5,30.6,15.462630798063554,9,106,4
2026-04-16 10:00:00,711.0,5,3.5,33.0,19.103934744443094,10,106,4
2026-04-16 11:00:00,862.0,31,4.3,34.9,22.270842672776347,11,106,4
2026-04-16 12:00:00,945.0,61,5.5,37.2,19.723178073241016,12,106,4
2026-04-16 13:00:00,955.0,91,6.6,38.5,15.162976722576774,13,106,4
2026-04-16 14:00:00,890.0,93,7.0,39.2,13.345160942333681,14,106,4
2026-04-16 15:00:00,761.0,89,7.3,39.6,12.28985169855631,15,106,4
2026-04-16 16:00:00,573.0,85,7.7,39.6,9.48115616471749,16,106,4
2026-04-16 17:00:00,351.0,98,7.7,38.8,4.946975275004859,17,106,4
2026-04-16 18:00:00,138.0,60,7.4,38.4,2.6808364234586692,18,106,4
2026-04-16 19:00:00,10.0,96,6.4,37.8,0.1606694715386566,19,106,4
2026-04-16 20:00:00,0.0,99,5.6,37.3,0.0,20,106,4
2026-04-16 21:00:00,0.0,100,8.2,35.4,0.0,21,106,4
2026-04-16 22:00:00,0.0,100,11.9,32.2,0.0,22,106,4
2026-04-16 23:00:00,0.0,44,10.8,30.9,0.0,23,106,4
2026-04-17 00:00:00,0.0,54,9.9,30.6,0.0,0,107,4
2026-04-17 01:00:00,0.0,100,9.9,30.0,0.0,1,107,4
2026-04-17 02:00:00,0.0,99,10.3,29.5,0.0,2,107,4
2026-04-17 03:00:00,0.0,91,10.4,28.9,0.0,3,107,4
2026-04-17 04:00:00,0.0,98,10.6,28.0,0.0,4,107,4
2026-04-17 05:00:00,0.0,100,8.2,27.2,0.0,5,107,4
2026-04-17 06:00:00,1.0,100,7.2,27.0,0.015426283910776132,6,107,4
2026-04-17 07:00:00,78.0,100,5.9,27.3,1.175569216690518,7,107,4
2026-04-17 08:00:00,251.0,100,5.5,28.7,3.4956032565646007,8,107,4
2026-04-17 09:00:00,452.0,100,4.7,30.8,6.666213989051434,9,107,4
2026-04-17 10:00:00,634.0,100,4.2,33.2,9.75351307971993,10,107,4
2026-04-17 11:00:00,729.0,100,3.2,34.6,11.136483697536585,11,107,4
2026-04-17 12:00:00,793.0,100,4.9,36.8,11.46777195491826,12,107,4
2026-04-17 13:00:00,842.0,100,7.1,38.2,12.369786676691122,13,107,4
2026-04-17 14:00:00,798.0,100,8.1,39.2,11.284904804016803,14,107,4
2026-04-17 15:00:00,708.0,100,8.9,40.0,11.027849473384377,15,107,4
2026-04-17 16:00:00,553.0,79,9.4,40.2,9.156998160728829,16,107,4
2026-04-17 17:00:00,356.0,0,8.6,39.3,11.547311271404544,17,107,4
2026-04-17 18:00:00,147.0,0,6.2,38.9,4.687050260255838,18,107,4
2026-04-17 19:00:00,11.0,0,2.7,37.7,0.35315974773535835,19,107,4
2026-04-17 20:00:00,0.0,0,4.4,36.5,0.0,20,107,4
2026-04-17 21:00:00,0.0,0,5.8,35.6,0.0,21,107,4
2026-04-17 22:00:00,0.0,0,9.7,34.7,0.0,22,107,4
2026-04-17 23:00:00,0.0,0,11.2,33.3,0.0,23,107,4
2026-04-18 00:00:00,0.0,0,12.3,31.9,0.0,0,108,4
2026-04-18 01:00:00,0.0,0,11.7,30.7,0.0,1,108,4
2026-04-18 02:00:00,0.0,0,11.8,29.6,0.0,2,108,4
2026-04-18 03:00:00,0.0,20,10.3,28.9,0.0,3,108,4
2026-04-18 04:00:00,0.0,89,9.7,28.4,0.0,4,108,4
2026-04-18 05:00:00,0.0,55,9.3,28.0,0.0,5,108,4
2026-04-18 06:00:00,1.0,2,9.1,27.8,0.03230855871000164,6,108,4
2026-04-18 07:00:00,87.0,0,7.6,28.3,2.8296307915446657,7,108,4
2026-04-18 08:00:00,294.0,0,8.2,30.2,8.872622646205373,8,108,4
2026-04-18 09:00:00,523.0,0,8.4,32.8,16.34574842937937,9,108,4
2026-04-18 10:00:00,726.0,0,8.8,35.5,24.299966423885603,10,108,4
2026-04-18 11:00:00,879.0,0,9.1,37.1,25.507867627884032,11,108,4
2026-04-18 12:00:00,963.0,0,8.1,38.8,29.079354845597937,12,108,4
2026-04-18 13:00:00,977.0,0,7.3,40.0,30.66426549739154,13,108,4
2026-04-18 14:00:00,915.0,0,6.3,40.7,27.22627839903655,14,108,4
2026-04-18 15:00:00,782.0,0,5.7,41.1,28.648773705755673,15,108,4
2026-04-18 16:00:00,590.0,0,6.0,41.1,17.387171421661247,16,108,4
2026-04-18 17:00:00,364.0,0,5.6,40.5,10.480079201829705,17,108,4
2026-04-18 18:00:00,143.0,0,4.3,39.9,4.364740811780716,18,108,4
2026-04-18 19:00:00,10.0,0,3.8,38.4,0.29314721858278264,19,108,4
2026-04-18 20:00:00,0.0,0,5.1,37.7,0.0,20,108,4
2026-04-18 21:00:00,0.0,0,4.8,36.9,0.0,21,108,4
2026-04-18 22:00:00,0.0,5,5.7,35.9,0.0,22,108,4
2026-04-18 23:00:00,0.0,23,7.3,34.2,0.0,23,108,4
2026-04-19 00:00:00,0.0,5,9.3,32.3,0.0,0,109,4
2026-04-19 01:00:00,0.0,4,9.7,30.9,0.0,1,109,4
2026-04-19 02:00:00,0.0,0,11.1,29.8,0.0,2,109,4
2026-04-19 03:00:00,0.0,38,11.5,28.8,0.0,3,109,4
2026-04-19 04:00:00,0.0,48,11.9,28.0,0.0,4,109,4
2026-04-19 05:00:00,0.0,29,12.1,27.2,0.0,5,109,4
2026-04-19 06:00:00,1.0,91,11.6,26.8,0.016336834163913436,6,109,4
2026-04-19 07:00:00,85.0,92,8.9,27.3,1.3664498693393667,7,109,4
2026-04-19 08:00:00,286.0,52,7.9,28.9,6.514890389320244,8,109,4
2026-04-19 09:00:00,507.0,55,7.1,31.3,11.588304200176626,9,109,4
2026-04-19 10:00:00,703.0,88,7.0,34.0,11.94598836960732,10,109,4
2026-04-19 11:00:00,847.0,76,6.3,35.8,15.470922576304874,11,109,4
2026-04-19 12:00:00,934.0,78,6.1,37.5,17.934796899405676,12,109,4
2026-04-19 13:00:00,939.0,81,6.8,38.7,15.581748421389133,13,109,4
2026-04-19 14:00:00,885.0,99,8.2,39.5,13.484590739187482,14,109,4
2026-04-19 15:00:00,746.0,91,10.4,40.0,11.500680449751687,15,109,4
2026-04-19 16:00:00,573.0,98,11.1,39.9,8.158243759301845,16,109,4
2026-04-19 17:00:00,349.0,8,10.6,38.3,10.819559471429594,17,109,4
2026-04-19 18:00:00,144.0,1,10.1,37.7,4.892093511640819,18,109,4
2026-04-19 19:00:00,11.0,1,6.0,36.7,0.3663894931659217,19,109,4
2026-04-19 20:00:00,0.0,7,7.3,36.0,0.0,20,109,4
2026-04-19 21:00:00,0.0,6,9.4,34.8,0.0,21,109,4
2026-04-19 22:00:00,0.0,8,10.3,33.6,0.0,22,109,4
2026-04-19 23:00:00,0.0,3,10.9,32.2,0.0,23,109,4
2026-04-20 00:00:00,0.0,0,11.7,31.5,0.0,0,110,4
2026-04-20 01:00:00,0.0,0,8.9,30.3,0.0,1,110,4
2026-04-20 02:00:00,0.0,0,6.7,29.0,0.0,2,110,4
2026-04-20 03:00:00,0.0,0,8.5,27.8,0.0,3,110,4
2026-04-20 04:00:00,0.0,0,9.3,27.0,0.0,4,110,4
2026-04-20 05:00:00,0.0,2,8.0,26.5,0.0,5,110,4
2026-04-20 06:00:00,1.0,1,5.4,26.5,0.03126203563839906,6,110,4
2026-04-20 07:00:00,89.0,0,3.6,26.9,2.845020824058211,7,110,4
2026-04-20 08:00:00,293.0,0,4.6,28.6,9.149546392185243,8,110,4
2026-04-20 09:00:00,517.0,0,3.8,31.1,17.151425688114287,9,110,4
2026-04-20 10:00:00,715.0,0,2.8,33.9,23.40319764037334,10,110,4
2026-04-20 11:00:00,864.0,0,4.6,35.4,27.434083128398555,11,110,4
2026-04-20 12:00:00,946.0,0,5.7,37.3,29.46424986018384,12,110,4
2026-04-20 13:00:00,958.0,0,5.9,38.5,29.54529793549233,13,110,4
2026-04-20 14:00:00,896.0,0,6.8,39.2,30.224745174666733,14,110,4
2026-04-20 15:00:00,766.0,0,8.4,39.6,26.317996584621252,15,110,4
2026-04-20 16:00:00,580.0,2,9.5,39.7,17.224365867171787,16,110,4
2026-04-20 17:00:00,360.0,0,8.8,38.9,11.012451000839297,17,110,4
2026-04-20 18:00:00,144.0,0,8.7,38.5,4.3513841279135175,18,110,4
2026-04-20 19:00:00,11.0,0,7.4,37.5,0.3551587118484661,19,110,4
2026-04-20 20:00:00,0.0,0,5.2,36.6,0.0,20,110,4
2026-04-20 21:00:00,0.0,1,8.5,35.8,0.0,21,110,4
2026-04-20 22:00:00,0.0,0,10.1,34.4,0.0,22,110,4
2026-04-20 23:00:00,0.0,0,7.9,33.4,0.0,23,110,4
2026-04-21 00:00:00,0.0,0,8.7,32.2,0.0,0,111,4
2026-04-21 01:00:00,0.0,0,9.5,31.0,0.0,1,111,4
2026-04-21 02:00:00,0.0,0,9.6,29.9,0.0,2,111,4
2026-04-21 03:00:00,0.0,0,9.5,28.7,0.0,3,111,4
2026-04-21 04:00:00,0.0,0,9.8,27.8,0.0,4,111,4
2026-04-21 05:00:00,0.0,0,9.9,27.5,0.0,5,111,4
2026-04-21 06:00:00,2.0,0,10.4,27.5,0.06533982888132142,6,111,4
2026-04-21 07:00:00,92.0,0,9.2,27.9,2.9285989892983673,7,111,4
2026-04-21 08:00:00,298.0,0,9.3,29.6,9.35673492091514,8,111,4
2026-04-21 09:00:00,524.0,0,8.8,31.8,18.060868433513026,9,111,4
2026-04-21 10:00:00,723.0,0,9.3,34.5,22.567703709607482,10,111,4
2026-04-21 11:00:00,872.0,0,7.9,36.6,25.84007593846952,11,111,4
2026-04-21 12:00:00,955.0,0,7.3,38.3,26.842918407928853,12,111,4
2026-04-21 13:00:00,965.0,0,7.7,39.6,31.044359731719585,13,111,4
2026-04-21 14:00:00,903.0,0,10.8,40.4,26.409201410787855,14,111,4
2026-04-21 15:00:00,775.0,0,13.4,40.6,22.51149358010838,15,111,4
2026-04-21 16:00:00,590.0,0,15.6,40.0,17.654283204887864,16,111,4
2026-04-21 17:00:00,367.0,0,14.7,38.8,12.354086872053461,17,111,4
2026-04-21 18:00:00,146.0,0,11.8,38.3,4.566432895728411,18,111,4
2026-04-21 19:00:00,12.0,0,9.2,37.6,0.38699647053009123,19,111,4
2026-04-21 20:00:00,0.0,0,9.8,36.5,0.0,20,111,4
2026-04-21 21:00:00,0.0,0,10.0,35.4,0.0,21,111,4
2026-04-21 22:00:00,0.0,0,9.0,34.3,0.0,22,111,4
2026-04-21 23:00:00,0.0,0,7.6,33.1,0.0,23,111,4
2026-04-22 00:00:00,0.0,0,9.7,31.4,0.0,0,112,4
2026-04-22 01:00:00,0.0,0,9.0,30.6,0.0,1,112,4
2026-04-22 02:00:00,0.0,0,7.9,29.8,0.0,2,112,4
2026-04-22 03:00:00,0.0,0,9.6,28.7,0.0,3,112,4
2026-04-22 04:00:00,0.0,0,10.0,27.8,0.0,4,112,4
2026-04-22 05:00:00,0.0,0,9.5,26.6,0.0,5,112,4
2026-04-22 06:00:00,2.0,0,9.6,26.3,0.06754829895368922,6,112,4
2026-04-22 07:00:00,95.0,0,7.3,26.8,3.451432152811244,7,112,4
2026-04-22 08:00:00,304.0,0,8.4,28.6,10.640700547744833,8,112,4
2026-04-22 09:00:00,530.0,0,7.9,31.1,18.014902944366575,9,112,4
2026-04-22 10:00:00,730.0,0,7.7,33.8,24.539873010826454,10,112,4
2026-04-22 11:00:00,881.0,0,5.9,35.5,29.793250857262148,11,112,4
2026-04-22 12:00:00,963.0,0,6.1,37.5,28.65122837584001,12,112,4
2026-04-22 13:00:00,974.0,0,8.1,38.8,33.569235590087466,13,112,4
2026-04-22 14:00:00,909.0,0,10.6,39.4,26.456766334384003,14,112,4
2026-04-22 15:00:00,773.0,0,10.7,39.6,23.17734794134142,15,112,4
2026-04-22 16:00:00,584.0,0,9.6,39.5,16.759853787279113,16,112,4
2026-04-22 17:00:00,364.0,0,7.3,38.4,10.00757966361578,17,112,4
2026-04-22 18:00:00,147.0,0,3.1,38.5,5.160647076722987,18,112,4
2026-04-22 19:00:00,12.0,0,2.1,37.6,0.3764445473256867,19,112,4
2026-04-22 20:00:00,0.0,0,3.0,36.2,0.0,20,112,4
2026-04-22 21:00:00,0.0,0,9.9,35.1,0.0,21,112,4
2026-04-22 22:00:00,0.0,0,10.3,34.0,0.0,22,112,4
2026-04-22 23:00:00,0.0,0,11.3,32.9,0.0,23,112,4
2026-04-23 00:00:00,0.0,0,9.9,31.5,0.0,0,113,4
2026-04-23 01:00:00,0.0,0,10.1,30.5,0.0,1,113,4
2026-04-23 02:00:00,0.0,0,11.0,29.5,0.0,2,113,4
2026-04-23 03:00:00,0.0,0,10.9,28.4,0.0,3,113,4
2026-04-23 04:00:00,0.0,0,10.4,27.2,0.0,4,113,4
2026-04-23 05:00:00,0.0,0,8.9,26.5,0.0,5,113,4
2026-04-23 06:00:00,2.0,0,8.1,26.1,0.06360874752274899,6,113,4
2026-04-23 07:00:00,97.0,0,6.1,26.5,2.8694100062560586,7,113,4
2026-04-23 08:00:00,305.0,0,6.2,28.2,10.207008710828879,8,113,4
2026-04-23 09:00:00,530.0,0,6.0,30.7,18.6682046752767,9,113,4
2026-04-23 10:00:00,728.0,0,5.1,33.3,23.182450417629692,10,113,4
2026-04-23 11:00:00,876.0,0,3.2,34.8,26.823583564863064,11,113,4
2026-04-23 12:00:00,959.0,0,3.8,37.0,27.048046754928812,12,113,4
2026-04-23 13:00:00,970.0,0,5.2,38.4,32.00452496870546,13,113,4
2026-04-23 14:00:00,907.0,0,7.0,39.5,27.11190494674193,14,113,4
2026-04-23 15:00:00,775.0,0,9.9,40.5,27.454965800032138,15,113,4
2026-04-23 16:00:00,589.0,0,13.5,40.8,18.601901915138022,16,113,4
2026-04-23 17:00:00,369.0,0,12.8,40.0,11.18444242920119,17,113,4
2026-04-23 18:00:00,152.0,0,10.0,39.7,5.339684207711216,18,113,4
2026-04-23 19:00:00,13.0,0,7.6,38.6,0.41769697191407384,19,113,4
2026-04-23 20:00:00,0.0,0,10.2,37.7,0.0,20,113,4
2026-04-23 21:00:00,0.0,0,11.7,37.1,0.0,21,113,4
2026-04-23 22:00:00,0.0,0,10.5,36.3,0.0,22,113,4
2026-04-23 23:00:00,0.0,0,12.2,34.1,0.0,23,113,4
2026-04-24 00:00:00,0.0,0,7.1,32.2,0.0,0,114,4
2026-04-24 01:00:00,0.0,0,6.9,31.5,0.0,1,114,4
2026-04-24 02:00:00,0.0,0,9.4,30.9,0.0,2,114,4
2026-04-24 03:00:00,0.0,0,9.0,29.9,0.0,3,114,4
2026-04-24 04:00:00,0.0,0,9.2,28.9,0.0,4,114,4
2026-04-24 05:00:00,0.0,0,9.2,28.2,0.0,5,114,4
2026-04-24 06:00:00,2.0,0,8.7,28.0,0.0659486645771075,6,114,4
2026-04-24 07:00:00,98.0,0,7.1,28.4,3.168777950754398,7,114,4
2026-04-24 08:00:00,305.0,0,7.6,30.1,9.774352270360849,8,114,4
2026-04-24 09:00:00,531.0,0,6.3,32.4,18.02939885591816,9,114,4
2026-04-24 10:00:00,731.0,0,5.9,35.2,25.26429364584327,10,114,4
2026-04-24 11:00:00,880.0,0,6.4,37.3,30.35899398595002,11,114,4
2026-04-24 12:00:00,968.0,0,7.7,39.5,29.280947616615954,12,114,4
2026-04-24 13:00:00,976.0,0,8.8,40.8,29.65569386726562,13,114,4
2026-04-24 14:00:00,910.0,0,9.5,41.6,25.05122336790668,14,114,4
2026-04-24 15:00:00,776.0,0,9.7,41.9,24.540257562206392,15,114,4
2026-04-24 16:00:00,587.0,0,10.4,41.9,17.450348161667097,16,114,4
2026-04-24 17:00:00,366.0,0,10.6,41.0,11.158938352890043,17,114,4
2026-04-24 18:00:00,147.0,0,10.1,40.5,4.396567850208576,18,114,4
2026-04-24 19:00:00,12.0,4,8.1,39.3,0.3761078861195272,19,114,4
2026-04-24 20:00:00,0.0,0,10.3,38.1,0.0,20,114,4
2026-04-24 21:00:00,0.0,0,11.2,37.2,0.0,21,114,4
2026-04-24 22:00:00,0.0,0,11.7,35.9,0.0,22,114,4
2026-04-24 23:00:00,0.0,0,11.7,34.9,0.0,23,114,4
2026-04-25 00:00:00,0.0,0,10.9,34.0,0.0,0,115,4
2026-04-25 01:00:00,0.0,0,9.9,33.0,0.0,1,115,4
2026-04-25 02:00:00,0.0,0,8.1,31.9,0.0,2,115,4
2026-04-25 03:00:00,0.0,0,9.1,30.9,0.0,3,115,4
2026-04-25 04:00:00,0.0,0,9.8,30.1,0.0,4,115,4
2026-04-25 05:00:00,0.0,0,10.1,29.5,0.0,5,115,4
2026-04-25 06:00:00,3.0,0,7.6,29.2,0.10517413243063897,6,115,4
2026-04-25 07:00:00,100.0,0,6.2,29.7,2.8520092331677813,7,115,4
2026-04-25 08:00:00,306.0,0,7.7,31.4,9.180463091940188,8,115,4
2026-04-25 09:00:00,529.0,0,7.4,33.7,16.962427408686686,9,115,4
2026-04-25 10:00:00,726.0,0,6.9,36.2,25.116520532581614,10,115,4
2026-04-25 11:00:00,872.0,0,6.0,38.2,28.74744164736644,11,115,4
2026-04-25 12:00:00,952.0,0,4.6,40.2,30.19808642804969,12,115,4
2026-04-25 13:00:00,961.0,12,3.8,41.5,26.75943835338797,13,115,4
2026-04-25 14:00:00,887.0,17,2.4,42.6,24.701607459228796,14,115,4
2026-04-25 15:00:00,732.0,22,3.5,43.1,18.398334787075285,15,115,4
2026-04-25 16:00:00,543.0,17,4.4,43.3,14.621684672163099,16,115,4
2026-04-25 17:00:00,351.0,27,1.8,42.3,9.14699901872848,17,115,4
2026-04-25 18:00:00,143.0,6,1.4,41.7,4.3576651356505804,18,115,4
2026-04-25 19:00:00,12.0,4,3.3,40.0,0.36161733602840274,19,115,4
2026-04-25 20:00:00,0.0,5,6.4,39.3,0.0,20,115,4
2026-04-25 21:00:00,0.0,2,6.5,38.9,0.0,21,115,4
2026-04-25 22:00:00,0.0,1,7.8,37.9,0.0,22,115,4
2026-04-25 23:00:00,0.0,0,11.5,35.8,0.0,23,115,4
2026-04-26 00:00:00,0.0,0,11.5,33.8,0.0,0,116,4
2026-04-26 01:00:00,0.0,0,10.9,32.9,0.0,1,116,4
2026-04-26 02:00:00,0.0,0,11.7,31.7,0.0,2,116,4
2026-04-26 03:00:00,0.0,0,11.7,30.4,0.0,3,116,4
2026-04-26 04:00:00,0.0,0,10.8,29.4,0.0,4,116,4
2026-04-26 05:00:00,0.0,0,10.1,28.9,0.0,5,116,4
2026-04-26 06:00:00,3.0,0,9.8,28.8,0.09272127246271958,6,116,4
2026-04-26 07:00:00,102.0,0,8.3,29.4,3.3483727588476624,7,116,4
2026-04-26 08:00:00,309.0,0,8.4,31.2,10.988637315323682,8,116,4
2026-04-26 09:00:00,532.0,0,5.8,33.8,16.5678365269987,9,116,4
2026-04-26 10:00:00,727.0,0,5.6,36.7,23.249936542571476,10,116,4
2026-04-26 11:00:00,872.0,0,6.6,39.1,25.43550074711775,11,116,4
2026-04-26 12:00:00,956.0,0,5.9,41.3,32.49003799879713,12,116,4
2026-04-26 13:00:00,966.0,0,6.8,42.9,29.475379259624866,13,116,4
2026-04-26 14:00:00,902.0,0,9.3,43.8,27.645931722868216,14,116,4
2026-04-26 15:00:00,772.0,0,12.1,44.1,25.09930870388697,15,116,4
2026-04-26 16:00:00,588.0,0,14.4,43.7,18.135634811668847,16,116,4
2026-04-26 17:00:00,368.0,0,13.9,42.4,10.65280942245953,17,116,4
2026-04-26 18:00:00,150.0,0,8.5,42.1,4.540964367552186,18,116,4
2026-04-26 19:00:00,13.0,0,6.6,40.8,0.3916077715880219,19,116,4
2026-04-26 20:00:00,0.0,0,8.5,39.3,0.0,20,116,4
2026-04-26 21:00:00,0.0,0,10.0,38.2,0.0,21,116,4
2026-04-26 22:00:00,0.0,0,12.6,37.4,0.0,22,116,4
2026-04-26 23:00:00,0.0,0,12.3,36.0,0.0,23,116,4
2026-04-27 00:00:00,0.0,0,11.9,35.1,0.0,0,117,4
2026-04-27 01:00:00,0.0,0,12.2,34.3,0.0,1,117,4
2026-04-27 02:00:00,0.0,0,10.3,33.3,0.0,2,117,4
2026-04-27 03:00:00,0.0,0,9.8,32.0,0.0,3,117,4
2026-04-27 04:00:00,0.0,0,10.7,31.1,0.0,4,117,4
2026-04-27 05:00:00,0.0,0,10.9,30.3,0.0,5,117,4
2026-04-27 06:00:00,3.0,0,11.0,30.0,0.10851575238632219,6,117,4
2026-04-27 07:00:00,104.0,0,7.9,30.4,3.2571924185748693,7,117,4
2026-04-27 08:00:00,313.0,0,8.0,32.0,10.257761139557884,8,117,4
2026-04-27 09:00:00,538.0,0,8.1,34.3,16.380109941481756,9,117,4
2026-04-27 10:00:00,734.0,0,7.6,36.7,23.739842609509058,10,117,4
2026-04-27 11:00:00,880.0,0,7.1,38.5,27.684963294428556,11,117,4
2026-04-27 12:00:00,959.0,0,8.0,40.6,30.474108847256943,12,117,4
2026-04-27 13:00:00,967.0,0,9.9,42.1,28.954309431524628,13,117,4
2026-04-27 14:00:00,902.0,0,14.2,43.0,25.892375423336695,14,117,4
2026-04-27 15:00:00,770.0,1,15.3,43.0,22.81139057368075,15,117,4
2026-04-27 16:00:00,584.0,0,16.8,43.5,18.771090091681636,16,117,4
2026-04-27 17:00:00,367.0,0,15.4,42.6,11.597950258954663,17,117,4
2026-04-27 18:00:00,149.0,0,18.2,41.6,5.130124504845645,18,117,4
2026-04-27 19:00:00,13.0,0,18.0,39.5,0.38008682022285245,19,117,4
2026-04-27 20:00:00,0.0,0,13.0,38.4,0.0,20,117,4
2026-04-27 21:00:00,0.0,0,13.2,35.7,0.0,21,117,4
2026-04-27 22:00:00,0.0,0,11.0,34.5,0.0,22,117,4
2026-04-27 23:00:00,0.0,0,8.5,33.3,0.0,23,117,4
2026-04-28 00:00:00,0.0,0,8.4,32.9,0.0,0,118,4
2026-04-28 01:00:00,0.0,0,9.2,32.3,0.0,1,118,4
2026-04-28 02:00:00,0.0,0,9.6,31.5,0.0,2,118,4
2026-04-28 03:00:00,0.0,0,9.2,30.4,0.0,3,118,4
2026-04-28 04:00:00,0.0,0,6.8,29.5,0.0,4,118,4
2026-04-28 05:00:00,0.0,0,6.1,28.7,0.0,5,118,4
2026-04-28 06:00:00,4.0,0,5.1,28.7,0.11824231060328463,6,118,4
2026-04-28 07:00:00,105.0,0,3.3,29.1,3.302278039656695,7,118,4
2026-04-28 08:00:00,312.0,0,4.0,30.6,9.538639672239379,8,118,4
2026-04-28 09:00:00,534.0,0,5.3,32.7,17.55173911891856,9,118,4
2026-04-28 10:00:00,731.0,0,5.7,35.2,23.156454350208172,10,118,4
2026-04-28 11:00:00,877.0,0,5.8,36.6,26.89129979357633,11,118,4
2026-04-28 12:00:00,955.0,0,7.7,38.7,27.624922815909944,12,118,4
2026-04-28 13:00:00,964.0,0,10.1,40.5,31.677468875028893,13,118,4
2026-04-28 14:00:00,865.0,19,13.0,41.3,26.973669378140674,14,118,4
2026-04-28 15:00:00,725.0,5,11.6,42.3,22.75709524714322,15,118,4
2026-04-28 16:00:00,578.0,5,17.2,42.8,17.225917498474534,16,118,4
2026-04-28 17:00:00,364.0,0,16.8,41.8,11.75174871992902,17,118,4
2026-04-28 18:00:00,150.0,0,16.5,41.5,4.545146180182401,18,118,4
2026-04-28 19:00:00,14.0,0,14.9,38.0,0.46845206552076807,19,118,4
2026-04-28 20:00:00,0.0,1,12.1,35.3,0.0,20,118,4
2026-04-28 21:00:00,0.0,0,11.5,34.1,0.0,21,118,4
2026-04-28 22:00:00,0.0,0,10.2,32.8,0.0,22,118,4
2026-04-28 23:00:00,0.0,0,10.3,32.3,0.0,23,118,4
2026-04-29 00:00:00,0.0,0,10.1,32.2,0.0,0,119,4
2026-04-29 01:00:00,0.0,0,9.5,31.1,0.0,1,119,4
2026-04-29 02:00:00,0.0,0,9.5,30.1,0.0,2,119,4
2026-04-29 03:00:00,0.0,0,9.4,29.3,0.0,3,119,4
2026-04-29 04:00:00,0.0,0,8.6,28.5,0.0,4,119,4
2026-04-29 05:00:00,0.0,0,7.1,28.5,0.0,5,119,4
2026-04-29 06:00:00,4.0,0,6.2,28.4,0.14035198476983213,6,119,4
2026-04-29 07:00:00,106.0,0,5.0,29.0,4.057493405463168,7,119,4
2026-04-29 08:00:00,312.0,0,6.9,30.8,9.985398508436838,8,119,4
2026-04-29 09:00:00,531.0,0,8.5,32.7,18.57666487387014,9,119,4
2026-04-29 10:00:00,725.0,0,8.6,34.8,23.558492100411897,10,119,4
2026-04-29 11:00:00,870.0,0,9.0,36.4,27.379224914882084,11,119,4
2026-04-29 12:00:00,950.0,0,9.9,38.4,29.69041630791054,12,119,4
2026-04-29 13:00:00,960.0,0,12.0,39.9,29.269717812774186,13,119,4
2026-04-29 14:00:00,895.0,15,14.2,40.7,25.766564679751365,14,119,4
2026-04-29 15:00:00,738.0,7,13.8,41.9,21.71569466989929,15,119,4
2026-04-29 16:00:00,566.0,62,19.5,41.9,11.464426997479402,16,119,4
2026-04-29 17:00:00,324.0,5,20.1,41.4,9.507022876063374,17,119,4
2026-04-29 18:00:00,148.0,0,19.2,36.6,4.588911425745539,18,119,4
2026-04-29 19:00:00,14.0,1,12.9,34.3,0.4664938838375088,19,119,4
2026-04-29 20:00:00,0.0,0,13.5,33.0,0.0,20,119,4
2026-04-29 21:00:00,0.0,0,9.6,31.9,0.0,21,119,4
2026-04-29 22:00:00,0.0,0,8.2,31.5,0.0,22,119,4
2026-04-29 23:00:00,0.0,0,10.0,31.4,0.0,23,119,4
2026-04-30 00:00:00,0.0,0,10.6,31.7,0.0,0,120,4
2026-04-30 01:00:00,0.0,0,10.6,31.1,0.0,1,120,4
2026-04-30 02:00:00,0.0,0,9.7,30.2,0.0,2,120,4
2026-04-30 03:00:00,0.0,0,8.6,29.4,0.0,3,120,4
2026-04-30 04:00:00,0.0,0,8.6,28.7,0.0,4,120,4
2026-04-30 05:00:00,0.0,0,8.4,28.2,0.0,5,120,4
2026-04-30 06:00:00,4.0,0,7.1,28.1,0.13776995272886008,6,120,4
2026-04-30 07:00:00,105.0,0,7.5,28.6,3.310931621155883,7,120,4
2026-04-30 08:00:00,308.0,0,8.7,30.1,9.341845459653742,8,120,4
2026-04-30 09:00:00,526.0,0,8.7,32.0,17.258138231622386,9,120,4
2026-04-30 10:00:00,718.0,0,9.3,34.0,22.74740186490265,10,120,4
2026-04-30 11:00:00,861.0,0,10.2,35.4,27.72938569576268,11,120,4
2026-04-30 12:00:00,940.0,0,11.0,37.4,30.33991321381009,12,120,4
2026-04-30 13:00:00,949.0,0,12.3,39.0,30.611312176229546,13,120,4
2026-04-30 14:00:00,887.0,0,12.4,40.1,27.99603411353019,14,120,4
2026-04-30 15:00:00,757.0,21,13.0,40.8,22.609988375922743,15,120,4
2026-04-30 16:00:00,544.0,24,14.0,40.9,14.364411976292995,16,120,4
2026-04-30 17:00:00,319.0,21,15.0,39.1,8.065094374853736,17,120,4
2026-04-30 18:00:00,136.0,19,17.2,36.6,3.879592636185093,18,120,4
2026-04-30 19:00:00,13.0,1,15.7,33.5,0.4186014878613139,19,120,4
2026-04-30 20:00:00,0.0,0,12.5,32.4,0.0,20,120,4
2026-04-30 21:00:00,0.0,0,10.8,31.7,0.0,21,120,4
2026-04-30 22:00:00,0.0,0,6.8,31.4,0.0,22,120,4
2026-04-30 23:00:00,0.0,0,7.4,30.9,0.0,23,120,4
2026-05-01 00:00:00,0.0,0,7.7,30.9,0.0,0,121,5
2026-05-01 01:00:00,0.0,0,7.4,30.5,0.0,1,121,5
2026-05-01 02:00:00,0.0,0,7.5,30.0,0.0,2,121,5
2026-05-01 03:00:00,0.0,0,9.4,29.4,0.0,3,121,5
2026-05-01 04:00:00,0.0,0,10.9,28.9,0.0,4,121,5
2026-05-01 05:00:00,0.0,0,9.6,28.2,0.0,5,121,5
2026-05-01 06:00:00,4.0,0,8.2,28.1,0.12193273630503942,6,121,5
2026-05-01 07:00:00,107.0,0,8.2,28.6,3.6490915049491957,7,121,5
2026-05-01 08:00:00,309.0,0,9.7,30.1,9.229415150588993,8,121,5
2026-05-01 09:00:00,526.0,0,9.1,32.0,17.71187042996445,9,121,5
2026-05-01 10:00:00,717.0,0,8.6,34.2,21.245128601744547,10,121,5
2026-05-01 11:00:00,859.0,0,8.9,36.0,27.431138131030018,11,121,5
2026-05-01 12:00:00,937.0,0,9.7,38.3,28.456015847325396,12,121,5
2026-05-01 13:00:00,945.0,0,10.6,40.2,29.36462321307018,13,121,5
2026-05-01 14:00:00,884.0,16,12.8,41.4,23.125465645589763,14,121,5
2026-05-01 15:00:00,705.0,23,13.7,41.9,20.102783647389764,15,121,5
2026-05-01 16:00:00,521.0,31,12.8,42.3,13.04662572670363,16,121,5
2026-05-01 17:00:00,324.0,5,17.4,42.1,10.077100398650956,17,121,5
2026-05-01 18:00:00,145.0,2,20.2,34.9,4.597033369119389,18,121,5
2026-05-01 19:00:00,14.0,5,16.3,33.0,0.4564428549735769,19,121,5
2026-05-01 20:00:00,0.0,1,13.6,31.6,0.0,20,121,5
2026-05-01 21:00:00,0.0,0,10.7,30.7,0.0,21,121,5
2026-05-01 22:00:00,0.0,0,9.8,30.2,0.0,22,121,5
2026-05-01 23:00:00,0.0,0,7.6,30.2,0.0,23,121,5
2026-05-02 00:00:00,0.0,0,6.5,30.1,0.0,0,122,5
2026-05-02 01:00:00,0.0,0,5.9,29.8,0.0,1,122,5
2026-05-02 02:00:00,0.0,0,6.1,29.6,0.0,2,122,5
2026-05-02 03:00:00,0.0,0,9.4,29.6,0.0,3,122,5
2026-05-02 04:00:00,0.0,0,9.8,29.2,0.0,4,122,5
2026-05-02 05:00:00,0.0,0,10.3,28.2,0.0,5,122,5
2026-05-02 06:00:00,5.0,0,9.8,28.1,0.15730240844216478,6,122,5
2026-05-02 07:00:00,109.0,0,9.6,28.8,3.813747567581315,7,122,5
2026-05-02 08:00:00,312.0,0,10.5,30.6,9.89781320131795,8,122,5
2026-05-02 09:00:00,531.0,0,10.5,32.7,16.849458432723612,9,122,5
2026-05-02 10:00:00,723.0,0,10.6,35.0,25.332586323817814,10,122,5
2026-05-02 11:00:00,866.0,0,11.7,36.6,27.50699955593749,11,122,5
2026-05-02 12:00:00,947.0,0,12.2,38.9,29.733081160471627,12,122,5
2026-05-02 13:00:00,956.0,22,14.2,40.8,27.99492146136854,13,122,5
2026-05-02 14:00:00,796.0,33,16.3,41.7,21.139257079805056,14,122,5
2026-05-02 15:00:00,679.0,2,15.7,43.3,23.076346492636443,15,122,5
2026-05-02 16:00:00,571.0,14,20.8,43.5,17.0711261279361,16,122,5
2026-05-02 17:00:00,349.0,15,18.2,38.7,10.706313389647303,17,122,5
2026-05-02 18:00:00,145.0,0,19.2,35.6,4.850779503820865,18,122,5
2026-05-02 19:00:00,15.0,0,15.3,33.4,0.4555808449307646,19,122,5
2026-05-02 20:00:00,0.0,0,14.5,31.8,0.0,20,122,5
2026-05-02 21:00:00,0.0,0,11.1,31.0,0.0,21,122,5
2026-05-02 22:00:00,0.0,0,8.9,30.6,0.0,22,122,5
2026-05-02 23:00:00,0.0,0,9.1,29.8,0.0,23,122,5
2026-05-03 00:00:00,0.0,0,10.7,30.4,0.0,0,123,5
2026-05-03 01:00:00,0.0,0,11.4,30.5,0.0,1,123,5
2026-05-03 02:00:00,0.0,0,11.2,29.8,0.0,2,123,5
2026-05-03 03:00:00,0.0,0,9.9,29.1,0.0,3,123,5
2026-05-03 04:00:00,0.0,0,9.6,28.7,0.0,4,123,5
2026-05-03 05:00:00,0.0,0,9.1,28.3,0.0,5,123,5
2026-05-03 06:00:00,5.0,0,9.2,28.0,0.16977497901728414,6,123,5
2026-05-03 07:00:00,115.0,0,8.8,28.6,3.809441083603286,7,123,5
2026-05-03 08:00:00,323.0,0,11.3,30.3,10.051835480935692,8,123,5
2026-05-03 09:00:00,544.0,0,11.0,32.2,18.655003104084848,9,123,5
2026-05-03 10:00:00,737.0,0,11.2,34.4,24.88328292991611,10,123,5
2026-05-03 11:00:00,881.0,0,11.8,35.6,31.05330435934056,11,123,5
2026-05-03 12:00:00,956.0,0,13.1,37.9,32.12209143244603,12,123,5
2026-05-03 13:00:00,962.0,0,13.8,39.6,27.998256827950716,13,123,5
2026-05-03 14:00:00,896.0,0,14.4,40.7,24.99847261215727,14,123,5
2026-05-03 15:00:00,766.0,5,13.3,41.8,22.263749463413244,15,123,5
2026-05-03 16:00:00,586.0,20,15.2,42.0,16.783823868771222,16,123,5
2026-05-03 17:00:00,345.0,9,19.1,37.9,10.074407569724645,17,123,5
2026-05-03 18:00:00,142.0,2,18.0,34.8,4.809184609335479,18,123,5
2026-05-03 19:00:00,15.0,0,14.9,32.4,0.43260714941515194,19,123,5
2026-05-03 20:00:00,0.0,0,13.9,31.4,0.0,20,123,5
2026-05-03 21:00:00,0.0,0,8.5,30.7,0.0,21,123,5
2026-05-03 22:00:00,0.0,0,5.8,30.6,0.0,22,123,5
2026-05-03 23:00:00,0.0,0,5.4,30.3,0.0,23,123,5
2026-05-04 00:00:00,0.0,0,5.4,30.4,0.0,0,124,5
2026-05-04 01:00:00,0.0,0,5.2,29.8,0.0,1,124,5
2026-05-04 02:00:00,0.0,0,8.0,29.6,0.0,2,124,5
2026-05-04 03:00:00,0.0,0,7.8,29.1,0.0,3,124,5
2026-05-04 04:00:00,0.0,0,9.3,28.7,0.0,4,124,5
2026-05-04 05:00:00,0.0,28,8.6,28.5,0.0,5,124,5
2026-05-04 06:00:00,5.0,3,10.1,28.5,0.1806900840857099,6,124,5
2026-05-04 07:00:00,108.0,41,11.1,28.8,2.698959055647375,7,124,5
2026-05-04 08:00:00,291.0,25,9.0,29.9,7.234344351202493,8,124,5
2026-05-04 09:00:00,486.0,9,8.3,31.4,14.738987930233174,9,124,5
2026-05-04 10:00:00,693.0,5,8.0,33.1,20.470844851485126,10,124,5
2026-05-04 11:00:00,845.0,1,9.4,34.2,26.73169162575262,11,124,5
2026-05-04 12:00:00,928.0,1,10.2,36.2,29.070420623937682,12,124,5
2026-05-04 13:00:00,939.0,0,10.9,37.6,28.499944428609503,13,124,5
2026-05-04 14:00:00,878.0,26,11.3,38.9,24.262948189270894,14,124,5
2026-05-04 15:00:00,702.0,34,11.0,39.6,16.376643810592483,15,124,5
2026-05-04 16:00:00,503.0,33,11.8,40.0,13.123869965765287,16,124,5
2026-05-04 17:00:00,284.0,55,14.6,37.5,5.88468363456854,17,124,5
2026-05-04 18:00:00,107.0,52,16.2,35.9,2.572754026548913,18,124,5
2026-05-04 19:00:00,13.0,8,16.2,34.0,0.38573743024278057,19,124,5
2026-05-04 20:00:00,0.0,4,16.6,31.4,0.0,20,124,5
2026-05-04 21:00:00,0.0,0,13.4,30.3,0.0,21,124,5
2026-05-04 22:00:00,0.0,0,12.9,29.8,0.0,22,124,5
2026-05-04 23:00:00,0.0,0,10.3,29.4,0.0,23,124,5
2026-05-05 00:00:00,0.0,0,9.9,29.3,0.0,0,125,5
2026-05-05 01:00:00,0.0,0,9.4,29.0,0.0,1,125,5
2026-05-05 02:00:00,0.0,0,7.9,28.9,0.0,2,125,5
2026-05-05 03:00:00,0.0,0,9.4,28.8,0.0,3,125,5
2026-05-05 04:00:00,0.0,0,10.1,28.4,0.0,4,125,5
2026-05-05 05:00:00,0.0,0,10.3,27.9,0.0,5,125,5
2026-05-05 06:00:00,6.0,0,9.5,27.8,0.20357715730497042,6,125,5
2026-05-05 07:00:00,111.0,0,8.7,28.3,3.2219743501893694,7,125,5
2026-05-05 08:00:00,312.0,0,9.8,29.6,10.158272871753466,8,125,5
2026-05-05 09:00:00,529.0,0,9.9,31.3,15.61767289743155,9,125,5
2026-05-05 10:00:00,721.0,0,7.7,33.2,21.23722552833779,10,125,5
2026-05-05 11:00:00,863.0,11,7.0,34.0,26.380148665750443,11,125,5
2026-05-05 12:00:00,919.0,16,7.2,35.7,27.898632324744792,12,125,5
2026-05-05 13:00:00,882.0,18,9.0,36.9,27.803255562531294,13,125,5
2026-05-05 14:00:00,841.0,23,7.6,38.2,22.333290900496905,14,125,5
2026-05-05 15:00:00,665.0,25,5.6,38.9,18.45696200607303,15,125,5
2026-05-05 16:00:00,462.0,27,4.8,39.3,12.055330885450267,16,125,5
2026-05-05 17:00:00,326.0,9,7.6,38.9,9.308633478697995,17,125,5
2026-05-05 18:00:00,149.0,5,6.1,38.9,4.890146125361775,18,125,5
2026-05-05 19:00:00,16.0,4,5.8,37.7,0.546490472997914,19,125,5
2026-05-05 20:00:00,0.0,0,6.4,36.6,0.0,20,125,5
2026-05-05 21:00:00,0.0,0,9.0,33.8,0.0,21,125,5
2026-05-05 22:00:00,0.0,0,10.9,31.1,0.0,22,125,5
2026-05-05 23:00:00,0.0,0,6.4,30.4,0.0,23,125,5
2026-05-06 00:00:00,0.0,0,2.3,29.4,0.0,0,126,5
2026-05-06 01:00:00,0.0,0,3.2,29.1,0.0,1,126,5
2026-05-06 02:00:00,0.0,0,3.2,28.6,0.0,2,126,5
2026-05-06 03:00:00,0.0,0,5.5,28.2,0.0,3,126,5
2026-05-06 04:00:00,0.0,0,5.9,27.6,0.0,4,126,5
2026-05-06 05:00:00,0.0,0,5.6,27.2,0.0,5,126,5
2026-05-06 06:00:00,6.0,3,5.2,27.4,0.1919434792593792,6,126,5
2026-05-06 07:00:00,112.0,13,5.9,28.2,3.4569781883834696,7,126,5
2026-05-06 08:00:00,296.0,5,7.2,29.9,9.25427604759566,8,126,5
2026-05-06 09:00:00,511.0,2,6.6,31.9,16.353864889122335,9,126,5
2026-05-06 10:00:00,713.0,0,5.8,34.4,22.5272724678346,10,126,5
2026-05-06 11:00:00,853.0,10,4.2,35.6,27.79356328814438,11,126,5
2026-05-06 12:00:00,877.0,24,2.5,37.3,22.235272407738517,12,126,5
2026-05-06 13:00:00,879.0,31,4.2,38.6,21.5084313273206,13,126,5
2026-05-06 14:00:00,641.0,34,6.5,38.5,18.57410875192138,14,126,5
2026-05-06 15:00:00,632.0,27,4.1,39.0,17.951942325102852,15,126,5
2026-05-06 16:00:00,444.0,12,1.8,39.3,12.453120784364296,16,126,5
2026-05-06 17:00:00,338.0,14,1.1,39.3,9.050780493161223,17,126,5
2026-05-06 18:00:00,145.0,33,1.1,39.3,3.6280161250691223,18,126,5
2026-05-06 19:00:00,15.0,19,3.7,38.2,0.43420908446509865,19,126,5
2026-05-06 20:00:00,0.0,28,5.2,37.5,0.0,20,126,5
2026-05-06 21:00:00,0.0,10,4.2,36.8,0.0,21,126,5
2026-05-06 22:00:00,0.0,5,8.7,35.5,0.0,22,126,5
2026-05-06 23:00:00,0.0,7,5.0,34.7,0.0,23,126,5
2026-05-07 00:00:00,0.0,1,8.2,33.4,0.0,0,127,5
2026-05-07 01:00:00,0.0,0,7.0,32.2,0.0,1,127,5
2026-05-07 02:00:00,0.0,0,5.6,31.8,0.0,2,127,5
2026-05-07 03:00:00,0.0,0,6.1,31.2,0.0,3,127,5
2026-05-07 04:00:00,0.0,0,8.1,30.7,0.0,4,127,5
2026-05-07 05:00:00,0.0,0,9.2,30.0,0.0,5,127,5
2026-05-07 06:00:00,7.0,0,7.9,30.1,0.2604809444206989,6,127,5
2026-05-07 07:00:00,116.0,0,8.3,30.4,3.773264915638502,7,127,5
2026-05-07 08:00:00,319.0,0,8.2,31.5,10.841284823194064,8,127,5
2026-05-07 09:00:00,534.0,0,6.3,33.6,17.017579933145758,9,127,5
2026-05-07 10:00:00,723.0,0,5.1,36.0,24.292794021004603,10,127,5
2026-05-07 11:00:00,864.0,9,3.9,37.8,23.818610980025102,11,127,5
2026-05-07 12:00:00,915.0,12,5.0,39.9,24.80157380936911,12,127,5
2026-05-07 13:00:00,920.0,11,6.8,40.9,27.34678077302002,13,127,5
2026-05-07 14:00:00,843.0,2,8.5,41.2,25.63913704342201,14,127,5
2026-05-07 15:00:00,764.0,1,8.6,41.5,23.567169849231167,15,127,5
2026-05-07 16:00:00,582.0,0,7.6,41.4,18.245414469390788,16,127,5
2026-05-07 17:00:00,369.0,0,4.9,40.9,12.296724957917839,17,127,5
2026-05-07 18:00:00,158.0,0,5.2,40.8,4.853875518479313,18,127,5
2026-05-07 19:00:00,17.0,0,7.1,40.1,0.5328793208195698,19,127,5
2026-05-07 20:00:00,0.0,0,6.5,39.2,0.0,20,127,5
2026-05-07 21:00:00,0.0,0,6.7,38.2,0.0,21,127,5
2026-05-07 22:00:00,0.0,0,11.8,35.1,0.0,22,127,5
2026-05-07 23:00:00,0.0,0,9.8,33.6,0.0,23,127,5
2026-05-08 00:00:00,0.0,0,11.9,34.0,0.0,0,128,5
2026-05-08 01:00:00,0.0,0,10.9,33.0,0.0,1,128,5
2026-05-08 02:00:00,0.0,0,9.4,31.8,0.0,2,128,5
2026-05-08 03:00:00,0.0,0,8.5,30.8,0.0,3,128,5
2026-05-08 04:00:00,0.0,0,8.1,30.0,0.0,4,128,5
2026-05-08 05:00:00,0.0,0,8.6,30.3,0.0,5,128,5
2026-05-08 06:00:00,7.0,0,8.7,29.9,0.2173819106249781,6,128,5
2026-05-08 07:00:00,121.0,0,7.9,30.4,3.8614378186122935,7,128,5
2026-05-08 08:00:00,330.0,0,8.7,32.1,12.021039596302007,8,128,5
2026-05-08 09:00:00,551.0,0,6.4,34.2,17.27250539156458,9,128,5
2026-05-08 10:00:00,744.0,0,4.5,36.6,25.873748602757825,10,128,5
2026-05-08 11:00:00,885.0,0,4.5,38.1,32.46657010503944,11,128,5
2026-05-08 12:00:00,960.0,0,4.9,40.1,32.235928186363076,12,128,5
2026-05-08 13:00:00,967.0,0,5.5,41.3,31.571523395332548,13,128,5
2026-05-08 14:00:00,903.0,0,7.0,42.0,28.972078874930716,14,128,5
2026-05-08 15:00:00,774.0,0,7.7,42.2,22.33188509993054,15,128,5
2026-05-08 16:00:00,590.0,0,7.6,42.1,18.562947999688692,16,128,5
2026-05-08 17:00:00,374.0,0,9.0,41.4,11.545532911630739,17,128,5
2026-05-08 18:00:00,161.0,0,9.3,40.9,5.223586555532603,18,128,5
2026-05-08 19:00:00,18.0,0,9.3,39.9,0.5802926693670031,19,128,5
2026-05-08 20:00:00,0.0,0,10.3,39.1,0.0,20,128,5
2026-05-08 21:00:00,0.0,0,6.5,38.8,0.0,21,128,5
2026-05-08 22:00:00,0.0,0,6.1,37.2,0.0,22,128,5
2026-05-08 23:00:00,0.0,0,12.9,35.0,0.0,23,128,5
2026-05-09 00:00:00,0.0,0,13.8,34.2,0.0,0,129,5
2026-05-09 01:00:00,0.0,0,13.7,32.5,0.0,1,129,5
2026-05-09 02:00:00,0.0,0,11.3,31.1,0.0,2,129,5
2026-05-09 03:00:00,0.0,0,10.6,30.3,0.0,3,129,5
2026-05-09 04:00:00,0.0,0,10.5,29.7,0.0,4,129,5
2026-05-09 05:00:00,0.0,0,10.5,29.5,0.0,5,129,5
2026-05-09 06:00:00,7.0,0,9.7,29.4,0.24246415512041258,6,129,5
2026-05-09 07:00:00,120.0,0,7.8,29.9,4.124270752765501,7,129,5
2026-05-09 08:00:00,326.0,0,8.1,31.7,11.117279674011172,8,129,5
2026-05-09 09:00:00,544.0,0,9.1,34.2,18.403791509915628,9,129,5
2026-05-09 10:00:00,734.0,0,9.3,36.7,22.962189251100376,10,129,5
2026-05-09 11:00:00,874.0,0,9.4,38.7,30.88852799887807,11,129,5
2026-05-09 12:00:00,952.0,8,8.4,40.8,27.604253823624045,12,129,5
2026-05-09 13:00:00,911.0,4,8.3,42.0,29.92890716255327,13,129,5
2026-05-09 14:00:00,858.0,0,9.8,42.7,27.17948700294051,14,129,5
2026-05-09 15:00:00,772.0,5,11.1,43.0,24.012512400879686,15,129,5
2026-05-09 16:00:00,583.0,1,11.1,43.0,18.808898883462472,16,129,5
2026-05-09 17:00:00,355.0,0,11.0,42.2,9.551294815913742,17,129,5
2026-05-09 18:00:00,158.0,0,9.8,41.6,5.182646236109774,18,129,5
2026-05-09 19:00:00,18.0,0,8.2,40.3,0.5764246203246469,19,129,5
2026-05-09 20:00:00,0.0,0,10.2,39.5,0.0,20,129,5
2026-05-09 21:00:00,0.0,0,9.0,38.0,0.0,21,129,5
2026-05-09 22:00:00,0.0,0,9.7,37.0,0.0,22,129,5
2026-05-09 23:00:00,0.0,0,8.7,35.7,0.0,23,129,5
2026-05-10 00:00:00,0.0,0,11.6,34.4,0.0,0,130,5
2026-05-10 01:00:00,0.0,0,12.8,33.7,0.0,1,130,5
2026-05-10 02:00:00,0.0,0,12.6,32.3,0.0,2,130,5
2026-05-10 03:00:00,0.0,7,12.8,31.3,0.0,3,130,5
2026-05-10 04:00:00,0.0,7,13.0,30.7,0.0,4,130,5
2026-05-10 05:00:00,0.0,0,10.8,30.4,0.0,5,130,5
2026-05-10 06:00:00,7.0,0,9.3,30.2,0.24853454152910606,6,130,5
2026-05-10 07:00:00,120.0,0,7.6,30.5,3.9507466217627187,7,130,5
2026-05-10 08:00:00,323.0,0,5.4,31.7,9.924399269304704,8,130,5
2026-05-10 09:00:00,536.0,0,5.3,33.5,16.30089880750536,9,130,5
2026-05-10 10:00:00,726.0,0,5.5,35.7,23.905897133517588,10,130,5
2026-05-10 11:00:00,868.0,0,4.2,37.4,25.586205553371297,11,130,5
2026-05-10 12:00:00,947.0,0,5.3,39.8,27.26001888507655,12,130,5
2026-05-10 13:00:00,955.0,0,6.3,41.5,30.605635606422613,13,130,5
2026-05-10 14:00:00,887.0,20,6.8,42.7,25.47140707276203,14,130,5
2026-05-10 15:00:00,676.0,13,7.4,43.0,19.86414608695366,15,130,5
2026-05-10 16:00:00,562.0,2,8.3,43.1,18.5964891282925,16,130,5
2026-05-10 17:00:00,363.0,0,7.4,42.2,11.648226712261,17,130,5
2026-05-10 18:00:00,159.0,0,5.2,42.1,5.1759944726149225,18,130,5
2026-05-10 19:00:00,18.0,0,0.9,41.4,0.549386807544065,19,130,5
2026-05-10 20:00:00,0.0,0,7.0,40.3,0.0,20,130,5
2026-05-10 21:00:00,0.0,0,10.5,39.1,0.0,21,130,5
2026-05-10 22:00:00,0.0,0,12.4,38.1,0.0,22,130,5
2026-05-10 23:00:00,0.0,0,13.8,36.4,0.0,23,130,5
2026-05-11 00:00:00,0.0,0,14.2,35.5,0.0,0,131,5
2026-05-11 01:00:00,0.0,0,15.2,34.6,0.0,1,131,5
2026-05-11 02:00:00,0.0,0,12.8,34.1,0.0,2,131,5
2026-05-11 03:00:00,0.0,0,11.5,33.3,0.0,3,131,5
2026-05-11 04:00:00,0.0,0,11.4,32.4,0.0,4,131,5
2026-05-11 05:00:00,0.0,0,12.0,31.5,0.0,5,131,5
2026-05-11 06:00:00,8.0,0,9.9,31.2,0.28400832559400996,6,131,5
2026-05-11 07:00:00,121.0,0,7.6,31.7,3.7310708661788827,7,131,5
2026-05-11 08:00:00,325.0,0,6.1,33.3,10.215544105922287,8,131,5
2026-05-11 09:00:00,540.0,0,5.3,35.3,16.370658284273276,9,131,5
2026-05-11 10:00:00,728.0,0,6.0,37.6,23.3316652283115,10,131,5
2026-05-11 11:00:00,867.0,0,6.5,39.6,27.670305178480074,11,131,5
2026-05-11 12:00:00,943.0,0,7.3,41.7,28.618268964996815,12,131,5
2026-05-11 13:00:00,956.0,2,7.0,43.1,32.13191709765338,13,131,5
2026-05-11 14:00:00,879.0,5,5.5,44.0,28.860792744758445,14,131,5
2026-05-11 15:00:00,743.0,5,5.2,44.4,21.39729511966589,15,131,5
2026-05-11 16:00:00,572.0,55,3.6,44.6,10.914910824350851,16,131,5
2026-05-11 17:00:00,338.0,0,6.3,43.6,10.938881146331845,17,131,5
2026-05-11 18:00:00,159.0,0,5.5,43.4,4.770068558682197,18,131,5
2026-05-11 19:00:00,19.0,0,3.5,42.0,0.6192415599694495,19,131,5
2026-05-11 20:00:00,0.0,0,4.6,41.0,0.0,20,131,5
2026-05-11 21:00:00,0.0,0,8.4,40.0,0.0,21,131,5
2026-05-11 22:00:00,0.0,0,12.6,38.8,0.0,22,131,5
2026-05-11 23:00:00,0.0,0,10.8,37.1,0.0,23,131,5
2026-05-12 00:00:00,0.0,0,11.0,35.5,0.0,0,132,5
2026-05-12 01:00:00,0.0,0,11.7,34.3,0.0,1,132,5
2026-05-12 02:00:00,0.0,0,12.8,33.1,0.0,2,132,5
2026-05-12 03:00:00,0.0,0,13.6,32.0,0.0,3,132,5
2026-05-12 04:00:00,0.0,0,11.5,31.2,0.0,4,132,5
2026-05-12 05:00:00,0.0,0,9.2,30.9,0.0,5,132,5
2026-05-12 06:00:00,8.0,0,8.2,30.6,0.2684200836307633,6,132,5
2026-05-12 07:00:00,120.0,0,7.3,31.0,3.983967618715472,7,132,5
2026-05-12 08:00:00,322.0,0,6.6,32.6,10.901413572736127,8,132,5
2026-05-12 09:00:00,536.0,0,6.8,34.9,17.96140640134015,9,132,5
2026-05-12 10:00:00,724.0,0,7.7,37.5,22.81029852190705,10,132,5
2026-05-12 11:00:00,865.0,0,6.7,39.6,23.778670350102068,11,132,5
2026-05-12 12:00:00,953.0,0,7.0,41.6,27.418466310804533,12,132,5
2026-05-12 13:00:00,961.0,0,7.7,42.9,27.228481534856765,13,132,5
2026-05-12 14:00:00,899.0,0,8.5,43.6,25.894495893767218,14,132,5
2026-05-12 15:00:00,775.0,0,8.5,43.9,24.72608920752996,15,132,5
2026-05-12 16:00:00,594.0,1,8.5,43.7,18.412775880987613,16,132,5
2026-05-12 17:00:00,378.0,1,7.9,43.4,11.424174569452074,17,132,5
2026-05-12 18:00:00,164.0,1,9.0,42.5,5.143361224070701,18,132,5
2026-05-12 19:00:00,20.0,1,9.0,41.5,0.6359686943002206,19,132,5
2026-05-12 20:00:00,0.0,2,6.0,41.4,0.0,20,132,5
2026-05-12 21:00:00,0.0,2,3.7,40.7,0.0,21,132,5
2026-05-12 22:00:00,0.0,1,6.1,39.3,0.0,22,132,5
2026-05-12 23:00:00,0.0,0,10.6,36.9,0.0,23,132,5
2026-05-13 00:00:00,0.0,1,10.6,35.6,0.0,0,133,5
2026-05-13 01:00:00,0.0,5,11.1,34.3,0.0,1,133,5
2026-05-13 02:00:00,0.0,0,10.9,33.2,0.0,2,133,5
2026-05-13 03:00:00,0.0,0,10.2,32.3,0.0,3,133,5
2026-05-13 04:00:00,0.0,0,9.8,31.5,0.0,4,133,5
2026-05-13 05:00:00,0.0,0,8.4,30.8,0.0,5,133,5
2026-05-13 06:00:00,9.0,8,7.0,30.2,0.2971131338433969,6,133,5
2026-05-13 07:00:00,124.0,6,5.7,30.7,3.8014328009796157,7,133,5
2026-05-13 08:00:00,328.0,1,4.2,32.2,11.272539831316772,8,133,5
2026-05-13 09:00:00,539.0,0,5.3,34.5,17.82723121137584,9,133,5
2026-05-13 10:00:00,726.0,1,6.8,36.9,22.15487529386352,10,133,5
2026-05-13 11:00:00,872.0,24,7.1,39.1,25.186877723581425,11,133,5
2026-05-13 12:00:00,880.0,12,8.2,40.8,26.261490520275704,12,133,5
2026-05-13 13:00:00,924.0,20,8.9,42.4,27.605435830822145,13,133,5
2026-05-13 14:00:00,863.0,36,10.8,43.3,22.587165139011525,14,133,5
2026-05-13 15:00:00,686.0,34,12.0,43.5,17.00646713559346,15,133,5
2026-05-13 16:00:00,482.0,16,11.6,43.3,12.926953972618946,16,133,5
2026-05-13 17:00:00,333.0,12,11.0,43.0,9.410422588878854,17,133,5
2026-05-13 18:00:00,161.0,4,11.7,42.4,4.888826418625544,18,133,5
2026-05-13 19:00:00,20.0,0,15.3,39.9,0.6482523804802639,19,133,5
2026-05-13 20:00:00,0.0,0,13.9,36.3,0.0,20,133,5
2026-05-13 21:00:00,0.0,0,11.5,34.9,0.0,21,133,5
2026-05-13 22:00:00,0.0,0,10.7,33.9,0.0,22,133,5
2026-05-13 23:00:00,0.0,1,8.3,33.6,0.0,23,133,5
2026-05-14 00:00:00,0.0,1,9.4,33.7,0.0,0,134,5
2026-05-14 01:00:00,0.0,0,9.8,33.2,0.0,1,134,5
2026-05-14 02:00:00,0.0,0,9.4,32.5,0.0,2,134,5
2026-05-14 03:00:00,0.0,0,8.9,31.8,0.0,3,134,5
2026-05-14 04:00:00,0.0,0,9.2,31.4,0.0,4,134,5
2026-05-14 05:00:00,0.0,0,9.9,31.1,0.0,5,134,5
2026-05-14 06:00:00,9.0,0,9.0,30.6,0.26579951872808144,6,134,5
2026-05-14 07:00:00,130.0,0,7.9,31.3,4.4185267300369615,7,134,5
2026-05-14 08:00:00,338.0,0,8.7,32.9,11.326874260868447,8,134,5
2026-05-14 09:00:00,556.0,0,8.6,35.0,17.935356714983396,9,134,5
2026-05-14 10:00:00,748.0,0,8.7,37.4,23.82194048180022,10,134,5
2026-05-14 11:00:00,889.0,0,8.3,39.6,24.754853181960176,11,134,5
2026-05-14 12:00:00,963.0,0,11.2,41.7,29.68229311317463,12,134,5
2026-05-14 13:00:00,970.0,0,13.4,42.3,26.134821139039413,13,134,5
2026-05-14 14:00:00,902.0,31,12.4,43.0,21.757057249547756,14,134,5
2026-05-14 15:00:00,680.0,25,12.4,43.5,17.808847237239807,15,134,5
2026-05-14 16:00:00,503.0,12,13.2,43.4,16.226417841927887,16,134,5
2026-05-14 17:00:00,352.0,4,14.7,43.1,11.573704645528721,17,134,5
2026-05-14 18:00:00,165.0,2,14.5,41.9,4.8493401867117365,18,134,5
2026-05-14 19:00:00,21.0,2,13.8,40.6,0.719517489699073,19,134,5
2026-05-14 20:00:00,0.0,1,13.3,39.2,0.0,20,134,5
2026-05-14 21:00:00,0.0,0,18.0,37.0,0.0,21,134,5
2026-05-14 22:00:00,0.0,0,17.0,35.4,0.0,22,134,5
2026-05-14 23:00:00,0.0,0,14.3,34.2,0.0,23,134,5
2026-05-15 00:00:00,0.0,0,13.6,33.2,0.0,0,135,5
2026-05-15 01:00:00,0.0,0,13.2,32.3,0.0,1,135,5
2026-05-15 02:00:00,0.0,0,12.5,31.0,0.0,2,135,5
2026-05-15 03:00:00,0.0,0,12.1,29.9,0.0,3,135,5
2026-05-15 04:00:00,0.0,0,11.2,29.0,0.0,4,135,5
2026-05-15 05:00:00,0.0,0,9.6,28.5,0.0,5,135,5
2026-05-15 06:00:00,9.0,0,10.1,28.1,0.31911263505969456,6,135,5
2026-05-15 07:00:00,129.0,0,9.8,28.7,4.290553529879349,7,135,5
2026-05-15 08:00:00,335.0,0,7.9,30.2,10.506574602563042,8,135,5
2026-05-15 09:00:00,552.0,0,6.6,32.3,18.525089509040843,9,135,5
2026-05-15 10:00:00,742.0,0,6.3,34.6,24.134610819657908,10,135,5
2026-05-15 11:00:00,882.0,0,6.0,36.1,27.364423808405633,11,135,5
2026-05-15 12:00:00,958.0,0,7.8,37.9,30.07842545258989,12,135,5
2026-05-15 13:00:00,965.0,0,9.4,39.0,33.12487243450036,13,135,5
2026-05-15 14:00:00,903.0,0,10.6,39.7,27.615778551305183,14,135,5
2026-05-15 15:00:00,776.0,0,11.6,40.0,26.130056480424425,15,135,5
2026-05-15 16:00:00,596.0,15,12.0,39.9,18.558481748044024,16,135,5
2026-05-15 17:00:00,382.0,48,12.1,39.7,8.85707665207628,17,135,5
2026-05-15 18:00:00,167.0,41,9.4,39.1,4.357576750179626,18,135,5
2026-05-15 19:00:00,21.0,2,5.1,38.5,0.675739077279511,19,135,5
2026-05-15 20:00:00,0.0,0,11.0,37.7,0.0,20,135,5
2026-05-15 21:00:00,0.0,0,9.8,35.9,0.0,21,135,5
2026-05-15 22:00:00,0.0,0,10.6,33.1,0.0,22,135,5
2026-05-15 23:00:00,0.0,1,9.6,31.5,0.0,23,135,5
2026-05-16 00:00:00,0.0,0,8.6,31.4,0.0,0,136,5
2026-05-16 01:00:00,0.0,0,9.1,31.4,0.0,1,136,5
2026-05-16 02:00:00,0.0,0,9.7,30.8,0.0,2,136,5
2026-05-16 03:00:00,0.0,0,10.0,30.0,0.0,3,136,5
2026-05-16 04:00:00,0.0,0,9.8,29.3,0.0,4,136,5
2026-05-16 05:00:00,0.0,0,8.6,29.2,0.0,5,136,5
2026-05-16 06:00:00,10.0,0,8.7,28.8,0.3245645521207003,6,136,5
2026-05-16 07:00:00,128.0,0,8.2,29.5,4.1001718574157415,7,136,5
2026-05-16 08:00:00,332.0,0,7.7,31.1,11.112272338910975,8,136,5
2026-05-16 09:00:00,548.0,0,7.0,33.1,17.7084007457626,9,136,5
2026-05-16 10:00:00,738.0,0,6.2,35.3,26.609430728942225,10,136,5
2026-05-16 11:00:00,877.0,11,7.2,37.0,28.196685796918604,11,136,5
2026-05-16 12:00:00,923.0,1,7.4,38.8,26.331918986966148,12,136,5
2026-05-16 13:00:00,962.0,0,8.9,40.2,31.446298033832687,13,136,5
2026-05-16 14:00:00,905.0,8,9.7,40.9,25.979124922710277,14,136,5
2026-05-16 15:00:00,780.0,67,10.5,41.1,15.584415735249408,15,136,5
2026-05-16 16:00:00,599.0,9,10.6,40.9,16.530301774727235,16,136,5
2026-05-16 17:00:00,385.0,0,9.4,40.8,11.684011835619756,17,136,5
2026-05-16 18:00:00,170.0,0,10.6,40.0,5.232088316408587,18,136,5
2026-05-16 19:00:00,22.0,2,10.7,39.2,0.7348437564768736,19,136,5
2026-05-16 20:00:00,0.0,0,8.6,38.4,0.0,20,136,5
2026-05-16 21:00:00,0.0,0,5.4,37.4,0.0,21,136,5
2026-05-16 22:00:00,0.0,0,8.4,36.6,0.0,22,136,5
2026-05-16 23:00:00,0.0,0,10.3,35.6,0.0,23,136,5
2026-05-17 00:00:00,0.0,0,11.1,34.3,0.0,0,137,5
2026-05-17 01:00:00,0.0,0,10.9,33.1,0.0,1,137,5
2026-05-17 02:00:00,0.0,0,9.6,32.2,0.0,2,137,5
2026-05-17 03:00:00,0.0,1,9.6,31.6,0.0,3,137,5
2026-05-17 04:00:00,0.0,0,11.4,31.1,0.0,4,137,5
2026-05-17 05:00:00,0.0,0,10.3,30.4,0.0,5,137,5
2026-05-17 06:00:00,10.0,0,10.3,30.2,0.3277973297575348,6,137,5
2026-05-17 07:00:00,130.0,0,10.2,31.0,4.206681306609535,7,137,5
2026-05-17 08:00:00,333.0,34,9.9,32.8,8.601045065094628,8,137,5
2026-05-17 09:00:00,546.0,63,9.8,35.0,11.278307373245616,9,137,5
2026-05-17 10:00:00,732.0,59,9.6,37.4,15.804130149784168,10,137,5
2026-05-17 11:00:00,868.0,59,9.9,39.1,18.58628599930171,11,137,5
2026-05-17 12:00:00,861.0,51,8.3,40.3,20.007483424809543,12,137,5
2026-05-17 13:00:00,879.0,26,7.9,41.1,23.576176897253944,13,137,5
2026-05-17 14:00:00,827.0,4,7.3,41.7,26.962808603815866,14,137,5
2026-05-17 15:00:00,746.0,2,7.1,42.1,23.543036849555918,15,137,5
2026-05-17 16:00:00,576.0,27,8.0,41.9,15.448383106667498,16,137,5
2026-05-17 17:00:00,363.0,6,9.9,42.0,10.338342878704335,17,137,5
2026-05-17 18:00:00,168.0,2,10.2,41.2,5.263101547721114,18,137,5
2026-05-17 19:00:00,22.0,0,10.0,40.5,0.7215638900920794,19,137,5
2026-05-17 20:00:00,0.0,0,11.1,39.7,0.0,20,137,5
2026-05-17 21:00:00,0.0,0,11.1,38.8,0.0,21,137,5
2026-05-17 22:00:00,0.0,0,9.2,37.9,0.0,22,137,5
2026-05-17 23:00:00,0.0,0,12.5,37.1,0.0,23,137,5
2026-05-18 00:00:00,0.0,0,13.8,34.9,0.0,0,138,5
2026-05-18 01:00:00,0.0,0,14.4,33.4,0.0,1,138,5
2026-05-18 02:00:00,0.0,0,13.8,32.6,0.0,2,138,5
2026-05-18 03:00:00,0.0,0,14.7,32.3,0.0,3,138,5
2026-05-18 04:00:00,0.0,0,13.5,32.0,0.0,4,138,5
2026-05-18 05:00:00,0.0,0,12.9,31.6,0.0,5,138,5
2026-05-18 06:00:00,10.0,7,12.0,31.3,0.35496585666711433,6,138,5
2026-05-18 07:00:00,132.0,16,9.9,32.1,3.8596803399732145,7,138,5
2026-05-18 08:00:00,337.0,50,9.7,33.7,7.704642105224623,8,138,5
2026-05-18 09:00:00,552.0,77,9.1,35.9,10.525302164376235,9,138,5
2026-05-18 10:00:00,739.0,93,10.0,38.2,11.2044676190427,10,138,5
2026-05-18 11:00:00,877.0,100,10.8,40.0,11.757521523171471,11,138,5
2026-05-18 12:00:00,948.0,50,10.7,41.4,21.907771183694695,12,138,5
2026-05-18 13:00:00,958.0,66,11.0,42.5,18.09855078913932,13,138,5
2026-05-18 14:00:00,897.0,98,11.7,43.1,12.174022660490468,14,138,5
2026-05-18 15:00:00,746.0,100,12.7,43.0,10.509408747794737,15,138,5
2026-05-18 16:00:00,565.0,59,12.6,42.7,12.415698870919206,16,138,5
2026-05-18 17:00:00,381.0,91,11.4,42.4,6.191630680245504,17,138,5
2026-05-18 18:00:00,164.0,69,12.1,41.5,3.2268679104369773,18,138,5
2026-05-18 19:00:00,23.0,18,12.4,40.4,0.6390063647055519,19,138,5
2026-05-18 20:00:00,0.0,0,10.3,39.4,0.0,20,138,5
2026-05-18 21:00:00,0.0,3,11.6,38.0,0.0,21,138,5
2026-05-18 22:00:00,0.0,3,12.3,36.8,0.0,22,138,5
2026-05-18 23:00:00,0.0,0,11.6,35.2,0.0,23,138,5
2026-05-19 00:00:00,0.0,0,12.1,33.9,0.0,0,139,5
2026-05-19 01:00:00,0.0,0,12.8,32.9,0.0,1,139,5
2026-05-19 02:00:00,0.0,0,11.7,31.9,0.0,2,139,5
2026-05-19 03:00:00,0.0,0,12.4,31.0,0.0,3,139,5
2026-05-19 04:00:00,0.0,0,12.2,30.2,0.0,4,139,5
2026-05-19 05:00:00,0.0,12,11.1,29.7,0.0,5,139,5
2026-05-19 06:00:00,11.0,15,11.1,29.0,0.3307627049398802,6,139,5
2026-05-19 07:00:00,137.0,19,9.8,29.2,3.826798566047463,7,139,5
2026-05-19 08:00:00,348.0,5,7.8,30.6,11.071404505456023,8,139,5
2026-05-19 09:00:00,569.0,0,6.7,32.8,17.436557183493065,9,139,5
2026-05-19 10:00:00,759.0,22,8.0,35.3,20.960404186479106,10,139,5
2026-05-19 11:00:00,898.0,0,9.4,37.9,28.484181505079956,11,139,5
2026-05-19 12:00:00,974.0,82,9.9,39.8,16.850952496741918,12,139,5
2026-05-19 13:00:00,981.0,93,10.3,41.3,15.185568610071748,13,139,5
2026-05-19 14:00:00,916.0,83,11.0,42.1,15.209721290931352,14,139,5
2026-05-19 15:00:00,786.0,99,10.8,42.2,11.025653593045256,15,139,5
2026-05-19 16:00:00,594.0,100,11.2,41.9,7.562166346522715,16,139,5
2026-05-19 17:00:00,372.0,86,11.2,41.8,5.506539637445964,17,139,5
2026-05-19 18:00:00,173.0,98,10.2,41.0,2.717213751000927,18,139,5
2026-05-19 19:00:00,24.0,99,11.8,40.3,0.33025323915499705,19,139,5
2026-05-19 20:00:00,0.0,99,13.8,35.8,0.0,20,139,5
2026-05-19 21:00:00,0.0,87,10.7,33.5,0.0,21,139,5
2026-05-19 22:00:00,0.0,64,10.8,32.7,0.0,22,139,5
2026-05-19 23:00:00,0.0,9,9.9,32.2,0.0,23,139,5
2026-05-20 00:00:00,0.0,23,8.5,31.5,0.0,0,140,5
2026-05-20 01:00:00,0.0,0,8.7,31.1,0.0,1,140,5
2026-05-20 02:00:00,0.0,0,9.4,31.1,0.0,2,140,5
2026-05-20 03:00:00,0.0,0,9.8,30.5,0.0,3,140,5
2026-05-20 04:00:00,0.0,0,9.2,29.6,0.0,4,140,5
2026-05-20 05:00:00,0.0,0,9.0,29.3,0.0,5,140,5
2026-05-20 06:00:00,11.0,0,8.7,28.7,0.35325134732895186,6,140,5
2026-05-20 07:00:00,134.0,0,8.5,29.2,4.56344365819379,7,140,5
2026-05-20 08:00:00,339.0,5,7.6,30.5,10.406323725472474,8,140,5
2026-05-20 09:00:00,544.0,2,6.5,32.3,16.650985847772713,9,140,5
2026-05-20 10:00:00,735.0,0,6.1,34.5,24.782464411630936,10,140,5
2026-05-20 11:00:00,875.0,0,6.7,37.0,27.553791138790455,11,140,5
2026-05-20 12:00:00,950.0,12,9.5,39.6,26.04405190434561,12,140,5
2026-05-20 13:00:00,859.0,16,12.2,40.7,25.494149096841664,13,140,5
2026-05-20 14:00:00,827.0,7,12.3,41.4,23.141843206877677,14,140,5
2026-05-20 15:00:00,746.0,4,12.4,41.9,22.67369344646605,15,140,5
2026-05-20 16:00:00,576.0,7,12.3,42.1,17.89271714462903,16,140,5
2026-05-20 17:00:00,376.0,1,11.6,41.9,12.34187586853341,17,140,5
2026-05-20 18:00:00,171.0,1,13.6,41.1,5.929631621264417,18,140,5
2026-05-20 19:00:00,24.0,1,14.6,39.4,0.7158262416397221,19,140,5
2026-05-20 20:00:00,0.0,1,13.5,34.1,0.0,20,140,5
2026-05-20 21:00:00,0.0,1,11.1,32.8,0.0,21,140,5
2026-05-20 22:00:00,0.0,0,11.0,31.6,0.0,22,140,5
2026-05-20 23:00:00,0.0,0,9.5,31.3,0.0,23,140,5
2026-05-21 00:00:00,0.0,0,9.0,31.0,0.0,0,141,5
2026-05-21 01:00:00,0.0,0,7.9,30.8,0.0,1,141,5
2026-05-21 02:00:00,0.0,0,8.7,31.0,0.0,2,141,5
2026-05-21 03:00:00,0.0,0,9.0,30.8,0.0,3,141,5
2026-05-21 04:00:00,0.0,0,8.1,29.9,0.0,4,141,5
2026-05-21 05:00:00,0.0,0,7.2,29.7,0.0,5,141,5
2026-05-21 06:00:00,11.0,0,7.9,28.9,0.34357562009626685,6,141,5
2026-05-21 07:00:00,134.0,0,8.4,29.3,4.542697738756104,7,141,5
2026-05-21 08:00:00,339.0,1,8.3,30.8,10.931152243296452,8,141,5
2026-05-21 09:00:00,549.0,0,6.8,32.8,15.45117480797353,9,141,5
2026-05-21 10:00:00,736.0,0,5.4,35.0,25.338046540557986,10,141,5
2026-05-21 11:00:00,875.0,0,4.5,36.4,25.46042400268623,11,141,5
2026-05-21 12:00:00,951.0,0,4.6,38.5,29.83019149810873,12,141,5
2026-05-21 13:00:00,958.0,0,5.2,39.8,30.421270143106845,13,141,5
2026-05-21 14:00:00,896.0,0,6.8,40.7,26.139193435220037,14,141,5
2026-05-21 15:00:00,770.0,0,8.5,41.1,22.258060947816425,15,141,5
2026-05-21 16:00:00,593.0,0,10.1,41.0,18.09603093900063,16,141,5
2026-05-21 17:00:00,383.0,0,9.5,40.7,12.350896447767907,17,141,5
2026-05-21 18:00:00,171.0,1,9.9,40.0,5.272963435373496,18,141,5
2026-05-21 19:00:00,24.0,2,5.1,39.4,0.6729065126662783,19,141,5
2026-05-21 20:00:00,0.0,0,10.2,38.8,0.0,20,141,5
2026-05-21 21:00:00,0.0,1,12.1,35.6,0.0,21,141,5
2026-05-21 22:00:00,0.0,1,11.8,34.1,0.0,22,141,5
2026-05-21 23:00:00,0.0,0,10.5,33.5,0.0,23,141,5
2026-05-22 00:00:00,0.0,0,9.7,33.4,0.0,0,142,5
2026-05-22 01:00:00,0.0,3,8.8,33.1,0.0,1,142,5
2026-05-22 02:00:00,0.0,4,12.5,32.7,0.0,2,142,5
2026-05-22 03:00:00,0.0,0,11.0,31.5,0.0,3,142,5
2026-05-22 04:00:00,0.0,0,9.9,30.6,0.0,4,142,5
2026-05-22 05:00:00,0.0,0,8.7,30.4,0.0,5,142,5
2026-05-22 06:00:00,11.0,0,8.8,29.9,0.34511967595649146,6,142,5
2026-05-22 07:00:00,132.0,0,7.9,30.4,4.306467824966202,7,142,5
2026-05-22 08:00:00,334.0,0,6.5,31.8,9.740472342233138,8,142,5
2026-05-22 09:00:00,544.0,0,5.2,34.0,16.480825514674315,9,142,5
2026-05-22 10:00:00,728.0,0,5.0,36.3,22.72373780018674,10,142,5
2026-05-22 11:00:00,863.0,0,5.7,37.9,27.46858308868665,11,142,5
2026-05-22 12:00:00,938.0,0,7.2,39.5,32.208727011626486,12,142,5
2026-05-22 13:00:00,945.0,0,8.8,40.7,32.2161231236347,13,142,5
2026-05-22 14:00:00,887.0,0,9.9,41.5,25.22053196517468,14,142,5
2026-05-22 15:00:00,768.0,0,10.8,41.9,24.93052522666292,15,142,5
2026-05-22 16:00:00,593.0,0,11.0,41.8,17.43422937738521,16,142,5
2026-05-22 17:00:00,383.0,0,10.4,41.5,11.076568641202952,17,142,5
2026-05-22 18:00:00,173.0,0,9.6,40.9,5.77094499912788,18,142,5
2026-05-22 19:00:00,25.0,0,11.0,39.5,0.848571558588005,19,142,5
2026-05-22 20:00:00,0.0,0,13.4,35.2,0.0,20,142,5
2026-05-22 21:00:00,0.0,0,11.3,33.8,0.0,21,142,5
2026-05-22 22:00:00,0.0,0,10.3,33.0,0.0,22,142,5
2026-05-22 23:00:00,0.0,0,11.0,32.9,0.0,23,142,5
2026-05-23 00:00:00,0.0,0,9.7,32.6,0.0,0,143,5
2026-05-23 01:00:00,0.0,0,13.2,33.0,0.0,1,143,5
2026-05-23 02:00:00,0.0,0,13.7,31.9,0.0,2,143,5
2026-05-23 03:00:00,0.0,0,13.0,31.2,0.0,3,143,5
2026-05-23 04:00:00,0.0,0,11.7,30.5,0.0,4,143,5
2026-05-23 05:00:00,0.0,0,9.2,30.2,0.0,5,143,5
2026-05-23 06:00:00,11.0,0,8.5,29.7,0.3545003549656905,6,143,5
2026-05-23 07:00:00,131.0,0,9.0,30.3,4.268925247801863,7,143,5
2026-05-23 08:00:00,332.0,3,9.5,31.5,11.108845616365892,8,143,5
2026-05-23 09:00:00,536.0,4,8.7,33.2,16.569582702866033,9,143,5
2026-05-23 10:00:00,721.0,2,7.6,35.2,22.982748907378998,10,143,5
2026-05-23 11:00:00,860.0,0,7.2,37.0,26.48735150198666,11,143,5
2026-05-23 12:00:00,939.0,0,7.7,39.0,30.66623389146581,12,143,5
2026-05-23 13:00:00,947.0,14,9.3,40.6,27.487667994116105,13,143,5
2026-05-23 14:00:00,839.0,9,10.0,41.5,23.269042683017926,14,143,5
2026-05-23 15:00:00,699.0,14,10.7,41.9,21.287843448104855,15,143,5
2026-05-23 16:00:00,557.0,5,11.0,42.1,16.977895387797226,16,143,5
2026-05-23 17:00:00,384.0,3,12.2,41.9,12.2955319099629,17,143,5
2026-05-23 18:00:00,173.0,1,11.1,41.0,5.587704798672962,18,143,5
2026-05-23 19:00:00,26.0,0,9.2,40.2,0.8764577369782383,19,143,5
2026-05-23 20:00:00,0.0,0,15.9,36.7,0.0,20,143,5
2026-05-23 21:00:00,0.0,0,11.1,34.3,0.0,21,143,5
2026-05-23 22:00:00,0.0,0,9.8,34.2,0.0,22,143,5
2026-05-23 23:00:00,0.0,0,9.2,33.5,0.0,23,143,5
2026-05-24 00:00:00,0.0,0,7.3,32.9,0.0,0,144,5
2026-05-24 01:00:00,0.0,0,11.4,33.2,0.0,1,144,5
2026-05-24 02:00:00,0.0,0,12.8,32.7,0.0,2,144,5
2026-05-24 03:00:00,0.0,0,12.1,31.7,0.0,3,144,5
2026-05-24 04:00:00,0.0,0,11.7,30.9,0.0,4,144,5
2026-05-24 05:00:00,0.0,0,11.4,30.4,0.0,5,144,5
2026-05-24 06:00:00,12.0,0,11.8,29.8,0.3886854321826545,6,144,5
2026-05-24 07:00:00,133.0,0,11.1,30.4,4.721234315479583,7,144,5
2026-05-24 08:00:00,332.0,1,10.8,31.7,10.34417257470001,8,144,5
2026-05-24 09:00:00,539.0,2,10.8,33.3,19.473781023225683,9,144,5
2026-05-24 10:00:00,721.0,0,11.2,35.2,24.987230798046316,10,144,5
2026-05-24 11:00:00,858.0,0,10.1,36.9,26.207075430028283,11,144,5
2026-05-24 12:00:00,932.0,8,10.8,38.7,27.403625393342985,12,144,5
2026-05-24 13:00:00,897.0,14,11.7,39.9,28.046691402770403,13,144,5
2026-05-24 14:00:00,843.0,8,12.7,40.7,28.36838633097964,14,144,5
2026-05-24 15:00:00,734.0,19,13.2,41.1,21.62325923302908,15,144,5
2026-05-24 16:00:00,538.0,13,13.2,41.0,14.01211911553258,16,144,5
2026-05-24 17:00:00,327.0,15,12.9,40.9,10.031399415239777,17,144,5
2026-05-24 18:00:00,156.0,8,13.3,40.1,4.940249713558131,18,144,5
2026-05-24 19:00:00,25.0,7,13.9,39.2,0.6956302245834021,19,144,5
2026-05-24 20:00:00,0.0,2,12.2,37.6,0.0,20,144,5
2026-05-24 21:00:00,0.0,1,10.1,35.7,0.0,21,144,5
2026-05-24 22:00:00,0.0,0,8.2,34.2,0.0,22,144,5
2026-05-24 23:00:00,0.0,0,7.7,34.0,0.0,23,144,5
2026-05-25 00:00:00,0.0,0,11.2,33.9,0.0,0,145,5
2026-05-25 01:00:00,0.0,0,11.8,32.3,0.0,1,145,5
2026-05-25 02:00:00,0.0,0,11.9,31.1,0.0,2,145,5
2026-05-25 03:00:00,0.0,0,11.2,29.7,0.0,3,145,5
2026-05-25 04:00:00,0.0,0,10.5,28.8,0.0,4,145,5
2026-05-25 05:00:00,0.0,2,11.9,28.5,0.0,5,145,5
2026-05-25 06:00:00,12.0,2,11.7,28.1,0.40087772879498956,6,145,5
2026-05-25 07:00:00,133.0,15,10.8,28.9,3.7253246036252117,7,145,5
2026-05-25 08:00:00,330.0,10,10.4,30.2,10.394222292243208,8,145,5
2026-05-25 09:00:00,530.0,10,9.6,32.0,15.665266171034586,9,145,5
2026-05-25 10:00:00,723.0,4,8.3,34.1,20.389013693979177,10,145,5
2026-05-25 11:00:00,868.0,0,8.1,36.6,29.373455700407057,11,145,5
2026-05-25 12:00:00,944.0,0,10.0,38.9,31.615746006151262,12,145,5
2026-05-25 13:00:00,954.0,0,11.3,40.3,30.609595197931718,13,145,5
2026-05-25 14:00:00,895.0,0,11.8,41.3,22.710567598568883,14,145,5
2026-05-25 15:00:00,772.0,0,11.8,41.9,25.721421647139035,15,145,5
2026-05-25 16:00:00,598.0,0,12.1,42.1,18.06288902234902,16,145,5
2026-05-25 17:00:00,389.0,0,11.6,41.9,12.246103851733182,17,145,5
2026-05-25 18:00:00,178.0,0,12.9,41.4,5.943997363682547,18,145,5
2026-05-25 19:00:00,27.0,0,14.4,37.8,0.8450907765435319,19,145,5
2026-05-25 20:00:00,0.0,0,12.5,35.3,0.0,20,145,5
2026-05-25 21:00:00,0.0,0,11.2,34.7,0.0,21,145,5
2026-05-25 22:00:00,0.0,0,9.8,34.9,0.0,22,145,5
2026-05-25 23:00:00,0.0,0,12.5,34.5,0.0,23,145,5
2026-05-26 00:00:00,0.0,0,13.4,32.3,0.0,0,146,5
2026-05-26 01:00:00,0.0,0,13.5,31.1,0.0,1,146,5
2026-05-26 02:00:00,0.0,0,12.6,30.0,0.0,2,146,5
2026-05-26 03:00:00,0.0,0,11.9,29.5,0.0,3,146,5
2026-05-26 04:00:00,0.0,35,13.1,29.3,0.0,4,146,5
2026-05-26 05:00:00,0.0,15,10.4,28.9,0.0,5,146,5
2026-05-26 06:00:00,12.0,18,10.7,29.0,0.3719103569455254,6,146,5
2026-05-26 07:00:00,120.0,22,10.3,29.8,3.3540197047522926,7,146,5
2026-05-26 08:00:00,303.0,22,10.1,31.0,9.00875440500929,8,146,5
2026-05-26 09:00:00,514.0,7,9.5,32.5,15.268075010635002,9,146,5
2026-05-26 10:00:00,723.0,4,8.9,34.3,24.554201795892713,10,146,5
2026-05-26 11:00:00,862.0,2,8.5,36.0,27.702440413551674,11,146,5
2026-05-26 12:00:00,941.0,0,9.1,38.1,30.940317381852513,12,146,5
2026-05-26 13:00:00,954.0,0,10.4,39.9,32.18485356433978,13,146,5
2026-05-26 14:00:00,894.0,0,11.1,41.0,27.662589936813053,14,146,5
2026-05-26 15:00:00,772.0,0,11.3,41.8,23.526306945627397,15,146,5
2026-05-26 16:00:00,596.0,0,11.0,42.0,19.498744999661596,16,146,5
2026-05-26 17:00:00,388.0,0,11.3,42.1,11.777268807954899,17,146,5
2026-05-26 18:00:00,178.0,0,11.3,41.1,5.754664783042366,18,146,5
2026-05-26 19:00:00,27.0,0,14.5,37.0,0.8927345815116302,19,146,5
2026-05-26 20:00:00,0.0,0,11.7,34.9,0.0,20,146,5
2026-05-26 21:00:00,0.0,0,11.0,33.8,0.0,21,146,5
2026-05-26 22:00:00,0.0,0,10.4,33.0,0.0,22,146,5
2026-05-26 23:00:00,0.0,0,8.8,32.4,0.0,23,146,5
2026-05-27 00:00:00,0.0,0,8.2,32.1,0.0,0,147,5
2026-05-27 01:00:00,0.0,0,11.1,32.2,0.0,1,147,5
2026-05-27 02:00:00,0.0,0,11.6,31.3,0.0,2,147,5
2026-05-27 03:00:00,0.0,0,11.9,30.2,0.0,3,147,5
2026-05-27 04:00:00,0.0,1,11.4,29.4,0.0,4,147,5
2026-05-27 05:00:00,0.0,2,12.5,29.0,0.0,5,147,5
2026-05-27 06:00:00,12.0,2,11.8,28.9,0.3923393242212046,6,147,5
2026-05-27 07:00:00,135.0,8,12.9,29.7,4.56052863138306,7,147,5
2026-05-27 08:00:00,336.0,3,11.0,31.0,10.15145744703161,8,147,5
2026-05-27 09:00:00,547.0,2,9.9,32.8,16.367797677671373,9,147,5
2026-05-27 10:00:00,729.0,0,10.0,34.7,25.7875613030495,10,147,5
2026-05-27 11:00:00,866.0,0,7.5,36.4,29.805425641283527,11,147,5
2026-05-27 12:00:00,943.0,0,7.6,38.5,26.93755824103127,12,147,5
2026-05-27 13:00:00,953.0,0,8.9,40.1,28.86032938849308,13,147,5
2026-05-27 14:00:00,895.0,0,10.3,41.3,28.19449754481084,14,147,5
2026-05-27 15:00:00,773.0,0,10.8,42.1,23.072885141273755,15,147,5
2026-05-27 16:00:00,599.0,0,11.1,42.2,19.93546595042442,16,147,5
2026-05-27 17:00:00,391.0,0,13.4,42.6,13.032426597140006,17,147,5
2026-05-27 18:00:00,182.0,0,11.4,42.0,5.923974763680772,18,147,5
2026-05-27 19:00:00,28.0,0,15.1,37.5,0.9322902252833196,19,147,5
2026-05-27 20:00:00,0.0,0,12.8,34.8,0.0,20,147,5
2026-05-27 21:00:00,0.0,0,11.1,33.7,0.0,21,147,5
2026-05-27 22:00:00,0.0,0,9.7,32.7,0.0,22,147,5
2026-05-27 23:00:00,0.0,0,8.0,32.2,0.0,23,147,5
2026-05-28 00:00:00,0.0,0,5.6,31.6,0.0,0,148,5
2026-05-28 01:00:00,0.0,0,12.0,32.0,0.0,1,148,5
2026-05-28 02:00:00,0.0,0,11.9,30.8,0.0,2,148,5
2026-05-28 03:00:00,0.0,0,11.3,30.2,0.0,3,148,5
2026-05-28 04:00:00,0.0,0,10.4,29.9,0.0,4,148,5
2026-05-28 05:00:00,0.0,0,11.2,29.7,0.0,5,148,5
2026-05-28 06:00:00,12.0,38,11.9,29.1,0.34177194794329174,6,148,5
2026-05-28 07:00:00,130.0,26,11.4,29.8,3.747829242560652,7,148,5
2026-05-28 08:00:00,317.0,21,10.2,30.9,8.919425866954981,8,148,5
2026-05-28 09:00:00,538.0,6,9.9,32.5,15.943742930845993,9,148,5
2026-05-28 10:00:00,726.0,7,10.4,34.6,22.30620426361312,10,148,5
2026-05-28 11:00:00,869.0,0,11.1,36.8,27.168649565201374,11,148,5
2026-05-28 12:00:00,946.0,0,12.2,38.9,27.249300187421408,12,148,5
2026-05-28 13:00:00,954.0,0,13.7,40.5,31.582432718866873,13,148,5
2026-05-28 14:00:00,893.0,0,14.5,41.7,25.591814266233964,14,148,5
2026-05-28 15:00:00,770.0,0,15.2,42.5,23.370151207377532,15,148,5
2026-05-28 16:00:00,594.0,0,16.1,43.1,18.789967574883047,16,148,5
2026-05-28 17:00:00,388.0,0,16.0,41.0,13.062053261159216,17,148,5
2026-05-28 18:00:00,179.0,0,15.0,38.4,5.665937929626383,18,148,5
2026-05-28 19:00:00,28.0,0,14.2,36.8,0.9661877688247922,19,148,5
2026-05-28 20:00:00,0.0,0,12.0,34.3,0.0,20,148,5
2026-05-28 21:00:00,0.0,0,8.3,33.4,0.0,21,148,5
2026-05-28 22:00:00,0.0,0,7.6,33.3,0.0,22,148,5
2026-05-28 23:00:00,0.0,0,8.2,32.9,0.0,23,148,5
2026-05-29 00:00:00,0.0,0,9.4,32.5,0.0,0,149,5
2026-05-29 01:00:00,0.0,0,8.0,31.9,0.0,1,149,5
2026-05-29 02:00:00,0.0,0,11.0,31.4,0.0,2,149,5
2026-05-29 03:00:00,0.0,0,12.4,30.9,0.0,3,149,5
2026-05-29 04:00:00,0.0,0,14.4,29.9,0.0,4,149,5
2026-05-29 05:00:00,0.0,1,13.2,29.2,0.0,5,149,5
2026-05-29 06:00:00,12.0,4,13.0,28.9,0.37291097886502467,6,149,5
2026-05-29 07:00:00,134.0,33,16.1,29.8,3.6988746698787023,7,149,5
2026-05-29 08:00:00,292.0,3,15.4,31.1,9.938512271375647,8,149,5
2026-05-29 09:00:00,539.0,2,14.8,32.9,17.458102247255322,9,149,5
2026-05-29 10:00:00,723.0,2,14.2,34.9,21.746634998110622,10,149,5
2026-05-29 11:00:00,860.0,0,13.3,37.1,26.424610467527838,11,149,5
2026-05-29 12:00:00,932.0,0,14.8,38.8,30.93357884172248,12,149,5
2026-05-29 13:00:00,939.0,0,15.9,40.5,29.172451464578995,13,149,5
2026-05-29 14:00:00,880.0,0,17.0,41.8,26.53649334426661,14,149,5
2026-05-29 15:00:00,759.0,0,18.1,42.3,24.61011658108266,15,149,5
2026-05-29 16:00:00,586.0,2,17.9,42.4,15.927472628216336,16,149,5
2026-05-29 17:00:00,377.0,1,15.9,41.4,13.55416451045821,17,149,5
2026-05-29 18:00:00,176.0,4,17.2,38.0,4.976254063919942,18,149,5
2026-05-29 19:00:00,28.0,3,16.1,34.8,0.9394077357758382,19,149,5
2026-05-29 20:00:00,0.0,2,8.9,34.1,0.0,20,149,5
2026-05-29 21:00:00,0.0,1,6.7,33.9,0.0,21,149,5
2026-05-29 22:00:00,0.0,0,7.4,34.3,0.0,22,149,5
2026-05-29 23:00:00,0.0,0,9.2,33.5,0.0,23,149,5
2026-05-30 00:00:00,0.0,0,10.6,32.2,0.0,0,150,5
2026-05-30 01:00:00,0.0,1,9.1,31.3,0.0,1,150,5
2026-05-30 02:00:00,0.0,9,6.4,30.9,0.0,2,150,5
2026-05-30 03:00:00,0.0,25,10.2,30.7,0.0,3,150,5
2026-05-30 04:00:00,0.0,17,14.1,30.1,0.0,4,150,5
2026-05-30 05:00:00,0.0,16,11.7,29.8,0.0,5,150,5
2026-05-30 06:00:00,12.0,28,5.9,29.8,0.3251158285405282,6,150,5
2026-05-30 07:00:00,113.0,48,6.3,30.3,2.8312298105702425,7,150,5
2026-05-30 08:00:00,320.0,22,9.6,31.4,9.952165425771097,8,150,5
2026-05-30 09:00:00,507.0,2,12.2,32.9,16.18535990028986,9,150,5
2026-05-30 10:00:00,718.0,2,13.5,34.6,21.789631114113494,10,150,5
2026-05-30 11:00:00,859.0,1,14.7,36.2,28.72735858322792,11,150,5
2026-05-30 12:00:00,932.0,0,16.2,37.5,28.886177433796572,12,150,5
2026-05-30 13:00:00,943.0,0,16.9,38.6,31.603085660786633,13,150,5
2026-05-30 14:00:00,885.0,1,16.3,39.3,27.911754900692213,14,150,5
2026-05-30 15:00:00,760.0,1,14.9,40.1,23.961990102529192,15,150,5
2026-05-30 16:00:00,584.0,3,15.2,40.7,19.06569675037308,16,150,5
2026-05-30 17:00:00,377.0,0,15.1,38.6,9.622604863378003,17,150,5
2026-05-30 18:00:00,177.0,1,17.7,36.7,5.443976265754531,18,150,5
2026-05-30 19:00:00,28.0,0,16.7,33.7,0.8953654969102066,19,150,5
2026-05-30 20:00:00,0.0,3,14.2,33.0,0.0,20,150,5
2026-05-30 21:00:00,0.0,9,9.5,32.9,0.0,21,150,5
2026-05-30 22:00:00,0.0,19,9.4,32.9,0.0,22,150,5
2026-05-30 23:00:00,0.0,100,17.7,27.6,0.0,23,150,5
2026-05-31 00:00:00,0.0,97,7.6,26.6,0.0,0,151,5
2026-05-31 01:00:00,0.0,84,7.9,27.7,0.0,1,151,5
2026-05-31 02:00:00,0.0,33,7.7,27.6,0.0,2,151,5
2026-05-31 03:00:00,0.0,8,5.8,27.6,0.0,3,151,5
2026-05-31 04:00:00,0.0,4,3.6,27.9,0.0,4,151,5
2026-05-31 05:00:00,0.0,1,7.1,25.0,0.0,5,151,5
2026-05-31 06:00:00,12.0,6,5.5,25.7,0.420148956459392,6,151,5
2026-05-31 07:00:00,129.0,2,6.1,27.4,4.6831946633876385,7,151,5
2026-05-31 08:00:00,327.0,1,6.3,29.8,11.28916124592158,8,151,5
2026-05-31 09:00:00,535.0,0,9.6,32.0,18.93770423525945,9,151,5
2026-05-31 10:00:00,719.0,3,9.3,33.6,26.13357647403222,10,151,5
2026-05-31 11:00:00,848.0,3,8.3,35.2,27.279675616617574,11,151,5
2026-05-31 12:00:00,923.0,8,8.8,36.5,28.422206346798532,12,151,5
2026-05-31 13:00:00,917.0,1,10.9,37.4,26.05475788760845,13,151,5
2026-05-31 14:00:00,876.0,1,10.5,38.2,28.32333031222298,14,151,5
2026-05-31 15:00:00,754.0,7,8.3,38.7,23.080707933525403,15,151,5
2026-05-31 16:00:00,551.0,23,5.4,39.2,13.536178826732225,16,151,5
2026-05-31 17:00:00,325.0,37,13.0,38.7,8.386978065021076,17,151,5
2026-05-31 18:00:00,155.0,50,14.1,35.4,3.4787309617248994,18,151,5
2026-05-31 19:00:00,26.0,9,13.0,34.1,0.8197313443510663,19,151,5
2026-05-31 20:00:00,0.0,5,13.2,32.9,0.0,20,151,5
2026-05-31 21:00:00,0.0,2,11.5,31.8,0.0,21,151,5
2026-05-31 22:00:00,0.0,34,9.8,31.3,0.0,22,151,5
2026-05-31 23:00:00,0.0,0,6.2,31.0,0.0,23,151,5
2026-06-01 00:00:00,0.0,0,4.1,30.7,0.0,0,152,6
2026-06-01 01:00:00,0.0,0,8.9,30.8,0.0,1,152,6
2026-06-01 02:00:00,0.0,0,10.8,30.7,0.0,2,152,6
2026-06-01 03:00:00,0.0,0,8.9,30.1,0.0,3,152,6
2026-06-01 04:00:00,0.0,0,9.0,29.8,0.0,4,152,6
2026-06-01 05:00:00,0.0,2,6.9,29.7,0.0,5,152,6
2026-06-01 06:00:00,12.0,6,6.0,29.8,0.38768830126057047,6,152,6
2026-06-01 07:00:00,126.0,5,7.3,30.8,3.961674618082691,7,152,6
2026-06-01 08:00:00,319.0,39,6.7,32.1,7.859335617522133,8,152,6
2026-06-01 09:00:00,495.0,16,5.4,33.4,13.90347445309394,9,152,6
2026-06-01 10:00:00,684.0,13,5.1,34.9,19.861133802856102,10,152,6
2026-06-01 11:00:00,813.0,7,6.9,35.9,26.513483403493606,11,152,6
2026-06-01 12:00:00,885.0,5,8.5,36.3,25.421672168459953,12,152,6
2026-06-01 13:00:00,928.0,13,8.2,37.6,26.065210996046506,13,152,6
2026-06-01 14:00:00,841.0,21,9.8,38.6,23.008122304987523,14,152,6
2026-06-01 15:00:00,722.0,13,10.0,39.1,22.46738146466988,15,152,6
2026-06-01 16:00:00,560.0,32,9.4,39.3,14.865975346166902,16,152,6
2026-06-01 17:00:00,328.0,16,13.7,39.9,10.022982914824775,17,152,6
2026-06-01 18:00:00,175.0,12,15.3,38.0,5.032143563674693,18,152,6
2026-06-01 19:00:00,29.0,5,14.4,35.3,0.9015924159073803,19,152,6
2026-06-01 20:00:00,0.0,13,13.3,34.3,0.0,20,152,6
2026-06-01 21:00:00,0.0,78,10.6,33.5,0.0,21,152,6
2026-06-01 22:00:00,0.0,99,13.2,28.7,0.0,22,152,6
2026-06-01 23:00:00,0.0,32,13.2,26.4,0.0,23,152,6
2026-06-02 00:00:00,0.0,98,12.4,26.1,0.0,0,153,6
2026-06-02 01:00:00,0.0,100,10.8,26.2,0.0,1,153,6
2026-06-02 02:00:00,0.0,97,6.7,26.2,0.0,2,153,6
2026-06-02 03:00:00,0.0,98,8.9,25.9,0.0,3,153,6
2026-06-02 04:00:00,0.0,100,7.8,26.0,0.0,4,153,6
2026-06-02 05:00:00,0.0,100,12.9,24.1,0.0,5,153,6
2026-06-02 06:00:00,4.0,100,4.6,24.1,0.05345151611189356,6,153,6
2026-06-02 07:00:00,44.0,100,3.5,24.7,0.7294818248343704,7,153,6
2026-06-02 08:00:00,198.0,3,3.6,26.3,5.663731318112934,8,153,6
2026-06-02 09:00:00,531.0,23,4.1,29.1,13.992554124463183,9,153,6
2026-06-02 10:00:00,711.0,61,4.0,31.2,14.612922737675712,10,153,6
2026-06-02 11:00:00,828.0,83,9.5,33.2,14.311060869782185,11,153,6
2026-06-02 12:00:00,789.0,70,6.8,34.3,13.291543866520085,12,153,6
2026-06-02 13:00:00,881.0,70,5.1,35.4,17.27914331044295,13,153,6
2026-06-02 14:00:00,846.0,72,4.4,36.1,15.939746383771723,14,153,6
2026-06-02 15:00:00,744.0,26,3.2,36.7,18.165054155857355,15,153,6
2026-06-02 16:00:00,573.0,18,2.4,37.0,15.833766206701863,16,153,6
2026-06-02 17:00:00,374.0,7,3.9,36.7,12.679681929361902,17,153,6
2026-06-02 18:00:00,174.0,18,1.3,36.3,5.393976474101485,18,153,6
2026-06-02 19:00:00,27.0,27,1.5,35.7,0.7341549749843439,19,153,6
2026-06-02 20:00:00,0.0,18,3.6,35.5,0.0,20,153,6
2026-06-02 21:00:00,0.0,3,8.6,33.8,0.0,21,153,6
2026-06-02 22:00:00,0.0,2,8.8,32.1,0.0,22,153,6
2026-06-02 23:00:00,0.0,13,11.4,31.1,0.0,23,153,6
2026-06-03 00:00:00,0.0,5,10.7,30.5,0.0,0,154,6
2026-06-03 01:00:00,0.0,2,8.6,30.1,0.0,1,154,6
2026-06-03 02:00:00,0.0,2,6.1,29.9,0.0,2,154,6
2026-06-03 03:00:00,0.0,10,7.0,29.6,0.0,3,154,6
2026-06-03 04:00:00,0.0,33,7.6,29.4,0.0,4,154,6
2026-06-03 05:00:00,0.0,0,6.3,29.5,0.0,5,154,6
2026-06-03 06:00:00,13.0,0,4.7,29.3,0.4499655276492565,6,154,6
2026-06-03 07:00:00,132.0,6,7.6,30.7,3.5776383644043546,7,154,6
2026-06-03 08:00:00,319.0,2,8.2,32.0,10.64518401515264,8,154,6
2026-06-03 09:00:00,529.0,0,3.6,33.6,17.273096441965944,9,154,6
2026-06-03 10:00:00,713.0,4,4.6,35.5,22.993777498360263,10,154,6
2026-06-03 11:00:00,822.0,11,5.3,36.6,25.69414958119458,11,154,6
2026-06-03 12:00:00,874.0,12,5.4,37.4,26.225510031933613,12,154,6
2026-06-03 13:00:00,890.0,23,4.5,38.4,25.146311174575214,13,154,6
2026-06-03 14:00:00,792.0,19,5.1,39.0,22.285554547078508,14,154,6
2026-06-03 15:00:00,723.0,23,4.9,39.4,20.163971563105562,15,154,6
2026-06-03 16:00:00,549.0,24,7.1,38.9,14.90600719772688,16,154,6
2026-06-03 17:00:00,362.0,20,7.0,39.4,10.025814162815138,17,154,6
2026-06-03 18:00:00,175.0,46,7.2,37.1,4.426917989161589,18,154,6
2026-06-03 19:00:00,26.0,9,12.0,36.1,0.7369896363560565,19,154,6
2026-06-03 20:00:00,0.0,1,15.0,34.2,0.0,20,154,6
2026-06-03 21:00:00,0.0,4,11.2,32.8,0.0,21,154,6
2026-06-03 22:00:00,0.0,2,9.6,32.4,0.0,22,154,6
2026-06-03 23:00:00,0.0,0,11.0,31.9,0.0,23,154,6
2026-06-04 00:00:00,0.0,0,9.6,31.5,0.0,0,155,6
2026-06-04 01:00:00,0.0,1,7.9,31.2,0.0,1,155,6
2026-06-04 02:00:00,0.0,0,7.1,31.1,0.0,2,155,6
2026-06-04 03:00:00,0.0,0,5.6,30.8,0.0,3,155,6
2026-06-04 04:00:00,0.0,0,3.6,30.4,0.0,4,155,6
2026-06-04 05:00:00,0.0,0,6.2,30.8,0.0,5,155,6
2026-06-04 06:00:00,13.0,0,6.3,30.6,0.44744727605196394,6,155,6
2026-06-04 07:00:00,132.0,0,9.8,31.5,4.08772732237051,7,155,6
2026-06-04 08:00:00,326.0,0,9.0,32.6,10.1418092197267,8,155,6
2026-06-04 09:00:00,532.0,0,8.9,34.1,16.51729523039872,9,155,6
2026-06-04 10:00:00,712.0,0,9.6,35.9,23.12579593405485,10,155,6
2026-06-04 11:00:00,846.0,5,9.9,37.1,22.90493621906455,11,155,6
2026-06-04 12:00:00,912.0,29,11.3,37.9,22.37408699186493,12,155,6
2026-06-04 13:00:00,861.0,25,11.5,38.6,24.753137531518945,13,155,6
2026-06-04 14:00:00,825.0,27,11.5,39.2,22.601403837333983,14,155,6
2026-06-04 15:00:00,682.0,27,13.0,39.4,18.980540981389403,15,155,6
2026-06-04 16:00:00,526.0,38,13.5,38.6,12.857248916081216,16,155,6
2026-06-04 17:00:00,334.0,59,12.5,38.2,6.527459962827131,17,155,6
2026-06-04 18:00:00,148.0,18,10.9,37.8,4.338253597451531,18,155,6
2026-06-04 19:00:00,31.0,5,15.5,36.3,1.0201077388120627,19,155,6
2026-06-04 20:00:00,0.0,2,16.0,34.6,0.0,20,155,6
2026-06-04 21:00:00,0.0,2,16.7,33.6,0.0,21,155,6
2026-06-04 22:00:00,0.0,5,14.4,32.9,0.0,22,155,6
2026-06-04 23:00:00,0.0,6,8.4,33.3,0.0,23,155,6
2026-06-05 00:00:00,0.0,16,7.9,33.0,0.0,0,156,6
2026-06-05 01:00:00,0.0,8,8.9,32.5,0.0,1,156,6
2026-06-05 02:00:00,0.0,2,12.9,31.8,0.0,2,156,6
2026-06-05 03:00:00,0.0,8,11.6,31.1,0.0,3,156,6
2026-06-05 04:00:00,0.0,26,11.0,30.5,0.0,4,156,6
2026-06-05 05:00:00,0.0,7,10.2,30.2,0.0,5,156,6
2026-06-05 06:00:00,13.0,13,7.9,29.8,0.3955594967125136,6,156,6
2026-06-05 07:00:00,129.0,48,10.5,30.3,3.3396889226099713,7,156,6
2026-06-05 08:00:00,269.0,100,8.2,31.6,4.1028931894258385,8,156,6
2026-06-05 09:00:00,395.0,100,3.7,32.4,5.63826198585991,9,156,6
2026-06-05 10:00:00,414.0,9,6.9,32.9,12.584235754668695,10,156,6
2026-06-05 11:00:00,736.0,10,9.7,34.8,20.768813219830697,11,156,6
2026-06-05 12:00:00,895.0,1,11.8,36.4,28.440414085139945,12,156,6
2026-06-05 13:00:00,922.0,2,11.0,37.6,28.871195662688155,13,156,6
2026-06-05 14:00:00,874.0,18,12.4,38.7,26.874467230722225,14,156,6
2026-06-05 15:00:00,690.0,11,12.2,38.8,19.9757447722303,15,156,6
2026-06-05 16:00:00,548.0,21,10.5,39.3,14.99169534459717,16,156,6
2026-06-05 17:00:00,351.0,22,12.6,38.9,8.78221314447584,17,156,6
2026-06-05 18:00:00,167.0,27,12.6,37.1,4.594270253365002,18,156,6
2026-06-05 19:00:00,29.0,7,12.4,35.8,0.8615565501219214,19,156,6
2026-06-05 20:00:00,0.0,3,12.6,34.3,0.0,20,156,6
2026-06-05 21:00:00,0.0,1,10.2,33.4,0.0,21,156,6
2026-06-05 22:00:00,0.0,0,8.5,33.0,0.0,22,156,6
2026-06-05 23:00:00,0.0,1,6.5,32.8,0.0,23,156,6
2026-06-06 00:00:00,0.0,1,4.1,32.3,0.0,0,157,6
2026-06-06 01:00:00,0.0,0,6.6,32.3,0.0,1,157,6
2026-06-06 02:00:00,0.0,0,10.0,32.0,0.0,2,157,6
2026-06-06 03:00:00,0.0,0,9.2,31.3,0.0,3,157,6
2026-06-06 04:00:00,0.0,0,9.2,30.8,0.0,4,157,6
2026-06-06 05:00:00,0.0,0,10.2,31.0,0.0,5,157,6
2026-06-06 06:00:00,13.0,1,10.2,30.8,0.4439610194072456,6,157,6
2026-06-06 07:00:00,132.0,0,9.7,31.4,4.048489834350048,7,157,6
2026-06-06 08:00:00,328.0,0,7.8,32.5,9.802064984156047,8,157,6
2026-06-06 09:00:00,533.0,2,7.3,33.9,17.619862079785975,9,157,6
2026-06-06 10:00:00,714.0,3,7.6,35.5,19.633190314761173,10,157,6
2026-06-06 11:00:00,850.0,38,10.8,37.4,19.30880606140327,11,157,6
2026-06-06 12:00:00,832.0,23,10.6,38.5,24.401439837200112,12,157,6
2026-06-06 13:00:00,859.0,9,10.9,39.3,26.096543401322993,13,157,6
2026-06-06 14:00:00,836.0,21,10.6,40.0,21.950119596955584,14,157,6
2026-06-06 15:00:00,724.0,10,10.3,40.3,21.043342197169522,15,157,6
2026-06-06 16:00:00,562.0,12,9.4,40.5,17.35724754495403,16,157,6
2026-06-06 17:00:00,348.0,7,10.7,40.0,10.603937788216747,17,157,6
2026-06-06 18:00:00,172.0,2,12.2,39.0,5.557393131562914,18,157,6
2026-06-06 19:00:00,33.0,0,14.8,36.4,1.1426585892350678,19,157,6
2026-06-06 20:00:00,0.0,0,12.7,34.7,0.0,20,157,6
2026-06-06 21:00:00,0.0,0,11.8,33.7,0.0,21,157,6
2026-06-06 22:00:00,0.0,1,7.0,33.3,0.0,22,157,6
2026-06-06 23:00:00,0.0,2,4.5,32.9,0.0,23,157,6
2026-06-07 00:00:00,0.0,1,10.1,33.1,0.0,0,158,6
2026-06-07 01:00:00,0.0,0,12.1,32.2,0.0,1,158,6
2026-06-07 02:00:00,0.0,1,10.3,31.4,0.0,2,158,6
2026-06-07 03:00:00,0.0,3,7.6,31.0,0.0,3,158,6
2026-06-07 04:00:00,0.0,0,6.3,30.7,0.0,4,158,6
2026-06-07 05:00:00,0.0,2,5.8,31.0,0.0,5,158,6
2026-06-07 06:00:00,13.0,14,6.0,30.9,0.38103866957649235,6,158,6
2026-06-07 07:00:00,120.0,22,7.5,31.5,3.4603754791131567,7,158,6
2026-06-07 08:00:00,310.0,0,8.9,32.6,10.299188739876334,8,158,6
2026-06-07 09:00:00,533.0,2,8.7,33.9,16.758822627867456,9,158,6
2026-06-07 10:00:00,714.0,4,8.8,35.3,19.853258143500284,10,158,6
2026-06-07 11:00:00,851.0,10,10.9,36.7,26.672651366979053,11,158,6
2026-06-07 12:00:00,907.0,7,11.3,37.9,27.235199189818854,12,158,6
2026-06-07 13:00:00,919.0,2,11.3,38.9,29.53965698758896,13,158,6
2026-06-07 14:00:00,873.0,2,10.6,39.7,28.62576111112572,14,158,6
2026-06-07 15:00:00,758.0,0,10.8,40.4,24.35876870126011,15,158,6
2026-06-07 16:00:00,592.0,0,10.3,40.6,18.66629543193827,16,158,6
2026-06-07 17:00:00,390.0,20,10.0,41.4,12.130724358005706,17,158,6
2026-06-07 18:00:00,180.0,26,16.2,38.6,4.957061957220292,18,158,6
2026-06-07 19:00:00,30.0,0,14.6,35.4,0.9521426501724579,19,158,6
2026-06-07 20:00:00,0.0,1,13.6,33.9,0.0,20,158,6
2026-06-07 21:00:00,0.0,0,10.2,33.1,0.0,21,158,6
2026-06-07 22:00:00,0.0,1,8.8,32.9,0.0,22,158,6
2026-06-07 23:00:00,0.0,0,6.8,32.7,0.0,23,158,6
2026-06-08 00:00:00,0.0,5,8.8,32.9,0.0,0,159,6
2026-06-08 01:00:00,0.0,81,13.9,32.2,0.0,1,159,6
2026-06-08 02:00:00,0.0,55,12.6,30.9,0.0,2,159,6
2026-06-08 03:00:00,0.0,80,12.2,30.7,0.0,3,159,6
2026-06-08 04:00:00,0.0,57,11.4,30.4,0.0,4,159,6
2026-06-08 05:00:00,0.0,93,9.2,30.9,0.0,5,159,6
2026-06-08 06:00:00,13.0,76,8.7,30.8,0.2446141521384185,6,159,6
2026-06-08 07:00:00,134.0,5,8.8,31.5,4.6711919700330515,7,159,6
2026-06-08 08:00:00,325.0,16,9.7,32.7,10.476957744575913,8,159,6
2026-06-08 09:00:00,515.0,28,10.9,34.5,13.91663243482807,9,159,6
2026-06-08 10:00:00,681.0,9,10.9,35.7,21.216019746476935,10,159,6
2026-06-08 11:00:00,839.0,11,12.2,37.0,24.311818516363594,11,159,6
2026-06-08 12:00:00,909.0,9,12.9,38.3,27.196253303080574,12,159,6
2026-06-08 13:00:00,929.0,5,12.9,39.4,28.14924204529721,13,159,6
2026-06-08 14:00:00,871.0,23,12.0,40.4,23.84790890712581,14,159,6
2026-06-08 15:00:00,709.0,20,10.9,41.1,19.538754927824126,15,159,6
2026-06-08 16:00:00,528.0,18,11.4,41.5,15.926647347621204,16,159,6
2026-06-08 17:00:00,335.0,55,16.1,39.7,6.5094541360625815,17,159,6
2026-06-08 18:00:00,178.0,99,16.3,37.8,2.6034075314173837,18,159,6
2026-06-08 19:00:00,34.0,97,15.4,35.3,0.48970866125147344,19,159,6
2026-06-08 20:00:00,0.0,93,16.2,33.8,0.0,20,159,6
2026-06-08 21:00:00,0.0,59,10.7,32.8,0.0,21,159,6
2026-06-08 22:00:00,0.0,16,6.8,32.4,0.0,22,159,6
2026-06-08 23:00:00,0.0,3,4.2,32.5,0.0,23,159,6
2026-06-09 00:00:00,0.0,56,10.6,32.8,0.0,0,160,6
2026-06-09 01:00:00,0.0,22,11.0,31.9,0.0,1,160,6
2026-06-09 02:00:00,0.0,23,9.8,31.4,0.0,2,160,6
2026-06-09 03:00:00,0.0,2,10.6,31.0,0.0,3,160,6
2026-06-09 04:00:00,0.0,5,8.7,30.7,0.0,4,160,6
2026-06-09 05:00:00,0.0,11,8.9,30.7,0.0,5,160,6
2026-06-09 06:00:00,13.0,12,9.2,30.6,0.41941709514739717,6,160,6
2026-06-09 07:00:00,132.0,25,11.5,31.3,3.517173198014548,7,160,6
2026-06-09 08:00:00,313.0,13,10.4,32.4,9.31297448014322,8,160,6
2026-06-09 09:00:00,521.0,19,9.8,33.9,15.428363112069096,9,160,6
2026-06-09 10:00:00,696.0,16,9.4,35.3,17.605826840380857,10,160,6
2026-06-09 11:00:00,827.0,16,11.9,36.9,23.836256784934225,11,160,6
2026-06-09 12:00:00,826.0,61,12.0,37.7,16.897598218629554,12,160,6
2026-06-09 13:00:00,845.0,38,11.7,39.1,22.9440272527194,13,160,6
2026-06-09 14:00:00,835.0,19,12.7,39.9,24.436043493116482,14,160,6
2026-06-09 15:00:00,731.0,21,10.8,41.0,21.772259219687445,15,160,6
2026-06-09 16:00:00,545.0,20,12.0,41.3,13.741380565713603,16,160,6
2026-06-09 17:00:00,362.0,6,15.8,39.1,11.436703378214483,17,160,6
2026-06-09 18:00:00,179.0,3,17.0,37.3,5.383646103489685,18,160,6
2026-06-09 19:00:00,34.0,6,16.9,35.2,1.1387610875757244,19,160,6
2026-06-09 20:00:00,0.0,8,12.1,34.1,0.0,20,160,6
2026-06-09 21:00:00,0.0,5,8.5,33.5,0.0,21,160,6
2026-06-09 22:00:00,0.0,17,10.0,34.0,0.0,22,160,6
2026-06-09 23:00:00,0.0,1,9.6,33.8,0.0,23,160,6
2026-06-10 00:00:00,0.0,3,11.0,33.3,0.0,0,161,6
2026-06-10 01:00:00,0.0,2,12.6,32.5,0.0,1,161,6
2026-06-10 02:00:00,0.0,5,9.4,32.0,0.0,2,161,6
2026-06-10 03:00:00,0.0,14,12.2,31.8,0.0,3,161,6
2026-06-10 04:00:00,0.0,22,12.9,31.3,0.0,4,161,6
2026-06-10 05:00:00,0.0,34,12.0,30.7,0.0,5,161,6
2026-06-10 06:00:00,11.0,22,12.4,30.6,0.3292376136411552,6,161,6
2026-06-10 07:00:00,127.0,42,12.4,31.3,2.9556801677460682,7,161,6
2026-06-10 08:00:00,311.0,15,11.6,32.4,9.214551753811747,8,161,6
2026-06-10 09:00:00,521.0,12,11.7,33.9,15.567182130069686,9,161,6
2026-06-10 10:00:00,688.0,2,11.8,35.5,22.42425801995872,10,161,6
2026-06-10 11:00:00,836.0,1,12.3,36.7,28.32658585173834,11,161,6
2026-06-10 12:00:00,924.0,1,10.2,38.1,28.38555126032593,12,161,6
2026-06-10 13:00:00,936.0,2,10.0,39.3,28.548297905998815,13,161,6
2026-06-10 14:00:00,883.0,0,10.5,40.4,24.893337180570704,14,161,6
2026-06-10 15:00:00,766.0,0,12.1,41.2,22.845333519499587,15,161,6
2026-06-10 16:00:00,595.0,0,13.7,41.5,18.2043634838334,16,161,6
2026-06-10 17:00:00,395.0,0,15.8,40.6,13.327817962784042,17,161,6
2026-06-10 18:00:00,189.0,0,19.2,36.9,5.970946736862957,18,161,6
2026-06-10 19:00:00,35.0,0,17.7,35.0,1.1528821429428535,19,161,6
2026-06-10 20:00:00,0.0,0,15.5,33.8,0.0,20,161,6
2026-06-10 21:00:00,0.0,0,12.2,32.8,0.0,21,161,6
2026-06-10 22:00:00,0.0,0,6.2,32.5,0.0,22,161,6
2026-06-10 23:00:00,0.0,2,3.9,32.6,0.0,23,161,6
2026-06-11 00:00:00,0.0,10,8.7,32.7,0.0,0,162,6
2026-06-11 01:00:00,0.0,0,13.5,32.7,0.0,1,162,6
2026-06-11 02:00:00,0.0,0,15.7,31.8,0.0,2,162,6
2026-06-11 03:00:00,0.0,0,13.8,30.9,0.0,3,162,6
2026-06-11 04:00:00,0.0,1,12.7,30.4,0.0,4,162,6
2026-06-11 05:00:00,0.0,63,13.3,30.3,0.0,5,162,6
2026-06-11 06:00:00,12.0,92,13.3,30.2,0.2150381132129507,6,162,6
2026-06-11 07:00:00,105.0,68,13.5,30.8,2.1399761152952634,7,162,6
2026-06-11 08:00:00,278.0,8,13.1,31.9,8.715753902261877,8,162,6
2026-06-11 09:00:00,518.0,33,13.5,33.9,14.848539928668425,9,162,6
2026-06-11 10:00:00,661.0,9,12.9,35.3,20.956557931240933,10,162,6
2026-06-11 11:00:00,842.0,6,12.2,37.1,21.148251165840556,11,162,6
2026-06-11 12:00:00,915.0,5,12.6,38.6,27.45029042311975,12,162,6
2026-06-11 13:00:00,926.0,2,13.6,39.9,31.86141022831489,13,162,6
2026-06-11 14:00:00,871.0,3,14.5,40.9,25.731805994449214,14,162,6
2026-06-11 15:00:00,755.0,2,15.2,41.6,24.71724129966576,15,162,6
2026-06-11 16:00:00,587.0,33,16.5,41.2,14.98402553744961,16,162,6
2026-06-11 17:00:00,371.0,0,17.1,39.1,11.983273431562685,17,162,6
2026-06-11 18:00:00,186.0,0,18.0,35.7,5.601619244958101,18,162,6
2026-06-11 19:00:00,35.0,0,17.1,34.9,1.0903032505450303,19,162,6
2026-06-11 20:00:00,0.0,0,16.0,33.4,0.0,20,162,6
2026-06-11 21:00:00,0.0,0,14.1,32.3,0.0,21,162,6
2026-06-11 22:00:00,0.0,0,14.7,31.7,0.0,22,162,6
2026-06-11 23:00:00,0.0,0,10.5,31.5,0.0,23,162,6
2026-06-12 00:00:00,0.0,1,8.3,31.4,0.0,0,163,6
2026-06-12 01:00:00,0.0,1,9.8,31.8,0.0,1,163,6
2026-06-12 02:00:00,0.0,1,14.2,32.1,0.0,2,163,6
2026-06-12 03:00:00,0.0,0,14.9,31.4,0.0,3,163,6
2026-06-12 04:00:00,0.0,0,13.9,30.7,0.0,4,163,6
2026-06-12 05:00:00,0.0,29,12.4,30.1,0.0,5,163,6
2026-06-12 06:00:00,12.0,31,15.2,29.8,0.32654463746092405,6,163,6
2026-06-12 07:00:00,118.0,16,14.6,30.5,3.597436172866157,7,163,6
2026-06-12 08:00:00,324.0,13,14.1,31.8,9.572899592515073,8,163,6
2026-06-12 09:00:00,510.0,15,13.9,33.2,14.932260579447998,9,163,6
2026-06-12 10:00:00,691.0,13,13.9,34.9,20.648393841284143,10,163,6
2026-06-12 11:00:00,834.0,16,14.4,36.5,21.625099955616204,11,163,6
2026-06-12 12:00:00,896.0,9,14.2,38.2,25.818096905690567,12,163,6
2026-06-12 13:00:00,920.0,4,13.7,39.9,28.03243061412067,13,163,6
2026-06-12 14:00:00,870.0,1,14.1,40.9,27.569965871363685,14,163,6
2026-06-12 15:00:00,760.0,0,14.1,41.6,23.190196419938836,15,163,6
2026-06-12 16:00:00,585.0,2,15.7,42.1,17.777448318929714,16,163,6
2026-06-12 17:00:00,388.0,8,17.7,38.8,13.340421534251131,17,163,6
2026-06-12 18:00:00,181.0,2,18.7,37.4,6.1428668187633635,18,163,6
2026-06-12 19:00:00,35.0,1,17.8,34.3,1.146084194794995,19,163,6
2026-06-12 20:00:00,0.0,0,13.8,33.0,0.0,20,163,6
2026-06-12 21:00:00,0.0,0,10.2,32.4,0.0,21,163,6
2026-06-12 22:00:00,0.0,2,9.9,32.0,0.0,22,163,6
2026-06-12 23:00:00,0.0,2,10.1,31.6,0.0,23,163,6
2026-06-13 00:00:00,0.0,52,5.8,31.7,0.0,0,164,6
2026-06-13 01:00:00,0.0,7,13.2,32.4,0.0,1,164,6
2026-06-13 02:00:00,0.0,0,15.1,31.0,0.0,2,164,6
2026-06-13 03:00:00,0.0,0,13.3,30.2,0.0,3,164,6
2026-06-13 04:00:00,0.0,16,11.8,29.8,0.0,4,164,6
2026-06-13 05:00:00,0.0,20,10.0,29.8,0.0,5,164,6
2026-06-13 06:00:00,12.0,14,8.2,29.7,0.36510021987152524,6,164,6
2026-06-13 07:00:00,128.0,5,9.8,30.6,4.236349423099425,7,164,6
2026-06-13 08:00:00,320.0,25,11.1,32.0,10.14976661269835,8,164,6
2026-06-13 09:00:00,457.0,42,11.2,33.4,11.858985937119296,9,164,6
2026-06-13 10:00:00,597.0,46,10.2,35.1,14.733717088505395,10,164,6
2026-06-13 11:00:00,717.0,75,10.2,37.0,13.525928114778772,11,164,6
2026-06-13 12:00:00,756.0,17,11.4,37.9,21.663724412499633,12,164,6
2026-06-13 13:00:00,863.0,20,11.0,39.0,22.363220424330198,13,164,6
2026-06-13 14:00:00,829.0,22,12.3,40.0,22.813123742432474,14,164,6
2026-06-13 15:00:00,678.0,30,14.3,40.1,16.789851578766697,15,164,6
2026-06-13 16:00:00,536.0,29,12.5,40.4,16.050909523609857,16,164,6
2026-06-13 17:00:00,327.0,9,16.6,40.3,10.394100083878058,17,164,6
2026-06-13 18:00:00,185.0,3,17.8,39.5,5.59054706980068,18,164,6
2026-06-13 19:00:00,36.0,1,13.5,37.1,1.1262567972902398,19,164,6
2026-06-13 20:00:00,0.0,2,11.4,34.6,0.0,20,164,6
2026-06-13 21:00:00,0.0,3,8.8,33.2,0.0,21,164,6
2026-06-13 22:00:00,0.0,1,8.1,33.7,0.0,22,164,6
2026-06-13 23:00:00,0.0,0,11.9,34.0,0.0,23,164,6
2026-06-14 00:00:00,0.0,1,14.5,32.7,0.0,0,165,6
2026-06-14 01:00:00,0.0,0,14.3,31.4,0.0,1,165,6
2026-06-14 02:00:00,0.0,0,13.7,30.5,0.0,2,165,6
2026-06-14 03:00:00,0.0,2,13.2,29.9,0.0,3,165,6
2026-06-14 04:00:00,0.0,3,14.5,29.7,0.0,4,165,6
2026-06-14 05:00:00,0.0,64,14.2,29.5,0.0,5,165,6
2026-06-14 06:00:00,12.0,53,12.6,29.6,0.3087867958542788,6,165,6
2026-06-14 07:00:00,119.0,100,12.7,30.4,1.6562680845726065,7,165,6
2026-06-14 08:00:00,274.0,40,10.4,31.5,6.9104912700446635,8,165,6
2026-06-14 09:00:00,438.0,100,9.6,33.1,5.941491481695162,9,165,6
2026-06-14 10:00:00,506.0,47,10.4,34.3,11.473101093768408,10,165,6
2026-06-14 11:00:00,759.0,26,9.8,36.2,21.29630501727125,11,165,6
2026-06-14 12:00:00,845.0,27,12.0,37.5,22.57097442348354,12,165,6
2026-06-14 13:00:00,820.0,28,13.3,37.6,20.651605952497736,13,165,6
2026-06-14 14:00:00,773.0,34,12.8,38.4,19.90149019399447,14,165,6
2026-06-14 15:00:00,704.0,40,13.1,39.2,16.61814512825644,15,165,6
2026-06-14 16:00:00,468.0,16,15.9,39.7,13.545140885000105,16,165,6
2026-06-14 17:00:00,351.0,35,17.3,38.9,8.800733917402018,17,165,6
2026-06-14 18:00:00,160.0,2,15.9,37.8,5.13497166169167,18,165,6
2026-06-14 19:00:00,37.0,5,14.4,37.0,1.1991165564638813,19,165,6
2026-06-14 20:00:00,0.0,0,15.7,35.7,0.0,20,165,6
2026-06-14 21:00:00,0.0,0,17.5,33.9,0.0,21,165,6
2026-06-14 22:00:00,0.0,1,19.0,32.4,0.0,22,165,6
2026-06-14 23:00:00,0.0,0,18.8,31.7,0.0,23,165,6
2026-06-15 00:00:00,0.0,0,16.4,31.3,0.0,0,166,6
2026-06-15 01:00:00,0.0,2,16.0,30.8,0.0,1,166,6
2026-06-15 02:00:00,0.0,3,15.8,30.3,0.0,2,166,6
2026-06-15 03:00:00,0.0,9,13.3,29.9,0.0,3,166,6
2026-06-15 04:00:00,0.0,13,9.9,29.7,0.0,4,166,6
2026-06-15 05:00:00,0.0,11,9.2,29.8,0.0,5,166,6
2026-06-15 06:00:00,10.0,21,11.5,30.3,0.29367641717754184,6,166,6
2026-06-15 07:00:00,115.0,100,14.8,31.1,1.5057208794227195,7,166,6
2026-06-15 08:00:00,230.0,10,15.4,31.7,7.283215377214635,8,166,6
2026-06-15 09:00:00,510.0,41,15.5,33.4,12.511500908260373,9,166,6
2026-06-15 10:00:00,646.0,77,15.5,35.0,12.84925678950198,10,166,6
2026-06-15 11:00:00,635.0,59,15.6,34.6,13.829161762282762,11,166,6
2026-06-15 12:00:00,692.0,16,14.2,35.6,19.232064832073952,12,166,6
2026-06-15 13:00:00,862.0,16,13.5,37.5,25.723501075166677,13,166,6
2026-06-15 14:00:00,852.0,21,13.3,38.6,24.52301524638283,14,166,6
2026-06-15 15:00:00,722.0,91,13.4,39.0,12.361380211592735,15,166,6
2026-06-15 16:00:00,497.0,81,14.8,39.1,8.888284031063012,16,166,6
2026-06-15 17:00:00,288.0,16,14.4,39.6,7.373070051453928,17,166,6
2026-06-15 18:00:00,186.0,28,14.9,39.1,4.950517386085142,18,166,6
2026-06-15 19:00:00,33.0,41,10.2,36.3,0.8496076327523882,19,166,6
2026-06-15 20:00:00,0.0,34,10.0,34.8,0.0,20,166,6
2026-06-15 21:00:00,0.0,14,9.9,34.1,0.0,21,166,6
2026-06-15 22:00:00,0.0,12,12.4,33.1,0.0,22,166,6
2026-06-15 23:00:00,0.0,5,11.4,32.4,0.0,23,166,6
2026-06-16 00:00:00,0.0,8,13.2,31.9,0.0,0,167,6
2026-06-16 01:00:00,0.0,2,13.2,31.1,0.0,1,167,6
2026-06-16 02:00:00,0.0,0,12.5,30.5,0.0,2,167,6
2026-06-16 03:00:00,0.0,1,11.6,30.2,0.0,3,167,6
2026-06-16 04:00:00,0.0,2,11.8,29.9,0.0,4,167,6
2026-06-16 05:00:00,0.0,0,10.0,30.0,0.0,5,167,6
2026-06-16 06:00:00,12.0,1,8.4,29.9,0.4000195467551233,6,167,6
2026-06-16 07:00:00,131.0,2,10.5,30.6,4.123085139148866,7,167,6
2026-06-16 08:00:00,326.0,16,11.1,32.0,9.692335405760304,8,167,6
2026-06-16 09:00:00,471.0,73,11.2,33.2,11.011011059986364,9,167,6
2026-06-16 10:00:00,489.0,63,11.6,34.1,10.120319512475751,10,167,6
2026-06-16 11:00:00,634.0,27,12.7,35.5,17.388401497547594,11,167,6
2026-06-16 12:00:00,587.0,95,12.4,36.1,8.762881715584225,12,167,6
2026-06-16 13:00:00,449.0,65,11.8,36.9,8.968753901111258,13,167,6
2026-06-16 14:00:00,597.0,38,10.4,38.3,15.604674139301562,14,167,6
2026-06-16 15:00:00,667.0,30,11.1,39.0,17.774675041331722,15,167,6
2026-06-16 16:00:00,512.0,26,11.5,38.4,15.195133275088695,16,167,6
2026-06-16 17:00:00,350.0,4,14.5,38.6,9.871464609384928,17,167,6
2026-06-16 18:00:00,186.0,35,14.9,38.2,4.666283335305559,18,167,6
2026-06-16 19:00:00,26.0,7,18.3,35.2,0.8492538431893973,19,167,6
2026-06-16 20:00:00,0.0,20,13.4,33.1,0.0,20,167,6
2026-06-16 21:00:00,0.0,28,10.2,32.6,0.0,21,167,6
2026-06-16 22:00:00,0.0,22,6.9,32.3,0.0,22,167,6
2026-06-16 23:00:00,0.0,13,3.0,32.5,0.0,23,167,6
2026-06-17 00:00:00,0.0,13,10.4,32.7,0.0,0,168,6
2026-06-17 01:00:00,0.0,27,14.9,31.8,0.0,1,168,6
2026-06-17 02:00:00,0.0,15,11.2,30.8,0.0,2,168,6
2026-06-17 03:00:00,0.0,2,9.4,30.4,0.0,3,168,6
2026-06-17 04:00:00,0.0,2,9.2,30.4,0.0,4,168,6
2026-06-17 05:00:00,0.0,31,7.6,30.6,0.0,5,168,6
2026-06-17 06:00:00,11.0,13,9.3,30.1,0.33278458011728407,6,168,6
2026-06-17 07:00:00,123.0,7,10.4,30.6,3.4834916275431262,7,168,6
2026-06-17 08:00:00,314.0,23,11.6,31.8,9.458200526615641,8,168,6
2026-06-17 09:00:00,484.0,33,11.8,33.0,12.606530158333708,9,168,6
2026-06-17 10:00:00,608.0,30,12.4,33.1,15.661147947252953,10,168,6
2026-06-17 11:00:00,748.0,20,11.7,35.5,22.78595207098558,11,168,6
2026-06-17 12:00:00,819.0,19,12.0,36.8,23.6856896193767,12,168,6
2026-06-17 13:00:00,849.0,16,11.1,37.9,25.903264488023307,13,168,6
2026-06-17 14:00:00,832.0,11,11.3,38.7,24.78039695773675,14,168,6
2026-06-17 15:00:00,750.0,9,11.7,39.1,23.530273679231406,15,168,6
2026-06-17 16:00:00,573.0,32,12.7,39.1,13.406949684471194,16,168,6
2026-06-17 17:00:00,311.0,23,14.5,35.0,8.717404320605498,17,168,6
2026-06-17 18:00:00,153.0,44,12.6,34.8,3.713270626315612,18,168,6
2026-06-17 19:00:00,30.0,59,13.4,33.5,0.6713545631285353,19,168,6
2026-06-17 20:00:00,0.0,59,3.5,31.5,0.0,20,168,6
2026-06-17 21:00:00,0.0,60,5.9,30.7,0.0,21,168,6
2026-06-17 22:00:00,0.0,75,13.8,27.1,0.0,22,168,6
2026-06-17 23:00:00,0.0,80,2.8,29.1,0.0,23,168,6
2026-06-18 00:00:00,0.0,70,7.1,29.0,0.0,0,169,6
2026-06-18 01:00:00,0.0,80,6.4,28.8,0.0,1,169,6
2026-06-18 02:00:00,0.0,100,8.3,27.0,0.0,2,169,6
2026-06-18 03:00:00,0.0,100,11.3,25.8,0.0,3,169,6
2026-06-18 04:00:00,0.0,85,5.1,26.2,0.0,4,169,6
2026-06-18 05:00:00,0.0,98,11.9,24.3,0.0,5,169,6
2026-06-18 06:00:00,4.0,27,5.5,24.9,0.1238217881757244,6,169,6
2026-06-18 07:00:00,117.0,19,6.3,26.1,3.5493473339112547,7,169,6
2026-06-18 08:00:00,300.0,2,6.7,28.1,9.44747321186907,8,169,6
2026-06-18 09:00:00,513.0,2,6.2,30.3,18.289322878389783,9,169,6
2026-06-18 10:00:00,691.0,10,6.7,32.3,20.182658436012428,10,169,6
2026-06-18 11:00:00,807.0,34,9.8,33.3,22.044454552129224,11,169,6
2026-06-18 12:00:00,775.0,20,8.4,33.9,21.202340194615974,12,169,6
2026-06-18 13:00:00,803.0,22,7.0,34.8,21.5497956281153,13,169,6
2026-06-18 14:00:00,790.0,32,7.7,36.0,18.730457612812266,14,169,6
2026-06-18 15:00:00,711.0,35,8.6,36.0,16.030306855448305,15,169,6
2026-06-18 16:00:00,516.0,74,9.6,35.8,9.531908289547701,16,169,6
2026-06-18 17:00:00,333.0,77,5.4,36.8,6.414358528197537,17,169,6
2026-06-18 18:00:00,184.0,70,13.5,30.8,3.5212192147969366,18,169,6
2026-06-18 19:00:00,29.0,66,9.6,30.3,0.6179403155178659,19,169,6
2026-06-18 20:00:00,0.0,8,11.9,30.6,0.0,20,169,6
2026-06-18 21:00:00,0.0,34,8.3,30.3,0.0,21,169,6
2026-06-18 22:00:00,0.0,29,7.3,30.0,0.0,22,169,6
2026-06-18 23:00:00,0.0,10,7.3,29.6,0.0,23,169,6
2026-06-19 00:00:00,0.0,15,7.1,29.2,0.0,0,170,6
2026-06-19 01:00:00,0.0,32,10.7,28.8,0.0,1,170,6
2026-06-19 02:00:00,0.0,20,7.7,27.6,0.0,2,170,6
2026-06-19 03:00:00,0.0,25,8.0,27.7,0.0,3,170,6
2026-06-19 04:00:00,0.0,52,7.3,27.7,0.0,4,170,6
2026-06-19 05:00:00,0.0,76,4.5,27.5,0.0,5,170,6
2026-06-19 06:00:00,7.0,60,1.6,27.1,0.1582421575932493,6,170,6
2026-06-19 07:00:00,83.0,99,14.4,24.5,1.319278442255672,7,170,6
2026-06-19 08:00:00,111.0,87,2.9,24.5,1.795406264758722,8,170,6
2026-06-19 09:00:00,316.0,16,4.8,27.5,10.862280397685437,9,170,6
2026-06-19 10:00:00,669.0,25,5.4,31.0,18.00709849073052,10,170,6
2026-06-19 11:00:00,795.0,12,8.7,33.9,24.21506581246238,11,170,6
2026-06-19 12:00:00,888.0,16,9.9,34.9,26.065676569595947,12,170,6
2026-06-19 13:00:00,893.0,5,9.9,35.6,27.92077864679282,13,170,6
2026-06-19 14:00:00,857.0,59,9.5,36.3,17.570273295682522,14,170,6
2026-06-19 15:00:00,664.0,98,8.2,36.5,10.030530422426644,15,170,6
2026-06-19 16:00:00,329.0,54,15.0,33.8,7.976652880390238,16,170,6
2026-06-19 17:00:00,323.0,52,15.8,35.4,7.58427859245173,17,170,6
2026-06-19 18:00:00,146.0,17,15.2,35.4,4.328968888473889,18,170,6
2026-06-19 19:00:00,34.0,23,14.1,32.7,1.061439712562151,19,170,6
2026-06-19 20:00:00,0.0,13,14.6,32.8,0.0,20,170,6
2026-06-19 21:00:00,0.0,32,11.1,32.5,0.0,21,170,6
2026-06-19 22:00:00,0.0,24,10.1,32.6,0.0,22,170,6
2026-06-19 23:00:00,0.0,8,9.5,32.5,0.0,23,170,6
2026-06-20 00:00:00,0.0,72,9.3,32.2,0.0,0,171,6
2026-06-20 01:00:00,0.0,82,12.6,31.8,0.0,1,171,6
2026-06-20 02:00:00,0.0,30,12.3,31.0,0.0,2,171,6
2026-06-20 03:00:00,0.0,15,10.5,30.3,0.0,3,171,6
2026-06-20 04:00:00,0.0,21,8.9,30.0,0.0,4,171,6
2026-06-20 05:00:00,0.0,21,7.4,29.8,0.0,5,171,6
2026-06-20 06:00:00,11.0,9,8.7,29.8,0.367943537151275,6,171,6
2026-06-20 07:00:00,123.0,2,10.6,30.3,3.7987394822799088,7,171,6
2026-06-20 08:00:00,314.0,6,10.7,31.5,10.675746849598525,8,171,6
2026-06-20 09:00:00,507.0,13,8.7,32.9,16.14847646089463,9,171,6
2026-06-20 10:00:00,686.0,5,8.1,34.6,21.971858701129108,10,171,6
2026-06-20 11:00:00,816.0,9,9.0,36.0,25.554206081136744,11,171,6
2026-06-20 12:00:00,897.0,9,8.8,37.3,25.293824999754236,12,171,6
2026-06-20 13:00:00,918.0,48,8.6,38.4,20.158919477019086,13,171,6
2026-06-20 14:00:00,837.0,50,9.0,39.1,17.307898097210412,14,171,6
2026-06-20 15:00:00,607.0,64,9.8,38.8,12.26355405812847,15,171,6
2026-06-20 16:00:00,498.0,51,11.7,37.9,11.664627794070986,16,171,6
2026-06-20 17:00:00,334.0,25,9.5,36.3,10.039023872859614,17,171,6
2026-06-20 18:00:00,169.0,19,11.8,36.7,5.061731626099527,18,171,6
2026-06-20 19:00:00,35.0,19,14.8,34.6,0.9838714224013179,19,171,6
2026-06-20 20:00:00,0.0,15,12.0,34.3,0.0,20,171,6
2026-06-20 21:00:00,0.0,10,10.4,33.9,0.0,21,171,6
2026-06-20 22:00:00,0.0,9,9.7,33.5,0.0,22,171,6
2026-06-20 23:00:00,0.0,13,8.9,33.7,0.0,23,171,6
2026-06-21 00:00:00,0.0,21,13.9,33.0,0.0,0,172,6
2026-06-21 01:00:00,0.0,23,13.9,31.7,0.0,1,172,6
2026-06-21 02:00:00,0.0,25,11.2,31.3,0.0,2,172,6
2026-06-21 03:00:00,0.0,63,12.6,30.9,0.0,3,172,6
2026-06-21 04:00:00,0.0,46,12.1,30.5,0.0,4,172,6
2026-06-21 05:00:00,0.0,45,10.7,30.2,0.0,5,172,6
2026-06-21 06:00:00,10.0,27,10.4,30.0,0.2702674281863758,6,172,6
2026-06-21 07:00:00,123.0,5,11.2,30.6,3.676552897116309,7,172,6
2026-06-21 08:00:00,314.0,6,10.9,31.7,9.93616782030032,8,172,6
2026-06-21 09:00:00,509.0,32,10.9,33.1,12.49553045039304,9,172,6
2026-06-21 10:00:00,682.0,34,10.4,34.5,18.939869306286205,10,172,6
2026-06-21 11:00:00,831.0,39,9.8,35.6,20.24370607169208,11,172,6
2026-06-21 12:00:00,876.0,60,10.4,36.9,18.768033851290102,12,172,6
2026-06-21 13:00:00,912.0,25,10.4,38.0,24.058832296424644,13,172,6
2026-06-21 14:00:00,806.0,17,9.8,38.7,20.604392420489578,14,172,6
2026-06-21 15:00:00,740.0,4,10.1,39.2,22.839676532543532,15,172,6
2026-06-21 16:00:00,582.0,15,10.0,39.0,16.408640849552985,16,172,6
2026-06-21 17:00:00,360.0,8,11.0,39.6,10.86501381864596,17,172,6
2026-06-21 18:00:00,180.0,11,15.2,36.4,5.456342524089559,18,172,6
2026-06-21 19:00:00,37.0,5,14.8,35.5,1.1754880758388073,19,172,6
2026-06-21 20:00:00,0.0,8,12.9,33.1,0.0,20,172,6
2026-06-21 21:00:00,0.0,13,10.5,32.7,0.0,21,172,6
2026-06-21 22:00:00,0.0,13,10.7,32.3,0.0,22,172,6
2026-06-21 23:00:00,0.0,28,10.3,32.5,0.0,23,172,6
2026-06-22 00:00:00,0.0,22,10.2,32.8,0.0,0,173,6
2026-06-22 01:00:00,0.0,16,12.6,32.5,0.0,1,173,6
2026-06-22 02:00:00,0.0,5,12.9,31.5,0.0,2,173,6
2026-06-22 03:00:00,0.0,2,12.5,30.7,0.0,3,173,6
2026-06-22 04:00:00,0.0,8,10.7,30.1,0.0,4,173,6
2026-06-22 05:00:00,0.0,1,7.9,30.1,0.0,5,173,6
2026-06-22 06:00:00,11.0,1,7.4,30.1,0.3486168589964099,6,173,6
2026-06-22 07:00:00,124.0,2,10.3,30.8,3.9876699987420485,7,173,6
2026-06-22 08:00:00,313.0,3,10.5,31.9,9.737876476993724,8,173,6
2026-06-22 09:00:00,516.0,8,9.4,33.2,16.438997072203627,9,173,6
2026-06-22 10:00:00,685.0,16,8.0,34.6,18.985655746551853,10,173,6
2026-06-22 11:00:00,804.0,21,8.0,35.6,22.834592152553356,11,173,6
2026-06-22 12:00:00,875.0,13,7.8,36.9,26.170042205437134,12,173,6
2026-06-22 13:00:00,860.0,11,8.1,38.2,26.52397247631213,13,173,6
2026-06-22 14:00:00,837.0,25,8.7,39.0,22.28425265208019,14,173,6
2026-06-22 15:00:00,689.0,31,12.5,38.3,16.283760475681717,15,173,6
2026-06-22 16:00:00,526.0,52,15.7,35.6,12.160726724863242,16,173,6
2026-06-22 17:00:00,306.0,30,13.3,38.0,7.298996815943095,17,173,6
2026-06-22 18:00:00,183.0,7,12.5,36.7,5.752546557708953,18,173,6
2026-06-22 19:00:00,38.0,6,15.7,34.3,1.1028958607019865,19,173,6
2026-06-22 20:00:00,0.0,5,14.4,32.6,0.0,20,173,6
2026-06-22 21:00:00,0.0,2,13.5,31.6,0.0,21,173,6
2026-06-22 22:00:00,0.0,2,12.9,31.2,0.0,22,173,6
2026-06-22 23:00:00,0.0,5,11.9,31.4,0.0,23,173,6
2026-06-23 00:00:00,0.0,5,10.5,31.0,0.0,0,174,6
2026-06-23 01:00:00,0.0,8,6.5,30.8,0.0,1,174,6
2026-06-23 02:00:00,0.0,1,3.1,30.9,0.0,2,174,6
2026-06-23 03:00:00,0.0,0,7.6,30.9,0.0,3,174,6
2026-06-23 04:00:00,0.0,2,9.0,30.4,0.0,4,174,6
2026-06-23 05:00:00,0.0,67,11.7,26.5,0.0,5,174,6
2026-06-23 06:00:00,9.0,41,8.9,24.4,0.2172279651341201,6,174,6
2026-06-23 07:00:00,103.0,11,4.7,27.0,3.1467342334466353,7,174,6
2026-06-23 08:00:00,307.0,5,5.4,29.5,9.2978058178808,8,174,6
2026-06-23 09:00:00,505.0,23,8.1,31.4,13.066743456685149,9,174,6
2026-06-23 10:00:00,651.0,13,8.5,32.9,20.13303921215534,10,174,6
2026-06-23 11:00:00,804.0,27,8.3,34.2,24.23222336433009,11,174,6
2026-06-23 12:00:00,788.0,13,8.1,35.2,21.59741831811851,12,174,6
2026-06-23 13:00:00,856.0,9,8.3,36.3,25.680966017889542,13,174,6
2026-06-23 14:00:00,833.0,13,8.2,37.1,22.855685236361435,14,174,6
2026-06-23 15:00:00,726.0,5,7.5,38.0,23.321244939554113,15,174,6
2026-06-23 16:00:00,586.0,3,7.8,38.4,18.251084991313917,16,174,6
2026-06-23 17:00:00,389.0,12,10.3,38.8,11.774774705148037,17,174,6
2026-06-23 18:00:00,169.0,22,12.2,38.0,4.428906643246239,18,174,6
2026-06-23 19:00:00,36.0,15,12.4,36.9,1.0869932648998524,19,174,6
2026-06-23 20:00:00,0.0,8,16.8,33.6,0.0,20,174,6
2026-06-23 21:00:00,0.0,5,14.4,32.5,0.0,21,174,6
2026-06-23 22:00:00,0.0,2,13.6,31.8,0.0,22,174,6
2026-06-23 23:00:00,0.0,2,10.4,32.3,0.0,23,174,6
2026-06-24 00:00:00,0.0,1,9.9,32.4,0.0,0,175,6
2026-06-24 01:00:00,0.0,1,13.0,31.9,0.0,1,175,6
2026-06-24 02:00:00,0.0,1,12.6,30.8,0.0,2,175,6
2026-06-24 03:00:00,0.0,1,13.6,30.1,0.0,3,175,6
2026-06-24 04:00:00,0.0,1,11.8,29.7,0.0,4,175,6
2026-06-24 05:00:00,0.0,2,10.2,29.8,0.0,5,175,6
2026-06-24 06:00:00,11.0,5,11.2,29.8,0.3787601626013918,6,175,6
2026-06-24 07:00:00,121.0,27,13.5,30.4,3.185145566169264,7,175,6
2026-06-24 08:00:00,285.0,12,13.9,31.6,8.49087791720427,8,175,6
2026-06-24 09:00:00,498.0,9,12.7,33.3,16.08372363358044,9,175,6
2026-06-24 10:00:00,686.0,9,12.1,35.0,21.99250198733847,10,175,6
2026-06-24 11:00:00,789.0,7,10.8,36.5,20.63124119177784,11,175,6
2026-06-24 12:00:00,863.0,7,10.3,37.6,25.51072805043066,12,175,6
2026-06-24 13:00:00,890.0,13,11.3,38.2,28.065529683531043,13,175,6
2026-06-24 14:00:00,828.0,4,12.5,38.5,24.768542163736043,14,175,6
2026-06-24 15:00:00,728.0,4,11.9,38.6,22.57955487125725,15,175,6
2026-06-24 16:00:00,564.0,17,12.4,38.6,16.43571023778987,16,175,6
2026-06-24 17:00:00,369.0,11,12.3,39.0,11.361366695527678,17,175,6
2026-06-24 18:00:00,185.0,49,13.0,37.8,4.2729314906430025,18,175,6
2026-06-24 19:00:00,34.0,14,16.3,33.9,0.9584149392045322,19,175,6
2026-06-24 20:00:00,0.0,19,14.8,32.1,0.0,20,175,6
2026-06-24 21:00:00,0.0,7,10.7,31.4,0.0,21,175,6
2026-06-24 22:00:00,0.0,2,10.2,31.5,0.0,22,175,6
2026-06-24 23:00:00,0.0,12,8.1,31.9,0.0,23,175,6
2026-06-25 00:00:00,0.0,23,14.1,32.5,0.0,0,176,6
2026-06-25 01:00:00,0.0,29,13.5,31.4,0.0,1,176,6
2026-06-25 02:00:00,0.0,63,15.2,30.6,0.0,2,176,6
2026-06-25 03:00:00,0.0,60,13.2,30.2,0.0,3,176,6
2026-06-25 04:00:00,0.0,98,11.0,30.0,0.0,4,176,6
2026-06-25 05:00:00,0.0,96,11.3,29.8,0.0,5,176,6
2026-06-25 06:00:00,10.0,55,10.9,29.8,0.2319278934681829,6,176,6
2026-06-25 07:00:00,121.0,67,12.0,30.6,2.6829367699181645,7,176,6
2026-06-25 08:00:00,310.0,70,11.7,31.7,5.5074461304148095,8,176,6
2026-06-25 09:00:00,517.0,81,11.7,33.2,9.004439111845358,9,176,6
2026-06-25 10:00:00,667.0,63,10.0,34.6,14.477113491357478,10,176,6
2026-06-25 11:00:00,773.0,33,10.3,35.7,20.233985321944953,11,176,6
2026-06-25 12:00:00,890.0,32,9.2,36.5,24.571910241579328,12,176,6
2026-06-25 13:00:00,809.0,47,9.3,37.3,19.998378722095865,13,176,6
2026-06-25 14:00:00,812.0,66,10.8,38.2,16.84336109502062,14,176,6
2026-06-25 15:00:00,742.0,84,12.4,38.6,13.18725769832941,15,176,6
2026-06-25 16:00:00,564.0,52,11.4,38.1,14.166625585656309,16,176,6
2026-06-25 17:00:00,353.0,93,10.2,38.7,4.631269614750342,17,176,6
2026-06-25 18:00:00,163.0,66,10.5,38.0,3.3817953508656244,18,176,6
2026-06-25 19:00:00,33.0,60,11.8,36.6,0.7396902108904027,19,176,6
2026-06-25 20:00:00,0.0,35,12.9,34.7,0.0,20,176,6
2026-06-25 21:00:00,0.0,13,12.0,33.1,0.0,21,176,6
2026-06-25 22:00:00,0.0,11,8.2,32.7,0.0,22,176,6
2026-06-25 23:00:00,0.0,39,11.6,33.4,0.0,23,176,6
2026-06-26 00:00:00,0.0,9,12.8,32.5,0.0,0,177,6
2026-06-26 01:00:00,0.0,5,13.0,31.7,0.0,1,177,6
2026-06-26 02:00:00,0.0,9,12.6,31.2,0.0,2,177,6
2026-06-26 03:00:00,0.0,45,11.7,30.6,0.0,3,177,6
2026-06-26 04:00:00,0.0,25,11.2,30.1,0.0,4,177,6
2026-06-26 05:00:00,0.0,2,10.7,30.1,0.0,5,177,6
2026-06-26 06:00:00,10.0,2,10.3,30.0,0.33517243981294875,6,177,6
2026-06-26 07:00:00,119.0,4,10.3,30.7,3.631242933840584,7,177,6
2026-06-26 08:00:00,300.0,5,10.4,31.9,9.040774860522445,8,177,6
2026-06-26 09:00:00,501.0,11,10.4,33.5,16.30644299498728,9,177,6
2026-06-26 10:00:00,673.0,9,9.9,35.1,19.452609755599454,10,177,6
2026-06-26 11:00:00,779.0,11,9.5,36.3,25.119914377943136,11,177,6
2026-06-26 12:00:00,866.0,8,9.3,37.3,24.404131481478604,12,177,6
2026-06-26 13:00:00,882.0,3,9.5,38.4,28.013893843616565,13,177,6
2026-06-26 14:00:00,856.0,6,10.5,38.9,24.585090521606233,14,177,6
2026-06-26 15:00:00,758.0,21,9.7,39.3,20.00466216846777,15,177,6
2026-06-26 16:00:00,602.0,3,11.0,39.3,17.63407005624161,16,177,6
2026-06-26 17:00:00,403.0,5,8.9,38.9,12.040277876110975,17,177,6
2026-06-26 18:00:00,195.0,8,9.5,38.2,6.1463737547073345,18,177,6
2026-06-26 19:00:00,40.0,45,10.7,38.1,0.9096217737858743,19,177,6
2026-06-26 20:00:00,0.0,68,14.5,34.3,0.0,20,177,6
2026-06-26 21:00:00,0.0,87,9.9,33.8,0.0,21,177,6
2026-06-26 22:00:00,0.0,94,10.3,33.4,0.0,22,177,6
2026-06-26 23:00:00,0.0,91,8.0,33.1,0.0,23,177,6
2026-06-27 00:00:00,0.0,61,9.6,33.0,0.0,0,178,6
2026-06-27 01:00:00,0.0,25,12.7,32.9,0.0,1,178,6
2026-06-27 02:00:00,0.0,77,13.7,32.0,0.0,2,178,6
2026-06-27 03:00:00,0.0,98,13.5,31.3,0.0,3,178,6
2026-06-27 04:00:00,0.0,12,12.5,30.7,0.0,4,178,6
2026-06-27 05:00:00,0.0,9,10.6,30.3,0.0,5,178,6
2026-06-27 06:00:00,10.0,20,10.1,30.1,0.29531067731146576,6,178,6
2026-06-27 07:00:00,97.0,15,9.8,30.6,2.7211196622132574,7,178,6
2026-06-27 08:00:00,301.0,10,9.6,31.8,9.320607741562846,8,178,6
2026-06-27 09:00:00,490.0,14,9.8,33.4,15.035703316286133,9,178,6
2026-06-27 10:00:00,666.0,5,9.2,35.2,20.918098514790994,10,178,6
2026-06-27 11:00:00,804.0,17,7.7,36.6,24.507890974115405,11,178,6
2026-06-27 12:00:00,859.0,16,9.5,37.8,23.77875084492504,12,178,6
2026-06-27 13:00:00,849.0,18,9.6,38.7,24.4507366519082,13,178,6
2026-06-27 14:00:00,797.0,16,9.7,39.2,26.207689884411156,14,178,6
2026-06-27 15:00:00,708.0,25,8.6,39.5,20.38996861505988,15,178,6
2026-06-27 16:00:00,552.0,35,7.9,39.3,13.32560189631136,16,178,6
2026-06-27 17:00:00,380.0,31,9.5,39.7,9.948341996401574,17,178,6
2026-06-27 18:00:00,177.0,50,10.9,38.8,4.096108667903094,18,178,6
2026-06-27 19:00:00,35.0,45,11.1,38.2,0.8146633265797911,19,178,6
2026-06-27 20:00:00,0.0,98,10.2,38.0,0.0,20,178,6
2026-06-27 21:00:00,0.0,98,12.6,35.5,0.0,21,178,6
2026-06-27 22:00:00,0.0,99,10.5,34.3,0.0,22,178,6
2026-06-27 23:00:00,0.0,87,11.4,33.8,0.0,23,178,6
2026-06-28 00:00:00,0.0,98,9.3,33.4,0.0,0,179,6
2026-06-28 01:00:00,0.0,73,11.2,33.5,0.0,1,179,6
2026-06-28 02:00:00,0.0,73,14.2,32.3,0.0,2,179,6
2026-06-28 03:00:00,0.0,88,12.6,31.6,0.0,3,179,6
2026-06-28 04:00:00,0.0,98,11.1,30.9,0.0,4,179,6
2026-06-28 05:00:00,0.0,78,10.0,29.6,0.0,5,179,6
2026-06-28 06:00:00,9.0,74,10.9,29.2,0.1804765123258726,6,179,6
2026-06-28 07:00:00,110.0,97,10.9,29.7,1.7053563588241618,7,179,6
2026-06-28 08:00:00,268.0,98,10.8,30.7,4.070827506694668,8,179,6
2026-06-28 09:00:00,473.0,17,10.4,32.1,14.085731893061375,9,179,6
2026-06-28 10:00:00,676.0,0,9.5,33.7,22.340365459616017,10,179,6
2026-06-28 11:00:00,821.0,18,8.4,35.3,24.169325134533338,11,179,6
2026-06-28 12:00:00,897.0,43,8.1,36.9,22.292877152268975,12,179,6
2026-06-28 13:00:00,909.0,15,7.8,37.9,26.976405808645403,13,179,6
2026-06-28 14:00:00,857.0,2,7.7,38.4,25.62275552760607,14,179,6
2026-06-28 15:00:00,741.0,4,8.3,38.8,24.830915493525723,15,179,6
2026-06-28 16:00:00,579.0,34,9.0,39.0,15.73212199453701,16,179,6
2026-06-28 17:00:00,389.0,67,9.8,38.8,8.408341163587671,17,179,6
2026-06-28 18:00:00,189.0,31,9.5,38.0,4.116127626558962,18,179,6
2026-06-28 19:00:00,40.0,59,7.9,37.7,1.0066959761920473,19,179,6
2026-06-28 20:00:00,0.0,51,13.1,34.7,0.0,20,179,6
2026-06-28 21:00:00,0.0,23,10.8,33.4,0.0,21,179,6
2026-06-28 22:00:00,0.0,18,9.8,33.0,0.0,22,179,6
2026-06-28 23:00:00,0.0,38,7.1,31.6,0.0,23,179,6
2026-06-29 00:00:00,0.0,76,8.3,31.4,0.0,0,180,6
2026-06-29 01:00:00,0.0,78,9.5,31.1,0.0,1,180,6
2026-06-29 02:00:00,0.0,37,12.4,30.7,0.0,2,180,6
2026-06-29 03:00:00,0.0,77,12.3,29.8,0.0,3,180,6
2026-06-29 04:00:00,0.0,94,11.2,29.4,0.0,4,180,6
2026-06-29 05:00:00,0.0,74,12.0,30.0,0.0,5,180,6
2026-06-29 06:00:00,8.0,57,11.9,29.9,0.18046507411344306,6,180,6
2026-06-29 07:00:00,105.0,73,10.8,30.4,1.9653561728595967,7,180,6
2026-06-29 08:00:00,219.0,28,10.5,31.2,5.682815775613057,8,180,6
2026-06-29 09:00:00,458.0,53,10.3,32.6,10.523735585440543,9,180,6
2026-06-29 10:00:00,555.0,61,9.4,34.1,12.12314555626554,10,180,6
2026-06-29 11:00:00,732.0,59,10.0,35.6,15.796542446430918,11,180,6
2026-06-29 12:00:00,731.0,44,10.3,36.7,19.066171988040075,12,180,6
2026-06-29 13:00:00,789.0,26,9.4,37.6,21.936229543299916,13,180,6
2026-06-29 14:00:00,748.0,21,8.4,38.3,18.81287377127793,14,180,6
2026-06-29 15:00:00,714.0,26,7.9,39.1,18.45890159712441,15,180,6
2026-06-29 16:00:00,570.0,97,10.6,39.3,8.057729747283586,16,180,6
2026-06-29 17:00:00,332.0,89,10.5,38.7,5.397074023883592,17,180,6
2026-06-29 18:00:00,147.0,70,15.3,37.6,2.8346517625335963,18,180,6
2026-06-29 19:00:00,31.0,50,15.9,34.1,0.7552217876264993,19,180,6
2026-06-29 20:00:00,0.0,87,13.6,33.5,0.0,20,180,6
2026-06-29 21:00:00,0.0,100,13.2,32.6,0.0,21,180,6
2026-06-29 22:00:00,0.0,100,12.4,32.2,0.0,22,180,6
2026-06-29 23:00:00,0.0,98,8.6,32.2,0.0,23,180,6
2026-06-30 00:00:00,0.0,92,8.5,32.9,0.0,0,181,6
2026-06-30 01:00:00,0.0,62,12.5,32.7,0.0,1,181,6
2026-06-30 02:00:00,0.0,84,12.7,31.8,0.0,2,181,6
2026-06-30 03:00:00,0.0,85,14.8,30.8,0.0,3,181,6
2026-06-30 04:00:00,0.0,22,12.4,30.2,0.0,4,181,6
2026-06-30 05:00:00,0.0,20,10.1,30.6,0.0,5,181,6
2026-06-30 06:00:00,9.0,15,11.5,30.6,0.3058465714015096,6,181,6
2026-06-30 07:00:00,113.0,9,12.2,31.0,3.7423483075208135,7,181,6
2026-06-30 08:00:00,297.0,77,13.4,32.2,5.101226020998214,8,181,6
2026-06-30 09:00:00,427.0,39,12.2,33.5,10.663956933633036,9,181,6
2026-06-30 10:00:00,628.0,27,10.6,34.9,16.378459948355953,10,181,6
2026-06-30 11:00:00,796.0,16,10.1,35.8,22.113735716469225,11,181,6
2026-06-30 12:00:00,878.0,20,9.9,36.7,22.34126839350668,12,181,6
2026-06-30 13:00:00,871.0,13,8.9,37.6,25.219263983959934,13,181,6
2026-06-30 14:00:00,839.0,9,9.3,38.3,22.157896841435388,14,181,6
2026-06-30 15:00:00,743.0,9,9.5,38.9,21.27972569890897,15,181,6
2026-06-30 16:00:00,579.0,5,11.2,38.7,17.987835326844127,16,181,6
2026-06-30 17:00:00,387.0,14,18.6,35.8,12.372141347177891,17,181,6
2026-06-30 18:00:00,175.0,27,16.7,34.4,4.7254727691703,18,181,6
2026-06-30 19:00:00,38.0,25,14.1,33.2,1.1021540643862877,19,181,6
2026-06-30 20:00:00,0.0,80,16.2,31.7,0.0,20,181,6
2026-06-30 21:00:00,0.0,99,14.5,31.4,0.0,21,181,6
2026-06-30 22:00:00,0.0,96,13.7,31.1,0.0,22,181,6
2026-06-30 23:00:00,0.0,99,8.7,30.6,0.0,23,181,6
2026-07-01 00:00:00,0.0,95,11.0,29.0,0.0,0,182,7
2026-07-01 01:00:00,0.0,86,10.4,28.4,0.0,1,182,7
2026-07-01 02:00:00,0.0,70,8.2,28.3,0.0,2,182,7
2026-07-01 03:00:00,0.0,83,6.2,28.3,0.0,3,182,7
2026-07-01 04:00:00,0.0,85,5.9,28.3,0.0,4,182,7
2026-07-01 05:00:00,0.0,83,11.3,30.6,0.0,5,182,7
2026-07-01 06:00:00,9.0,84,9.4,29.7,0.16413587246708616,6,182,7
2026-07-01 07:00:00,102.0,76,8.8,30.3,1.8492360146189732,7,182,7
2026-07-01 08:00:00,284.0,16,9.7,31.6,7.865072860541902,8,182,7
2026-07-01 09:00:00,482.0,84,7.5,33.0,8.816058165000136,9,182,7
2026-07-01 10:00:00,637.0,100,6.1,34.3,8.25854461742467,10,182,7
2026-07-01 11:00:00,757.0,95,7.0,35.0,10.678484188761361,11,182,7
2026-07-01 12:00:00,800.0,95,5.6,36.1,12.584522458599283,12,182,7
2026-07-01 13:00:00,813.0,87,4.4,36.8,12.645757410813376,13,182,7
2026-07-01 14:00:00,758.0,100,6.6,37.3,10.634427537808445,14,182,7
2026-07-01 15:00:00,328.0,98,6.7,36.7,4.609386653242322,15,182,7
2026-07-01 16:00:00,401.0,36,13.9,32.2,11.031051049847651,16,182,7
2026-07-01 17:00:00,306.0,23,12.2,37.6,8.055371995175062,17,182,7
2026-07-01 18:00:00,165.0,60,18.8,34.8,3.8515650506795143,18,182,7
2026-07-01 19:00:00,27.0,91,15.6,32.2,0.4438917419184876,19,182,7
2026-07-01 20:00:00,0.0,80,13.8,31.8,0.0,20,182,7
2026-07-01 21:00:00,0.0,85,13.9,30.8,0.0,21,182,7
2026-07-01 22:00:00,0.0,70,10.7,29.5,0.0,22,182,7
2026-07-01 23:00:00,0.0,100,12.6,26.8,0.0,23,182,7
2026-07-02 00:00:00,0.0,100,6.1,28.1,0.0,0,183,7
2026-07-02 01:00:00,0.0,99,17.0,26.4,0.0,1,183,7
2026-07-02 02:00:00,0.0,90,10.7,25.8,0.0,2,183,7
2026-07-02 03:00:00,0.0,77,8.4,25.9,0.0,3,183,7
2026-07-02 04:00:00,0.0,95,5.9,26.3,0.0,4,183,7
2026-07-02 05:00:00,0.0,59,7.5,27.3,0.0,5,183,7
2026-07-02 06:00:00,9.0,91,4.6,27.6,0.14628151925915522,6,183,7
2026-07-02 07:00:00,103.0,84,5.5,28.9,1.625044898423731,7,183,7
2026-07-02 08:00:00,280.0,52,7.3,30.9,6.426203956967625,8,183,7
2026-07-02 09:00:00,474.0,17,8.4,32.3,13.819944652649873,9,183,7
2026-07-02 10:00:00,635.0,40,6.6,33.1,16.584010781958057,10,183,7
2026-07-02 11:00:00,733.0,12,3.1,34.7,20.773065329626938,11,183,7
2026-07-02 12:00:00,850.0,20,5.0,35.1,25.890154446159137,12,183,7
2026-07-02 13:00:00,822.0,100,5.8,35.7,11.821676351239638,13,183,7
2026-07-02 14:00:00,444.0,98,3.3,35.4,6.5607888568858055,14,183,7
2026-07-02 15:00:00,399.0,55,12.1,33.3,8.769553758997532,15,183,7
2026-07-02 16:00:00,429.0,96,13.9,31.6,6.768657407591029,16,183,7
2026-07-02 17:00:00,298.0,48,13.6,32.3,7.460572633042219,17,183,7
2026-07-02 18:00:00,150.0,34,12.1,31.0,4.126955581950318,18,183,7
2026-07-02 19:00:00,38.0,38,11.1,30.4,0.9377911777396248,19,183,7
2026-07-02 20:00:00,0.0,77,10.1,30.0,0.0,20,183,7
2026-07-02 21:00:00,0.0,37,11.1,29.4,0.0,21,183,7
2026-07-02 22:00:00,0.0,77,8.9,29.0,0.0,22,183,7
2026-07-02 23:00:00,0.0,100,7.4,28.7,0.0,23,183,7
2026-07-03 00:00:00,0.0,99,6.1,28.5,0.0,0,184,7
2026-07-03 01:00:00,0.0,99,6.4,28.4,0.0,1,184,7
2026-07-03 02:00:00,0.0,93,4.5,28.3,0.0,2,184,7
2026-07-03 03:00:00,0.0,95,4.0,28.3,0.0,3,184,7
2026-07-03 04:00:00,0.0,95,3.3,28.2,0.0,4,184,7
2026-07-03 05:00:00,0.0,100,3.6,28.6,0.0,5,184,7
2026-07-03 06:00:00,4.0,99,4.8,28.6,0.05950687259770384,6,184,7
2026-07-03 07:00:00,51.0,86,4.5,29.2,0.9034997493110434,7,184,7
2026-07-03 08:00:00,189.0,100,5.7,30.3,2.880324517246015,8,184,7
2026-07-03 09:00:00,282.0,100,6.0,31.2,4.561577371764966,9,184,7
2026-07-03 10:00:00,224.0,97,4.7,31.5,3.2384285995827105,10,184,7
2026-07-03 11:00:00,365.0,99,4.2,29.6,6.020975145885502,11,184,7
2026-07-03 12:00:00,325.0,100,4.3,29.3,4.6445263605719385,12,184,7
2026-07-03 13:00:00,171.0,100,1.5,28.9,2.625193956212326,13,184,7
2026-07-03 14:00:00,291.0,99,7.3,29.8,4.5950648867889345,14,184,7
2026-07-03 15:00:00,380.0,100,10.2,30.9,5.18973665807999,15,184,7
2026-07-03 16:00:00,206.0,100,11.3,30.3,2.9282684413688673,16,184,7
2026-07-03 17:00:00,64.0,96,12.0,30.2,0.9760317724075445,17,184,7
2026-07-03 18:00:00,107.0,95,11.6,29.6,1.6590903863864421,18,184,7
2026-07-03 19:00:00,34.0,95,13.4,29.1,0.5194764793470541,19,184,7
2026-07-03 20:00:00,0.0,100,10.6,28.3,0.0,20,184,7
2026-07-03 21:00:00,0.0,100,9.4,28.1,0.0,21,184,7
2026-07-03 22:00:00,0.0,99,8.7,28.1,0.0,22,184,7
2026-07-03 23:00:00,0.0,100,7.6,26.3,0.0,23,184,7
2026-07-04 00:00:00,0.0,100,6.8,26.0,0.0,0,185,7
2026-07-04 01:00:00,0.0,100,4.7,25.9,0.0,1,185,7
2026-07-04 02:00:00,0.0,100,4.6,25.7,0.0,2,185,7
2026-07-04 03:00:00,0.0,100,4.8,25.7,0.0,3,185,7
2026-07-04 04:00:00,0.0,100,4.7,25.8,0.0,4,185,7
2026-07-04 05:00:00,0.0,100,6.7,26.2,0.0,5,185,7
2026-07-04 06:00:00,2.0,100,5.3,26.2,0.029228745077571904,6,185,7
2026-07-04 07:00:00,52.0,100,4.0,26.7,0.7904995740898904,7,185,7
2026-07-04 08:00:00,144.0,100,4.0,27.6,2.085594811126388,8,185,7
2026-07-04 09:00:00,203.0,100,4.4,28.6,3.4012305654887762,9,185,7
2026-07-04 10:00:00,179.0,100,3.7,29.3,2.625710393366397,10,185,7
2026-07-04 11:00:00,250.0,100,9.2,29.6,3.856943908857423,11,185,7
2026-07-04 12:00:00,267.0,100,8.9,30.3,3.9659482993711244,12,185,7
2026-07-04 13:00:00,244.0,100,7.6,30.5,3.45900067335652,13,185,7
2026-07-04 14:00:00,214.0,99,8.5,30.6,3.0439688646294587,14,185,7
2026-07-04 15:00:00,484.0,100,8.8,32.0,7.151675316236046,15,185,7
2026-07-04 16:00:00,263.0,100,8.3,31.7,3.8124412570776984,16,185,7
2026-07-04 17:00:00,221.0,99,7.8,31.2,3.184933122515592,17,185,7
2026-07-04 18:00:00,127.0,99,5.8,30.5,2.034126976869248,18,185,7
2026-07-04 19:00:00,28.0,100,7.7,29.6,0.46193859572115714,19,185,7
2026-07-04 20:00:00,0.0,100,8.0,29.1,0.0,20,185,7
2026-07-04 21:00:00,0.0,99,12.5,28.6,0.0,21,185,7
2026-07-04 22:00:00,0.0,99,10.6,27.8,0.0,22,185,7
2026-07-04 23:00:00,0.0,99,10.0,27.3,0.0,23,185,7
2026-07-05 00:00:00,0.0,100,8.1,26.9,0.0,0,186,7
2026-07-05 01:00:00,0.0,100,10.3,26.5,0.0,1,186,7
2026-07-05 02:00:00,0.0,99,8.3,26.4,0.0,2,186,7
2026-07-05 03:00:00,0.0,88,8.1,26.1,0.0,3,186,7
2026-07-05 04:00:00,0.0,89,4.8,25.9,0.0,4,186,7
2026-07-05 05:00:00,0.0,99,5.5,25.4,0.0,5,186,7
2026-07-05 06:00:00,3.0,91,6.3,25.7,0.04473064406706359,6,186,7
2026-07-05 07:00:00,84.0,99,9.4,26.9,1.2004411599872336,7,186,7
2026-07-05 08:00:00,127.0,99,8.3,27.8,1.8039053341657025,8,186,7
2026-07-05 09:00:00,192.0,100,6.6,27.1,2.9831121625691184,9,186,7
2026-07-05 10:00:00,196.0,100,3.1,27.6,2.636681611317396,10,186,7
2026-07-05 11:00:00,444.0,99,8.9,30.0,6.8845241135498645,11,186,7
2026-07-05 12:00:00,576.0,99,9.0,31.2,8.634865700085951,12,186,7
2026-07-05 13:00:00,629.0,96,6.7,32.1,9.860470868983606,13,186,7
2026-07-05 14:00:00,732.0,95,5.6,32.6,11.480478751630685,14,186,7
2026-07-05 15:00:00,590.0,93,4.5,33.0,8.602298329666562,15,186,7
2026-07-05 16:00:00,501.0,98,4.1,32.9,7.9441349735880715,16,186,7
2026-07-05 17:00:00,318.0,91,3.3,33.1,4.799823103524035,17,186,7
2026-07-05 18:00:00,169.0,91,3.9,31.1,2.7895465194158,18,186,7
2026-07-05 19:00:00,21.0,80,3.6,29.8,0.37790212867561257,19,186,7
2026-07-05 20:00:00,0.0,53,1.4,29.2,0.0,20,186,7
2026-07-05 21:00:00,0.0,64,5.4,28.7,0.0,21,186,7
2026-07-05 22:00:00,0.0,68,3.2,28.6,0.0,22,186,7
2026-07-05 23:00:00,0.0,91,4.5,27.3,0.0,23,186,7
2026-07-06 00:00:00,0.0,91,5.3,27.3,0.0,0,187,7
2026-07-06 01:00:00,0.0,81,4.8,27.2,0.0,1,187,7
2026-07-06 02:00:00,0.0,76,6.3,26.9,0.0,2,187,7
2026-07-06 03:00:00,0.0,56,5.9,26.8,0.0,3,187,7
2026-07-06 04:00:00,0.0,20,4.5,26.7,0.0,4,187,7
2026-07-06 05:00:00,0.0,95,6.8,27.1,0.0,5,187,7
2026-07-06 06:00:00,7.0,99,6.6,27.4,0.1091643447460913,6,187,7
2026-07-06 07:00:00,87.0,100,5.5,28.3,1.2851283523725905,7,187,7
2026-07-06 08:00:00,173.0,99,4.7,29.3,2.6885848056799153,8,187,7
2026-07-06 09:00:00,386.0,100,5.6,30.8,6.24266308757153,9,187,7
2026-07-06 10:00:00,445.0,99,6.4,31.7,6.817323848367343,10,187,7
2026-07-06 11:00:00,561.0,88,10.4,31.4,10.720210493831607,11,187,7
2026-07-06 12:00:00,723.0,93,10.7,32.2,10.934361515241644,12,187,7
2026-07-06 13:00:00,810.0,91,9.4,32.8,13.556334660787138,13,187,7
2026-07-06 14:00:00,747.0,48,8.9,33.4,16.47242903586172,14,187,7
2026-07-06 15:00:00,739.0,100,6.6,34.0,11.438650122820984,15,187,7
2026-07-06 16:00:00,314.0,100,10.1,30.1,4.688360475863228,16,187,7
2026-07-06 17:00:00,64.0,100,6.5,30.8,0.8791277547479175,17,187,7
2026-07-06 18:00:00,32.0,100,2.8,29.5,0.4682852726553312,18,187,7
2026-07-06 19:00:00,15.0,100,4.5,29.3,0.22095722897399067,19,187,7
2026-07-06 20:00:00,0.0,100,4.8,29.0,0.0,20,187,7
2026-07-06 21:00:00,0.0,100,5.8,28.5,0.0,21,187,7
2026-07-06 22:00:00,0.0,100,6.5,28.1,0.0,22,187,7
2026-07-06 23:00:00,0.0,100,8.4,27.5,0.0,23,187,7
2026-07-07 00:00:00,0.0,100,2.6,26.6,0.0,0,188,7
2026-07-07 01:00:00,0.0,100,3.1,26.4,0.0,1,188,7
2026-07-07 02:00:00,0.0,100,7.1,26.3,0.0,2,188,7
2026-07-07 03:00:00,0.0,100,9.3,26.2,0.0,3,188,7
2026-07-07 04:00:00,0.0,100,8.6,26.1,0.0,4,188,7
2026-07-07 05:00:00,0.0,100,8.5,25.5,0.0,5,188,7
2026-07-07 06:00:00,5.0,100,7.7,25.6,0.07809717171498086,6,188,7
2026-07-07 07:00:00,72.0,95,12.2,26.2,1.130229013122141,7,188,7
2026-07-07 08:00:00,151.0,100,9.8,27.1,2.3820514084835946,8,188,7
2026-07-07 09:00:00,225.0,100,14.9,28.6,3.3355925455285367,9,188,7
2026-07-07 10:00:00,376.0,100,14.4,29.9,5.236411015100879,10,188,7
2026-07-07 11:00:00,231.0,100,10.6,30.1,3.4723796707188637,11,188,7
2026-07-07 12:00:00,289.0,100,6.2,29.0,4.343568616063615,12,188,7
2026-07-07 13:00:00,105.0,100,7.1,27.9,1.4873852428596621,13,188,7
2026-07-07 14:00:00,65.0,100,7.8,27.7,0.9600339784416708,14,188,7
2026-07-07 15:00:00,61.0,100,5.6,27.7,0.8500435196692149,15,188,7
2026-07-07 16:00:00,76.0,100,7.5,27.5,1.0738609965318124,16,188,7
2026-07-07 17:00:00,67.0,100,9.7,30.9,1.0393848235457237,17,188,7
2026-07-07 18:00:00,32.0,100,9.1,29.5,0.4807440613812638,18,188,7
2026-07-07 19:00:00,22.0,100,8.5,28.7,0.3270268883913922,19,188,7
2026-07-07 20:00:00,0.0,100,6.6,28.7,0.0,20,188,7
2026-07-07 21:00:00,0.0,100,4.5,27.8,0.0,21,188,7
2026-07-07 22:00:00,0.0,100,6.1,26.9,0.0,22,188,7
2026-07-07 23:00:00,0.0,100,8.1,28.0,0.0,23,188,7
2026-07-08 00:00:00,0.0,100,10.3,28.0,0.0,0,189,7
2026-07-08 01:00:00,0.0,100,5.5,27.6,0.0,1,189,7
2026-07-08 02:00:00,0.0,100,6.1,27.4,0.0,2,189,7
2026-07-08 03:00:00,0.0,100,8.6,27.7,0.0,3,189,7
2026-07-08 04:00:00,0.0,100,8.8,27.6,0.0,4,189,7
2026-07-08 05:00:00,0.0,99,9.2,27.4,0.0,5,189,7
2026-07-08 06:00:00,4.0,100,7.7,27.5,0.057429399418361046,6,189,7
2026-07-08 07:00:00,50.0,100,8.6,28.1,0.6979613736433004,7,189,7
2026-07-08 08:00:00,120.0,100,9.0,28.6,1.6793835098374583,8,189,7
2026-07-08 09:00:00,222.0,100,11.1,29.6,3.074469296439354,9,189,7
2026-07-08 10:00:00,300.0,100,10.4,30.4,4.492691472248174,10,189,7
2026-07-08 11:00:00,456.0,99,10.3,31.3,5.959116011288752,11,189,7
2026-07-08 12:00:00,608.0,100,9.5,32.1,10.061136712163183,12,189,7
2026-07-08 13:00:00,516.0,100,10.2,32.4,7.9063800519128575,13,189,7
2026-07-08 14:00:00,549.0,97,12.8,33.1,8.47868755149251,14,189,7
2026-07-08 15:00:00,565.0,94,14.4,33.0,9.434471485054157,15,189,7
2026-07-08 16:00:00,424.0,100,12.3,32.9,5.535974445244664,16,189,7
2026-07-08 17:00:00,252.0,97,10.6,32.8,3.384554667662693,17,189,7
2026-07-08 18:00:00,152.0,99,8.5,32.2,2.26312182387958,18,189,7
2026-07-08 19:00:00,29.0,100,7.0,31.3,0.43512195637078066,19,189,7
2026-07-08 20:00:00,0.0,100,8.1,30.9,0.0,20,189,7
2026-07-08 21:00:00,0.0,100,7.4,30.6,0.0,21,189,7
2026-07-08 22:00:00,0.0,99,7.5,30.3,0.0,22,189,7
2026-07-08 23:00:00,0.0,98,11.8,29.6,0.0,23,189,7
2026-07-09 00:00:00,0.0,100,9.6,29.2,0.0,0,190,7
2026-07-09 01:00:00,0.0,98,11.1,28.9,0.0,1,190,7
2026-07-09 02:00:00,0.0,93,12.1,28.5,0.0,2,190,7
2026-07-09 03:00:00,0.0,75,11.5,27.9,0.0,3,190,7
2026-07-09 04:00:00,0.0,74,12.2,27.5,0.0,4,190,7
2026-07-09 05:00:00,0.0,97,11.5,27.6,0.0,5,190,7
2026-07-09 06:00:00,7.0,87,11.2,27.5,0.1317476603723781,6,190,7
2026-07-09 07:00:00,89.0,52,10.2,28.2,2.1090064262840573,7,190,7
2026-07-09 08:00:00,275.0,98,12.9,29.0,3.9887397775283184,8,190,7
2026-07-09 09:00:00,417.0,91,11.4,30.0,6.614134366964733,9,190,7
2026-07-09 10:00:00,648.0,92,12.7,31.2,9.953317128466134,10,190,7
2026-07-09 11:00:00,710.0,84,13.0,31.6,11.46124326147755,11,190,7
2026-07-09 12:00:00,714.0,48,13.9,32.7,16.522287630821378,12,190,7
2026-07-09 13:00:00,806.0,27,14.9,34.0,22.337389332740653,13,190,7
2026-07-09 14:00:00,766.0,41,15.3,34.6,19.87251992127106,14,190,7
2026-07-09 15:00:00,695.0,36,14.7,35.1,17.692205163124818,15,190,7
2026-07-09 16:00:00,560.0,78,13.9,35.3,9.150373023891147,16,190,7
2026-07-09 17:00:00,367.0,20,8.7,34.8,10.015902923873638,17,190,7
2026-07-09 18:00:00,189.0,30,10.1,33.7,4.99486013979202,18,190,7
2026-07-09 19:00:00,38.0,34,12.6,31.1,1.0159543046700132,19,190,7
2026-07-09 20:00:00,0.0,91,10.4,30.2,0.0,20,190,7
2026-07-09 21:00:00,0.0,87,11.2,30.9,0.0,21,190,7
2026-07-09 22:00:00,0.0,96,14.0,30.2,0.0,22,190,7
2026-07-09 23:00:00,0.0,89,13.2,29.4,0.0,23,190,7
2026-07-10 00:00:00,0.0,94,12.9,29.2,0.0,0,191,7
2026-07-10 01:00:00,0.0,27,14.7,28.8,0.0,1,191,7
2026-07-10 02:00:00,0.0,98,13.2,28.1,0.0,2,191,7
2026-07-10 03:00:00,0.0,95,12.4,27.6,0.0,3,191,7
2026-07-10 04:00:00,0.0,97,11.2,27.2,0.0,4,191,7
2026-07-10 05:00:00,0.0,100,12.5,27.6,0.0,5,191,7
2026-07-10 06:00:00,5.0,100,11.7,27.6,0.07687243726418662,6,191,7
2026-07-10 07:00:00,76.0,98,12.5,28.0,1.1840074331074277,7,191,7
2026-07-10 08:00:00,264.0,58,12.4,28.8,5.991125072714929,8,191,7
2026-07-10 09:00:00,459.0,80,14.1,30.0,9.281818076798833,9,191,7
2026-07-10 10:00:00,606.0,95,14.5,31.2,9.97596782055401,10,191,7
2026-07-10 11:00:00,769.0,97,16.5,32.3,12.775574023317603,11,191,7
2026-07-10 12:00:00,727.0,99,16.7,33.2,11.062897701427772,12,191,7
2026-07-10 13:00:00,812.0,99,16.9,34.2,12.274079631426247,13,191,7
2026-07-10 14:00:00,744.0,97,16.1,35.2,11.680412137341154,14,191,7
2026-07-10 15:00:00,670.0,98,16.3,35.7,9.466472217137639,15,191,7
2026-07-10 16:00:00,475.0,98,13.3,35.5,8.264479825627808,16,191,7
2026-07-10 17:00:00,322.0,100,11.5,34.8,4.804679762187104,17,191,7
2026-07-10 18:00:00,158.0,100,10.8,33.7,2.3727217183696485,18,191,7
2026-07-10 19:00:00,35.0,100,11.4,32.5,0.4933116618600001,19,191,7
2026-07-10 20:00:00,0.0,98,14.3,32.0,0.0,20,191,7
2026-07-10 21:00:00,0.0,100,11.8,31.2,0.0,21,191,7
2026-07-10 22:00:00,0.0,100,10.5,30.0,0.0,22,191,7
2026-07-10 23:00:00,0.0,99,16.3,30.0,0.0,23,191,7
2026-07-11 00:00:00,0.0,99,19.0,29.1,0.0,0,192,7
2026-07-11 01:00:00,0.0,78,16.6,28.3,0.0,1,192,7
2026-07-11 02:00:00,0.0,91,15.2,27.8,0.0,2,192,7
2026-07-11 03:00:00,0.0,100,13.5,27.5,0.0,3,192,7
2026-07-11 04:00:00,0.0,100,13.0,27.4,0.0,4,192,7
2026-07-11 05:00:00,0.0,100,12.4,27.4,0.0,5,192,7
2026-07-11 06:00:00,4.0,100,13.5,27.7,0.05621096383157115,6,192,7
2026-07-11 07:00:00,61.0,98,13.9,28.1,1.0282522939972103,7,192,7
2026-07-11 08:00:00,232.0,55,18.2,29.0,5.367003956253296,8,192,7
2026-07-11 09:00:00,396.0,66,18.4,30.1,8.479739182907679,9,192,7
2026-07-11 10:00:00,570.0,42,19.0,31.4,13.588820633664223,10,192,7
2026-07-11 11:00:00,711.0,84,19.5,32.7,12.184517572625843,11,192,7
2026-07-11 12:00:00,847.0,88,19.3,33.9,12.482991590600632,12,192,7
2026-07-11 13:00:00,812.0,80,18.2,34.7,15.43017011324941,13,192,7
2026-07-11 14:00:00,697.0,13,17.6,35.5,20.385401214380853,14,192,7
2026-07-11 15:00:00,752.0,45,19.4,36.4,19.012931647488344,15,192,7
2026-07-11 16:00:00,535.0,87,17.1,36.1,8.474724280080798,16,192,7
2026-07-11 17:00:00,311.0,19,14.1,35.3,8.772620098460159,17,192,7
2026-07-11 18:00:00,183.0,94,14.2,34.4,2.6720081535557343,18,192,7
2026-07-11 19:00:00,39.0,88,14.3,33.1,0.6408658132935118,19,192,7
2026-07-11 20:00:00,0.0,66,18.2,32.0,0.0,20,192,7
2026-07-11 21:00:00,0.0,63,20.3,30.9,0.0,21,192,7
2026-07-11 22:00:00,0.0,89,19.6,30.0,0.0,22,192,7
2026-07-11 23:00:00,0.0,91,17.2,29.8,0.0,23,192,7
2026-07-12 00:00:00,0.0,70,16.5,29.1,0.0,0,193,7
2026-07-12 01:00:00,0.0,100,15.4,28.5,0.0,1,193,7
2026-07-12 02:00:00,0.0,100,14.4,28.2,0.0,2,193,7
2026-07-12 03:00:00,0.0,100,13.6,28.0,0.0,3,193,7
2026-07-12 04:00:00,0.0,100,12.9,27.8,0.0,4,193,7
2026-07-12 05:00:00,0.0,100,12.4,27.7,0.0,5,193,7
2026-07-12 06:00:00,5.0,95,12.5,27.8,0.08318352684369837,6,193,7
2026-07-12 07:00:00,86.0,29,13.9,28.4,2.1269300592133775,7,193,7
2026-07-12 08:00:00,277.0,43,17.2,29.6,7.00680916818146,8,193,7
2026-07-12 09:00:00,441.0,34,18.6,30.8,12.534594667970351,9,193,7
2026-07-12 10:00:00,619.0,91,18.8,32.3,9.968925356483709,10,193,7
2026-07-12 11:00:00,636.0,46,19.6,33.8,15.475451933938702,11,193,7
2026-07-12 12:00:00,870.0,13,19.2,35.4,28.07103408097414,12,193,7
2026-07-12 13:00:00,940.0,95,20.4,36.6,13.499115649027939,13,193,7
2026-07-12 14:00:00,574.0,97,20.3,36.8,8.583563200783898,14,193,7
2026-07-12 15:00:00,579.0,100,20.8,37.4,8.002732054635732,15,193,7
2026-07-12 16:00:00,507.0,99,19.8,37.3,7.547996872198485,16,193,7
2026-07-12 17:00:00,319.0,98,16.1,36.4,4.7239767991693835,17,193,7
2026-07-12 18:00:00,173.0,100,14.0,34.8,2.4760511988022906,18,193,7
2026-07-12 19:00:00,37.0,99,13.4,33.2,0.5739192604031508,19,193,7
2026-07-12 20:00:00,0.0,82,17.4,32.7,0.0,20,193,7
2026-07-12 21:00:00,0.0,100,19.2,31.7,0.0,21,193,7
2026-07-12 22:00:00,0.0,95,18.6,30.7,0.0,22,193,7
2026-07-12 23:00:00,0.0,100,17.9,30.3,0.0,23,193,7
2026-07-13 00:00:00,0.0,97,17.2,29.5,0.0,0,194,7
2026-07-13 01:00:00,0.0,92,16.2,28.9,0.0,1,194,7
2026-07-13 02:00:00,0.0,77,15.2,28.5,0.0,2,194,7
2026-07-13 03:00:00,0.0,95,14.7,28.2,0.0,3,194,7
2026-07-13 04:00:00,0.0,99,13.9,27.8,0.0,4,194,7
2026-07-13 05:00:00,0.0,99,12.4,27.8,0.0,5,194,7
2026-07-13 06:00:00,6.0,99,12.0,27.7,0.09438906064489594,6,194,7
2026-07-13 07:00:00,103.0,85,11.5,28.3,1.9793272156964212,7,194,7
2026-07-13 08:00:00,285.0,59,15.8,29.5,5.98688996563226,8,194,7
2026-07-13 09:00:00,477.0,87,16.7,30.9,7.932742111528189,9,194,7
2026-07-13 10:00:00,663.0,98,16.9,32.4,9.690476981773713,10,194,7
2026-07-13 11:00:00,764.0,100,16.0,33.7,11.091605695371555,11,194,7
2026-07-13 12:00:00,876.0,89,16.7,34.8,14.64706623455246,12,194,7
2026-07-13 13:00:00,914.0,90,18.8,36.1,15.39517345865545,13,194,7
2026-07-13 14:00:00,721.0,91,19.0,36.7,10.281979463445698,14,194,7
2026-07-13 15:00:00,744.0,92,18.9,37.5,11.71778865217111,15,194,7
2026-07-13 16:00:00,543.0,88,19.3,37.1,8.728882920240357,16,194,7
2026-07-13 17:00:00,324.0,85,16.3,36.7,5.097889174270537,17,194,7
2026-07-13 18:00:00,182.0,93,15.4,36.2,2.969786493532438,18,194,7
2026-07-13 19:00:00,37.0,96,15.4,34.9,0.6100810068374104,19,194,7
2026-07-13 20:00:00,0.0,60,17.4,33.5,0.0,20,194,7
2026-07-13 21:00:00,0.0,4,16.5,32.2,0.0,21,194,7
2026-07-13 22:00:00,0.0,77,17.2,31.1,0.0,22,194,7
2026-07-13 23:00:00,0.0,88,16.5,30.4,0.0,23,194,7
2026-07-14 00:00:00,0.0,98,16.8,29.5,0.0,0,195,7
2026-07-14 01:00:00,0.0,100,15.4,28.7,0.0,1,195,7
2026-07-14 02:00:00,0.0,100,14.9,28.1,0.0,2,195,7
2026-07-14 03:00:00,0.0,100,13.8,27.8,0.0,3,195,7
2026-07-14 04:00:00,0.0,99,13.0,27.4,0.0,4,195,7
2026-07-14 05:00:00,0.0,100,11.2,27.7,0.0,5,195,7
2026-07-14 06:00:00,5.0,94,10.7,27.6,0.07395601427350358,6,195,7
2026-07-14 07:00:00,83.0,88,10.6,28.2,1.4910631861131807,7,195,7
2026-07-14 08:00:00,286.0,98,15.2,29.3,3.7651711942848465,8,195,7
2026-07-14 09:00:00,428.0,97,16.5,30.4,6.056773695565135,9,195,7
2026-07-14 10:00:00,596.0,84,17.0,32.0,10.845749736739533,10,195,7
2026-07-14 11:00:00,688.0,57,16.7,33.5,13.284854039129538,11,195,7
2026-07-14 12:00:00,790.0,33,15.9,34.7,18.499185292884743,12,195,7
2026-07-14 13:00:00,871.0,16,15.6,35.6,23.891182272466366,13,195,7
2026-07-14 14:00:00,825.0,52,16.1,36.3,19.032688770972964,14,195,7
2026-07-14 15:00:00,742.0,78,15.0,36.6,13.723789096377006,15,195,7
2026-07-14 16:00:00,527.0,94,14.4,36.2,7.768084511315753,16,195,7
2026-07-14 17:00:00,328.0,85,13.0,36.3,5.501377986863694,17,195,7
2026-07-14 18:00:00,167.0,31,13.0,35.1,4.391070766233999,18,195,7
2026-07-14 19:00:00,35.0,76,15.3,31.9,0.6545997050874947,19,195,7
2026-07-14 20:00:00,0.0,89,10.8,31.1,0.0,20,195,7
2026-07-14 21:00:00,0.0,93,10.4,31.4,0.0,21,195,7
2026-07-14 22:00:00,0.0,98,12.3,31.2,0.0,22,195,7
2026-07-14 23:00:00,0.0,99,7.4,29.3,0.0,23,195,7
2026-07-15 00:00:00,0.0,90,4.6,28.8,0.0,0,196,7
2026-07-15 01:00:00,0.0,80,10.3,29.2,0.0,1,196,7
2026-07-15 02:00:00,0.0,73,11.1,29.0,0.0,2,196,7
2026-07-15 03:00:00,0.0,67,10.1,28.4,0.0,3,196,7
2026-07-15 04:00:00,0.0,60,9.6,28.0,0.0,4,196,7
2026-07-15 05:00:00,0.0,18,9.3,28.0,0.0,5,196,7
2026-07-15 06:00:00,6.0,66,9.3,27.8,0.12721444251191144,6,196,7
2026-07-15 07:00:00,99.0,93,8.3,28.6,1.5898273131137537,7,196,7
2026-07-15 08:00:00,289.0,98,10.8,29.8,4.3812166163478565,8,196,7
2026-07-15 09:00:00,464.0,93,11.7,31.1,7.846906117724406,9,196,7
2026-07-15 10:00:00,653.0,66,11.6,32.5,15.131738587832455,10,196,7
2026-07-15 11:00:00,802.0,13,10.9,33.4,23.671541653563736,11,196,7
2026-07-15 12:00:00,857.0,21,10.3,34.2,24.85394440566069,12,196,7
2026-07-15 13:00:00,874.0,12,10.7,35.1,27.866132454636276,13,196,7
2026-07-15 14:00:00,857.0,19,10.6,35.6,25.383294446439045,14,196,7
2026-07-15 15:00:00,721.0,20,11.5,35.5,19.863984522315448,15,196,7
2026-07-15 16:00:00,564.0,48,12.9,33.7,15.051772070540663,16,196,7
2026-07-15 17:00:00,319.0,100,13.8,29.6,4.385321267703708,17,196,7
2026-07-15 18:00:00,80.0,100,7.0,29.6,1.2828871082142281,18,196,7
2026-07-15 19:00:00,13.0,99,6.4,29.8,0.1803141287309773,19,196,7
2026-07-15 20:00:00,0.0,96,8.1,30.0,0.0,20,196,7
2026-07-15 21:00:00,0.0,23,8.6,29.4,0.0,21,196,7
2026-07-15 22:00:00,0.0,23,9.4,28.8,0.0,22,196,7
2026-07-15 23:00:00,0.0,100,8.8,28.9,0.0,23,196,7
2026-07-16 00:00:00,0.0,27,9.7,28.3,0.0,0,197,7
2026-07-16 01:00:00,0.0,98,7.8,27.6,0.0,1,197,7
2026-07-16 02:00:00,0.0,100,5.9,27.3,0.0,2,197,7
2026-07-16 03:00:00,0.0,99,5.7,27.2,0.0,3,197,7
2026-07-16 04:00:00,0.0,100,5.0,27.1,0.0,4,197,7
2026-07-16 05:00:00,0.0,33,7.8,28.3,0.0,5,197,7
2026-07-16 06:00:00,5.0,14,6.4,28.0,0.1263140923882462,6,197,7
2026-07-16 07:00:00,96.0,13,7.7,28.5,2.585571810989909,7,197,7
2026-07-16 08:00:00,257.0,13,7.1,29.4,8.556070937405945,8,197,7
2026-07-16 09:00:00,450.0,16,7.2,30.9,13.671437980937533,9,197,7
2026-07-16 10:00:00,608.0,5,7.1,32.2,18.683437450841293,10,197,7
2026-07-16 11:00:00,791.0,77,7.2,33.2,14.041440678227074,11,197,7
2026-07-16 12:00:00,638.0,98,6.6,33.9,8.844687538236288,12,197,7
2026-07-16 13:00:00,529.0,71,7.4,34.1,10.35917442739299,13,197,7
2026-07-16 14:00:00,560.0,29,10.5,34.4,14.979737325308923,14,197,7
2026-07-16 15:00:00,646.0,25,11.3,34.2,19.2312985905136,15,197,7
2026-07-16 16:00:00,519.0,10,8.2,34.7,16.533323713445558,16,197,7
2026-07-16 17:00:00,386.0,34,15.4,34.0,9.613107705171064,17,197,7
2026-07-16 18:00:00,176.0,20,12.2,31.9,5.374094418037472,18,197,7
2026-07-16 19:00:00,37.0,7,11.7,31.1,1.1232663011136417,19,197,7
2026-07-16 20:00:00,0.0,9,10.7,30.6,0.0,20,197,7
2026-07-16 21:00:00,0.0,43,9.8,30.2,0.0,21,197,7
2026-07-16 22:00:00,0.0,31,10.0,29.9,0.0,22,197,7
2026-07-16 23:00:00,0.0,73,10.5,29.5,0.0,23,197,7
2026-07-17 00:00:00,0.0,80,8.6,28.8,0.0,0,198,7
2026-07-17 01:00:00,0.0,29,9.0,28.5,0.0,1,198,7
2026-07-17 02:00:00,0.0,40,9.0,28.2,0.0,2,198,7
2026-07-17 03:00:00,0.0,100,8.7,27.8,0.0,3,198,7
2026-07-17 04:00:00,0.0,97,7.9,27.8,0.0,4,198,7
2026-07-17 05:00:00,0.0,100,6.8,28.5,0.0,5,198,7
2026-07-17 06:00:00,3.0,47,7.2,28.6,0.06496282047229439,6,198,7
2026-07-17 07:00:00,78.0,6,7.8,29.1,2.58998403308811,7,198,7
2026-07-17 08:00:00,274.0,28,8.1,30.2,7.478463489896556,8,198,7
2026-07-17 09:00:00,461.0,23,8.5,31.3,14.06427705636155,9,198,7
2026-07-17 10:00:00,646.0,22,9.3,32.7,17.430428287151223,10,198,7
2026-07-17 11:00:00,778.0,16,9.4,33.7,24.677070843760635,11,198,7
2026-07-17 12:00:00,868.0,17,9.7,34.5,23.28034119468889,12,198,7
2026-07-17 13:00:00,874.0,18,9.7,35.2,24.675169051199898,13,198,7
2026-07-17 14:00:00,810.0,15,9.2,35.8,23.146688160101128,14,198,7
2026-07-17 15:00:00,708.0,10,8.6,36.0,22.315457357751825,15,198,7
2026-07-17 16:00:00,576.0,6,8.8,36.1,17.55763776495505,16,198,7
2026-07-17 17:00:00,391.0,63,10.3,35.7,7.85363240898723,17,198,7
2026-07-17 18:00:00,139.0,96,10.8,34.8,2.1558794457332437,18,198,7
2026-07-17 19:00:00,25.0,96,11.0,32.1,0.38294425272406546,19,198,7
2026-07-17 20:00:00,0.0,63,10.0,31.4,0.0,20,198,7
2026-07-17 21:00:00,0.0,98,13.1,31.2,0.0,21,198,7
2026-07-17 22:00:00,0.0,100,11.7,28.9,0.0,22,198,7
2026-07-17 23:00:00,0.0,99,7.6,28.5,0.0,23,198,7
2026-07-18 00:00:00,0.0,100,7.4,28.7,0.0,0,199,7
2026-07-18 01:00:00,0.0,96,8.5,28.9,0.0,1,199,7
2026-07-18 02:00:00,0.0,98,8.6,28.7,0.0,2,199,7
2026-07-18 03:00:00,0.0,98,8.7,28.7,0.0,3,199,7
2026-07-18 04:00:00,0.0,100,8.0,28.6,0.0,4,199,7
2026-07-18 05:00:00,0.0,83,8.2,28.7,0.0,5,199,7
2026-07-18 06:00:00,5.0,66,6.9,28.4,0.10926311169707972,6,199,7
2026-07-18 07:00:00,93.0,77,7.8,28.9,1.8008264006770958,7,199,7
2026-07-18 08:00:00,277.0,91,8.5,30.0,4.830951456703276,8,199,7
2026-07-18 09:00:00,450.0,98,8.3,31.2,6.316082587107702,9,199,7
2026-07-18 10:00:00,611.0,97,9.0,32.3,8.928277486451663,10,199,7
2026-07-18 11:00:00,729.0,82,8.9,33.1,13.974004396082115,11,199,7
2026-07-18 12:00:00,829.0,69,10.9,33.4,17.590897360771756,12,199,7
2026-07-18 13:00:00,795.0,66,10.9,33.8,14.531616754627317,13,199,7
2026-07-18 14:00:00,719.0,90,10.8,34.1,10.764658076316083,14,199,7
2026-07-18 15:00:00,676.0,79,10.5,34.8,11.287436232194606,15,199,7
2026-07-18 16:00:00,524.0,95,11.4,35.0,8.557053358734029,16,199,7
2026-07-18 17:00:00,328.0,91,10.6,34.1,5.2834573841056836,17,199,7
2026-07-18 18:00:00,161.0,69,10.7,33.8,3.6914264244273074,18,199,7
2026-07-18 19:00:00,32.0,94,12.8,31.4,0.5177276737995082,19,199,7
2026-07-18 20:00:00,0.0,93,11.2,30.3,0.0,20,199,7
2026-07-18 21:00:00,0.0,98,10.2,30.0,0.0,21,199,7
2026-07-18 22:00:00,0.0,95,10.0,29.1,0.0,22,199,7
2026-07-18 23:00:00,0.0,98,9.0,28.5,0.0,23,199,7
2026-07-19 00:00:00,0.0,92,9.1,27.8,0.0,0,200,7
2026-07-19 01:00:00,0.0,98,10.0,27.1,0.0,1,200,7
2026-07-19 02:00:00,0.0,100,7.5,26.4,0.0,2,200,7
2026-07-19 03:00:00,0.0,100,4.3,26.6,0.0,3,200,7
2026-07-19 04:00:00,0.0,100,4.0,26.9,0.0,4,200,7
2026-07-19 05:00:00,0.0,98,4.8,27.3,0.0,5,200,7
2026-07-19 06:00:00,4.0,100,4.8,27.3,0.05610067482074056,6,200,7
2026-07-19 07:00:00,71.0,40,5.6,27.8,1.8893697516231678,7,200,7
2026-07-19 08:00:00,266.0,37,6.4,29.1,6.901907494266091,8,200,7
2026-07-19 09:00:00,448.0,87,7.0,30.2,7.830572519822675,9,200,7
2026-07-19 10:00:00,644.0,78,6.4,31.3,12.538161810960732,10,200,7
2026-07-19 11:00:00,742.0,93,6.7,32.1,11.341226236766284,11,200,7
2026-07-19 12:00:00,740.0,99,6.4,32.8,10.665350835268052,12,200,7
2026-07-19 13:00:00,600.0,81,6.9,33.1,9.271742276067418,13,200,7
2026-07-19 14:00:00,568.0,86,8.2,33.5,10.153185515284889,14,200,7
2026-07-19 15:00:00,578.0,72,7.6,33.8,11.42093978213226,15,200,7
2026-07-19 16:00:00,530.0,80,8.3,33.6,9.580262346537614,16,200,7
2026-07-19 17:00:00,364.0,74,13.5,32.6,7.1656936679288314,17,200,7
2026-07-19 18:00:00,168.0,64,10.3,31.0,3.4691215584716293,18,200,7
2026-07-19 19:00:00,35.0,94,11.7,30.3,0.5296842129546302,19,200,7
2026-07-19 20:00:00,0.0,97,12.1,29.6,0.0,20,200,7
2026-07-19 21:00:00,0.0,84,10.6,28.9,0.0,21,200,7
2026-07-19 22:00:00,0.0,89,11.1,28.7,0.0,22,200,7
2026-07-19 23:00:00,0.0,91,8.9,28.7,0.0,23,200,7
2026-07-20 00:00:00,0.0,92,7.3,28.3,0.0,0,201,7
2026-07-20 01:00:00,0.0,97,6.8,28.1,0.0,1,201,7
2026-07-20 02:00:00,0.0,99,6.1,27.7,0.0,2,201,7
2026-07-20 03:00:00,0.0,100,5.1,27.6,0.0,3,201,7
2026-07-20 04:00:00,0.0,100,4.9,27.4,0.0,4,201,7
2026-07-20 05:00:00,0.0,70,6.3,26.9,0.0,5,201,7
2026-07-20 06:00:00,4.0,80,4.7,27.0,0.07121791805727244,6,201,7
2026-07-20 07:00:00,90.0,100,5.6,27.8,1.3430106325261855,7,201,7
2026-07-20 08:00:00,150.0,100,6.7,28.5,1.9861965087739832,8,201,7
2026-07-20 09:00:00,225.0,100,7.1,29.4,3.444974062007167,9,201,7
2026-07-20 10:00:00,403.0,100,6.9,30.4,5.920221391793631,10,201,7
2026-07-20 11:00:00,604.0,100,10.9,28.8,8.992889189759854,11,201,7
2026-07-20 12:00:00,530.0,97,4.5,30.8,7.986397288538371,12,201,7
2026-07-20 13:00:00,794.0,79,5.6,32.5,13.91774640148401,13,201,7
2026-07-20 14:00:00,761.0,98,6.1,33.4,10.285593309342183,14,201,7
2026-07-20 15:00:00,446.0,97,14.1,30.3,7.065296995721262,15,201,7
2026-07-20 16:00:00,248.0,92,5.8,28.1,3.897400745309375,16,201,7
2026-07-20 17:00:00,257.0,100,9.4,30.0,3.7465253819208506,17,201,7
2026-07-20 18:00:00,123.0,98,10.7,29.7,1.850360418606883,18,201,7
2026-07-20 19:00:00,19.0,100,6.5,28.6,0.26363212560418114,19,201,7
2026-07-20 20:00:00,0.0,95,8.5,28.8,0.0,20,201,7
2026-07-20 21:00:00,0.0,98,11.2,28.6,0.0,21,201,7
2026-07-20 22:00:00,0.0,99,9.7,27.8,0.0,22,201,7
2026-07-20 23:00:00,0.0,100,7.0,27.8,0.0,23,201,7
2026-07-21 00:00:00,0.0,100,6.9,27.8,0.0,0,202,7
2026-07-21 01:00:00,0.0,92,6.5,27.8,0.0,1,202,7
2026-07-21 02:00:00,0.0,73,6.3,27.7,0.0,2,202,7
2026-07-21 03:00:00,0.0,91,6.1,27.5,0.0,3,202,7
2026-07-21 04:00:00,0.0,100,6.3,27.3,0.0,4,202,7
2026-07-21 05:00:00,0.0,70,6.9,26.9,0.0,5,202,7
2026-07-21 06:00:00,4.0,97,7.2,26.8,0.062400169671343,6,202,7
2026-07-21 07:00:00,61.0,100,7.0,27.3,0.8539462097008276,7,202,7
2026-07-21 08:00:00,117.0,95,9.2,27.7,1.6946232946823871,8,202,7
2026-07-21 09:00:00,248.0,100,7.7,28.6,3.7324920358671814,9,202,7
2026-07-21 10:00:00,306.0,100,7.5,29.3,4.673115108735345,10,202,7
2026-07-21 11:00:00,292.0,100,7.5,28.8,4.23825181012742,11,202,7
2026-07-21 12:00:00,436.0,99,7.2,30.6,6.229225724637617,12,202,7
2026-07-21 13:00:00,735.0,100,7.5,32.6,10.496297320644798,13,202,7
2026-07-21 14:00:00,657.0,100,11.2,30.3,9.495102723178945,14,202,7
2026-07-21 15:00:00,368.0,100,3.4,29.0,5.469743755521857,15,202,7
2026-07-21 16:00:00,256.0,100,2.8,30.3,3.7311524585254197,16,202,7
2026-07-21 17:00:00,267.0,99,9.0,32.3,3.8955249704846646,17,202,7
2026-07-21 18:00:00,129.0,100,9.0,31.5,1.792395204755936,18,202,7
2026-07-21 19:00:00,28.0,100,9.0,31.0,0.3818061022312317,19,202,7
2026-07-21 20:00:00,0.0,100,9.5,30.1,0.0,20,202,7
2026-07-21 21:00:00,0.0,100,10.7,29.2,0.0,21,202,7
2026-07-21 22:00:00,0.0,100,11.2,28.6,0.0,22,202,7
2026-07-21 23:00:00,0.0,100,9.7,28.1,0.0,23,202,7
2026-07-22 00:00:00,0.0,100,8.9,27.7,0.0,0,203,7
2026-07-22 01:00:00,0.0,80,9.0,27.7,0.0,1,203,7
2026-07-22 02:00:00,0.0,88,8.9,27.5,0.0,2,203,7
2026-07-22 03:00:00,0.0,100,8.4,27.5,0.0,3,203,7
2026-07-22 04:00:00,0.0,100,7.9,27.3,0.0,4,203,7
2026-07-22 05:00:00,0.0,100,8.5,27.5,0.0,5,203,7
2026-07-22 06:00:00,2.0,100,9.6,26.9,0.03242549322598322,6,203,7
2026-07-22 07:00:00,15.0,100,9.0,26.8,0.21858663106685777,7,203,7
2026-07-22 08:00:00,62.0,100,8.4,27.0,0.9534299990828315,8,203,7
2026-07-22 09:00:00,153.0,100,6.7,27.8,2.302907817697641,9,203,7
2026-07-22 10:00:00,196.0,100,6.7,28.6,3.0329204456804617,10,203,7
2026-07-22 11:00:00,253.0,100,5.8,29.2,3.145925680726811,11,203,7
2026-07-22 12:00:00,260.0,100,6.3,29.8,3.651465503459129,12,203,7
2026-07-22 13:00:00,397.0,100,5.8,30.4,5.507398799975462,13,203,7
2026-07-22 14:00:00,191.0,100,7.2,29.7,2.6401480484342708,14,203,7
2026-07-22 15:00:00,355.0,99,6.2,30.3,5.114210964728385,15,203,7
2026-07-22 16:00:00,372.0,100,6.9,30.9,4.869630449899884,16,203,7
2026-07-22 17:00:00,112.0,99,8.3,31.2,1.4650351559454997,17,203,7
2026-07-22 18:00:00,97.0,99,7.5,30.1,1.3329779086167244,18,203,7
2026-07-22 19:00:00,20.0,100,8.8,29.4,0.2956133386144834,19,203,7
2026-07-22 20:00:00,0.0,100,9.1,29.0,0.0,20,203,7
2026-07-22 21:00:00,0.0,100,10.8,28.3,0.0,21,203,7
2026-07-22 22:00:00,0.0,100,9.6,27.2,0.0,22,203,7
2026-07-22 23:00:00,0.0,100,8.7,26.4,0.0,23,203,7
2026-07-23 00:00:00,0.0,100,4.6,26.0,0.0,0,204,7
2026-07-23 01:00:00,0.0,100,4.5,26.1,0.0,1,204,7
2026-07-23 02:00:00,0.0,100,6.0,26.1,0.0,2,204,7
2026-07-23 03:00:00,0.0,100,9.4,26.6,0.0,3,204,7
2026-07-23 04:00:00,0.0,100,9.2,26.1,0.0,4,204,7
2026-07-23 05:00:00,0.0,100,11.0,26.2,0.0,5,204,7
2026-07-23 06:00:00,1.0,100,11.2,25.5,0.014636699455952975,6,204,7
2026-07-23 07:00:00,25.0,98,11.8,25.8,0.38619268703097853,7,204,7
2026-07-23 08:00:00,135.0,100,11.1,26.9,1.9361750985061275,8,204,7
2026-07-23 09:00:00,174.0,100,12.5,26.7,2.6669264662442482,9,204,7
2026-07-23 10:00:00,160.0,100,14.6,27.1,2.3689396768141657,10,204,7
2026-07-23 11:00:00,269.0,100,5.8,26.6,3.6595349913665007,11,204,7
2026-07-23 12:00:00,135.0,100,8.2,26.8,1.9332750294562016,12,204,7
2026-07-23 13:00:00,161.0,100,8.7,26.9,2.4400246851324137,13,204,7
2026-07-23 14:00:00,211.0,100,9.9,27.4,3.2955927312349824,14,204,7
2026-07-23 15:00:00,152.0,100,14.4,27.3,2.040786833094797,15,204,7
2026-07-23 16:00:00,95.0,100,15.9,26.9,1.3796119451966478,16,204,7
2026-07-23 17:00:00,145.0,100,13.6,26.5,2.2588789525657305,17,204,7
2026-07-23 18:00:00,16.0,100,7.9,26.2,0.23909513038832506,18,204,7
2026-07-23 19:00:00,5.0,100,7.9,26.0,0.06695992439118771,19,204,7
2026-07-23 20:00:00,0.0,100,8.3,25.9,0.0,20,204,7
2026-07-23 21:00:00,0.0,100,3.8,25.9,0.0,21,204,7
2026-07-23 22:00:00,0.0,100,2.5,26.0,0.0,22,204,7
2026-07-23 23:00:00,0.0,100,11.9,25.5,0.0,23,204,7
2026-07-24 00:00:00,0.0,100,10.7,24.9,0.0,0,205,7
2026-07-24 01:00:00,0.0,100,16.0,24.8,0.0,1,205,7
2026-07-24 02:00:00,0.0,100,19.5,25.0,0.0,2,205,7
2026-07-24 03:00:00,0.0,100,14.2,24.8,0.0,3,205,7
2026-07-24 04:00:00,0.0,100,9.9,24.9,0.0,4,205,7
2026-07-24 05:00:00,0.0,100,19.6,25.4,0.0,5,205,7
2026-07-24 06:00:00,0.0,100,8.0,25.6,0.0,6,205,7
2026-07-24 07:00:00,10.0,100,17.4,25.6,0.1505397213884405,7,205,7
2026-07-24 08:00:00,98.0,100,17.0,26.3,1.5150208286667892,8,205,7
2026-07-24 09:00:00,125.0,100,15.2,26.5,1.8766456518011325,9,205,7
2026-07-24 10:00:00,158.0,100,12.1,26.8,2.269760331819786,10,205,7
2026-07-24 11:00:00,217.0,100,16.2,26.1,3.3604980637685777,11,205,7
2026-07-24 12:00:00,219.0,100,14.7,26.6,3.0357290060758735,12,205,7
2026-07-24 13:00:00,249.0,100,13.4,26.9,3.54546920345159,13,205,7
2026-07-24 14:00:00,267.0,100,17.3,26.8,3.5981524799347557,14,205,7
2026-07-24 15:00:00,263.0,100,16.7,26.7,4.063926069411702,15,205,7
2026-07-24 16:00:00,170.0,100,16.9,26.3,2.373160190434463,16,205,7
2026-07-24 17:00:00,84.0,100,14.5,26.8,1.1330232164769491,17,205,7
2026-07-24 18:00:00,75.0,100,14.5,26.0,1.1480471575056574,18,205,7
2026-07-24 19:00:00,12.0,100,15.2,25.6,0.20847730214133092,19,205,7
2026-07-24 20:00:00,0.0,100,13.6,25.6,0.0,20,205,7
2026-07-24 21:00:00,0.0,100,11.3,25.7,0.0,21,205,7
2026-07-24 22:00:00,0.0,100,9.3,25.7,0.0,22,205,7
2026-07-24 23:00:00,0.0,100,13.9,25.6,0.0,23,205,7
2026-07-25 00:00:00,0.0,100,21.1,25.5,0.0,0,206,7
2026-07-25 01:00:00,0.0,100,16.5,25.3,0.0,1,206,7
2026-07-25 02:00:00,0.0,100,16.3,25.0,0.0,2,206,7
2026-07-25 03:00:00,0.0,100,17.4,25.0,0.0,3,206,7
2026-07-25 04:00:00,0.0,100,17.6,25.3,0.0,4,206,7
2026-07-25 05:00:00,0.0,99,11.9,25.4,0.0,5,206,7
2026-07-25 06:00:00,2.0,74,10.3,25.3,0.0431559919425466,6,206,7
2026-07-25 07:00:00,70.0,91,10.7,25.9,1.2044743975624095,7,206,7
2026-07-25 08:00:00,147.0,100,11.7,26.4,2.060530913379601,8,206,7
2026-07-25 09:00:00,275.0,100,13.8,27.3,4.04571285881791,9,206,7
2026-07-25 10:00:00,339.0,100,12.2,27.4,5.016074825914849,10,206,7
2026-07-25 11:00:00,569.0,100,10.9,26.5,8.636455718271465,11,206,7
2026-07-25 12:00:00,172.0,100,12.9,26.6,2.4667115332263116,12,206,7
2026-07-25 13:00:00,167.0,100,12.3,26.7,2.4357079770058543,13,206,7
2026-07-25 14:00:00,210.0,100,8.4,27.5,3.406724814744882,14,206,7
2026-07-25 15:00:00,487.0,96,12.2,29.4,7.050954178787578,15,206,7
2026-07-25 16:00:00,194.0,100,10.1,29.3,2.9475944480560705,16,206,7
2026-07-25 17:00:00,177.0,88,8.8,27.2,3.0629285480142543,17,206,7
2026-07-25 18:00:00,79.0,88,8.2,27.4,1.4156576278620943,18,206,7
2026-07-25 19:00:00,18.0,89,9.4,26.8,0.3121516596235043,19,206,7
2026-07-25 20:00:00,0.0,100,10.6,26.6,0.0,20,206,7
2026-07-25 21:00:00,0.0,100,11.7,26.7,0.0,21,206,7
2026-07-25 22:00:00,0.0,100,8.6,26.4,0.0,22,206,7
2026-07-25 23:00:00,0.0,100,14.4,26.1,0.0,23,206,7
2026-07-26 00:00:00,0.0,100,13.9,26.0,0.0,0,207,7
2026-07-26 01:00:00,0.0,95,13.0,26.1,0.0,1,207,7
2026-07-26 02:00:00,0.0,99,11.8,26.2,0.0,2,207,7
2026-07-26 03:00:00,0.0,100,11.4,26.1,0.0,3,207,7
2026-07-26 04:00:00,0.0,68,11.3,26.0,0.0,4,207,7
2026-07-26 05:00:00,0.0,91,9.9,26.6,0.0,5,207,7
2026-07-26 06:00:00,2.0,89,9.6,26.5,0.036342278247057436,6,207,7
2026-07-26 07:00:00,54.0,78,9.3,27.0,0.8740127478051392,7,207,7
2026-07-26 08:00:00,192.0,98,10.9,27.9,3.239742645372078,8,207,7
2026-07-26 09:00:00,226.0,100,11.7,27.6,3.523509451999965,9,207,7
2026-07-26 10:00:00,288.0,84,12.2,27.7,5.624349518129007,10,207,7
2026-07-26 11:00:00,390.0,100,14.4,30.5,5.826982261891553,11,207,7
2026-07-26 12:00:00,280.0,98,12.6,29.8,3.59712673863281,12,207,7
2026-07-26 13:00:00,720.0,98,12.2,30.6,10.657898832883935,13,207,7
2026-07-26 14:00:00,784.0,58,11.6,31.9,17.794007935397815,14,207,7
2026-07-26 15:00:00,638.0,98,14.5,28.9,9.870903604576997,15,207,7
2026-07-26 16:00:00,242.0,98,5.8,27.4,3.639154482734517,16,207,7
2026-07-26 17:00:00,150.0,58,8.3,28.8,3.5175961684894728,17,207,7
2026-07-26 18:00:00,160.0,84,11.0,27.8,2.6365387651854597,18,207,7
2026-07-26 19:00:00,17.0,80,7.2,26.7,0.3129613323397279,19,207,7
2026-07-26 20:00:00,0.0,66,9.1,27.0,0.0,20,207,7
2026-07-26 21:00:00,0.0,95,8.8,27.0,0.0,21,207,7
2026-07-26 22:00:00,0.0,77,7.7,26.9,0.0,22,207,7
2026-07-26 23:00:00,0.0,48,9.7,26.8,0.0,23,207,7
2026-07-27 00:00:00,0.0,65,12.4,26.6,0.0,0,208,7
2026-07-27 01:00:00,0.0,88,11.8,26.0,0.0,1,208,7
2026-07-27 02:00:00,0.0,100,11.0,25.8,0.0,2,208,7
2026-07-27 03:00:00,0.0,100,9.0,25.6,0.0,3,208,7
2026-07-27 04:00:00,0.0,100,10.0,25.1,0.0,4,208,7
2026-07-27 05:00:00,0.0,100,11.9,24.9,0.0,5,208,7
2026-07-27 06:00:00,1.0,100,6.9,25.0,0.015370170731788795,6,208,7
2026-07-27 07:00:00,19.0,100,7.6,25.4,0.3013447684323978,7,208,7
2026-07-27 08:00:00,101.0,100,13.2,26.2,1.5237022399705944,8,208,7
2026-07-27 09:00:00,114.0,100,14.1,26.6,1.543546598356397,9,208,7
2026-07-27 10:00:00,111.0,100,11.7,26.1,1.5295339485498223,10,208,7
2026-07-27 11:00:00,342.0,88,12.4,29.2,6.028296750141365,11,208,7
2026-07-27 12:00:00,603.0,77,12.1,30.5,10.092355195135694,12,208,7
2026-07-27 13:00:00,628.0,79,10.1,30.1,12.227238178230607,13,208,7
2026-07-27 14:00:00,551.0,73,10.1,31.1,10.362751255607535,14,208,7
2026-07-27 15:00:00,528.0,98,9.1,27.6,8.109744448515679,15,208,7
2026-07-27 16:00:00,193.0,98,8.1,27.3,2.8408011638790227,16,208,7
2026-07-27 17:00:00,216.0,91,5.3,28.7,3.28638293454495,17,208,7
2026-07-27 18:00:00,139.0,91,6.5,28.5,2.2717543469025214,18,208,7
2026-07-27 19:00:00,30.0,77,6.7,28.0,0.5727882792295423,19,208,7
2026-07-27 20:00:00,0.0,81,6.3,27.8,0.0,20,208,7
2026-07-27 21:00:00,0.0,74,8.6,27.6,0.0,21,208,7
2026-07-27 22:00:00,0.0,91,7.9,27.4,0.0,22,208,7
2026-07-27 23:00:00,0.0,78,10.4,28.0,0.0,23,208,7
2026-07-28 00:00:00,0.0,73,10.4,27.7,0.0,0,209,7
2026-07-28 01:00:00,0.0,64,10.7,27.4,0.0,1,209,7
2026-07-28 02:00:00,0.0,45,10.3,27.1,0.0,2,209,7
2026-07-28 03:00:00,0.0,50,9.3,26.9,0.0,3,209,7
2026-07-28 04:00:00,0.0,91,6.4,26.6,0.0,4,209,7
2026-07-28 05:00:00,0.0,21,8.7,26.6,0.0,5,209,7
2026-07-28 06:00:00,3.0,88,8.1,26.5,0.048708162104948195,6,209,7
2026-07-28 07:00:00,87.0,83,8.6,27.1,1.512419678457646,7,209,7
2026-07-28 08:00:00,255.0,52,13.7,28.0,6.420560842208559,8,209,7
2026-07-28 09:00:00,427.0,45,11.9,29.1,10.270280453964936,9,209,7
2026-07-28 10:00:00,626.0,46,11.1,30.3,16.24471085694195,10,209,7
2026-07-28 11:00:00,693.0,29,10.1,30.8,18.13335028283329,11,209,7
2026-07-28 12:00:00,789.0,26,10.8,31.6,21.029140459520626,12,209,7
2026-07-28 13:00:00,901.0,62,10.8,32.5,17.946281380584168,13,209,7
2026-07-28 14:00:00,625.0,59,10.4,32.4,12.861205800878691,14,209,7
2026-07-28 15:00:00,688.0,54,12.4,32.7,17.061357499683766,15,209,7
2026-07-28 16:00:00,518.0,86,11.5,32.7,7.9726317258378785,16,209,7
2026-07-28 17:00:00,338.0,95,4.0,32.2,5.106128172997256,17,209,7
2026-07-28 18:00:00,120.0,88,4.5,31.6,1.8687980636248218,18,209,7
2026-07-28 19:00:00,23.0,100,5.2,30.5,0.3579407070206076,19,209,7
2026-07-28 20:00:00,0.0,99,7.6,30.0,0.0,20,209,7
2026-07-28 21:00:00,0.0,100,6.5,29.0,0.0,21,209,7
2026-07-28 22:00:00,0.0,100,5.7,28.7,0.0,22,209,7
2026-07-28 23:00:00,0.0,100,4.3,28.6,0.0,23,209,7
2026-07-29 00:00:00,0.0,100,5.8,28.4,0.0,0,210,7
2026-07-29 01:00:00,0.0,99,7.7,27.9,0.0,1,210,7
2026-07-29 02:00:00,0.0,100,7.4,27.6,0.0,2,210,7
2026-07-29 03:00:00,0.0,100,7.2,27.4,0.0,3,210,7
2026-07-29 04:00:00,0.0,100,6.5,27.3,0.0,4,210,7
2026-07-29 05:00:00,0.0,100,5.8,27.3,0.0,5,210,7
2026-07-29 06:00:00,2.0,100,7.3,27.2,0.032008495089278007,6,210,7
2026-07-29 07:00:00,51.0,98,7.1,27.5,0.8228175459487294,7,210,7
2026-07-29 08:00:00,203.0,82,7.7,28.1,3.3667529446833444,8,210,7
2026-07-29 09:00:00,385.0,90,9.7,29.1,6.265593777246109,9,210,7
2026-07-29 10:00:00,463.0,95,9.4,29.8,7.269152681802922,10,210,7
2026-07-29 11:00:00,559.0,70,9.3,30.8,10.090999450878138,11,210,7
2026-07-29 12:00:00,739.0,99,9.6,31.5,11.507981612466853,12,210,7
2026-07-29 13:00:00,611.0,100,7.0,31.5,9.57672588154684,13,210,7
2026-07-29 14:00:00,478.0,98,5.2,31.7,7.446242026725022,14,210,7
2026-07-29 15:00:00,426.0,100,5.4,32.2,5.903673938789491,15,210,7
2026-07-29 16:00:00,218.0,100,7.4,31.9,3.1222765245464736,16,210,7
2026-07-29 17:00:00,121.0,100,7.1,30.9,1.9461538820544493,17,210,7
2026-07-29 18:00:00,82.0,100,5.2,30.2,1.2924567878154916,18,210,7
2026-07-29 19:00:00,16.0,100,3.7,29.7,0.21582928167752416,19,210,7
2026-07-29 20:00:00,0.0,99,2.7,29.7,0.0,20,210,7
2026-07-29 21:00:00,0.0,90,1.9,29.4,0.0,21,210,7
2026-07-29 22:00:00,0.0,98,3.6,28.9,0.0,22,210,7
2026-07-29 23:00:00,0.0,100,4.0,28.4,0.0,23,210,7
2026-07-30 00:00:00,0.0,100,5.1,28.3,0.0,0,211,7
2026-07-30 01:00:00,0.0,100,6.3,28.1,0.0,1,211,7
2026-07-30 02:00:00,0.0,100,6.2,27.9,0.0,2,211,7
2026-07-30 03:00:00,0.0,100,7.3,27.6,0.0,3,211,7
2026-07-30 04:00:00,0.0,100,7.3,27.3,0.0,4,211,7
2026-07-30 05:00:00,0.0,100,7.0,27.2,0.0,5,211,7
2026-07-30 06:00:00,2.0,100,7.7,27.2,0.028894609442405465,6,211,7
2026-07-30 07:00:00,28.0,100,7.6,27.4,0.387838226821824,7,211,7
2026-07-30 08:00:00,138.0,100,9.2,28.1,2.0748414125919674,8,211,7
2026-07-30 09:00:00,162.0,100,7.8,28.6,2.372261314799521,9,211,7
2026-07-30 10:00:00,281.0,100,7.6,29.3,4.3465736734754845,10,211,7
2026-07-30 11:00:00,526.0,99,5.8,30.8,7.803076154753736,11,211,7
2026-07-30 12:00:00,673.0,100,6.5,31.8,10.676000042258798,12,211,7
2026-07-30 13:00:00,562.0,100,5.4,32.3,7.427157029818444,13,211,7
2026-07-30 14:00:00,492.0,100,6.1,32.5,7.643059848399657,14,211,7
2026-07-30 15:00:00,389.0,100,8.1,32.4,5.506582925039969,15,211,7
2026-07-30 16:00:00,296.0,100,8.6,32.1,4.451542879017026,16,211,7
2026-07-30 17:00:00,141.0,100,7.0,32.1,2.075868670314834,17,211,7
2026-07-30 18:00:00,92.0,100,6.0,31.4,1.2280742566031668,18,211,7
2026-07-30 19:00:00,22.0,100,7.3,30.6,0.33898720056532833,19,211,7
2026-07-30 20:00:00,0.0,99,6.9,30.2,0.0,20,211,7
2026-07-30 21:00:00,0.0,100,5.9,29.9,0.0,21,211,7
2026-07-30 22:00:00,0.0,100,7.1,29.4,0.0,22,211,7
2026-07-30 23:00:00,0.0,100,6.9,29.4,0.0,23,211,7
2026-07-31 00:00:00,0.0,100,8.1,29.1,0.0,0,212,7
2026-07-31 01:00:00,0.0,100,8.5,28.9,0.0,1,212,7
2026-07-31 02:00:00,0.0,100,10.7,28.5,0.0,2,212,7
2026-07-31 03:00:00,0.0,100,10.6,27.6,0.0,3,212,7
2026-07-31 04:00:00,0.0,100,10.7,27.0,0.0,4,212,7
2026-07-31 05:00:00,0.0,100,12.8,27.8,0.0,5,212,7
2026-07-31 06:00:00,1.0,97,13.3,27.7,0.01506307975473648,6,212,7
2026-07-31 07:00:00,51.0,98,14.0,27.5,0.8248671243656754,7,212,7
2026-07-31 08:00:00,119.0,100,14.4,27.3,1.7916379773264413,8,212,7
2026-07-31 09:00:00,159.0,98,14.4,27.6,2.550744929255308,9,212,7
2026-07-31 10:00:00,350.0,94,11.1,28.8,5.76474174214836,10,212,7
2026-07-31 11:00:00,620.0,25,16.1,31.1,18.080978367705313,11,212,7
2026-07-31 12:00:00,764.0,55,14.7,32.1,16.627656123002126,12,212,7
2026-07-31 13:00:00,728.0,81,13.7,32.5,13.853150129680907,13,212,7
2026-07-31 14:00:00,468.0,83,13.4,32.3,8.59179836077212,14,212,7
2026-07-31 15:00:00,384.0,71,9.9,30.3,7.228421968167339,15,212,7
2026-07-31 16:00:00,388.0,61,3.2,31.2,7.94265434625953,16,212,7
2026-07-31 17:00:00,330.0,100,7.0,30.4,4.957058347255611,17,212,7
2026-07-31 18:00:00,33.0,100,16.0,27.7,0.49797032598779334,18,212,7
2026-07-31 19:00:00,9.0,100,12.1,26.5,0.13191464437226472,19,212,7
2026-07-31 20:00:00,0.0,99,8.3,26.5,0.0,20,212,7
2026-07-31 21:00:00,0.0,100,9.2,26.3,0.0,21,212,7
2026-07-31 22:00:00,0.0,96,11.6,26.6,0.0,22,212,7
2026-07-31 23:00:00,0.0,100,12.0,26.1,0.0,23,212,7
2026-08-01 00:00:00,0.0,100,10.8,26.0,0.0,0,213,8
2026-08-01 01:00:00,0.0,100,8.2,25.9,0.0,1,213,8
2026-08-01 02:00:00,0.0,100,10.2,25.8,0.0,2,213,8
2026-08-01 03:00:00,0.0,100,11.1,25.8,0.0,3,213,8
2026-08-01 04:00:00,0.0,100,12.5,25.8,0.0,4,213,8
2026-08-01 05:00:00,0.0,99,12.1,26.2,0.0,5,213,8
2026-08-01 06:00:00,1.0,100,12.3,26.3,0.016013885045700775,6,213,8
2026-08-01 07:00:00,55.0,100,13.8,26.4,0.7639518391587862,7,213,8
2026-08-01 08:00:00,94.0,100,12.5,26.4,1.4433963658171032,8,213,8
2026-08-01 09:00:00,144.0,100,11.4,26.8,2.116214039660763,9,213,8
2026-08-01 10:00:00,172.0,100,14.5,26.8,2.330221533087574,10,213,8
2026-08-01 11:00:00,193.0,100,14.1,28.0,2.6522163933614755,11,213,8
2026-08-01 12:00:00,372.0,100,11.6,27.5,5.143472445281502,12,213,8
2026-08-01 13:00:00,392.0,100,12.3,27.5,5.733182810367697,13,213,8
2026-08-01 14:00:00,484.0,100,11.7,28.1,7.3202073039553675,14,213,8
2026-08-01 15:00:00,341.0,100,11.5,28.0,5.7062688415566925,15,213,8
2026-08-01 16:00:00,221.0,100,8.5,27.5,3.535891451307405,16,213,8
2026-08-01 17:00:00,82.0,98,11.9,27.9,1.281212207972867,17,213,8
2026-08-01 18:00:00,70.0,98,12.8,27.2,0.9612706473362483,18,213,8
2026-08-01 19:00:00,19.0,100,12.4,27.0,0.3103521463752398,19,213,8
2026-08-01 20:00:00,0.0,100,13.2,27.0,0.0,20,213,8
2026-08-01 21:00:00,0.0,100,11.5,26.7,0.0,21,213,8
2026-08-01 22:00:00,0.0,100,11.5,26.5,0.0,22,213,8
2026-08-01 23:00:00,0.0,100,13.2,25.9,0.0,23,213,8
2026-08-02 00:00:00,0.0,99,12.0,25.7,0.0,0,214,8
2026-08-02 01:00:00,0.0,100,13.2,25.6,0.0,1,214,8
2026-08-02 02:00:00,0.0,100,11.2,25.6,0.0,2,214,8
2026-08-02 03:00:00,0.0,100,10.2,25.7,0.0,3,214,8
2026-08-02 04:00:00,0.0,100,9.6,25.8,0.0,4,214,8
2026-08-02 05:00:00,0.0,100,9.5,25.8,0.0,5,214,8
2026-08-02 06:00:00,1.0,85,9.9,25.8,0.019488225965393388,6,214,8
2026-08-02 07:00:00,74.0,32,7.2,26.4,2.2357154414465445,7,214,8
2026-08-02 08:00:00,232.0,37,9.7,27.4,6.072197431890281,8,214,8
2026-08-02 09:00:00,386.0,100,11.3,28.6,5.336279669294474,9,214,8
2026-08-02 10:00:00,365.0,84,10.1,28.8,6.909320024948144,10,214,8
2026-08-02 11:00:00,527.0,89,10.7,29.2,9.345297133277649,11,214,8
2026-08-02 12:00:00,455.0,95,9.8,30.0,7.282684260481958,12,214,8
2026-08-02 13:00:00,733.0,30,8.9,31.2,19.941657450820998,13,214,8
2026-08-02 14:00:00,791.0,23,9.3,32.2,21.275312007390884,14,214,8
2026-08-02 15:00:00,642.0,23,9.7,32.6,18.43590923941794,15,214,8
2026-08-02 16:00:00,518.0,89,11.1,32.3,8.256140313908558,16,214,8
2026-08-02 17:00:00,298.0,66,11.5,29.8,6.027478337698801,17,214,8
2026-08-02 18:00:00,151.0,73,11.1,29.1,3.070527743207529,18,214,8
2026-08-02 19:00:00,27.0,86,8.5,28.2,0.4967715483997121,19,214,8
2026-08-02 20:00:00,0.0,100,8.9,27.9,0.0,20,214,8
2026-08-02 21:00:00,0.0,77,8.8,27.8,0.0,21,214,8
2026-08-02 22:00:00,0.0,77,10.1,27.3,0.0,22,214,8
2026-08-02 23:00:00,0.0,48,10.6,27.1,0.0,23,214,8
2026-08-03 00:00:00,0.0,86,10.8,26.9,0.0,0,215,8
2026-08-03 01:00:00,0.0,86,11.8,26.8,0.0,1,215,8
2026-08-03 02:00:00,0.0,100,11.2,26.6,0.0,2,215,8
2026-08-03 03:00:00,0.0,70,10.8,26.6,0.0,3,215,8
2026-08-03 04:00:00,0.0,99,9.9,26.4,0.0,4,215,8
2026-08-03 05:00:00,0.0,88,10.0,26.4,0.0,5,215,8
2026-08-03 06:00:00,2.0,100,9.2,26.5,0.028911515891585412,6,215,8
2026-08-03 07:00:00,36.0,100,10.4,26.3,0.4896853200999924,7,215,8
2026-08-03 08:00:00,92.0,100,9.0,26.8,1.5091435566735338,8,215,8
2026-08-03 09:00:00,206.0,12,8.6,27.7,6.35482798377089,9,215,8
2026-08-03 10:00:00,522.0,26,10.3,29.4,15.737860548484107,10,215,8
2026-08-03 11:00:00,751.0,45,10.3,29.9,16.255795075913472,11,215,8
2026-08-03 12:00:00,734.0,63,10.5,30.8,16.452837249073013,12,215,8
2026-08-03 13:00:00,827.0,57,11.3,31.5,18.03803080890879,13,215,8
2026-08-03 14:00:00,664.0,27,11.5,31.4,19.418489957314097,14,215,8
2026-08-03 15:00:00,685.0,25,11.6,31.5,20.874072322530665,15,215,8
2026-08-03 16:00:00,550.0,30,11.6,31.2,14.860782832234051,16,215,8
2026-08-03 17:00:00,347.0,50,9.7,30.3,7.212120589273784,17,215,8
2026-08-03 18:00:00,120.0,100,8.5,29.3,1.6302293282073754,18,215,8
2026-08-03 19:00:00,12.0,88,9.0,28.7,0.21669639382555828,19,215,8
2026-08-03 20:00:00,0.0,100,7.6,28.1,0.0,20,215,8
2026-08-03 21:00:00,0.0,100,7.6,27.7,0.0,21,215,8
2026-08-03 22:00:00,0.0,100,6.5,27.3,0.0,22,215,8
2026-08-03 23:00:00,0.0,100,7.8,27.7,0.0,23,215,8
2026-08-04 00:00:00,0.0,99,7.1,27.6,0.0,0,216,8
2026-08-04 01:00:00,0.0,91,7.6,27.1,0.0,1,216,8
2026-08-04 02:00:00,0.0,91,7.3,26.7,0.0,2,216,8
2026-08-04 03:00:00,0.0,95,8.0,26.4,0.0,3,216,8
2026-08-04 04:00:00,0.0,100,5.9,26.2,0.0,4,216,8
2026-08-04 05:00:00,0.0,100,7.5,26.6,0.0,5,216,8
2026-08-04 06:00:00,1.0,99,9.2,26.6,0.015411763828150205,6,216,8
2026-08-04 07:00:00,79.0,69,7.7,27.0,1.6717085505385056,7,216,8
2026-08-04 08:00:00,265.0,62,10.5,28.0,5.381198258483063,8,216,8
2026-08-04 09:00:00,436.0,41,9.9,29.0,11.262025112516143,9,216,8
2026-08-04 10:00:00,615.0,31,9.2,30.1,16.018406502317177,10,216,8
2026-08-04 11:00:00,734.0,97,8.7,31.0,11.024959693077532,11,216,8
2026-08-04 12:00:00,862.0,96,7.2,31.9,12.586217084696772,12,216,8
2026-08-04 13:00:00,908.0,96,6.7,32.7,13.16764614060346,13,216,8
2026-08-04 14:00:00,803.0,96,7.5,33.0,13.294886537676371,14,216,8
2026-08-04 15:00:00,556.0,66,7.1,32.8,10.741032006300715,15,216,8
2026-08-04 16:00:00,519.0,92,6.3,33.0,8.408524263909495,16,216,8
2026-08-04 17:00:00,315.0,59,9.7,31.6,7.039610424451136,17,216,8
2026-08-04 18:00:00,144.0,89,8.0,30.5,2.4076155963711887,18,216,8
2026-08-04 19:00:00,26.0,93,6.0,29.6,0.3864680537288989,19,216,8
2026-08-04 20:00:00,0.0,98,4.7,29.1,0.0,20,216,8
2026-08-04 21:00:00,0.0,96,8.6,28.4,0.0,21,216,8
2026-08-04 22:00:00,0.0,96,8.3,27.9,0.0,22,216,8
2026-08-04 23:00:00,0.0,99,8.3,27.8,0.0,23,216,8
2026-08-05 00:00:00,0.0,100,7.1,27.5,0.0,0,217,8
2026-08-05 01:00:00,0.0,100,8.2,27.4,0.0,1,217,8
2026-08-05 02:00:00,0.0,99,9.1,27.2,0.0,2,217,8
2026-08-05 03:00:00,0.0,100,8.2,26.9,0.0,3,217,8
2026-08-05 04:00:00,0.0,100,7.5,26.6,0.0,4,217,8
2026-08-05 05:00:00,0.0,100,5.0,25.4,0.0,5,217,8
2026-08-05 06:00:00,1.0,98,4.3,25.5,0.015314881471409717,6,217,8
2026-08-05 07:00:00,62.0,98,6.0,26.4,0.8839931930155606,7,217,8
2026-08-05 08:00:00,155.0,76,6.3,27.0,2.9336980064122975,8,217,8
2026-08-05 09:00:00,354.0,67,7.4,28.2,6.490149737395178,9,217,8
2026-08-05 10:00:00,588.0,74,7.3,29.5,12.272406496017645,10,217,8
2026-08-05 11:00:00,689.0,94,7.8,30.4,11.315263680962422,11,217,8
2026-08-05 12:00:00,814.0,78,8.1,31.2,14.773057741028087,12,217,8
2026-08-05 13:00:00,753.0,60,9.1,32.0,16.544536366649016,13,217,8
2026-08-05 14:00:00,814.0,85,9.7,32.9,13.829477500993832,14,217,8
2026-08-05 15:00:00,646.0,76,9.4,33.0,12.65289939608902,15,217,8
2026-08-05 16:00:00,565.0,95,9.2,33.1,7.863360284496694,16,217,8
2026-08-05 17:00:00,297.0,100,7.3,31.8,4.159242221431314,17,217,8
2026-08-05 18:00:00,59.0,100,6.4,30.9,0.9244633779268238,18,217,8
2026-08-05 19:00:00,13.0,100,7.6,29.8,0.20580742355546833,19,217,8
2026-08-05 20:00:00,0.0,100,8.6,28.8,0.0,20,217,8
2026-08-05 21:00:00,0.0,100,9.4,28.2,0.0,21,217,8
2026-08-05 22:00:00,0.0,99,9.0,28.1,0.0,22,217,8
2026-08-05 23:00:00,0.0,99,8.0,28.1,0.0,23,217,8
2026-08-06 00:00:00,0.0,99,7.0,27.8,0.0,0,218,8
2026-08-06 01:00:00,0.0,100,7.7,27.7,0.0,1,218,8
2026-08-06 02:00:00,0.0,100,8.9,27.1,0.0,2,218,8
2026-08-06 03:00:00,0.0,100,8.2,26.7,0.0,3,218,8
2026-08-06 04:00:00,0.0,96,7.3,26.7,0.0,4,218,8
2026-08-06 05:00:00,0.0,100,8.3,26.8,0.0,5,218,8
2026-08-06 06:00:00,2.0,99,8.6,26.5,0.028023459041859818,6,218,8
2026-08-06 07:00:00,56.0,99,8.6,26.8,0.8181437933250786,7,218,8
2026-08-06 08:00:00,227.0,99,11.7,27.8,3.118575823354079,8,218,8
2026-08-06 09:00:00,395.0,100,10.5,29.0,6.226448358259966,9,218,8
2026-08-06 10:00:00,591.0,100,9.4,30.1,9.290815802305818,10,218,8
2026-08-06 11:00:00,701.0,100,10.8,31.0,8.841375036083083,11,218,8
2026-08-06 12:00:00,763.0,94,11.6,31.8,11.6812304162408,12,218,8
2026-08-06 13:00:00,775.0,95,12.5,32.4,11.662823387125965,13,218,8
2026-08-06 14:00:00,705.0,95,11.0,33.2,10.653834854504222,14,218,8
2026-08-06 15:00:00,543.0,79,10.5,33.2,9.93112283175986,15,218,8
2026-08-06 16:00:00,509.0,84,9.5,33.6,8.023139500639749,16,218,8
2026-08-06 17:00:00,320.0,100,7.2,32.0,4.772560610785189,17,218,8
2026-08-06 18:00:00,98.0,99,5.8,31.5,1.5202949221864308,18,218,8
2026-08-06 19:00:00,24.0,98,2.7,30.7,0.39601950086034376,19,218,8
2026-08-06 20:00:00,0.0,98,3.7,30.3,0.0,20,218,8
2026-08-06 21:00:00,0.0,99,8.8,29.4,0.0,21,218,8
2026-08-06 22:00:00,0.0,100,9.2,28.7,0.0,22,218,8
2026-08-06 23:00:00,0.0,98,7.9,27.4,0.0,23,218,8
2026-08-07 00:00:00,0.0,99,9.6,27.3,0.0,0,219,8
2026-08-07 01:00:00,0.0,99,10.3,27.0,0.0,1,219,8
2026-08-07 02:00:00,0.0,100,10.9,26.7,0.0,2,219,8
2026-08-07 03:00:00,0.0,98,8.8,26.3,0.0,3,219,8
2026-08-07 04:00:00,0.0,72,7.5,25.8,0.0,4,219,8
2026-08-07 05:00:00,0.0,23,9.4,26.4,0.0,5,219,8
2026-08-07 06:00:00,2.0,18,8.3,26.2,0.05642282312962708,6,219,8
2026-08-07 07:00:00,84.0,37,8.7,27.0,2.101851961533244,7,219,8
2026-08-07 08:00:00,273.0,80,8.3,28.1,5.210206771437317,8,219,8
2026-08-07 09:00:00,425.0,79,13.9,28.5,8.06967060718903,9,219,8
2026-08-07 10:00:00,515.0,93,13.1,29.6,8.10924995802773,10,219,8
2026-08-07 11:00:00,622.0,91,12.9,30.1,8.939980171547806,11,219,8
2026-08-07 12:00:00,727.0,91,12.6,31.4,10.418127945636453,12,219,8
2026-08-07 13:00:00,673.0,97,11.7,32.2,9.753774599957927,13,219,8
2026-08-07 14:00:00,604.0,100,10.7,32.9,9.31888769282023,14,219,8
2026-08-07 15:00:00,689.0,100,11.9,33.5,11.188936407193498,15,219,8
2026-08-07 16:00:00,429.0,100,10.1,33.4,6.203354416610547,16,219,8
2026-08-07 17:00:00,231.0,99,11.8,32.0,3.4031304874876787,17,219,8
2026-08-07 18:00:00,155.0,99,6.7,31.2,2.1508041466870864,18,219,8
2026-08-07 19:00:00,21.0,100,6.5,30.2,0.29476262153134936,19,219,8
2026-08-07 20:00:00,0.0,100,7.7,29.7,0.0,20,219,8
2026-08-07 21:00:00,0.0,100,7.9,29.1,0.0,21,219,8
2026-08-07 22:00:00,0.0,99,8.1,28.6,0.0,22,219,8
2026-08-07 23:00:00,0.0,99,10.3,28.6,0.0,23,219,8
2026-08-08 00:00:00,0.0,91,11.0,28.1,0.0,0,220,8
2026-08-08 01:00:00,0.0,27,10.3,27.6,0.0,1,220,8
2026-08-08 02:00:00,0.0,23,8.9,27.1,0.0,2,220,8
2026-08-08 03:00:00,0.0,21,8.0,26.7,0.0,3,220,8
2026-08-08 04:00:00,0.0,15,8.8,26.2,0.0,4,220,8
2026-08-08 05:00:00,0.0,100,9.6,26.6,0.0,5,220,8
2026-08-08 06:00:00,1.0,100,8.4,26.7,0.014535145346530652,6,220,8
2026-08-08 07:00:00,30.0,100,6.9,26.9,0.49906052308956556,7,220,8
2026-08-08 08:00:00,154.0,80,11.6,27.4,2.8708423038887965,8,220,8
2026-08-08 09:00:00,369.0,48,13.1,28.8,9.259600971290883,9,220,8
2026-08-08 10:00:00,602.0,45,11.0,30.4,13.008793320199976,10,220,8
2026-08-08 11:00:00,727.0,28,9.6,31.6,20.087673129138647,11,220,8
2026-08-08 12:00:00,855.0,64,9.1,32.6,18.499236543103407,12,220,8
2026-08-08 13:00:00,798.0,100,9.4,33.0,13.462547266589626,13,220,8
2026-08-08 14:00:00,628.0,100,9.6,33.1,9.43437096556453,14,220,8
2026-08-08 15:00:00,591.0,48,9.9,33.3,13.56338829390135,15,220,8
2026-08-08 16:00:00,504.0,99,10.9,33.1,6.9635477575972535,16,220,8
2026-08-08 17:00:00,211.0,74,10.0,32.6,3.8676301293778925,17,220,8
2026-08-08 18:00:00,137.0,20,6.7,31.9,3.7588264813285366,18,220,8
2026-08-08 19:00:00,23.0,29,4.0,31.0,0.63805453934356,19,220,8
2026-08-08 20:00:00,0.0,52,3.8,30.8,0.0,20,220,8
2026-08-08 21:00:00,0.0,66,8.0,30.0,0.0,21,220,8
2026-08-08 22:00:00,0.0,31,7.9,29.0,0.0,22,220,8
2026-08-08 23:00:00,0.0,21,7.1,28.8,0.0,23,220,8
2026-08-09 00:00:00,0.0,27,8.9,28.4,0.0,0,221,8
2026-08-09 01:00:00,0.0,13,10.9,28.2,0.0,1,221,8
2026-08-09 02:00:00,0.0,28,10.7,27.6,0.0,2,221,8
2026-08-09 03:00:00,0.0,11,9.7,27.3,0.0,3,221,8
2026-08-09 04:00:00,0.0,9,9.1,27.0,0.0,4,221,8
2026-08-09 05:00:00,0.0,98,8.5,27.1,0.0,5,221,8
2026-08-09 06:00:00,1.0,88,9.4,27.3,0.015579300751659315,6,221,8
2026-08-09 07:00:00,64.0,15,10.7,27.6,1.8245681272431054,7,221,8
2026-08-09 08:00:00,239.0,80,11.6,28.1,4.0289261118365,8,221,8
2026-08-09 09:00:00,428.0,70,10.8,29.1,8.983561185530489,9,221,8
2026-08-09 10:00:00,564.0,30,9.4,30.1,14.04073774960149,10,221,8
2026-08-09 11:00:00,693.0,52,10.3,30.7,14.48398172832115,11,221,8
2026-08-09 12:00:00,784.0,55,11.0,31.9,19.18223677640168,12,221,8
2026-08-09 13:00:00,849.0,95,10.6,32.7,12.01449387340112,13,221,8
2026-08-09 14:00:00,722.0,92,9.7,33.1,11.787573572401502,14,221,8
2026-08-09 15:00:00,664.0,35,8.5,33.6,17.267670881283365,15,221,8
2026-08-09 16:00:00,543.0,15,8.8,33.6,16.774569494041998,16,221,8
2026-08-09 17:00:00,362.0,26,13.1,32.7,10.24517668060721,17,221,8
2026-08-09 18:00:00,142.0,91,8.6,31.9,2.330069126549098,18,221,8
2026-08-09 19:00:00,22.0,92,8.3,31.0,0.35652343441090334,19,221,8
2026-08-09 20:00:00,0.0,98,9.2,30.4,0.0,20,221,8
2026-08-09 21:00:00,0.0,100,8.1,30.0,0.0,21,221,8
2026-08-09 22:00:00,0.0,100,7.8,29.3,0.0,22,221,8
2026-08-09 23:00:00,0.0,98,8.4,28.8,0.0,23,221,8
2026-08-10 00:00:00,0.0,94,9.2,28.5,0.0,0,222,8
2026-08-10 01:00:00,0.0,98,11.9,28.3,0.0,1,222,8
2026-08-10 02:00:00,0.0,98,12.1,27.7,0.0,2,222,8
2026-08-10 03:00:00,0.0,92,10.4,27.3,0.0,3,222,8
2026-08-10 04:00:00,0.0,38,11.5,26.9,0.0,4,222,8
2026-08-10 05:00:00,0.0,100,11.6,27.1,0.0,5,222,8
2026-08-10 06:00:00,1.0,91,11.2,27.2,0.016938506287344997,6,222,8
2026-08-10 07:00:00,44.0,100,12.2,27.1,0.6382272784744347,7,222,8
2026-08-10 08:00:00,88.0,96,11.0,27.3,1.342135763576877,8,222,8
2026-08-10 09:00:00,342.0,100,13.0,28.9,4.797175818770778,9,222,8
2026-08-10 10:00:00,236.0,100,11.7,29.0,3.601631822408248,10,222,8
2026-08-10 11:00:00,328.0,100,9.8,29.1,4.886425598497169,11,222,8
2026-08-10 12:00:00,198.0,100,4.6,28.7,2.790196503844997,12,222,8
2026-08-10 13:00:00,215.0,100,4.0,28.5,3.5004451139778174,13,222,8
2026-08-10 14:00:00,132.0,100,1.5,28.1,1.8886046736674034,14,222,8
2026-08-10 15:00:00,108.0,100,4.0,27.7,1.5575806231485907,15,222,8
2026-08-10 16:00:00,116.0,100,6.4,27.7,1.7918678896281222,16,222,8
2026-08-10 17:00:00,133.0,100,8.5,27.8,1.7068781253944243,17,222,8
2026-08-10 18:00:00,49.0,100,8.2,27.5,0.8241870368599562,18,222,8
2026-08-10 19:00:00,14.0,92,8.1,27.0,0.23500521836946808,19,222,8
2026-08-10 20:00:00,0.0,98,7.1,26.7,0.0,20,222,8
2026-08-10 21:00:00,0.0,99,8.3,26.5,0.0,21,222,8
2026-08-10 22:00:00,0.0,100,8.3,26.5,0.0,22,222,8
2026-08-10 23:00:00,0.0,100,9.0,26.7,0.0,23,222,8
2026-08-11 00:00:00,0.0,100,8.2,26.6,0.0,0,223,8
2026-08-11 01:00:00,0.0,100,7.3,26.6,0.0,1,223,8
2026-08-11 02:00:00,0.0,100,7.7,26.6,0.0,2,223,8
2026-08-11 03:00:00,0.0,100,9.7,26.6,0.0,3,223,8
2026-08-11 04:00:00,0.0,100,9.8,26.5,0.0,4,223,8
2026-08-11 05:00:00,0.0,100,8.8,26.6,0.0,5,223,8
2026-08-11 06:00:00,1.0,99,8.7,26.4,0.015393679806316498,6,223,8
2026-08-11 07:00:00,35.0,100,7.0,26.7,0.5509989231778307,7,223,8
2026-08-11 08:00:00,77.0,98,6.7,26.6,1.3418115091420948,8,223,8
2026-08-11 09:00:00,147.0,98,6.3,26.9,2.0948011740083214,9,223,8
2026-08-11 10:00:00,289.0,77,7.0,27.4,5.211438312215838,10,223,8
2026-08-11 11:00:00,619.0,98,13.0,28.6,9.72497593722538,11,223,8
2026-08-11 12:00:00,732.0,98,13.3,29.6,11.44543381178728,12,223,8
2026-08-11 13:00:00,679.0,90,11.9,29.7,12.425194072586004,13,223,8
2026-08-11 14:00:00,751.0,88,12.0,30.1,12.712966782520697,14,223,8
2026-08-11 15:00:00,504.0,84,10.6,29.6,8.731287354999623,15,223,8
2026-08-11 16:00:00,412.0,74,8.2,29.7,7.35437566000229,16,223,8
2026-08-11 17:00:00,296.0,77,11.5,29.5,5.548188860225242,17,223,8
2026-08-11 18:00:00,145.0,98,6.6,29.1,2.256390877224071,18,223,8
2026-08-11 19:00:00,17.0,98,5.1,28.4,0.27559489521810665,19,223,8
2026-08-11 20:00:00,0.0,99,3.6,27.9,0.0,20,223,8
2026-08-11 21:00:00,0.0,100,2.5,27.8,0.0,21,223,8
2026-08-11 22:00:00,0.0,100,5.7,27.5,0.0,22,223,8
2026-08-11 23:00:00,0.0,100,6.4,27.4,0.0,23,223,8
2026-08-12 00:00:00,0.0,100,6.0,26.9,0.0,0,224,8
2026-08-12 01:00:00,0.0,100,6.0,26.6,0.0,1,224,8
2026-08-12 02:00:00,0.0,100,8.1,26.4,0.0,2,224,8
2026-08-12 03:00:00,0.0,100,10.0,26.2,0.0,3,224,8
2026-08-12 04:00:00,0.0,100,9.4,25.9,0.0,4,224,8
2026-08-12 05:00:00,0.0,98,8.9,26.1,0.0,5,224,8
2026-08-12 06:00:00,1.0,100,7.5,26.2,0.015830787494762938,6,224,8
2026-08-12 07:00:00,40.0,100,8.5,26.8,0.553517178007724,7,224,8
2026-08-12 08:00:00,74.0,100,9.4,26.9,1.009518419103328,8,224,8
2026-08-12 09:00:00,167.0,100,10.1,27.3,2.612796170932916,9,224,8
2026-08-12 10:00:00,158.0,100,8.0,27.4,2.3013206149749745,10,224,8
2026-08-12 11:00:00,190.0,100,8.3,29.5,2.5033209621805934,11,224,8
2026-08-12 12:00:00,187.0,100,7.3,28.2,2.4638850175934843,12,224,8
2026-08-12 13:00:00,220.0,100,7.2,28.3,3.411257353244756,13,224,8
2026-08-12 14:00:00,199.0,100,5.1,28.0,3.165300344817592,14,224,8
2026-08-12 15:00:00,184.0,100,3.1,28.1,2.753572723310998,15,224,8
2026-08-12 16:00:00,137.0,100,1.8,28.0,1.944986689678731,16,224,8
2026-08-12 17:00:00,98.0,100,5.8,27.7,1.5418823701691635,17,224,8
2026-08-12 18:00:00,40.0,100,4.4,27.0,0.6111718728568455,18,224,8
2026-08-12 19:00:00,5.0,100,3.6,26.8,0.0767598484959334,19,224,8
2026-08-12 20:00:00,0.0,100,4.3,26.6,0.0,20,224,8
2026-08-12 21:00:00,0.0,100,5.5,26.4,0.0,21,224,8
2026-08-12 22:00:00,0.0,100,5.9,26.2,0.0,22,224,8
2026-08-12 23:00:00,0.0,100,5.5,26.1,0.0,23,224,8
2026-08-13 00:00:00,0.0,98,6.7,25.8,0.0,0,225,8
2026-08-13 01:00:00,0.0,81,6.4,25.6,0.0,1,225,8
2026-08-13 02:00:00,0.0,100,5.9,25.5,0.0,2,225,8
2026-08-13 03:00:00,0.0,45,6.4,25.5,0.0,3,225,8
2026-08-13 04:00:00,0.0,63,6.9,25.5,0.0,4,225,8
2026-08-13 05:00:00,0.0,100,8.1,25.1,0.0,5,225,8
2026-08-13 06:00:00,1.0,55,7.8,25.2,0.02616444774261443,6,225,8
2026-08-13 07:00:00,65.0,38,8.9,25.9,1.6401316120821539,7,225,8
2026-08-13 08:00:00,227.0,90,8.1,26.8,3.7715156202951015,8,225,8
2026-08-13 09:00:00,338.0,94,8.4,28.0,5.31764799979857,9,225,8
2026-08-13 10:00:00,351.0,100,7.1,28.7,5.1100671786570775,10,225,8
2026-08-13 11:00:00,515.0,58,8.8,30.0,10.341126026226208,11,225,8
2026-08-13 12:00:00,759.0,34,8.3,30.7,18.541091695420988,12,225,8
2026-08-13 13:00:00,864.0,100,8.8,31.7,12.819650530625788,13,225,8
2026-08-13 14:00:00,578.0,100,8.5,31.2,7.878355849528194,14,225,8
2026-08-13 15:00:00,479.0,100,6.5,31.2,7.479860152710073,15,225,8
2026-08-13 16:00:00,353.0,86,9.8,27.1,5.454552095218668,16,225,8
2026-08-13 17:00:00,224.0,63,8.2,29.9,4.283752809982898,17,225,8
2026-08-13 18:00:00,132.0,63,7.1,29.0,2.782172109587,18,225,8
2026-08-13 19:00:00,16.0,76,7.8,28.1,0.2858102373993244,19,225,8
2026-08-13 20:00:00,0.0,64,9.4,27.4,0.0,20,225,8
2026-08-13 21:00:00,0.0,62,9.2,26.8,0.0,21,225,8
2026-08-13 22:00:00,0.0,93,8.5,26.5,0.0,22,225,8
2026-08-13 23:00:00,0.0,100,9.1,26.5,0.0,23,225,8
2026-08-14 00:00:00,0.0,100,9.6,26.5,0.0,0,226,8
2026-08-14 01:00:00,0.0,100,10.5,26.3,0.0,1,226,8
2026-08-14 02:00:00,0.0,100,10.2,26.3,0.0,2,226,8
2026-08-14 03:00:00,0.0,100,9.1,26.2,0.0,3,226,8
2026-08-14 04:00:00,0.0,100,8.0,26.0,0.0,4,226,8
2026-08-14 05:00:00,0.0,100,8.4,26.3,0.0,5,226,8
2026-08-14 06:00:00,1.0,99,8.7,26.1,0.014645277966898318,6,226,8
2026-08-14 07:00:00,35.0,100,8.0,26.3,0.5761651939823456,7,226,8
2026-08-14 08:00:00,110.0,100,9.5,26.6,1.550812437276327,8,226,8
2026-08-14 09:00:00,361.0,50,11.8,27.7,8.745288472467719,9,226,8
2026-08-14 10:00:00,530.0,84,9.9,29.0,8.77817142951908,10,226,8
2026-08-14 11:00:00,455.0,100,10.9,30.3,6.300104739522415,11,226,8
2026-08-14 12:00:00,509.0,61,9.1,29.5,11.412229935564364,12,226,8
2026-08-14 13:00:00,726.0,36,9.3,30.9,19.472835146766403,13,226,8
2026-08-14 14:00:00,680.0,36,8.5,31.2,16.36339249952895,14,226,8
2026-08-14 15:00:00,682.0,42,8.1,31.7,18.009357030218528,15,226,8
2026-08-14 16:00:00,547.0,98,7.5,31.7,8.448947754265786,16,226,8
2026-08-14 17:00:00,282.0,100,6.0,27.9,4.754397700432857,17,226,8
2026-08-14 18:00:00,96.0,77,7.3,28.2,1.6904059573593055,18,226,8
2026-08-14 19:00:00,15.0,76,4.3,27.2,0.2762209751290442,19,226,8
2026-08-14 20:00:00,0.0,59,4.5,27.4,0.0,20,226,8
2026-08-14 21:00:00,0.0,95,6.0,27.2,0.0,21,226,8
2026-08-14 22:00:00,0.0,94,6.3,27.1,0.0,22,226,8
2026-08-14 23:00:00,0.0,98,7.9,27.1,0.0,23,226,8
2026-08-15 00:00:00,0.0,100,7.4,26.7,0.0,0,227,8
2026-08-15 01:00:00,0.0,99,7.3,26.4,0.0,1,227,8
2026-08-15 02:00:00,0.0,100,7.5,25.8,0.0,2,227,8
2026-08-15 03:00:00,0.0,100,7.7,25.4,0.0,3,227,8
2026-08-15 04:00:00,0.0,100,6.1,25.4,0.0,4,227,8
2026-08-15 05:00:00,0.0,100,6.3,25.6,0.0,5,227,8
2026-08-15 06:00:00,0.0,84,6.1,25.6,0.0,6,227,8
2026-08-15 07:00:00,40.0,84,6.4,26.0,0.7008795151264064,7,227,8
2026-08-15 08:00:00,158.0,68,5.9,26.7,3.336417979523675,8,227,8
2026-08-15 09:00:00,389.0,76,6.2,27.8,6.424256862676582,9,227,8
2026-08-15 10:00:00,561.0,97,4.0,28.7,9.194260202304745,10,227,8
2026-08-15 11:00:00,572.0,98,6.7,29.6,8.451553990597233,11,227,8
2026-08-15 12:00:00,815.0,84,7.8,30.9,13.960304307838854,12,227,8
2026-08-15 13:00:00,798.0,68,8.3,31.6,16.005875371647015,13,227,8
2026-08-15 14:00:00,765.0,75,8.6,32.0,15.582280876107957,14,227,8
2026-08-15 15:00:00,660.0,75,8.3,32.1,13.357571425416733,15,227,8
2026-08-15 16:00:00,523.0,88,8.5,32.2,7.778131058572592,16,227,8
2026-08-15 17:00:00,333.0,100,6.4,32.0,4.712744934878394,17,227,8
2026-08-15 18:00:00,123.0,100,6.9,30.7,1.9278426114915546,18,227,8
2026-08-15 19:00:00,13.0,100,12.6,28.2,0.18759289709894897,19,227,8
2026-08-15 20:00:00,0.0,100,8.9,27.9,0.0,20,227,8
2026-08-15 21:00:00,0.0,100,7.6,27.7,0.0,21,227,8
2026-08-15 22:00:00,0.0,100,7.5,27.6,0.0,22,227,8
2026-08-15 23:00:00,0.0,100,9.2,27.6,0.0,23,227,8
2026-08-16 00:00:00,0.0,100,8.0,27.2,0.0,0,228,8
2026-08-16 01:00:00,0.0,100,7.3,27.1,0.0,1,228,8
2026-08-16 02:00:00,0.0,96,7.6,26.9,0.0,2,228,8
2026-08-16 03:00:00,0.0,80,7.1,26.6,0.0,3,228,8
2026-08-16 04:00:00,0.0,55,6.8,26.1,0.0,4,228,8
2026-08-16 05:00:00,0.0,68,7.9,26.0,0.0,5,228,8
2026-08-16 06:00:00,1.0,69,7.1,25.7,0.018889577542877442,6,228,8
2026-08-16 07:00:00,72.0,76,6.9,26.4,1.3867067829454143,7,228,8
2026-08-16 08:00:00,226.0,67,8.4,27.3,4.811074962800633,8,228,8
2026-08-16 09:00:00,358.0,94,8.6,27.6,4.968096887943288,9,228,8
2026-08-16 10:00:00,432.0,100,6.6,28.5,5.912631375455752,10,228,8
2026-08-16 11:00:00,417.0,98,8.9,29.4,6.3635481215018626,11,228,8
2026-08-16 12:00:00,584.0,92,9.1,29.5,8.78542077440309,12,228,8
2026-08-16 13:00:00,758.0,91,9.8,30.3,12.771451512472582,13,228,8
2026-08-16 14:00:00,647.0,73,8.6,30.4,11.93219608489909,14,228,8
2026-08-16 15:00:00,536.0,92,6.7,30.8,8.471318384132031,15,228,8
2026-08-16 16:00:00,410.0,97,7.8,30.8,6.15377094928872,16,228,8
2026-08-16 17:00:00,288.0,71,7.5,29.8,5.464189726670632,17,228,8
2026-08-16 18:00:00,129.0,59,5.1,29.0,2.899685936040793,18,228,8
2026-08-16 19:00:00,15.0,80,9.0,28.2,0.29290734275105945,19,228,8
2026-08-16 20:00:00,0.0,96,9.5,27.5,0.0,20,228,8
2026-08-16 21:00:00,0.0,99,9.5,27.4,0.0,21,228,8
2026-08-16 22:00:00,0.0,100,8.5,27.2,0.0,22,228,8
2026-08-16 23:00:00,0.0,100,9.0,27.2,0.0,23,228,8
2026-08-17 00:00:00,0.0,100,9.1,26.8,0.0,0,229,8
2026-08-17 01:00:00,0.0,100,7.9,26.5,0.0,1,229,8
2026-08-17 02:00:00,0.0,99,7.3,26.4,0.0,2,229,8
2026-08-17 03:00:00,0.0,92,7.7,26.4,0.0,3,229,8
2026-08-17 04:00:00,0.0,55,8.0,26.2,0.0,4,229,8
2026-08-17 05:00:00,0.0,79,7.8,25.9,0.0,5,229,8
2026-08-17 06:00:00,1.0,81,8.0,25.8,0.017084847927521785,6,229,8
2026-08-17 07:00:00,65.0,80,8.8,26.4,1.2213818137077488,7,229,8
2026-08-17 08:00:00,229.0,97,8.8,27.2,3.4913980353827974,8,229,8
2026-08-17 09:00:00,333.0,89,9.2,28.0,5.633587000778205,9,229,8
2026-08-17 10:00:00,560.0,81,9.2,29.0,9.265629027459731,10,229,8
2026-08-17 11:00:00,734.0,98,10.6,29.3,10.041558635619385,11,229,8
2026-08-17 12:00:00,643.0,92,11.0,30.1,10.171605218409182,12,229,8
2026-08-17 13:00:00,812.0,99,12.8,31.0,10.842308121783008,13,229,8
2026-08-17 14:00:00,736.0,87,11.7,31.5,12.415953828558825,14,229,8
2026-08-17 15:00:00,523.0,45,9.4,31.1,10.878375776848952,15,229,8
2026-08-17 16:00:00,470.0,73,8.4,31.7,9.21156277603769,16,229,8
2026-08-17 17:00:00,273.0,93,8.4,31.1,4.396110914898712,17,229,8
2026-08-17 18:00:00,123.0,83,7.3,30.1,2.165773718374451,18,229,8
2026-08-17 19:00:00,15.0,85,9.4,28.8,0.2507423685242437,19,229,8
2026-08-17 20:00:00,0.0,83,7.4,28.5,0.0,20,229,8
2026-08-17 21:00:00,0.0,93,7.0,28.0,0.0,21,229,8
2026-08-17 22:00:00,0.0,98,7.0,27.5,0.0,22,229,8
2026-08-17 23:00:00,0.0,75,10.7,27.5,0.0,23,229,8
2026-08-18 00:00:00,0.0,97,10.1,27.2,0.0,0,230,8
2026-08-18 01:00:00,0.0,30,9.3,27.0,0.0,1,230,8
2026-08-18 02:00:00,0.0,27,8.9,26.5,0.0,2,230,8
2026-08-18 03:00:00,0.0,51,7.9,26.0,0.0,3,230,8
2026-08-18 04:00:00,0.0,38,6.6,25.6,0.0,4,230,8
2026-08-18 05:00:00,0.0,62,6.0,25.6,0.0,5,230,8
2026-08-18 06:00:00,1.0,100,6.3,25.3,0.013401257721354278,6,230,8
2026-08-18 07:00:00,62.0,98,5.9,26.0,0.8629568572467702,7,230,8
2026-08-18 08:00:00,244.0,78,7.6,27.2,4.70844971019863,8,230,8
2026-08-18 09:00:00,476.0,55,11.7,28.6,11.413429098938078,9,230,8
2026-08-18 10:00:00,631.0,52,12.2,29.7,14.225511041062648,10,230,8
2026-08-18 11:00:00,651.0,54,14.2,30.6,14.622891805393056,11,230,8
2026-08-18 12:00:00,750.0,97,15.0,31.0,10.527983896166864,12,230,8
2026-08-18 13:00:00,539.0,100,12.7,31.1,8.22179970238471,13,230,8
2026-08-18 14:00:00,560.0,44,12.2,31.9,13.146513143894218,14,230,8
2026-08-18 15:00:00,485.0,91,13.0,32.1,7.989728863537536,15,230,8
2026-08-18 16:00:00,419.0,66,11.3,32.4,9.085022484279554,16,230,8
2026-08-18 17:00:00,263.0,15,7.2,32.1,8.056741181639056,17,230,8
2026-08-18 18:00:00,154.0,39,8.1,31.3,3.776766202445892,18,230,8
2026-08-18 19:00:00,16.0,98,7.6,29.9,0.2538246799969356,19,230,8
2026-08-18 20:00:00,0.0,62,7.2,29.3,0.0,20,230,8
2026-08-18 21:00:00,0.0,59,7.4,28.6,0.0,21,230,8
2026-08-18 22:00:00,0.0,85,8.0,28.0,0.0,22,230,8
2026-08-18 23:00:00,0.0,91,8.0,27.6,0.0,23,230,8
2026-08-19 00:00:00,0.0,59,8.0,27.0,0.0,0,231,8
2026-08-19 01:00:00,0.0,16,9.8,26.9,0.0,1,231,8
2026-08-19 02:00:00,0.0,13,11.6,26.5,0.0,2,231,8
2026-08-19 03:00:00,0.0,3,10.6,26.0,0.0,3,231,8
2026-08-19 04:00:00,0.0,46,9.2,25.6,0.0,4,231,8
2026-08-19 05:00:00,0.0,94,8.8,25.9,0.0,5,231,8
2026-08-19 06:00:00,1.0,100,8.8,25.8,0.015725098788782328,6,231,8
2026-08-19 07:00:00,59.0,100,7.6,26.5,0.9255853235934135,7,231,8
2026-08-19 08:00:00,153.0,100,7.9,27.0,2.2864212834301845,8,231,8
2026-08-19 09:00:00,269.0,100,10.3,27.7,4.151779981537464,9,231,8
2026-08-19 10:00:00,450.0,92,11.6,28.6,7.102794540063291,10,231,8
2026-08-19 11:00:00,635.0,91,13.2,30.1,9.783346159322527,11,231,8
2026-08-19 12:00:00,632.0,99,10.8,30.2,10.322727369564376,12,231,8
2026-08-19 13:00:00,753.0,92,12.0,31.1,12.176946707602468,13,231,8
2026-08-19 14:00:00,700.0,13,12.9,31.9,21.902982886875563,14,231,8
2026-08-19 15:00:00,695.0,6,12.2,32.3,22.473871677377556,15,231,8
2026-08-19 16:00:00,568.0,27,12.6,32.6,15.354260353922381,16,231,8
2026-08-19 17:00:00,315.0,74,10.9,31.0,5.803906004476766,17,231,8
2026-08-19 18:00:00,119.0,63,8.7,30.6,2.2591699398465823,18,231,8
2026-08-19 19:00:00,15.0,84,7.9,29.7,0.269198354293535,19,231,8
2026-08-19 20:00:00,0.0,99,8.1,28.7,0.0,20,231,8
2026-08-19 21:00:00,0.0,77,6.4,28.1,0.0,21,231,8
2026-08-19 22:00:00,0.0,98,6.0,27.8,0.0,22,231,8
2026-08-19 23:00:00,0.0,98,12.9,28.3,0.0,23,231,8
2026-08-20 00:00:00,0.0,84,12.9,27.5,0.0,0,232,8
2026-08-20 01:00:00,0.0,48,12.4,27.0,0.0,1,232,8
2026-08-20 02:00:00,0.0,31,11.4,26.6,0.0,2,232,8
2026-08-20 03:00:00,0.0,95,8.9,26.1,0.0,3,232,8
2026-08-20 04:00:00,0.0,100,8.7,26.0,0.0,4,232,8
2026-08-20 05:00:00,0.0,75,7.7,26.5,0.0,5,232,8
2026-08-20 06:00:00,1.0,73,7.2,25.8,0.019238000761271978,6,232,8
2026-08-20 07:00:00,70.0,59,5.0,26.5,1.4734407438597217,7,232,8
2026-08-20 08:00:00,206.0,85,8.1,27.6,3.4934475132610614,8,232,8
2026-08-20 09:00:00,409.0,26,11.4,28.7,12.022625254366673,9,232,8
2026-08-20 10:00:00,642.0,69,10.8,29.7,13.370768125918554,10,232,8
2026-08-20 11:00:00,726.0,67,11.6,30.1,15.016600390768415,11,232,8
2026-08-20 12:00:00,724.0,97,9.5,30.4,10.63344726690562,12,232,8
2026-08-20 13:00:00,661.0,71,9.7,31.2,12.41328653615246,13,232,8
2026-08-20 14:00:00,605.0,55,10.4,31.7,12.751822955908931,14,232,8
2026-08-20 15:00:00,503.0,95,11.4,31.7,7.940035434990363,15,232,8
2026-08-20 16:00:00,312.0,100,9.2,31.5,4.219617965913492,16,232,8
2026-08-20 17:00:00,174.0,100,4.9,30.8,2.5701600578057358,17,232,8
2026-08-20 18:00:00,84.0,100,5.8,30.4,1.209540975560906,18,232,8
2026-08-20 19:00:00,14.0,100,7.5,29.2,0.20610491512080617,19,232,8
2026-08-20 20:00:00,0.0,100,6.8,28.8,0.0,20,232,8
2026-08-20 21:00:00,0.0,100,4.8,28.2,0.0,21,232,8
2026-08-20 22:00:00,0.0,100,5.6,27.7,0.0,22,232,8
2026-08-20 23:00:00,0.0,72,6.3,26.7,0.0,23,232,8
2026-08-21 00:00:00,0.0,71,9.1,26.8,0.0,0,233,8
2026-08-21 01:00:00,0.0,77,10.4,26.6,0.0,1,233,8
2026-08-21 02:00:00,0.0,59,10.6,26.4,0.0,2,233,8
2026-08-21 03:00:00,0.0,59,8.5,26.1,0.0,3,233,8
2026-08-21 04:00:00,0.0,45,6.3,25.9,0.0,4,233,8
2026-08-21 05:00:00,0.0,29,6.7,26.3,0.0,5,233,8
2026-08-21 06:00:00,1.0,73,7.8,25.9,0.018634706239162687,6,233,8
2026-08-21 07:00:00,56.0,100,6.6,26.4,0.8592369787858334,7,233,8
2026-08-21 08:00:00,164.0,95,9.1,26.5,2.6538605536525885,8,233,8
2026-08-21 09:00:00,295.0,100,8.8,27.2,4.395315565048008,9,233,8
2026-08-21 10:00:00,344.0,66,9.2,28.4,7.3474484062643,10,233,8
2026-08-21 11:00:00,673.0,48,11.2,30.0,17.739111530272197,11,233,8
2026-08-21 12:00:00,804.0,73,11.7,30.4,15.718994640130427,12,233,8
2026-08-21 13:00:00,673.0,80,11.4,30.7,11.904347902814267,13,233,8
2026-08-21 14:00:00,577.0,100,10.7,31.6,8.24388097955011,14,233,8
2026-08-21 15:00:00,428.0,99,11.3,31.7,6.434000006135859,15,233,8
2026-08-21 16:00:00,366.0,58,11.7,31.7,7.622785803416878,16,233,8
2026-08-21 17:00:00,269.0,99,2.2,30.3,3.4602766838438663,17,233,8
2026-08-21 18:00:00,85.0,69,5.1,29.8,1.8693922017411202,18,233,8
2026-08-21 19:00:00,8.0,49,6.2,29.3,0.18415333762861802,19,233,8
2026-08-21 20:00:00,0.0,23,6.7,28.8,0.0,20,233,8
2026-08-21 21:00:00,0.0,57,7.4,28.4,0.0,21,233,8
2026-08-21 22:00:00,0.0,57,8.6,28.0,0.0,22,233,8
2026-08-21 23:00:00,0.0,89,7.2,27.7,0.0,23,233,8
2026-08-22 00:00:00,0.0,98,8.5,27.2,0.0,0,234,8
2026-08-22 01:00:00,0.0,99,9.4,27.0,0.0,1,234,8
2026-08-22 02:00:00,0.0,97,7.6,26.9,0.0,2,234,8
2026-08-22 03:00:00,0.0,98,7.2,26.7,0.0,3,234,8
2026-08-22 04:00:00,0.0,100,8.3,26.3,0.0,4,234,8
2026-08-22 05:00:00,0.0,100,5.6,26.4,0.0,5,234,8
2026-08-22 06:00:00,1.0,95,6.9,26.2,0.014127855267740264,6,234,8
2026-08-22 07:00:00,65.0,99,7.7,26.8,0.986984622377696,7,234,8
2026-08-22 08:00:00,222.0,91,8.5,27.6,3.4586959757549924,8,234,8
2026-08-22 09:00:00,404.0,82,10.1,28.7,7.319288904950461,9,234,8
2026-08-22 10:00:00,568.0,82,9.6,30.1,9.775193440565678,10,234,8
2026-08-22 11:00:00,665.0,45,10.3,31.1,15.952415866074777,11,234,8
2026-08-22 12:00:00,816.0,55,10.4,32.4,18.353590209205027,12,234,8
2026-08-22 13:00:00,794.0,86,11.2,33.1,12.680097728594241,13,234,8
2026-08-22 14:00:00,716.0,69,10.9,33.2,15.732143005231329,14,234,8
2026-08-22 15:00:00,468.0,100,11.2,32.8,6.862205250439207,15,234,8
2026-08-22 16:00:00,389.0,74,9.4,32.6,7.764321826634123,16,234,8
2026-08-22 17:00:00,282.0,98,7.6,32.0,4.526935123418708,17,234,8
2026-08-22 18:00:00,118.0,46,5.7,32.0,2.871393303058794,18,234,8
2026-08-22 19:00:00,12.0,55,7.5,31.4,0.2586178590935931,19,234,8
2026-08-22 20:00:00,0.0,34,7.6,30.6,0.0,20,234,8
2026-08-22 21:00:00,0.0,18,5.9,29.9,0.0,21,234,8
2026-08-22 22:00:00,0.0,70,6.6,28.8,0.0,22,234,8
2026-08-22 23:00:00,0.0,100,5.2,28.5,0.0,23,234,8
2026-08-23 00:00:00,0.0,95,5.1,28.3,0.0,0,235,8
2026-08-23 01:00:00,0.0,96,6.9,28.1,0.0,1,235,8
2026-08-23 02:00:00,0.0,100,6.3,27.3,0.0,2,235,8
2026-08-23 03:00:00,0.0,95,5.5,27.1,0.0,3,235,8
2026-08-23 04:00:00,0.0,37,5.8,27.0,0.0,4,235,8
2026-08-23 05:00:00,0.0,100,4.2,27.4,0.0,5,235,8
2026-08-23 06:00:00,0.0,100,4.8,27.1,0.0,6,235,8
2026-08-23 07:00:00,35.0,82,6.8,27.3,0.5699799768694322,7,235,8
2026-08-23 08:00:00,175.0,28,8.1,27.9,4.4808808515827625,8,235,8
2026-08-23 09:00:00,460.0,15,8.3,29.6,12.93444214272013,9,235,8
2026-08-23 10:00:00,654.0,70,8.6,30.9,12.247138934716832,10,235,8
2026-08-23 11:00:00,708.0,28,11.5,31.8,17.80639676068281,11,235,8
2026-08-23 12:00:00,844.0,79,12.6,32.8,15.88382122440838,12,235,8
2026-08-23 13:00:00,764.0,83,12.0,33.3,13.520895229113487,13,235,8
2026-08-23 14:00:00,559.0,100,11.3,33.2,8.236083314583913,14,235,8
2026-08-23 15:00:00,422.0,56,10.2,33.1,8.914599366218065,15,235,8
2026-08-23 16:00:00,318.0,100,9.8,32.8,4.208320697921799,16,235,8
2026-08-23 17:00:00,187.0,100,7.7,32.0,2.8276401553874693,17,235,8
2026-08-23 18:00:00,97.0,73,5.6,31.7,1.9048321237128605,18,235,8
2026-08-23 19:00:00,10.0,48,7.5,30.7,0.2607610861203023,19,235,8
2026-08-23 20:00:00,0.0,61,8.5,29.4,0.0,20,235,8
2026-08-23 21:00:00,0.0,63,6.4,29.0,0.0,21,235,8
2026-08-23 22:00:00,0.0,97,5.9,28.8,0.0,22,235,8
2026-08-23 23:00:00,0.0,53,4.5,28.7,0.0,23,235,8
2026-08-24 00:00:00,0.0,100,7.7,28.1,0.0,0,236,8
2026-08-24 01:00:00,0.0,100,8.3,27.9,0.0,1,236,8
2026-08-24 02:00:00,0.0,84,9.0,27.5,0.0,2,236,8
2026-08-24 03:00:00,0.0,31,8.0,27.3,0.0,3,236,8
2026-08-24 04:00:00,0.0,9,7.5,26.9,0.0,4,236,8
2026-08-24 05:00:00,0.0,19,8.6,27.4,0.0,5,236,8
2026-08-24 06:00:00,0.0,100,6.5,27.3,0.0,6,236,8
2026-08-24 07:00:00,52.0,100,5.0,27.7,0.7546805703506236,7,236,8
2026-08-24 08:00:00,147.0,39,6.9,28.1,3.869192763613294,8,236,8
2026-08-24 09:00:00,426.0,41,6.9,29.6,10.681029280709563,9,236,8
2026-08-24 10:00:00,606.0,55,6.9,31.2,13.989355544555137,10,236,8
2026-08-24 11:00:00,688.0,63,7.6,32.2,15.312218262027487,11,236,8
2026-08-24 12:00:00,737.0,73,7.0,33.2,13.820115324520035,12,236,8
2026-08-24 13:00:00,821.0,91,6.9,34.1,13.621122968553482,13,236,8
2026-08-24 14:00:00,593.0,90,7.8,33.8,8.755696509370415,14,236,8
2026-08-24 15:00:00,497.0,93,7.7,33.7,7.351044854095244,15,236,8
2026-08-24 16:00:00,451.0,91,7.8,33.8,6.845803539973296,16,236,8
2026-08-24 17:00:00,239.0,27,8.5,33.1,7.009291490327851,17,236,8
2026-08-24 18:00:00,138.0,27,7.3,32.3,3.428743289074313,18,236,8
2026-08-24 19:00:00,12.0,90,8.1,31.4,0.18705538293362628,19,236,8
2026-08-24 20:00:00,0.0,51,7.3,30.5,0.0,20,236,8
2026-08-24 21:00:00,0.0,35,6.6,30.0,0.0,21,236,8
2026-08-24 22:00:00,0.0,24,5.5,29.4,0.0,22,236,8
2026-08-24 23:00:00,0.0,45,6.9,28.8,0.0,23,236,8
2026-08-25 00:00:00,0.0,100,6.5,28.4,0.0,0,237,8
2026-08-25 01:00:00,0.0,79,8.8,28.1,0.0,1,237,8
2026-08-25 02:00:00,0.0,61,9.1,27.7,0.0,2,237,8
2026-08-25 03:00:00,0.0,58,8.7,27.2,0.0,3,237,8
2026-08-25 04:00:00,0.0,13,8.8,26.8,0.0,4,237,8
2026-08-25 05:00:00,0.0,8,9.3,27.2,0.0,5,237,8
2026-08-25 06:00:00,0.0,13,8.3,27.0,0.0,6,237,8
2026-08-25 07:00:00,69.0,8,8.6,27.5,2.227356297496045,7,237,8
2026-08-25 08:00:00,246.0,24,10.8,28.6,7.570252736550016,8,237,8
2026-08-25 09:00:00,446.0,34,10.5,29.8,11.449980444855964,9,237,8
2026-08-25 10:00:00,588.0,47,10.9,30.9,13.568106629108755,10,237,8
2026-08-25 11:00:00,636.0,63,10.0,32.0,11.745868241851348,11,237,8
2026-08-25 12:00:00,697.0,88,9.9,32.6,10.249508440483163,12,237,8
2026-08-25 13:00:00,696.0,85,9.7,33.1,11.715597225465055,13,237,8
2026-08-25 14:00:00,554.0,85,9.4,33.2,9.846756827615835,14,237,8
2026-08-25 15:00:00,611.0,64,10.4,34.1,12.778094267384606,15,237,8
2026-08-25 16:00:00,494.0,78,10.7,34.1,9.34258498588184,16,237,8
2026-08-25 17:00:00,298.0,91,9.2,33.4,4.95866459990176,17,237,8
2026-08-25 18:00:00,126.0,98,9.2,32.5,1.794226563076474,18,237,8
2026-08-25 19:00:00,10.0,98,11.2,31.3,0.15236817186963067,19,237,8
2026-08-25 20:00:00,0.0,100,9.1,30.6,0.0,20,237,8
2026-08-25 21:00:00,0.0,100,7.9,30.3,0.0,21,237,8
2026-08-25 22:00:00,0.0,100,6.7,29.8,0.0,22,237,8
2026-08-25 23:00:00,0.0,100,6.2,29.6,0.0,23,237,8
2026-08-26 00:00:00,0.0,100,10.3,29.7,0.0,0,238,8
2026-08-26 01:00:00,0.0,100,12.6,28.9,0.0,1,238,8
2026-08-26 02:00:00,0.0,75,13.2,28.1,0.0,2,238,8
2026-08-26 03:00:00,0.0,100,12.4,27.5,0.0,3,238,8
2026-08-26 04:00:00,0.0,100,11.4,27.2,0.0,4,238,8
2026-08-26 05:00:00,0.0,79,12.1,27.7,0.0,5,238,8
2026-08-26 06:00:00,0.0,46,11.7,27.2,0.0,6,238,8
2026-08-26 07:00:00,68.0,76,12.6,27.5,1.215246052511023,7,238,8
2026-08-26 08:00:00,232.0,94,13.8,28.6,3.821426538697459,8,238,8
2026-08-26 09:00:00,376.0,52,12.2,29.8,9.528324456383006,9,238,8
2026-08-26 10:00:00,581.0,53,11.0,31.3,12.707825643854203,10,238,8
2026-08-26 11:00:00,653.0,57,10.7,32.1,13.507595575884375,11,238,8
2026-08-26 12:00:00,782.0,44,10.1,32.6,20.284093189037428,12,238,8
2026-08-26 13:00:00,872.0,60,9.6,33.4,16.729144901648812,13,238,8
2026-08-26 14:00:00,829.0,57,9.4,33.8,18.89163568249017,14,238,8
2026-08-26 15:00:00,637.0,56,12.0,33.2,13.500935691253458,15,238,8
2026-08-26 16:00:00,531.0,86,10.7,32.9,9.297070619985986,16,238,8
2026-08-26 17:00:00,318.0,98,10.6,32.6,4.464581874227478,17,238,8
2026-08-26 18:00:00,118.0,99,7.8,32.1,1.8851280940041333,18,238,8
2026-08-26 19:00:00,10.0,98,4.9,31.8,0.14890981672151776,19,238,8
2026-08-26 20:00:00,0.0,99,4.4,31.4,0.0,20,238,8
2026-08-26 21:00:00,0.0,97,8.3,30.2,0.0,21,238,8
2026-08-26 22:00:00,0.0,99,8.3,29.0,0.0,22,238,8
2026-08-26 23:00:00,0.0,98,7.1,29.0,0.0,23,238,8
2026-08-27 00:00:00,0.0,99,7.3,28.5,0.0,0,239,8
2026-08-27 01:00:00,0.0,99,9.9,28.2,0.0,1,239,8
2026-08-27 02:00:00,0.0,90,11.0,27.8,0.0,2,239,8
2026-08-27 03:00:00,0.0,98,10.3,27.3,0.0,3,239,8
2026-08-27 04:00:00,0.0,99,9.0,27.1,0.0,4,239,8
2026-08-27 05:00:00,0.0,100,9.1,27.2,0.0,5,239,8
2026-08-27 06:00:00,0.0,93,9.3,26.8,0.0,6,239,8
2026-08-27 07:00:00,67.0,96,8.7,27.1,0.9306602988198651,7,239,8
2026-08-27 08:00:00,230.0,98,11.8,28.1,3.6562089841689995,8,239,8
2026-08-27 09:00:00,365.0,99,11.5,29.3,5.250762086282381,9,239,8
2026-08-27 10:00:00,471.0,98,11.1,30.3,7.433884866189483,10,239,8
2026-08-27 11:00:00,605.0,100,12.2,31.6,8.963152676732712,11,239,8
2026-08-27 12:00:00,581.0,100,12.2,31.9,8.483263751060399,12,239,8
2026-08-27 13:00:00,511.0,100,12.2,32.4,7.475400876012479,13,239,8
2026-08-27 14:00:00,546.0,100,11.4,33.1,7.432429179264282,14,239,8
2026-08-27 15:00:00,283.0,98,11.4,32.6,4.127634947243349,15,239,8
2026-08-27 16:00:00,326.0,97,11.4,32.9,4.956826585173386,16,239,8
2026-08-27 17:00:00,282.0,98,9.5,32.8,3.999163630138705,17,239,8
2026-08-27 18:00:00,114.0,100,7.7,32.2,1.8163541085893742,18,239,8
2026-08-27 19:00:00,9.0,99,7.1,31.4,0.11497813987943212,19,239,8
2026-08-27 20:00:00,0.0,99,7.1,30.7,0.0,20,239,8
2026-08-27 21:00:00,0.0,100,8.0,30.1,0.0,21,239,8
2026-08-27 22:00:00,0.0,98,6.4,29.2,0.0,22,239,8
2026-08-27 23:00:00,0.0,97,5.6,29.0,0.0,23,239,8
2026-08-28 00:00:00,0.0,100,9.0,28.8,0.0,0,240,8
2026-08-28 01:00:00,0.0,92,11.0,28.1,0.0,1,240,8
2026-08-28 02:00:00,0.0,79,9.2,27.4,0.0,2,240,8
2026-08-28 03:00:00,0.0,79,7.4,27.0,0.0,3,240,8
2026-08-28 04:00:00,0.0,79,7.5,26.6,0.0,4,240,8
2026-08-28 05:00:00,0.0,34,7.5,26.9,0.0,5,240,8
2026-08-28 06:00:00,0.0,24,8.6,26.6,0.0,6,240,8
2026-08-28 07:00:00,71.0,21,8.4,27.1,1.8807707174340633,7,240,8
2026-08-28 08:00:00,255.0,61,11.7,28.1,5.511297451950953,8,240,8
2026-08-28 09:00:00,380.0,78,10.9,29.1,6.309157480464196,9,240,8
2026-08-28 10:00:00,504.0,68,11.0,30.5,10.89864888685387,10,240,8
2026-08-28 11:00:00,669.0,94,12.9,31.9,10.014944021325062,11,240,8
2026-08-28 12:00:00,690.0,100,12.1,32.6,9.541592302636124,12,240,8
2026-08-28 13:00:00,461.0,91,11.6,32.5,7.406997432568861,13,240,8
2026-08-28 14:00:00,533.0,99,12.1,33.7,7.1201477416512216,14,240,8
2026-08-28 15:00:00,427.0,100,12.3,33.9,6.264932460669922,15,240,8
2026-08-28 16:00:00,240.0,100,12.4,33.4,3.393648982358315,16,240,8
2026-08-28 17:00:00,171.0,79,10.6,33.2,3.19621503970583,17,240,8
2026-08-28 18:00:00,86.0,95,8.9,32.8,1.258552388735528,18,240,8
2026-08-28 19:00:00,9.0,84,6.7,31.9,0.15079304889019127,19,240,8
2026-08-28 20:00:00,0.0,87,7.1,31.2,0.0,20,240,8
2026-08-28 21:00:00,0.0,92,6.8,30.4,0.0,21,240,8
2026-08-28 22:00:00,0.0,99,7.6,29.7,0.0,22,240,8
2026-08-28 23:00:00,0.0,100,11.6,29.2,0.0,23,240,8
2026-08-29 00:00:00,0.0,94,13.3,28.2,0.0,0,241,8
2026-08-29 01:00:00,0.0,97,12.7,27.6,0.0,1,241,8
2026-08-29 02:00:00,0.0,71,10.4,27.2,0.0,2,241,8
2026-08-29 03:00:00,0.0,20,9.7,26.8,0.0,3,241,8
2026-08-29 04:00:00,0.0,4,9.5,26.4,0.0,4,241,8
2026-08-29 05:00:00,0.0,98,8.5,26.7,0.0,5,241,8
2026-08-29 06:00:00,0.0,48,8.9,26.5,0.0,6,241,8
2026-08-29 07:00:00,65.0,74,8.6,26.9,1.2238779209869428,7,241,8
2026-08-29 08:00:00,253.0,84,9.0,28.0,4.489036890805605,8,241,8
2026-08-29 09:00:00,386.0,88,14.1,29.2,5.973455361708134,9,241,8
2026-08-29 10:00:00,354.0,85,13.9,29.8,6.485199295283233,10,241,8
2026-08-29 11:00:00,545.0,87,15.7,31.8,8.776227764555868,11,241,8
2026-08-29 12:00:00,671.0,93,14.4,32.9,11.427026906504452,12,241,8
2026-08-29 13:00:00,759.0,100,15.0,34.0,10.318776994459265,13,241,8
2026-08-29 14:00:00,557.0,90,14.6,33.8,8.991561916183349,14,241,8
2026-08-29 15:00:00,349.0,98,15.1,33.6,4.91953431353731,15,241,8
2026-08-29 16:00:00,233.0,78,13.4,33.4,4.1899772621669005,16,241,8
2026-08-29 17:00:00,239.0,58,13.7,32.7,5.14837900178343,17,241,8
2026-08-29 18:00:00,91.0,19,11.8,32.3,2.6614894616635327,18,241,8
2026-08-29 19:00:00,8.0,11,12.4,31.4,0.2615574911835262,19,241,8
2026-08-29 20:00:00,0.0,13,12.6,30.6,0.0,20,241,8
2026-08-29 21:00:00,0.0,4,15.0,29.4,0.0,21,241,8
2026-08-29 22:00:00,0.0,1,13.9,28.6,0.0,22,241,8
2026-08-29 23:00:00,0.0,41,12.5,28.4,0.0,23,241,8
2026-08-30 00:00:00,0.0,79,11.0,27.8,0.0,0,242,8
2026-08-30 01:00:00,0.0,85,11.7,27.5,0.0,1,242,8
2026-08-30 02:00:00,0.0,83,10.9,27.0,0.0,2,242,8
2026-08-30 03:00:00,0.0,76,12.0,26.6,0.0,3,242,8
2026-08-30 04:00:00,0.0,70,11.4,26.2,0.0,4,242,8
2026-08-30 05:00:00,0.0,100,10.5,27.0,0.0,5,242,8
2026-08-30 06:00:00,0.0,26,10.9,26.9,0.0,6,242,8
2026-08-30 07:00:00,64.0,100,11.7,27.2,0.8961018616004331,7,242,8
2026-08-30 08:00:00,231.0,40,15.8,28.3,6.857207059311485,8,242,8
2026-08-30 09:00:00,409.0,73,15.9,29.5,7.710813063571114,9,242,8
2026-08-30 10:00:00,646.0,69,16.8,30.9,13.139369575766136,10,242,8
2026-08-30 11:00:00,689.0,65,17.4,32.1,14.82198220844902,11,242,8
2026-08-30 12:00:00,719.0,63,16.1,33.2,15.986579351754152,12,242,8
2026-08-30 13:00:00,654.0,84,16.0,33.7,10.626847353716862,13,242,8
2026-08-30 14:00:00,580.0,27,14.7,33.9,16.8102660536292,14,242,8
2026-08-30 15:00:00,571.0,27,13.5,34.6,13.497341283511949,15,242,8
2026-08-30 16:00:00,517.0,55,15.2,35.2,11.690666462646721,16,242,8
2026-08-30 17:00:00,236.0,33,13.9,32.8,6.593125885089667,17,242,8
2026-08-30 18:00:00,101.0,37,10.7,32.5,2.712762885271405,18,242,8
2026-08-30 19:00:00,6.0,20,12.8,31.6,0.18238829893144387,19,242,8
2026-08-30 20:00:00,0.0,28,12.3,30.3,0.0,20,242,8
2026-08-30 21:00:00,0.0,10,10.5,29.6,0.0,21,242,8
2026-08-30 22:00:00,0.0,15,9.7,29.1,0.0,22,242,8
2026-08-30 23:00:00,0.0,86,11.8,28.9,0.0,23,242,8
2026-08-31 00:00:00,0.0,95,12.8,28.2,0.0,0,243,8
2026-08-31 01:00:00,0.0,82,11.6,27.7,0.0,1,243,8
2026-08-31 02:00:00,0.0,98,12.1,27.2,0.0,2,243,8
2026-08-31 03:00:00,0.0,90,11.2,26.7,0.0,3,243,8
2026-08-31 04:00:00,0.0,98,10.5,26.3,0.0,4,243,8
2026-08-31 05:00:00,0.0,99,10.8,26.6,0.0,5,243,8
2026-08-31 06:00:00,0.0,100,10.4,26.5,0.0,6,243,8
2026-08-31 07:00:00,27.0,100,9.7,26.9,0.4330180552352393,7,243,8
2026-08-31 08:00:00,143.0,100,14.3,27.8,2.258563968277726,8,243,8
2026-08-31 09:00:00,331.0,99,16.3,28.8,5.042466611398937,9,243,8
2026-08-31 10:00:00,418.0,98,15.2,29.7,6.49521018985913,10,243,8
2026-08-31 11:00:00,631.0,99,15.9,31.6,9.220391772659232,11,243,8
2026-08-31 12:00:00,787.0,98,15.6,32.5,10.75069835915821,12,243,8
2026-08-31 13:00:00,585.0,91,15.3,32.5,9.420300060989483,13,243,8
2026-08-31 14:00:00,572.0,59,13.8,33.5,11.025533155899478,14,243,8
2026-08-31 15:00:00,639.0,75,15.1,34.2,12.040629495771237,15,243,8
2026-08-31 16:00:00,372.0,98,15.1,33.9,5.421454546315028,16,243,8
2026-08-31 17:00:00,177.0,36,11.6,33.3,4.891015670304303,17,243,8
2026-08-31 18:00:00,99.0,95,11.7,32.9,1.6117466950858068,18,243,8
2026-08-31 19:00:00,5.0,50,10.4,32.2,0.1356992793977085,19,243,8
2026-08-31 20:00:00,0.0,59,11.5,30.8,0.0,20,243,8
2026-08-31 21:00:00,0.0,89,9.5,30.0,0.0,21,243,8
2026-08-31 22:00:00,0.0,100,8.6,29.4,0.0,22,243,8
2026-08-31 23:00:00,0.0,99,12.3,29.4,0.0,23,243,8
2026-09-01 00:00:00,0.0,91,12.0,28.8,0.0,0,244,9
2026-09-01 01:00:00,0.0,61,10.1,28.0,0.0,1,244,9
2026-09-01 02:00:00,0.0,88,7.9,27.6,0.0,2,244,9
2026-09-01 03:00:00,0.0,36,9.1,27.1,0.0,3,244,9
2026-09-01 04:00:00,0.0,41,10.1,26.6,0.0,4,244,9
2026-09-01 05:00:00,0.0,85,8.5,26.8,0.0,5,244,9
2026-09-01 06:00:00,0.0,94,8.5,26.3,0.0,6,244,9
2026-09-01 07:00:00,67.0,98,8.4,26.9,0.9985409185956085,7,244,9
2026-09-01 08:00:00,247.0,100,12.9,28.2,3.564496770140339,8,244,9
2026-09-01 09:00:00,422.0,95,13.4,29.4,7.212827465822571,9,244,9
2026-09-01 10:00:00,575.0,88,13.4,30.8,9.044819239436976,10,244,9
2026-09-01 11:00:00,727.0,69,14.0,31.6,14.343026675351581,11,244,9
2026-09-01 12:00:00,656.0,59,12.9,32.3,13.381271943463082,12,244,9
2026-09-01 13:00:00,664.0,44,12.5,33.5,16.880294936084635,13,244,9
2026-09-01 14:00:00,690.0,81,12.9,34.4,11.062181371101419,14,244,9
2026-09-01 15:00:00,491.0,34,12.8,34.2,15.551255563135998,15,244,9
2026-09-01 16:00:00,414.0,66,11.6,34.1,7.917468261671572,16,244,9
2026-09-01 17:00:00,317.0,30,11.0,33.9,8.493477281412567,17,244,9
2026-09-01 18:00:00,122.0,7,8.8,33.3,3.848003462619941,18,244,9
2026-09-01 19:00:00,7.0,58,7.6,32.8,0.15815132480634467,19,244,9
2026-09-01 20:00:00,0.0,41,9.4,31.9,0.0,20,244,9
2026-09-01 21:00:00,0.0,70,7.7,31.1,0.0,21,244,9
2026-09-01 22:00:00,0.0,75,5.7,30.3,0.0,22,244,9
2026-09-01 23:00:00,0.0,85,6.4,30.2,0.0,23,244,9
2026-09-02 00:00:00,0.0,86,7.4,29.3,0.0,0,245,9
2026-09-02 01:00:00,0.0,70,7.0,28.6,0.0,1,245,9
2026-09-02 02:00:00,0.0,71,7.3,27.9,0.0,2,245,9
2026-09-02 03:00:00,0.0,45,7.0,27.3,0.0,3,245,9
2026-09-02 04:00:00,0.0,49,7.3,26.8,0.0,4,245,9
2026-09-02 05:00:00,0.0,96,7.2,27.1,0.0,5,245,9
2026-09-02 06:00:00,0.0,98,7.3,26.9,0.0,6,245,9
2026-09-02 07:00:00,68.0,99,5.3,27.5,1.0059859106755573,7,245,9
2026-09-02 08:00:00,248.0,85,7.5,28.6,4.311231962146468,8,245,9
2026-09-02 09:00:00,466.0,97,9.6,30.1,7.096979597557127,9,245,9
2026-09-02 10:00:00,624.0,99,11.8,31.4,9.24392659763245,10,245,9
2026-09-02 11:00:00,666.0,95,12.7,32.5,10.333242495717613,11,245,9
2026-09-02 12:00:00,827.0,90,13.7,33.8,12.515844394698307,12,245,9
2026-09-02 13:00:00,821.0,71,13.8,34.4,16.204105349419454,13,245,9
2026-09-02 14:00:00,762.0,45,13.9,34.8,18.60592083109065,14,245,9
2026-09-02 15:00:00,643.0,35,14.2,34.9,15.634709293406992,15,245,9
2026-09-02 16:00:00,503.0,5,13.3,34.7,17.371172537277456,16,245,9
2026-09-02 17:00:00,309.0,85,13.5,34.4,5.074824364471603,17,245,9
2026-09-02 18:00:00,93.0,80,11.7,33.9,1.7152024919575524,18,245,9
2026-09-02 19:00:00,5.0,100,5.6,33.0,0.06641052654936606,19,245,9
2026-09-02 20:00:00,0.0,62,3.1,32.3,0.0,20,245,9
2026-09-02 21:00:00,0.0,87,5.2,31.4,0.0,21,245,9
2026-09-02 22:00:00,0.0,72,5.0,30.5,0.0,22,245,9
2026-09-02 23:00:00,0.0,73,7.4,30.0,0.0,23,245,9
2026-09-03 00:00:00,0.0,98,8.5,29.3,0.0,0,246,9
2026-09-03 01:00:00,0.0,40,9.2,28.8,0.0,1,246,9
2026-09-03 02:00:00,0.0,9,9.9,28.1,0.0,2,246,9
2026-09-03 03:00:00,0.0,3,9.6,27.3,0.0,3,246,9
2026-09-03 04:00:00,0.0,47,9.0,26.8,0.0,4,246,9
2026-09-03 05:00:00,0.0,42,8.5,26.7,0.0,5,246,9
2026-09-03 06:00:00,0.0,13,8.6,26.3,0.0,6,246,9
2026-09-03 07:00:00,66.0,87,9.4,26.9,1.139455375637377,7,246,9
2026-09-03 08:00:00,245.0,88,9.0,28.1,3.94971159517281,8,246,9
2026-09-03 09:00:00,435.0,99,7.5,29.6,6.244971802059509,9,246,9
2026-09-03 10:00:00,584.0,99,9.0,31.0,9.008250881129575,10,246,9
2026-09-03 11:00:00,604.0,98,11.9,32.2,8.843461048168923,11,246,9
2026-09-03 12:00:00,683.0,86,12.1,33.0,11.607541385460609,12,246,9
2026-09-03 13:00:00,796.0,100,12.3,33.8,11.079792825831476,13,246,9
2026-09-03 14:00:00,532.0,91,13.0,33.7,8.399528650569792,14,246,9
2026-09-03 15:00:00,495.0,78,13.0,33.3,9.061733494443276,15,246,9
2026-09-03 16:00:00,401.0,99,11.7,32.9,6.223190488415407,16,246,9
2026-09-03 17:00:00,225.0,79,10.0,33.2,4.753564004450962,17,246,9
2026-09-03 18:00:00,95.0,95,7.4,32.7,1.43952219464603,18,246,9
2026-09-03 19:00:00,5.0,99,5.7,32.3,0.07240095926522923,19,246,9
2026-09-03 20:00:00,0.0,77,5.7,31.8,0.0,20,246,9
2026-09-03 21:00:00,0.0,80,7.8,30.5,0.0,21,246,9
2026-09-03 22:00:00,0.0,63,6.3,30.0,0.0,22,246,9
2026-09-03 23:00:00,0.0,100,6.5,29.5,0.0,23,246,9
2026-09-04 00:00:00,0.0,100,10.2,29.2,0.0,0,247,9
2026-09-04 01:00:00,0.0,100,11.2,28.5,0.0,1,247,9
2026-09-04 02:00:00,0.0,98,10.8,27.7,0.0,2,247,9
2026-09-04 03:00:00,0.0,66,10.3,27.1,0.0,3,247,9
2026-09-04 04:00:00,0.0,5,9.6,26.6,0.0,4,247,9
2026-09-04 05:00:00,0.0,88,9.5,26.8,0.0,5,247,9
2026-09-04 06:00:00,0.0,38,9.5,26.5,0.0,6,247,9
2026-09-04 07:00:00,57.0,44,11.0,27.0,1.435232539846955,7,247,9
2026-09-04 08:00:00,222.0,63,13.1,28.0,4.464055874268746,8,247,9
2026-09-04 09:00:00,334.0,88,12.3,29.0,5.5582921142446775,9,247,9
2026-09-04 10:00:00,453.0,88,10.1,30.1,6.896755376740732,10,247,9
2026-09-04 11:00:00,501.0,94,11.6,30.2,8.229819536418761,11,247,9
2026-09-04 12:00:00,591.0,59,11.0,32.2,12.183860439839755,12,247,9
2026-09-04 13:00:00,703.0,55,11.3,33.4,16.71626801527992,13,247,9
2026-09-04 14:00:00,732.0,34,11.1,33.5,20.359358921410184,14,247,9
2026-09-04 15:00:00,630.0,34,12.6,33.3,16.725972900675142,15,247,9
2026-09-04 16:00:00,464.0,38,12.8,32.7,12.76920108261153,16,247,9
2026-09-04 17:00:00,268.0,22,9.4,31.8,7.981844980871305,17,247,9
2026-09-04 18:00:00,101.0,70,6.3,31.9,2.0622590491030244,18,247,9
2026-09-04 19:00:00,5.0,22,5.6,31.6,0.15337053597513522,19,247,9
2026-09-04 20:00:00,0.0,24,7.4,30.9,0.0,20,247,9
2026-09-04 21:00:00,0.0,76,7.0,30.2,0.0,21,247,9
2026-09-04 22:00:00,0.0,65,6.3,29.4,0.0,22,247,9
2026-09-04 23:00:00,0.0,93,6.0,29.0,0.0,23,247,9
2026-09-05 00:00:00,0.0,93,7.7,28.5,0.0,0,248,9
2026-09-05 01:00:00,0.0,91,10.8,28.1,0.0,1,248,9
2026-09-05 02:00:00,0.0,78,10.6,27.7,0.0,2,248,9
2026-09-05 03:00:00,0.0,5,9.4,27.1,0.0,3,248,9
2026-09-05 04:00:00,0.0,50,8.6,26.6,0.0,4,248,9
2026-09-05 05:00:00,0.0,60,10.0,26.9,0.0,5,248,9
2026-09-05 06:00:00,0.0,84,9.6,26.6,0.0,6,248,9
2026-09-05 07:00:00,66.0,90,9.5,27.0,1.110019650364389,7,248,9
2026-09-05 08:00:00,232.0,99,11.8,28.2,3.161920677141005,8,248,9
2026-09-05 09:00:00,404.0,62,12.0,29.5,9.38770372976332,9,248,9
2026-09-05 10:00:00,520.0,70,11.3,30.6,10.681402222958788,10,248,9
2026-09-05 11:00:00,621.0,33,11.4,31.3,15.179737953180235,11,248,9
2026-09-05 12:00:00,846.0,86,12.0,32.2,14.655699822311396,12,248,9
2026-09-05 13:00:00,786.0,65,12.5,32.6,17.20364190476845,13,248,9
2026-09-05 14:00:00,778.0,71,12.1,33.1,14.525054827009894,14,248,9
2026-09-05 15:00:00,645.0,98,11.3,33.4,9.118682938167263,15,248,9
2026-09-05 16:00:00,474.0,100,11.8,33.3,6.813142133777962,16,248,9
2026-09-05 17:00:00,234.0,100,10.1,31.6,2.9891281484769605,17,248,9
2026-09-05 18:00:00,84.0,93,6.7,31.3,1.4179160436799887,18,248,9
2026-09-05 19:00:00,4.0,49,3.6,31.0,0.09289917779650252,19,248,9
2026-09-05 20:00:00,0.0,90,4.9,30.7,0.0,20,248,9
2026-09-05 21:00:00,0.0,100,8.1,30.3,0.0,21,248,9
2026-09-05 22:00:00,0.0,99,8.6,29.5,0.0,22,248,9
2026-09-05 23:00:00,0.0,95,7.4,28.8,0.0,23,248,9
2026-09-06 00:00:00,0.0,98,7.1,28.2,0.0,0,249,9
2026-09-06 01:00:00,0.0,95,8.0,27.9,0.0,1,249,9
2026-09-06 02:00:00,0.0,67,8.1,27.3,0.0,2,249,9
2026-09-06 03:00:00,0.0,100,8.2,26.7,0.0,3,249,9
2026-09-06 04:00:00,0.0,99,8.5,26.5,0.0,4,249,9
2026-09-06 05:00:00,0.0,100,9.5,26.8,0.0,5,249,9
2026-09-06 06:00:00,0.0,100,9.0,26.7,0.0,6,249,9
2026-09-06 07:00:00,36.0,100,8.5,27.0,0.5643765953948424,7,249,9
2026-09-06 08:00:00,122.0,100,8.2,27.6,1.8822346897520819,8,249,9
2026-09-06 09:00:00,188.0,98,7.8,28.2,2.950993157050525,9,249,9
2026-09-06 10:00:00,303.0,80,7.4,29.2,5.506293812028312,10,249,9
2026-09-06 11:00:00,416.0,85,7.2,30.7,7.832436079842949,11,249,9
2026-09-06 12:00:00,647.0,72,7.0,32.0,12.789620640336198,12,249,9
2026-09-06 13:00:00,677.0,93,8.3,33.0,10.565449319564276,13,249,9
2026-09-06 14:00:00,584.0,100,9.8,32.9,8.430799891257468,14,249,9
2026-09-06 15:00:00,379.0,100,9.1,32.6,5.399789123137243,15,249,9
2026-09-06 16:00:00,274.0,89,8.6,32.5,4.416612104323109,16,249,9
2026-09-06 17:00:00,156.0,99,11.2,31.7,2.3248748012904286,17,249,9
2026-09-06 18:00:00,76.0,100,8.9,30.9,1.157484793142148,18,249,9
2026-09-06 19:00:00,3.0,99,6.3,30.9,0.04327582550049399,19,249,9
2026-09-06 20:00:00,0.0,100,4.6,31.0,0.0,20,249,9
2026-09-06 21:00:00,0.0,98,4.1,31.0,0.0,21,249,9
2026-09-06 22:00:00,0.0,91,6.4,30.3,0.0,22,249,9
2026-09-06 23:00:00,0.0,63,7.0,29.4,0.0,23,249,9
2026-09-07 00:00:00,0.0,57,6.2,28.6,0.0,0,250,9
2026-09-07 01:00:00,0.0,61,8.8,28.1,0.0,1,250,9
2026-09-07 02:00:00,0.0,93,10.4,27.6,0.0,2,250,9
2026-09-07 03:00:00,0.0,100,8.8,27.1,0.0,3,250,9
2026-09-07 04:00:00,0.0,100,8.5,26.9,0.0,4,250,9
2026-09-07 05:00:00,0.0,86,9.8,27.3,0.0,5,250,9
2026-09-07 06:00:00,0.0,65,9.8,27.1,0.0,6,250,9
2026-09-07 07:00:00,46.0,28,10.7,27.3,1.2076799917732217,7,250,9
2026-09-07 08:00:00,185.0,32,10.0,28.0,5.062293907281387,8,250,9
2026-09-07 09:00:00,405.0,49,11.0,29.7,9.789358881081721,9,250,9
2026-09-07 10:00:00,608.0,87,10.1,31.3,10.643941679087604,10,250,9
2026-09-07 11:00:00,634.0,79,10.8,32.1,11.308148854283054,11,250,9
2026-09-07 12:00:00,548.0,82,10.3,32.6,9.341801355741456,12,250,9
2026-09-07 13:00:00,542.0,93,10.4,32.9,8.669432495203784,13,250,9
2026-09-07 14:00:00,476.0,68,10.0,32.9,9.007114645750915,14,250,9
2026-09-07 15:00:00,536.0,20,8.8,33.4,14.783233704773194,15,250,9
2026-09-07 16:00:00,468.0,24,8.1,33.8,13.408094180822228,16,250,9
2026-09-07 17:00:00,287.0,90,9.0,33.1,4.564832454794389,17,250,9
2026-09-07 18:00:00,63.0,27,9.6,32.3,1.73445113291637,18,250,9
2026-09-07 19:00:00,3.0,14,7.2,32.0,0.0982622272782758,19,250,9
2026-09-07 20:00:00,0.0,12,8.4,31.2,0.0,20,250,9
2026-09-07 21:00:00,0.0,23,7.2,29.7,0.0,21,250,9
2026-09-07 22:00:00,0.0,12,6.7,29.0,0.0,22,250,9
2026-09-07 23:00:00,0.0,5,6.9,28.9,0.0,23,250,9
2026-09-08 00:00:00,0.0,23,7.1,28.3,0.0,0,251,9
2026-09-08 01:00:00,0.0,35,8.5,28.0,0.0,1,251,9
2026-09-08 02:00:00,0.0,26,9.5,27.5,0.0,2,251,9
2026-09-08 03:00:00,0.0,29,9.0,26.8,0.0,3,251,9
2026-09-08 04:00:00,0.0,51,8.0,26.4,0.0,4,251,9
2026-09-08 05:00:00,0.0,62,8.4,26.9,0.0,5,251,9
2026-09-08 06:00:00,0.0,55,8.5,26.6,0.0,6,251,9
2026-09-08 07:00:00,44.0,41,8.4,26.9,1.1953772607615767,7,251,9
2026-09-08 08:00:00,191.0,90,10.8,28.0,2.9901280048982994,8,251,9
2026-09-08 09:00:00,329.0,97,9.6,29.3,4.954010483259447,9,251,9
2026-09-08 10:00:00,492.0,78,9.2,30.8,10.022286476655518,10,251,9
2026-09-08 11:00:00,723.0,40,10.1,32.3,17.042436347662473,11,251,9
2026-09-08 12:00:00,813.0,21,10.3,33.0,23.04448855515345,12,251,9
2026-09-08 13:00:00,795.0,36,10.5,33.9,20.22088389868086,13,251,9
2026-09-08 14:00:00,743.0,16,9.2,34.2,22.359980885904616,14,251,9
2026-09-08 15:00:00,647.0,19,8.2,34.6,17.975966141061868,15,251,9
2026-09-08 16:00:00,466.0,12,8.7,34.4,12.568227258757368,16,251,9
2026-09-08 17:00:00,288.0,18,6.7,33.6,8.576476702332721,17,251,9
2026-09-08 18:00:00,99.0,25,6.7,33.1,2.741431095572906,18,251,9
2026-09-08 19:00:00,3.0,7,4.3,32.8,0.09175796770311316,19,251,9
2026-09-08 20:00:00,0.0,18,9.5,31.9,0.0,20,251,9
2026-09-08 21:00:00,0.0,31,9.1,29.8,0.0,21,251,9
2026-09-08 22:00:00,0.0,34,7.3,28.9,0.0,22,251,9
2026-09-08 23:00:00,0.0,38,6.1,28.8,0.0,23,251,9
2026-09-09 00:00:00,0.0,36,5.0,28.4,0.0,0,252,9
2026-09-09 01:00:00,0.0,25,9.8,28.2,0.0,1,252,9
2026-09-09 02:00:00,0.0,15,9.2,27.5,0.0,2,252,9
2026-09-09 03:00:00,0.0,2,7.9,27.1,0.0,3,252,9
2026-09-09 04:00:00,0.0,2,6.7,26.8,0.0,4,252,9
2026-09-09 05:00:00,0.0,5,7.4,27.1,0.0,5,252,9
2026-09-09 06:00:00,0.0,5,6.7,26.8,0.0,6,252,9
2026-09-09 07:00:00,64.0,10,7.3,27.2,1.9805786005108068,7,252,9
2026-09-09 08:00:00,250.0,22,8.5,28.4,7.1449614290731835,8,252,9
2026-09-09 09:00:00,431.0,27,7.7,29.9,11.926445114722064,9,252,9
2026-09-09 10:00:00,603.0,30,8.1,31.3,16.294881556052452,10,252,9
2026-09-09 11:00:00,709.0,9,8.6,32.2,22.716797101482186,11,252,9
2026-09-09 12:00:00,865.0,17,9.4,33.1,23.873490892185806,12,252,9
2026-09-09 13:00:00,858.0,12,9.0,33.7,25.73732284798156,13,252,9
2026-09-09 14:00:00,796.0,7,9.3,34.1,28.38667087460424,14,252,9
2026-09-09 15:00:00,680.0,5,9.4,34.3,20.697522174001634,15,252,9
2026-09-09 16:00:00,510.0,4,8.1,34.2,14.344701095447103,16,252,9
2026-09-09 17:00:00,300.0,5,8.4,33.8,8.73020239837969,17,252,9
2026-09-09 18:00:00,100.0,4,6.1,33.0,3.2794878838384065,18,252,9
2026-09-09 19:00:00,3.0,12,6.4,32.7,0.08943269397748065,19,252,9
2026-09-09 20:00:00,0.0,29,12.3,30.5,0.0,20,252,9
2026-09-09 21:00:00,0.0,31,8.4,29.8,0.0,21,252,9
2026-09-09 22:00:00,0.0,5,7.4,29.6,0.0,22,252,9
2026-09-09 23:00:00,0.0,3,8.7,29.3,0.0,23,252,9
2026-09-10 00:00:00,0.0,9,7.4,28.8,0.0,0,253,9
2026-09-10 01:00:00,0.0,23,7.0,28.4,0.0,1,253,9
2026-09-10 02:00:00,0.0,58,7.2,28.0,0.0,2,253,9
2026-09-10 03:00:00,0.0,100,7.8,27.5,0.0,3,253,9
2026-09-10 04:00:00,0.0,95,7.2,27.1,0.0,4,253,9
2026-09-10 05:00:00,0.0,23,6.9,27.1,0.0,5,253,9
2026-09-10 06:00:00,0.0,73,7.0,26.7,0.0,6,253,9
2026-09-10 07:00:00,65.0,95,7.8,27.1,1.0967124791962168,7,253,9
2026-09-10 08:00:00,257.0,29,7.5,28.3,6.713837939161567,8,253,9
2026-09-10 09:00:00,474.0,23,6.7,29.8,14.482461789722718,9,253,9
2026-09-10 10:00:00,671.0,9,6.5,31.4,19.010202397822358,10,253,9
2026-09-10 11:00:00,791.0,80,8.1,32.7,13.000421533063808,11,253,9
2026-09-10 12:00:00,830.0,86,8.4,33.5,13.995883413310061,12,253,9
2026-09-10 13:00:00,800.0,91,7.7,33.9,12.627922740506737,13,253,9
2026-09-10 14:00:00,795.0,96,7.9,34.5,11.390441703941368,14,253,9
2026-09-10 15:00:00,675.0,48,7.8,34.6,15.44029098631998,15,253,9
2026-09-10 16:00:00,472.0,80,7.9,34.2,7.603952843176769,16,253,9
2026-09-10 17:00:00,299.0,66,7.6,34.2,6.111530951116413,17,253,9
2026-09-10 18:00:00,103.0,44,6.7,33.7,2.6526914087820472,18,253,9
2026-09-10 19:00:00,3.0,14,5.5,33.4,0.0816545868241305,19,253,9
2026-09-10 20:00:00,0.0,73,3.2,33.2,0.0,20,253,9
2026-09-10 21:00:00,0.0,97,8.3,32.1,0.0,21,253,9
2026-09-10 22:00:00,0.0,73,8.1,29.9,0.0,22,253,9
2026-09-10 23:00:00,0.0,15,8.4,29.4,0.0,23,253,9
2026-09-11 00:00:00,0.0,48,7.2,29.1,0.0,0,254,9
2026-09-11 01:00:00,0.0,96,8.6,28.8,0.0,1,254,9
2026-09-11 02:00:00,0.0,89,9.6,28.1,0.0,2,254,9
2026-09-11 03:00:00,0.0,57,8.4,27.5,0.0,3,254,9
2026-09-11 04:00:00,0.0,43,7.6,27.1,0.0,4,254,9
2026-09-11 05:00:00,0.0,6,7.4,27.0,0.0,5,254,9
2026-09-11 06:00:00,0.0,1,7.1,26.7,0.0,6,254,9
2026-09-11 07:00:00,66.0,61,6.5,27.1,1.4616129083330847,7,254,9
2026-09-11 08:00:00,257.0,95,5.8,28.6,3.733328570343187,8,254,9
2026-09-11 09:00:00,464.0,99,5.7,30.5,7.050899883694276,9,254,9
2026-09-11 10:00:00,642.0,99,5.4,32.2,9.750799844057465,10,254,9
2026-09-11 11:00:00,766.0,100,5.4,33.9,10.270464412748233,11,254,9
2026-09-11 12:00:00,816.0,100,6.9,34.8,11.542158517195753,12,254,9
2026-09-11 13:00:00,792.0,100,7.5,35.2,10.759510619630413,13,254,9
2026-09-11 14:00:00,744.0,80,7.6,35.3,12.196257729279354,14,254,9
2026-09-11 15:00:00,634.0,88,7.3,35.2,10.25439615926482,15,254,9
2026-09-11 16:00:00,451.0,82,8.7,34.8,8.370344775743321,16,254,9
2026-09-11 17:00:00,289.0,66,9.4,35.1,6.089650274981097,17,254,9
2026-09-11 18:00:00,96.0,41,9.9,33.9,2.454221982379424,18,254,9
2026-09-11 19:00:00,2.0,12,8.5,33.6,0.05554847324180876,19,254,9
2026-09-11 20:00:00,0.0,71,7.6,33.3,0.0,20,254,9
2026-09-11 21:00:00,0.0,65,7.3,32.6,0.0,21,254,9
2026-09-11 22:00:00,0.0,58,8.1,31.7,0.0,22,254,9
2026-09-11 23:00:00,0.0,63,7.9,31.5,0.0,23,254,9
